Var1,Var2,Freq,value,min_species_for_fit,order,frac,data_type,tag
Nurse_S._viscosa,A,-3.013180847980853,-3.013180847980853,1,2,-1,restoration,2025-07-19 17:33:513
Nurse_G._struthium,A,-1.865386528340671,-1.865386528340671,1,2,-1,restoration,2025-07-19 17:33:513
H._squamatum,A,-3.9577868568742636,-3.9577868568742636,1,2,-1,restoration,2025-07-19 17:33:513
S._viscosa,A,-4.676268022799939,-4.676268022799939,1,2,-1,restoration,2025-07-19 17:33:513
C._hispanica,A,-6.174994296865649,-6.174994296865649,1,2,-1,restoration,2025-07-19 17:33:513
G._struthium,A,-0.7417513139971548,-0.7417513139971548,1,2,-1,restoration,2025-07-19 17:33:513
S._sediforme,A,-3.488964727339758,-3.488964727339758,1,2,-1,restoration,2025-07-19 17:33:513
Other_species,A,-3.219686253038025,-3.219686253038025,1,2,-1,restoration,2025-07-19 17:33:513
Nurse_S._viscosa,A,-0.8075237576761777,-0.8075237576761777,1,2,-1,natural,2025-07-19 17:33:513
Nurse_G._struthium,A,-2.4305633904931176,-2.4305633904931176,1,2,-1,natural,2025-07-19 17:33:513
H._squamatum,A,-1.9304980573083976,-1.9304980573083976,1,2,-1,natural,2025-07-19 17:33:513
S._viscosa,A,-2.587633130789635,-2.587633130789635,1,2,-1,natural,2025-07-19 17:33:513
C._hispanica,A,-2.5471143416052278,-2.5471143416052278,1,2,-1,natural,2025-07-19 17:33:513
G._struthium,A,-4.276324083991266,-4.276324083991266,1,2,-1,natural,2025-07-19 17:33:513
S._sediforme,A,-3.5960223615003515,-3.5960223615003515,1,2,-1,natural,2025-07-19 17:33:513
Other_species,A,-0.722590310310631,-0.722590310310631,1,2,-1,natural,2025-07-19 17:33:513
Nurse_S._viscosa,A,-2.5132214052325232,-2.5132214052325232,1,2,-1,restoration,2025-07-19 17:33:503
Nurse_G._struthium,A,-1.7450339321340218,-1.7450339321340218,1,2,-1,restoration,2025-07-19 17:33:503
H._squamatum,A,-4.135795459454243,-4.135795459454243,1,2,-1,restoration,2025-07-19 17:33:503
S._viscosa,A,-4.531940292317343,-4.531940292317343,1,2,-1,restoration,2025-07-19 17:33:503
C._hispanica,A,-5.449472012909721,-5.449472012909721,1,2,-1,restoration,2025-07-19 17:33:503
G._struthium,A,-0.9462208628540885,-0.9462208628540885,1,2,-1,restoration,2025-07-19 17:33:503
S._sediforme,A,-4.4544627369040155,-4.4544627369040155,1,2,-1,restoration,2025-07-19 17:33:503
Other_species,A,-2.3251115828209814,-2.3251115828209814,1,2,-1,restoration,2025-07-19 17:33:503
Nurse_S._viscosa,A,-0.8110093330942041,-0.8110093330942041,1,2,-1,natural,2025-07-19 17:33:503
Nurse_G._struthium,A,-2.2473215815931287,-2.2473215815931287,1,2,-1,natural,2025-07-19 17:33:503
H._squamatum,A,-1.6938958916796596,-1.6938958916796596,1,2,-1,natural,2025-07-19 17:33:503
S._viscosa,A,-2.3913610024361556,-2.3913610024361556,1,2,-1,natural,2025-07-19 17:33:503
C._hispanica,A,-2.6530078531283583,-2.6530078531283583,1,2,-1,natural,2025-07-19 17:33:503
G._struthium,A,-4.11467771632659,-4.11467771632659,1,2,-1,natural,2025-07-19 17:33:503
S._sediforme,A,-3.6071079132844606,-3.6071079132844606,1,2,-1,natural,2025-07-19 17:33:503
Other_species,A,-0.7756210478937302,-0.7756210478937302,1,2,-1,natural,2025-07-19 17:33:503
Nurse_S._viscosa,A,-2.8547002837475057,-2.8547002837475057,1,2,-1,restoration,2025-07-19 17:33:503
Nurse_G._struthium,A,-1.4585992061794457,-1.4585992061794457,1,2,-1,restoration,2025-07-19 17:33:503
H._squamatum,A,-3.7495780802361884,-3.7495780802361884,1,2,-1,restoration,2025-07-19 17:33:503
S._viscosa,A,-6.8277486822241595,-6.8277486822241595,1,2,-1,restoration,2025-07-19 17:33:503
C._hispanica,A,-6.537035649248598,-6.537035649248598,1,2,-1,restoration,2025-07-19 17:33:503
G._struthium,A,-0.4865815298296779,-0.4865815298296779,1,2,-1,restoration,2025-07-19 17:33:503
S._sediforme,A,-4.380133681073265,-4.380133681073265,1,2,-1,restoration,2025-07-19 17:33:503
Other_species,A,-2.8350671436582697,-2.8350671436582697,1,2,-1,restoration,2025-07-19 17:33:503
Nurse_S._viscosa,A,-1.0701887343957595,-1.0701887343957595,1,2,-1,natural,2025-07-19 17:33:503
Nurse_G._struthium,A,-2.413317763753611,-2.413317763753611,1,2,-1,natural,2025-07-19 17:33:503
H._squamatum,A,-1.8636361193546138,-1.8636361193546138,1,2,-1,natural,2025-07-19 17:33:503
S._viscosa,A,-2.593178594822257,-2.593178594822257,1,2,-1,natural,2025-07-19 17:33:503
C._hispanica,A,-2.5882571148978393,-2.5882571148978393,1,2,-1,natural,2025-07-19 17:33:503
G._struthium,A,-4.509708373310407,-4.509708373310407,1,2,-1,natural,2025-07-19 17:33:503
S._sediforme,A,-3.3232124719451392,-3.3232124719451392,1,2,-1,natural,2025-07-19 17:33:503
Other_species,A,-0.8713696935863041,-0.8713696935863041,1,2,-1,natural,2025-07-19 17:33:503
Nurse_S._viscosa,A,-2.366205487126891,-2.366205487126891,1,2,-1,restoration,2025-07-19 17:33:493
Nurse_G._struthium,A,-1.463386260038473,-1.463386260038473,1,2,-1,restoration,2025-07-19 17:33:493
H._squamatum,A,-3.8812367353931028,-3.8812367353931028,1,2,-1,restoration,2025-07-19 17:33:493
S._viscosa,A,-4.859218622537875,-4.859218622537875,1,2,-1,restoration,2025-07-19 17:33:493
C._hispanica,A,-7.057856661616906,-7.057856661616906,1,2,-1,restoration,2025-07-19 17:33:493
G._struthium,A,-0.748379550127792,-0.748379550127792,1,2,-1,restoration,2025-07-19 17:33:493
S._sediforme,A,-4.016239048229899,-4.016239048229899,1,2,-1,restoration,2025-07-19 17:33:493
Other_species,A,-2.4533279984863756,-2.4533279984863756,1,2,-1,restoration,2025-07-19 17:33:493
Nurse_S._viscosa,A,-0.8197543520092092,-0.8197543520092092,1,2,-1,natural,2025-07-19 17:33:493
Nurse_G._struthium,A,-2.189958156477912,-2.189958156477912,1,2,-1,natural,2025-07-19 17:33:493
H._squamatum,A,-1.4943067896569453,-1.4943067896569453,1,2,-1,natural,2025-07-19 17:33:493
S._viscosa,A,-2.396441332426371,-2.396441332426371,1,2,-1,natural,2025-07-19 17:33:493
C._hispanica,A,-2.2598189591305333,-2.2598189591305333,1,2,-1,natural,2025-07-19 17:33:493
G._struthium,A,-4.497785521613135,-4.497785521613135,1,2,-1,natural,2025-07-19 17:33:493
S._sediforme,A,-3.221287743850263,-3.221287743850263,1,2,-1,natural,2025-07-19 17:33:493
Other_species,A,-0.537509057023776,-0.537509057023776,1,2,-1,natural,2025-07-19 17:33:493
Nurse_S._viscosa,A,-2.2987581212304056,-2.2987581212304056,1,2,-1,restoration,2025-07-19 17:33:493
Nurse_G._struthium,A,-1.7228905120231308,-1.7228905120231308,1,2,-1,restoration,2025-07-19 17:33:493
H._squamatum,A,-3.9369724121993914,-3.9369724121993914,1,2,-1,restoration,2025-07-19 17:33:493
S._viscosa,A,-3.868834547200646,-3.868834547200646,1,2,-1,restoration,2025-07-19 17:33:493
C._hispanica,A,-4.76072798600382,-4.76072798600382,1,2,-1,restoration,2025-07-19 17:33:493
G._struthium,A,-0.39415310130182185,-0.39415310130182185,1,2,-1,restoration,2025-07-19 17:33:493
S._sediforme,A,-3.620373893649247,-3.620373893649247,1,2,-1,restoration,2025-07-19 17:33:493
Other_species,A,-2.7003926940419305,-2.7003926940419305,1,2,-1,restoration,2025-07-19 17:33:493
Nurse_S._viscosa,A,-0.7900022254024633,-0.7900022254024633,1,2,-1,natural,2025-07-19 17:33:493
Nurse_G._struthium,A,-2.051817494804865,-2.051817494804865,1,2,-1,natural,2025-07-19 17:33:493
H._squamatum,A,-1.5957535785247376,-1.5957535785247376,1,2,-1,natural,2025-07-19 17:33:493
S._viscosa,A,-2.460774873716221,-2.460774873716221,1,2,-1,natural,2025-07-19 17:33:493
C._hispanica,A,-2.465855830752697,-2.465855830752697,1,2,-1,natural,2025-07-19 17:33:493
G._struthium,A,-4.352342498477223,-4.352342498477223,1,2,-1,natural,2025-07-19 17:33:493
S._sediforme,A,-2.7721960029512096,-2.7721960029512096,1,2,-1,natural,2025-07-19 17:33:493
Other_species,A,-0.4989317523715295,-0.4989317523715295,1,2,-1,natural,2025-07-19 17:33:493
Nurse_S._viscosa,A,-2.457013772085506,-2.457013772085506,1,2,-1,restoration,2025-07-19 17:33:483
Nurse_G._struthium,A,-1.5845429762541174,-1.5845429762541174,1,2,-1,restoration,2025-07-19 17:33:483
H._squamatum,A,-4.995927855428958,-4.995927855428958,1,2,-1,restoration,2025-07-19 17:33:483
S._viscosa,A,-3.449241151220489,-3.449241151220489,1,2,-1,restoration,2025-07-19 17:33:483
C._hispanica,A,-6.0147002969168755,-6.0147002969168755,1,2,-1,restoration,2025-07-19 17:33:483
G._struthium,A,-0.5726910353569254,-0.5726910353569254,1,2,-1,restoration,2025-07-19 17:33:483
S._sediforme,A,-3.693375534074866,-3.693375534074866,1,2,-1,restoration,2025-07-19 17:33:483
Other_species,A,-2.0863422118299737,-2.0863422118299737,1,2,-1,restoration,2025-07-19 17:33:483
Nurse_S._viscosa,A,-0.6965067940777773,-0.6965067940777773,1,2,-1,natural,2025-07-19 17:33:483
Nurse_G._struthium,A,-2.18853887196828,-2.18853887196828,1,2,-1,natural,2025-07-19 17:33:483
H._squamatum,A,-1.592166265423028,-1.592166265423028,1,2,-1,natural,2025-07-19 17:33:483
S._viscosa,A,-2.804221330382347,-2.804221330382347,1,2,-1,natural,2025-07-19 17:33:483
C._hispanica,A,-2.4291176191242334,-2.4291176191242334,1,2,-1,natural,2025-07-19 17:33:483
G._struthium,A,-3.5681230723276767,-3.5681230723276767,1,2,-1,natural,2025-07-19 17:33:483
S._sediforme,A,-3.358069656169765,-3.358069656169765,1,2,-1,natural,2025-07-19 17:33:483
Other_species,A,-0.4555788396089044,-0.4555788396089044,1,2,-1,natural,2025-07-19 17:33:483
Nurse_S._viscosa,A,-2.4728855828657967,-2.4728855828657967,1,2,-1,restoration,2025-07-19 17:33:473
Nurse_G._struthium,A,-1.7169600792716995,-1.7169600792716995,1,2,-1,restoration,2025-07-19 17:33:473
H._squamatum,A,-5.0190369246738324,-5.0190369246738324,1,2,-1,restoration,2025-07-19 17:33:473
S._viscosa,A,-4.654566095695146,-4.654566095695146,1,2,-1,restoration,2025-07-19 17:33:473
C._hispanica,A,-5.657669400241311,-5.657669400241311,1,2,-1,restoration,2025-07-19 17:33:473
G._struthium,A,-0.7538966132934232,-0.7538966132934232,1,2,-1,restoration,2025-07-19 17:33:473
S._sediforme,A,-3.3642191216449806,-3.3642191216449806,1,2,-1,restoration,2025-07-19 17:33:473
Other_species,A,-2.7669072748145855,-2.7669072748145855,1,2,-1,restoration,2025-07-19 17:33:473
Nurse_S._viscosa,A,-1.012472683665352,-1.012472683665352,1,2,-1,natural,2025-07-19 17:33:473
Nurse_G._struthium,A,-2.4846016083534406,-2.4846016083534406,1,2,-1,natural,2025-07-19 17:33:473
H._squamatum,A,-1.8974354904380217,-1.8974354904380217,1,2,-1,natural,2025-07-19 17:33:473
S._viscosa,A,-2.256604627337233,-2.256604627337233,1,2,-1,natural,2025-07-19 17:33:473
C._hispanica,A,-2.782127044314232,-2.782127044314232,1,2,-1,natural,2025-07-19 17:33:473
G._struthium,A,-3.563337876975282,-3.563337876975282,1,2,-1,natural,2025-07-19 17:33:473
S._sediforme,A,-2.948831600286094,-2.948831600286094,1,2,-1,natural,2025-07-19 17:33:473
Other_species,A,-0.6064399970905711,-0.6064399970905711,1,2,-1,natural,2025-07-19 17:33:473
Nurse_S._viscosa,A,-3.077280284635841,-3.077280284635841,1,2,-1,restoration,2025-07-19 17:33:473
Nurse_G._struthium,A,-2.052657355842988,-2.052657355842988,1,2,-1,restoration,2025-07-19 17:33:473
H._squamatum,A,-4.788262740970637,-4.788262740970637,1,2,-1,restoration,2025-07-19 17:33:473
S._viscosa,A,-4.3414910817092585,-4.3414910817092585,1,2,-1,restoration,2025-07-19 17:33:473
C._hispanica,A,-6.280882459406972,-6.280882459406972,1,2,-1,restoration,2025-07-19 17:33:473
G._struthium,A,-1.0806618293402532,-1.0806618293402532,1,2,-1,restoration,2025-07-19 17:33:473
S._sediforme,A,-3.277628082001983,-3.277628082001983,1,2,-1,restoration,2025-07-19 17:33:473
Other_species,A,-2.7338565769772387,-2.7338565769772387,1,2,-1,restoration,2025-07-19 17:33:473
Nurse_S._viscosa,A,-0.8526248010502062,-0.8526248010502062,1,2,-1,natural,2025-07-19 17:33:473
Nurse_G._struthium,A,-2.4324442492915477,-2.4324442492915477,1,2,-1,natural,2025-07-19 17:33:473
H._squamatum,A,-1.5786338158798106,-1.5786338158798106,1,2,-1,natural,2025-07-19 17:33:473
S._viscosa,A,-2.3745759885320274,-2.3745759885320274,1,2,-1,natural,2025-07-19 17:33:473
C._hispanica,A,-2.3118124390230457,-2.3118124390230457,1,2,-1,natural,2025-07-19 17:33:473
G._struthium,A,-4.099782700545298,-4.099782700545298,1,2,-1,natural,2025-07-19 17:33:473
S._sediforme,A,-3.249561053289474,-3.249561053289474,1,2,-1,natural,2025-07-19 17:33:473
Other_species,A,-0.41845200847719277,-0.41845200847719277,1,2,-1,natural,2025-07-19 17:33:473
Nurse_S._viscosa,A,-2.968254705890737,-2.968254705890737,1,2,-1,restoration,2025-07-19 17:33:463
Nurse_G._struthium,A,-1.5109890736153628,-1.5109890736153628,1,2,-1,restoration,2025-07-19 17:33:463
H._squamatum,A,-3.839974080398619,-3.839974080398619,1,2,-1,restoration,2025-07-19 17:33:463
S._viscosa,A,-4.392670011830539,-4.392670011830539,1,2,-1,restoration,2025-07-19 17:33:463
C._hispanica,A,-4.643123649645711,-4.643123649645711,1,2,-1,restoration,2025-07-19 17:33:463
G._struthium,A,-0.47540118625367417,-0.47540118625367417,1,2,-1,restoration,2025-07-19 17:33:463
S._sediforme,A,-4.3272833858423985,-4.3272833858423985,1,2,-1,restoration,2025-07-19 17:33:463
Other_species,A,-2.664351500929422,-2.664351500929422,1,2,-1,restoration,2025-07-19 17:33:463
Nurse_S._viscosa,A,-0.9304365721945277,-0.9304365721945277,1,2,-1,natural,2025-07-19 17:33:463
Nurse_G._struthium,A,-2.109393762555532,-2.109393762555532,1,2,-1,natural,2025-07-19 17:33:463
H._squamatum,A,-1.6906430473968372,-1.6906430473968372,1,2,-1,natural,2025-07-19 17:33:463
S._viscosa,A,-2.3396794315722076,-2.3396794315722076,1,2,-1,natural,2025-07-19 17:33:463
C._hispanica,A,-2.6222646150255615,-2.6222646150255615,1,2,-1,natural,2025-07-19 17:33:463
G._struthium,A,-4.38775252703317,-4.38775252703317,1,2,-1,natural,2025-07-19 17:33:463
S._sediforme,A,-3.3381360986610593,-3.3381360986610593,1,2,-1,natural,2025-07-19 17:33:463
Other_species,A,-0.742781885560637,-0.742781885560637,1,2,-1,natural,2025-07-19 17:33:463
Nurse_S._viscosa,A,-2.60265026335249,-2.60265026335249,1,2,-1,restoration,2025-07-19 17:33:463
Nurse_G._struthium,A,-1.535671160900251,-1.535671160900251,1,2,-1,restoration,2025-07-19 17:33:463
H._squamatum,A,-3.7587473377056297,-3.7587473377056297,1,2,-1,restoration,2025-07-19 17:33:463
S._viscosa,A,-4.272609476669986,-4.272609476669986,1,2,-1,restoration,2025-07-19 17:33:463
C._hispanica,A,-6.497551960429719,-6.497551960429719,1,2,-1,restoration,2025-07-19 17:33:463
G._struthium,A,-0.6419600429509569,-0.6419600429509569,1,2,-1,restoration,2025-07-19 17:33:463
S._sediforme,A,-5.067985221516076,-5.067985221516076,1,2,-1,restoration,2025-07-19 17:33:463
Other_species,A,-2.2264634693813745,-2.2264634693813745,1,2,-1,restoration,2025-07-19 17:33:463
Nurse_S._viscosa,A,-0.9668937224635564,-0.9668937224635564,1,2,-1,natural,2025-07-19 17:33:463
Nurse_G._struthium,A,-2.3148941237041267,-2.3148941237041267,1,2,-1,natural,2025-07-19 17:33:463
H._squamatum,A,-1.657962133317282,-1.657962133317282,1,2,-1,natural,2025-07-19 17:33:463
S._viscosa,A,-2.631611880380082,-2.631611880380082,1,2,-1,natural,2025-07-19 17:33:463
C._hispanica,A,-2.5762878928769446,-2.5762878928769446,1,2,-1,natural,2025-07-19 17:33:463
G._struthium,A,-4.603121022534851,-4.603121022534851,1,2,-1,natural,2025-07-19 17:33:463
S._sediforme,A,-3.1954789266850243,-3.1954789266850243,1,2,-1,natural,2025-07-19 17:33:463
Other_species,A,-0.7560846176627204,-0.7560846176627204,1,2,-1,natural,2025-07-19 17:33:463
Nurse_S._viscosa,A,-4.492514064906711,-4.492514064906711,1,2,-1,restoration,2025-07-19 17:33:453
Nurse_G._struthium,A,-2.6332364623320923,-2.6332364623320923,1,2,-1,restoration,2025-07-19 17:33:453
H._squamatum,A,-4.903050501295387,-4.903050501295387,1,2,-1,restoration,2025-07-19 17:33:453
S._viscosa,A,-5.231358332986217,-5.231358332986217,1,2,-1,restoration,2025-07-19 17:33:453
C._hispanica,A,-5.333804426661757,-5.333804426661757,1,2,-1,restoration,2025-07-19 17:33:453
G._struthium,A,-1.8129768291305512,-1.8129768291305512,1,2,-1,restoration,2025-07-19 17:33:453
S._sediforme,A,-4.740122622860671,-4.740122622860671,1,2,-1,restoration,2025-07-19 17:33:453
Other_species,A,-3.894021394688379,-3.894021394688379,1,2,-1,restoration,2025-07-19 17:33:453
Nurse_S._viscosa,A,-0.8417524260009704,-0.8417524260009704,1,2,-1,natural,2025-07-19 17:33:453
Nurse_G._struthium,A,-2.039678823986032,-2.039678823986032,1,2,-1,natural,2025-07-19 17:33:453
H._squamatum,A,-1.6481323594492376,-1.6481323594492376,1,2,-1,natural,2025-07-19 17:33:453
S._viscosa,A,-2.303651214214665,-2.303651214214665,1,2,-1,natural,2025-07-19 17:33:453
C._hispanica,A,-2.6599506631078667,-2.6599506631078667,1,2,-1,natural,2025-07-19 17:33:453
G._struthium,A,-4.170757726405487,-4.170757726405487,1,2,-1,natural,2025-07-19 17:33:453
S._sediforme,A,-3.5216605651846753,-3.5216605651846753,1,2,-1,natural,2025-07-19 17:33:453
Other_species,A,-0.4644340300281737,-0.4644340300281737,1,2,-1,natural,2025-07-19 17:33:453
Nurse_S._viscosa,A,-3.3137851712540294,-3.3137851712540294,1,2,-1,restoration,2025-07-19 17:33:453
Nurse_G._struthium,A,-2.1248984184373394,-2.1248984184373394,1,2,-1,restoration,2025-07-19 17:33:453
H._squamatum,A,-4.129723181362611,-4.129723181362611,1,2,-1,restoration,2025-07-19 17:33:453
S._viscosa,A,-4.360313925446526,-4.360313925446526,1,2,-1,restoration,2025-07-19 17:33:453
C._hispanica,A,-6.543560127886082,-6.543560127886082,1,2,-1,restoration,2025-07-19 17:33:453
G._struthium,A,-1.5522339189171972,-1.5522339189171972,1,2,-1,restoration,2025-07-19 17:33:453
S._sediforme,A,-4.157946662001273,-4.157946662001273,1,2,-1,restoration,2025-07-19 17:33:453
Other_species,A,-2.8268715433820963,-2.8268715433820963,1,2,-1,restoration,2025-07-19 17:33:453
Nurse_S._viscosa,A,-0.7737525277791456,-0.7737525277791456,1,2,-1,natural,2025-07-19 17:33:453
Nurse_G._struthium,A,-2.3248444238013413,-2.3248444238013413,1,2,-1,natural,2025-07-19 17:33:453
H._squamatum,A,-1.6696365015821177,-1.6696365015821177,1,2,-1,natural,2025-07-19 17:33:453
S._viscosa,A,-2.4853103811131825,-2.4853103811131825,1,2,-1,natural,2025-07-19 17:33:453
C._hispanica,A,-2.6823546563621625,-2.6823546563621625,1,2,-1,natural,2025-07-19 17:33:453
G._struthium,A,-4.747118585395068,-4.747118585395068,1,2,-1,natural,2025-07-19 17:33:453
S._sediforme,A,-3.9701445150023056,-3.9701445150023056,1,2,-1,natural,2025-07-19 17:33:453
Other_species,A,-0.5156452653167973,-0.5156452653167973,1,2,-1,natural,2025-07-19 17:33:453
Nurse_S._viscosa,A,-2.660871959437844,-2.660871959437844,1,2,-1,restoration,2025-07-19 17:33:443
Nurse_G._struthium,A,-1.6327192585839354,-1.6327192585839354,1,2,-1,restoration,2025-07-19 17:33:443
H._squamatum,A,-4.340212435077612,-4.340212435077612,1,2,-1,restoration,2025-07-19 17:33:443
S._viscosa,A,-3.48824424644346,-3.48824424644346,1,2,-1,restoration,2025-07-19 17:33:443
C._hispanica,A,-5.929647530628732,-5.929647530628732,1,2,-1,restoration,2025-07-19 17:33:443
G._struthium,A,-0.6164295645148448,-0.6164295645148448,1,2,-1,restoration,2025-07-19 17:33:443
S._sediforme,A,-3.4886443294734706,-3.4886443294734706,1,2,-1,restoration,2025-07-19 17:33:443
Other_species,A,-1.947117673101357,-1.947117673101357,1,2,-1,restoration,2025-07-19 17:33:443
Nurse_S._viscosa,A,-0.8910199781204584,-0.8910199781204584,1,2,-1,natural,2025-07-19 17:33:443
Nurse_G._struthium,A,-2.200641825766342,-2.200641825766342,1,2,-1,natural,2025-07-19 17:33:443
H._squamatum,A,-1.5225547409957922,-1.5225547409957922,1,2,-1,natural,2025-07-19 17:33:443
S._viscosa,A,-2.6824312114835704,-2.6824312114835704,1,2,-1,natural,2025-07-19 17:33:443
C._hispanica,A,-2.318546537306883,-2.318546537306883,1,2,-1,natural,2025-07-19 17:33:443
G._struthium,A,-5.034023316621793,-5.034023316621793,1,2,-1,natural,2025-07-19 17:33:443
S._sediforme,A,-3.6649949218728306,-3.6649949218728306,1,2,-1,natural,2025-07-19 17:33:443
Other_species,A,-0.4839374825303296,-0.4839374825303296,1,2,-1,natural,2025-07-19 17:33:443
Nurse_S._viscosa,A,-2.7373947905858937,-2.7373947905858937,1,2,-1,restoration,2025-07-19 17:33:433
Nurse_G._struthium,A,-2.137126103636196,-2.137126103636196,1,2,-1,restoration,2025-07-19 17:33:433
H._squamatum,A,-4.163812158309553,-4.163812158309553,1,2,-1,restoration,2025-07-19 17:33:433
S._viscosa,A,-3.7640180184497467,-3.7640180184497467,1,2,-1,restoration,2025-07-19 17:33:433
C._hispanica,A,-6.3267311542490505,-6.3267311542490505,1,2,-1,restoration,2025-07-19 17:33:433
G._struthium,A,-1.022947026074905,-1.022947026074905,1,2,-1,restoration,2025-07-19 17:33:433
S._sediforme,A,-4.062111581696471,-4.062111581696471,1,2,-1,restoration,2025-07-19 17:33:433
Other_species,A,-2.256571387672111,-2.256571387672111,1,2,-1,restoration,2025-07-19 17:33:433
Nurse_S._viscosa,A,-0.911826109329061,-0.911826109329061,1,2,-1,natural,2025-07-19 17:33:433
Nurse_G._struthium,A,-2.0909662576597294,-2.0909662576597294,1,2,-1,natural,2025-07-19 17:33:433
H._squamatum,A,-1.7559202242403404,-1.7559202242403404,1,2,-1,natural,2025-07-19 17:33:433
S._viscosa,A,-2.493448242768519,-2.493448242768519,1,2,-1,natural,2025-07-19 17:33:433
C._hispanica,A,-2.7084302157719637,-2.7084302157719637,1,2,-1,natural,2025-07-19 17:33:433
G._struthium,A,-4.312662778854959,-4.312662778854959,1,2,-1,natural,2025-07-19 17:33:433
S._sediforme,A,-3.6756585864094755,-3.6756585864094755,1,2,-1,natural,2025-07-19 17:33:433
Other_species,A,-0.5477915610915265,-0.5477915610915265,1,2,-1,natural,2025-07-19 17:33:433
Nurse_S._viscosa,A,-3.272982956307524,-3.272982956307524,1,2,-1,restoration,2025-07-19 17:33:433
Nurse_G._struthium,A,-2.206155057316241,-2.206155057316241,1,2,-1,restoration,2025-07-19 17:33:433
H._squamatum,A,-3.66366971997882,-3.66366971997882,1,2,-1,restoration,2025-07-19 17:33:433
S._viscosa,A,-5.190503220768044,-5.190503220768044,1,2,-1,restoration,2025-07-19 17:33:433
C._hispanica,A,-6.101336933505402,-6.101336933505402,1,2,-1,restoration,2025-07-19 17:33:433
G._struthium,A,-0.7736309873633764,-0.7736309873633764,1,2,-1,restoration,2025-07-19 17:33:433
S._sediforme,A,-4.288764012133481,-4.288764012133481,1,2,-1,restoration,2025-07-19 17:33:433
Other_species,A,-2.9246036267086555,-2.9246036267086555,1,2,-1,restoration,2025-07-19 17:33:433
Nurse_S._viscosa,A,-1.2584957728590302,-1.2584957728590302,1,2,-1,natural,2025-07-19 17:33:433
Nurse_G._struthium,A,-2.6502637593897096,-2.6502637593897096,1,2,-1,natural,2025-07-19 17:33:433
H._squamatum,A,-1.9632638412816725,-1.9632638412816725,1,2,-1,natural,2025-07-19 17:33:433
S._viscosa,A,-2.7930376744580867,-2.7930376744580867,1,2,-1,natural,2025-07-19 17:33:433
C._hispanica,A,-2.6918780499436896,-2.6918780499436896,1,2,-1,natural,2025-07-19 17:33:433
G._struthium,A,-5.071611279149843,-5.071611279149843,1,2,-1,natural,2025-07-19 17:33:433
S._sediforme,A,-3.4702399377674524,-3.4702399377674524,1,2,-1,natural,2025-07-19 17:33:433
Other_species,A,-0.8595191974746718,-0.8595191974746718,1,2,-1,natural,2025-07-19 17:33:433
Nurse_S._viscosa,A,-2.0755917571561437,-2.0755917571561437,1,2,-1,restoration,2025-07-19 17:33:423
Nurse_G._struthium,A,-1.7081062545809862,-1.7081062545809862,1,2,-1,restoration,2025-07-19 17:33:423
H._squamatum,A,-4.138472157701401,-4.138472157701401,1,2,-1,restoration,2025-07-19 17:33:423
S._viscosa,A,-4.1889171467030675,-4.1889171467030675,1,2,-1,restoration,2025-07-19 17:33:423
C._hispanica,A,-8.301479800434215,-8.301479800434215,1,2,-1,restoration,2025-07-19 17:33:423
G._struthium,A,-0.6617898093051898,-0.6617898093051898,1,2,-1,restoration,2025-07-19 17:33:423
S._sediforme,A,-3.26710733991208,-3.26710733991208,1,2,-1,restoration,2025-07-19 17:33:423
Other_species,A,-2.4431643160391814,-2.4431643160391814,1,2,-1,restoration,2025-07-19 17:33:423
Nurse_S._viscosa,A,-0.8651584525058627,-0.8651584525058627,1,2,-1,natural,2025-07-19 17:33:423
Nurse_G._struthium,A,-2.2464515856924847,-2.2464515856924847,1,2,-1,natural,2025-07-19 17:33:423
H._squamatum,A,-1.8813350900950259,-1.8813350900950259,1,2,-1,natural,2025-07-19 17:33:423
S._viscosa,A,-2.5369375459448857,-2.5369375459448857,1,2,-1,natural,2025-07-19 17:33:423
C._hispanica,A,-2.6810052912834412,-2.6810052912834412,1,2,-1,natural,2025-07-19 17:33:423
G._struthium,A,-4.245148057570216,-4.245148057570216,1,2,-1,natural,2025-07-19 17:33:423
S._sediforme,A,-3.15948838039697,-3.15948838039697,1,2,-1,natural,2025-07-19 17:33:423
Other_species,A,-0.585440041876539,-0.585440041876539,1,2,-1,natural,2025-07-19 17:33:423
Nurse_S._viscosa,A,-2.7708475312357,-2.7708475312357,1,2,-1,restoration,2025-07-19 17:33:413
Nurse_G._struthium,A,-1.6746312537512018,-1.6746312537512018,1,2,-1,restoration,2025-07-19 17:33:413
H._squamatum,A,-4.263838405991154,-4.263838405991154,1,2,-1,restoration,2025-07-19 17:33:413
S._viscosa,A,-5.455604084466039,-5.455604084466039,1,2,-1,restoration,2025-07-19 17:33:413
C._hispanica,A,-5.867557845662231,-5.867557845662231,1,2,-1,restoration,2025-07-19 17:33:413
G._struthium,A,-0.9620578991862504,-0.9620578991862504,1,2,-1,restoration,2025-07-19 17:33:413
S._sediforme,A,-3.697782188164528,-3.697782188164528,1,2,-1,restoration,2025-07-19 17:33:413
Other_species,A,-2.87781304124233,-2.87781304124233,1,2,-1,restoration,2025-07-19 17:33:413
Nurse_S._viscosa,A,-0.8187860090497997,-0.8187860090497997,1,2,-1,natural,2025-07-19 17:33:413
Nurse_G._struthium,A,-2.0872917382101708,-2.0872917382101708,1,2,-1,natural,2025-07-19 17:33:413
H._squamatum,A,-1.3044032379295094,-1.3044032379295094,1,2,-1,natural,2025-07-19 17:33:413
S._viscosa,A,-2.307351168402936,-2.307351168402936,1,2,-1,natural,2025-07-19 17:33:413
C._hispanica,A,-2.3482937754417064,-2.3482937754417064,1,2,-1,natural,2025-07-19 17:33:413
G._struthium,A,-4.0222690047638014,-4.0222690047638014,1,2,-1,natural,2025-07-19 17:33:413
S._sediforme,A,-3.642218515489062,-3.642218515489062,1,2,-1,natural,2025-07-19 17:33:413
Other_species,A,-0.44613863224707656,-0.44613863224707656,1,2,-1,natural,2025-07-19 17:33:413
Nurse_S._viscosa,A,-3.1804839078427944,-3.1804839078427944,1,2,-1,restoration,2025-07-19 17:33:413
Nurse_G._struthium,A,-2.2840145510401983,-2.2840145510401983,1,2,-1,restoration,2025-07-19 17:33:413
H._squamatum,A,-4.850424864171849,-4.850424864171849,1,2,-1,restoration,2025-07-19 17:33:413
S._viscosa,A,-4.920087462851872,-4.920087462851872,1,2,-1,restoration,2025-07-19 17:33:413
C._hispanica,A,-5.267809672843417,-5.267809672843417,1,2,-1,restoration,2025-07-19 17:33:413
G._struthium,A,-1.0172498498993665,-1.0172498498993665,1,2,-1,restoration,2025-07-19 17:33:413
S._sediforme,A,-4.171063110318948,-4.171063110318948,1,2,-1,restoration,2025-07-19 17:33:413
Other_species,A,-2.481583931015161,-2.481583931015161,1,2,-1,restoration,2025-07-19 17:33:413
Nurse_S._viscosa,A,-0.9081220135312471,-0.9081220135312471,1,2,-1,natural,2025-07-19 17:33:413
Nurse_G._struthium,A,-2.1577658524674486,-2.1577658524674486,1,2,-1,natural,2025-07-19 17:33:413
H._squamatum,A,-1.8154886652323412,-1.8154886652323412,1,2,-1,natural,2025-07-19 17:33:413
S._viscosa,A,-2.467733070048972,-2.467733070048972,1,2,-1,natural,2025-07-19 17:33:413
C._hispanica,A,-2.51794970205932,-2.51794970205932,1,2,-1,natural,2025-07-19 17:33:413
G._struthium,A,-4.897670216582131,-4.897670216582131,1,2,-1,natural,2025-07-19 17:33:413
S._sediforme,A,-3.1648781835802984,-3.1648781835802984,1,2,-1,natural,2025-07-19 17:33:413
Other_species,A,-0.7236671795404,-0.7236671795404,1,2,-1,natural,2025-07-19 17:33:413
Nurse_S._viscosa,A,-2.6851405843017337,-2.6851405843017337,1,2,-1,restoration,2025-07-19 17:33:403
Nurse_G._struthium,A,-1.4835676663189645,-1.4835676663189645,1,2,-1,restoration,2025-07-19 17:33:403
H._squamatum,A,-4.200309164424763,-4.200309164424763,1,2,-1,restoration,2025-07-19 17:33:403
S._viscosa,A,-5.073569840500389,-5.073569840500389,1,2,-1,restoration,2025-07-19 17:33:403
C._hispanica,A,-4.6595361260084704,-4.6595361260084704,1,2,-1,restoration,2025-07-19 17:33:403
G._struthium,A,-0.7403315118776144,-0.7403315118776144,1,2,-1,restoration,2025-07-19 17:33:403
S._sediforme,A,-4.22186877909575,-4.22186877909575,1,2,-1,restoration,2025-07-19 17:33:403
Other_species,A,-2.8156695493720068,-2.8156695493720068,1,2,-1,restoration,2025-07-19 17:33:403
Nurse_S._viscosa,A,-0.9607609019981624,-0.9607609019981624,1,2,-1,natural,2025-07-19 17:33:403
Nurse_G._struthium,A,-2.359694898246323,-2.359694898246323,1,2,-1,natural,2025-07-19 17:33:403
H._squamatum,A,-1.5905245822120184,-1.5905245822120184,1,2,-1,natural,2025-07-19 17:33:403
S._viscosa,A,-2.3388021912927983,-2.3388021912927983,1,2,-1,natural,2025-07-19 17:33:403
C._hispanica,A,-2.844640890698677,-2.844640890698677,1,2,-1,natural,2025-07-19 17:33:403
G._struthium,A,-4.293524078374344,-4.293524078374344,1,2,-1,natural,2025-07-19 17:33:403
S._sediforme,A,-3.187992693775001,-3.187992693775001,1,2,-1,natural,2025-07-19 17:33:403
Other_species,A,-0.6305021692211337,-0.6305021692211337,1,2,-1,natural,2025-07-19 17:33:403
Nurse_S._viscosa,A,-2.676076004800398,-2.676076004800398,1,2,-1,restoration,2025-07-19 17:33:403
Nurse_G._struthium,A,-1.8400938382050835,-1.8400938382050835,1,2,-1,restoration,2025-07-19 17:33:403
H._squamatum,A,-4.444986817447499,-4.444986817447499,1,2,-1,restoration,2025-07-19 17:33:403
S._viscosa,A,-3.9942429424372263,-3.9942429424372263,1,2,-1,restoration,2025-07-19 17:33:403
C._hispanica,A,-5.282872146601255,-5.282872146601255,1,2,-1,restoration,2025-07-19 17:33:403
G._struthium,A,-0.7180750915148296,-0.7180750915148296,1,2,-1,restoration,2025-07-19 17:33:403
S._sediforme,A,-3.3179554917273957,-3.3179554917273957,1,2,-1,restoration,2025-07-19 17:33:403
Other_species,A,-2.6390248231150535,-2.6390248231150535,1,2,-1,restoration,2025-07-19 17:33:403
Nurse_S._viscosa,A,-0.8806816254064921,-0.8806816254064921,1,2,-1,natural,2025-07-19 17:33:403
Nurse_G._struthium,A,-2.6128800727813206,-2.6128800727813206,1,2,-1,natural,2025-07-19 17:33:403
H._squamatum,A,-1.6285270452423835,-1.6285270452423835,1,2,-1,natural,2025-07-19 17:33:403
S._viscosa,A,-2.544484652006752,-2.544484652006752,1,2,-1,natural,2025-07-19 17:33:403
C._hispanica,A,-2.5289790910661263,-2.5289790910661263,1,2,-1,natural,2025-07-19 17:33:403
G._struthium,A,-3.964041566342618,-3.964041566342618,1,2,-1,natural,2025-07-19 17:33:403
S._sediforme,A,-3.173721086653643,-3.173721086653643,1,2,-1,natural,2025-07-19 17:33:403
Other_species,A,-0.6313514081603173,-0.6313514081603173,1,2,-1,natural,2025-07-19 17:33:403
Nurse_S._viscosa,A,-3.187293268576728,-3.187293268576728,1,2,-1,restoration,2025-07-19 17:33:393
Nurse_G._struthium,A,-1.7602079208122434,-1.7602079208122434,1,2,-1,restoration,2025-07-19 17:33:393
H._squamatum,A,-4.751926215551777,-4.751926215551777,1,2,-1,restoration,2025-07-19 17:33:393
S._viscosa,A,-3.990529188378097,-3.990529188378097,1,2,-1,restoration,2025-07-19 17:33:393
C._hispanica,A,-6.702042949683381,-6.702042949683381,1,2,-1,restoration,2025-07-19 17:33:393
G._struthium,A,-1.2913250450513425,-1.2913250450513425,1,2,-1,restoration,2025-07-19 17:33:393
S._sediforme,A,-3.820812806890324,-3.820812806890324,1,2,-1,restoration,2025-07-19 17:33:393
Other_species,A,-3.107816890182593,-3.107816890182593,1,2,-1,restoration,2025-07-19 17:33:393
Nurse_S._viscosa,A,-0.678877868300254,-0.678877868300254,1,2,-1,natural,2025-07-19 17:33:393
Nurse_G._struthium,A,-2.3441867212450482,-2.3441867212450482,1,2,-1,natural,2025-07-19 17:33:393
H._squamatum,A,-1.6541139179512672,-1.6541139179512672,1,2,-1,natural,2025-07-19 17:33:393
S._viscosa,A,-2.4572771624325678,-2.4572771624325678,1,2,-1,natural,2025-07-19 17:33:393
C._hispanica,A,-2.343396900196532,-2.343396900196532,1,2,-1,natural,2025-07-19 17:33:393
G._struthium,A,-4.160985475486377,-4.160985475486377,1,2,-1,natural,2025-07-19 17:33:393
S._sediforme,A,-3.0395089239251476,-3.0395089239251476,1,2,-1,natural,2025-07-19 17:33:393
Other_species,A,-0.43424843386722783,-0.43424843386722783,1,2,-1,natural,2025-07-19 17:33:393
Nurse_S._viscosa,A,-3.039035928255772,-3.039035928255772,1,2,-1,restoration,2025-07-19 17:33:383
Nurse_G._struthium,A,-2.002927757795923,-2.002927757795923,1,2,-1,restoration,2025-07-19 17:33:383
H._squamatum,A,-5.393659444921203,-5.393659444921203,1,2,-1,restoration,2025-07-19 17:33:383
S._viscosa,A,-4.078395543563562,-4.078395543563562,1,2,-1,restoration,2025-07-19 17:33:383
C._hispanica,A,-4.827933255301649,-4.827933255301649,1,2,-1,restoration,2025-07-19 17:33:383
G._struthium,A,-0.7429846187843011,-0.7429846187843011,1,2,-1,restoration,2025-07-19 17:33:383
S._sediforme,A,-3.9646022478084166,-3.9646022478084166,1,2,-1,restoration,2025-07-19 17:33:383
Other_species,A,-2.131456241237037,-2.131456241237037,1,2,-1,restoration,2025-07-19 17:33:383
Nurse_S._viscosa,A,-0.9745986128160287,-0.9745986128160287,1,2,-1,natural,2025-07-19 17:33:383
Nurse_G._struthium,A,-2.1948651662577965,-2.1948651662577965,1,2,-1,natural,2025-07-19 17:33:383
H._squamatum,A,-1.7543663519323,-1.7543663519323,1,2,-1,natural,2025-07-19 17:33:383
S._viscosa,A,-2.7263960872759325,-2.7263960872759325,1,2,-1,natural,2025-07-19 17:33:383
C._hispanica,A,-2.324800437518236,-2.324800437518236,1,2,-1,natural,2025-07-19 17:33:383
G._struthium,A,-4.567988722905959,-4.567988722905959,1,2,-1,natural,2025-07-19 17:33:383
S._sediforme,A,-3.5484522140525767,-3.5484522140525767,1,2,-1,natural,2025-07-19 17:33:383
Other_species,A,-0.639944221765243,-0.639944221765243,1,2,-1,natural,2025-07-19 17:33:383
Nurse_S._viscosa,A,-3.1647613563350494,-3.1647613563350494,1,2,-1,restoration,2025-07-19 17:33:383
Nurse_G._struthium,A,-1.8239365720047935,-1.8239365720047935,1,2,-1,restoration,2025-07-19 17:33:383
H._squamatum,A,-4.413570426199588,-4.413570426199588,1,2,-1,restoration,2025-07-19 17:33:383
S._viscosa,A,-3.932863728610337,-3.932863728610337,1,2,-1,restoration,2025-07-19 17:33:383
C._hispanica,A,-5.457173984388913,-5.457173984388913,1,2,-1,restoration,2025-07-19 17:33:383
G._struthium,A,-0.8324206025560807,-0.8324206025560807,1,2,-1,restoration,2025-07-19 17:33:383
S._sediforme,A,-3.2770273946567725,-3.2770273946567725,1,2,-1,restoration,2025-07-19 17:33:383
Other_species,A,-2.537316354878221,-2.537316354878221,1,2,-1,restoration,2025-07-19 17:33:383
Nurse_S._viscosa,A,-1.021348578690892,-1.021348578690892,1,2,-1,natural,2025-07-19 17:33:383
Nurse_G._struthium,A,-2.537973190129368,-2.537973190129368,1,2,-1,natural,2025-07-19 17:33:383
H._squamatum,A,-1.8145374533882492,-1.8145374533882492,1,2,-1,natural,2025-07-19 17:33:383
S._viscosa,A,-2.5686846020580116,-2.5686846020580116,1,2,-1,natural,2025-07-19 17:33:383
C._hispanica,A,-2.714489126019158,-2.714489126019158,1,2,-1,natural,2025-07-19 17:33:383
G._struthium,A,-3.8936533867271406,-3.8936533867271406,1,2,-1,natural,2025-07-19 17:33:383
S._sediforme,A,-3.1796712785264756,-3.1796712785264756,1,2,-1,natural,2025-07-19 17:33:383
Other_species,A,-0.7402496545592562,-0.7402496545592562,1,2,-1,natural,2025-07-19 17:33:383
Nurse_S._viscosa,A,-3.04812538071357,-3.04812538071357,1,2,-1,restoration,2025-07-19 17:33:373
Nurse_G._struthium,A,-2.080266239625282,-2.080266239625282,1,2,-1,restoration,2025-07-19 17:33:373
H._squamatum,A,-4.159707864968026,-4.159707864968026,1,2,-1,restoration,2025-07-19 17:33:373
S._viscosa,A,-4.316424193965822,-4.316424193965822,1,2,-1,restoration,2025-07-19 17:33:373
C._hispanica,A,-5.9470358976174,-5.9470358976174,1,2,-1,restoration,2025-07-19 17:33:373
G._struthium,A,-0.575353158437885,-0.575353158437885,1,2,-1,restoration,2025-07-19 17:33:373
S._sediforme,A,-4.367132709132457,-4.367132709132457,1,2,-1,restoration,2025-07-19 17:33:373
Other_species,A,-2.6175605540961646,-2.6175605540961646,1,2,-1,restoration,2025-07-19 17:33:373
Nurse_S._viscosa,A,-0.9315668508135274,-0.9315668508135274,1,2,-1,natural,2025-07-19 17:33:373
Nurse_G._struthium,A,-2.8892931323873503,-2.8892931323873503,1,2,-1,natural,2025-07-19 17:33:373
H._squamatum,A,-1.7627209574575935,-1.7627209574575935,1,2,-1,natural,2025-07-19 17:33:373
S._viscosa,A,-2.7406290651803866,-2.7406290651803866,1,2,-1,natural,2025-07-19 17:33:373
C._hispanica,A,-2.436766468373989,-2.436766468373989,1,2,-1,natural,2025-07-19 17:33:373
G._struthium,A,-4.46577383234467,-4.46577383234467,1,2,-1,natural,2025-07-19 17:33:373
S._sediforme,A,-3.6966884521156333,-3.6966884521156333,1,2,-1,natural,2025-07-19 17:33:373
Other_species,A,-0.6847330753470072,-0.6847330753470072,1,2,-1,natural,2025-07-19 17:33:373
Nurse_S._viscosa,A,-3.756645800451199,-3.756645800451199,1,2,-1,restoration,2025-07-19 17:33:363
Nurse_G._struthium,A,-1.9501302704758168,-1.9501302704758168,1,2,-1,restoration,2025-07-19 17:33:363
H._squamatum,A,-3.9750971182914836,-3.9750971182914836,1,2,-1,restoration,2025-07-19 17:33:363
S._viscosa,A,-4.6960606286031314,-4.6960606286031314,1,2,-1,restoration,2025-07-19 17:33:363
C._hispanica,A,-4.5855803836015925,-4.5855803836015925,1,2,-1,restoration,2025-07-19 17:33:363
G._struthium,A,-0.7940514308762994,-0.7940514308762994,1,2,-1,restoration,2025-07-19 17:33:363
S._sediforme,A,-4.429007384622433,-4.429007384622433,1,2,-1,restoration,2025-07-19 17:33:363
Other_species,A,-2.8037093546599507,-2.8037093546599507,1,2,-1,restoration,2025-07-19 17:33:363
Nurse_S._viscosa,A,-1.348439501004536,-1.348439501004536,1,2,-1,natural,2025-07-19 17:33:363
Nurse_G._struthium,A,-2.3549964327348514,-2.3549964327348514,1,2,-1,natural,2025-07-19 17:33:363
H._squamatum,A,-1.8958679310275173,-1.8958679310275173,1,2,-1,natural,2025-07-19 17:33:363
S._viscosa,A,-2.2575733256459207,-2.2575733256459207,1,2,-1,natural,2025-07-19 17:33:363
C._hispanica,A,-2.606366105007421,-2.606366105007421,1,2,-1,natural,2025-07-19 17:33:363
G._struthium,A,-4.605986673156127,-4.605986673156127,1,2,-1,natural,2025-07-19 17:33:363
S._sediforme,A,-3.3399686295342996,-3.3399686295342996,1,2,-1,natural,2025-07-19 17:33:363
Other_species,A,-1.0437295648747742,-1.0437295648747742,1,2,-1,natural,2025-07-19 17:33:363
Nurse_S._viscosa,A,-2.554782773934218,-2.554782773934218,1,2,-1,restoration,2025-07-19 17:33:363
Nurse_G._struthium,A,-1.2781405422283447,-1.2781405422283447,1,2,-1,restoration,2025-07-19 17:33:363
H._squamatum,A,-4.684840856128173,-4.684840856128173,1,2,-1,restoration,2025-07-19 17:33:363
S._viscosa,A,-4.8373604682298845,-4.8373604682298845,1,2,-1,restoration,2025-07-19 17:33:363
C._hispanica,A,-4.773920695089166,-4.773920695089166,1,2,-1,restoration,2025-07-19 17:33:363
G._struthium,A,-0.4258865496563463,-0.4258865496563463,1,2,-1,restoration,2025-07-19 17:33:363
S._sediforme,A,-3.8263221060409065,-3.8263221060409065,1,2,-1,restoration,2025-07-19 17:33:363
Other_species,A,-2.819391397043424,-2.819391397043424,1,2,-1,restoration,2025-07-19 17:33:363
Nurse_S._viscosa,A,-1.0235140182578202,-1.0235140182578202,1,2,-1,natural,2025-07-19 17:33:363
Nurse_G._struthium,A,-2.396573309311742,-2.396573309311742,1,2,-1,natural,2025-07-19 17:33:363
H._squamatum,A,-1.7975424621622187,-1.7975424621622187,1,2,-1,natural,2025-07-19 17:33:363
S._viscosa,A,-2.442655864071889,-2.442655864071889,1,2,-1,natural,2025-07-19 17:33:363
C._hispanica,A,-2.4606889286362073,-2.4606889286362073,1,2,-1,natural,2025-07-19 17:33:363
G._struthium,A,-4.133739818383206,-4.133739818383206,1,2,-1,natural,2025-07-19 17:33:363
S._sediforme,A,-3.6561173073174027,-3.6561173073174027,1,2,-1,natural,2025-07-19 17:33:363
Other_species,A,-0.6750157155486458,-0.6750157155486458,1,2,-1,natural,2025-07-19 17:33:363
Nurse_S._viscosa,A,-2.975323912765509,-2.975323912765509,1,2,-1,restoration,2025-07-19 17:33:353
Nurse_G._struthium,A,-2.1708392317516076,-2.1708392317516076,1,2,-1,restoration,2025-07-19 17:33:353
H._squamatum,A,-4.943760444648347,-4.943760444648347,1,2,-1,restoration,2025-07-19 17:33:353
S._viscosa,A,-4.754963715659993,-4.754963715659993,1,2,-1,restoration,2025-07-19 17:33:353
C._hispanica,A,-4.72034058816542,-4.72034058816542,1,2,-1,restoration,2025-07-19 17:33:353
G._struthium,A,-0.8742623877722048,-0.8742623877722048,1,2,-1,restoration,2025-07-19 17:33:353
S._sediforme,A,-3.3426760560168862,-3.3426760560168862,1,2,-1,restoration,2025-07-19 17:33:353
Other_species,A,-2.813387862651119,-2.813387862651119,1,2,-1,restoration,2025-07-19 17:33:353
Nurse_S._viscosa,A,-0.7983630081332443,-0.7983630081332443,1,2,-1,natural,2025-07-19 17:33:353
Nurse_G._struthium,A,-2.288716263030695,-2.288716263030695,1,2,-1,natural,2025-07-19 17:33:353
H._squamatum,A,-1.802799941651679,-1.802799941651679,1,2,-1,natural,2025-07-19 17:33:353
S._viscosa,A,-2.650883959883682,-2.650883959883682,1,2,-1,natural,2025-07-19 17:33:353
C._hispanica,A,-2.521062366549628,-2.521062366549628,1,2,-1,natural,2025-07-19 17:33:353
G._struthium,A,-4.50695623928351,-4.50695623928351,1,2,-1,natural,2025-07-19 17:33:353
S._sediforme,A,-3.267811752313361,-3.267811752313361,1,2,-1,natural,2025-07-19 17:33:353
Other_species,A,-0.6079370583123921,-0.6079370583123921,1,2,-1,natural,2025-07-19 17:33:353
Nurse_S._viscosa,A,-2.5992484892294954,-2.5992484892294954,1,2,-1,restoration,2025-07-19 17:33:353
Nurse_G._struthium,A,-0.8144209967609826,-0.8144209967609826,1,2,-1,restoration,2025-07-19 17:33:353
H._squamatum,A,-5.1239171420584695,-5.1239171420584695,1,2,-1,restoration,2025-07-19 17:33:353
S._viscosa,A,-3.7564743535174916,-3.7564743535174916,1,2,-1,restoration,2025-07-19 17:33:353
C._hispanica,A,-6.145037067359144,-6.145037067359144,1,2,-1,restoration,2025-07-19 17:33:353
G._struthium,A,-0.46806545118028947,-0.46806545118028947,1,2,-1,restoration,2025-07-19 17:33:353
S._sediforme,A,-3.648342158163951,-3.648342158163951,1,2,-1,restoration,2025-07-19 17:33:353
Other_species,A,-2.1598420085668537,-2.1598420085668537,1,2,-1,restoration,2025-07-19 17:33:353
Nurse_S._viscosa,A,-0.8709691215552443,-0.8709691215552443,1,2,-1,natural,2025-07-19 17:33:353
Nurse_G._struthium,A,-2.2616348903176204,-2.2616348903176204,1,2,-1,natural,2025-07-19 17:33:353
H._squamatum,A,-1.8889251681208947,-1.8889251681208947,1,2,-1,natural,2025-07-19 17:33:353
S._viscosa,A,-2.4387077442151774,-2.4387077442151774,1,2,-1,natural,2025-07-19 17:33:353
C._hispanica,A,-2.8153123785244323,-2.8153123785244323,1,2,-1,natural,2025-07-19 17:33:353
G._struthium,A,-4.182168523635064,-4.182168523635064,1,2,-1,natural,2025-07-19 17:33:353
S._sediforme,A,-3.0129698301841796,-3.0129698301841796,1,2,-1,natural,2025-07-19 17:33:353
Other_species,A,-0.6852525891275321,-0.6852525891275321,1,2,-1,natural,2025-07-19 17:33:353
Nurse_S._viscosa,A,-2.7282224526869276,-2.7282224526869276,1,2,-1,restoration,2025-07-19 17:33:343
Nurse_G._struthium,A,-2.332496790677672,-2.332496790677672,1,2,-1,restoration,2025-07-19 17:33:343
H._squamatum,A,-5.1185228452591485,-5.1185228452591485,1,2,-1,restoration,2025-07-19 17:33:343
S._viscosa,A,-3.949108355860905,-3.949108355860905,1,2,-1,restoration,2025-07-19 17:33:343
C._hispanica,A,-4.731286894369149,-4.731286894369149,1,2,-1,restoration,2025-07-19 17:33:343
G._struthium,A,-0.9364997652674953,-0.9364997652674953,1,2,-1,restoration,2025-07-19 17:33:343
S._sediforme,A,-3.2904391653196403,-3.2904391653196403,1,2,-1,restoration,2025-07-19 17:33:343
Other_species,A,-2.655524232292023,-2.655524232292023,1,2,-1,restoration,2025-07-19 17:33:343
Nurse_S._viscosa,A,-1.0639035623656887,-1.0639035623656887,1,2,-1,natural,2025-07-19 17:33:343
Nurse_G._struthium,A,-2.282760418771211,-2.282760418771211,1,2,-1,natural,2025-07-19 17:33:343
H._squamatum,A,-1.8401844085920909,-1.8401844085920909,1,2,-1,natural,2025-07-19 17:33:343
S._viscosa,A,-2.3674004169451517,-2.3674004169451517,1,2,-1,natural,2025-07-19 17:33:343
C._hispanica,A,-2.590286089145355,-2.590286089145355,1,2,-1,natural,2025-07-19 17:33:343
G._struthium,A,-4.652233336008576,-4.652233336008576,1,2,-1,natural,2025-07-19 17:33:343
S._sediforme,A,-3.423209768875045,-3.423209768875045,1,2,-1,natural,2025-07-19 17:33:343
Other_species,A,-0.7204860664908729,-0.7204860664908729,1,2,-1,natural,2025-07-19 17:33:343
Nurse_S._viscosa,A,-2.1732591621020645,-2.1732591621020645,1,2,-1,restoration,2025-07-19 17:33:333
Nurse_G._struthium,A,-1.5356456992371679,-1.5356456992371679,1,2,-1,restoration,2025-07-19 17:33:333
H._squamatum,A,-5.022163536047731,-5.022163536047731,1,2,-1,restoration,2025-07-19 17:33:333
S._viscosa,A,-4.139247717859383,-4.139247717859383,1,2,-1,restoration,2025-07-19 17:33:333
C._hispanica,A,-4.330196893874206,-4.330196893874206,1,2,-1,restoration,2025-07-19 17:33:333
G._struthium,A,-0.3205751955147795,-0.3205751955147795,1,2,-1,restoration,2025-07-19 17:33:333
S._sediforme,A,-4.5615986024796715,-4.5615986024796715,1,2,-1,restoration,2025-07-19 17:33:333
Other_species,A,-2.1035256031789014,-2.1035256031789014,1,2,-1,restoration,2025-07-19 17:33:333
Nurse_S._viscosa,A,-0.7022912829562085,-0.7022912829562085,1,2,-1,natural,2025-07-19 17:33:333
Nurse_G._struthium,A,-2.5004000174331757,-2.5004000174331757,1,2,-1,natural,2025-07-19 17:33:333
H._squamatum,A,-1.5107621501887458,-1.5107621501887458,1,2,-1,natural,2025-07-19 17:33:333
S._viscosa,A,-2.5876301901425727,-2.5876301901425727,1,2,-1,natural,2025-07-19 17:33:333
C._hispanica,A,-2.289080910680629,-2.289080910680629,1,2,-1,natural,2025-07-19 17:33:333
G._struthium,A,-4.4913548457992905,-4.4913548457992905,1,2,-1,natural,2025-07-19 17:33:333
S._sediforme,A,-3.0353605135961232,-3.0353605135961232,1,2,-1,natural,2025-07-19 17:33:333
Other_species,A,-0.3708243093690451,-0.3708243093690451,1,2,-1,natural,2025-07-19 17:33:333
Nurse_S._viscosa,A,-3.132197857050637,-3.132197857050637,1,2,-1,restoration,2025-07-19 17:33:333
Nurse_G._struthium,A,-1.8520869713230739,-1.8520869713230739,1,2,-1,restoration,2025-07-19 17:33:333
H._squamatum,A,-4.401410429681369,-4.401410429681369,1,2,-1,restoration,2025-07-19 17:33:333
S._viscosa,A,-4.421277833759884,-4.421277833759884,1,2,-1,restoration,2025-07-19 17:33:333
C._hispanica,A,-5.317304441230704,-5.317304441230704,1,2,-1,restoration,2025-07-19 17:33:333
G._struthium,A,-1.0254799145170728,-1.0254799145170728,1,2,-1,restoration,2025-07-19 17:33:333
S._sediforme,A,-3.34322622417298,-3.34322622417298,1,2,-1,restoration,2025-07-19 17:33:333
Other_species,A,-3.0827523120521656,-3.0827523120521656,1,2,-1,restoration,2025-07-19 17:33:333
Nurse_S._viscosa,A,-0.8117490594630954,-0.8117490594630954,1,2,-1,natural,2025-07-19 17:33:333
Nurse_G._struthium,A,-2.3596069362350685,-2.3596069362350685,1,2,-1,natural,2025-07-19 17:33:333
H._squamatum,A,-1.728007498776908,-1.728007498776908,1,2,-1,natural,2025-07-19 17:33:333
S._viscosa,A,-2.4731441469390663,-2.4731441469390663,1,2,-1,natural,2025-07-19 17:33:333
C._hispanica,A,-2.4376537605172275,-2.4376537605172275,1,2,-1,natural,2025-07-19 17:33:333
G._struthium,A,-4.4282671877901825,-4.4282671877901825,1,2,-1,natural,2025-07-19 17:33:333
S._sediforme,A,-4.126780062663671,-4.126780062663671,1,2,-1,natural,2025-07-19 17:33:333
Other_species,A,-0.5335195374289344,-0.5335195374289344,1,2,-1,natural,2025-07-19 17:33:333
Nurse_S._viscosa,A,-2.9783548522854524,-2.9783548522854524,1,2,-1,restoration,2025-07-19 17:33:323
Nurse_G._struthium,A,-1.4198894604331227,-1.4198894604331227,1,2,-1,restoration,2025-07-19 17:33:323
H._squamatum,A,-5.316559206761056,-5.316559206761056,1,2,-1,restoration,2025-07-19 17:33:323
S._viscosa,A,-3.2290271575487326,-3.2290271575487326,1,2,-1,restoration,2025-07-19 17:33:323
C._hispanica,A,-4.6256536539744735,-4.6256536539744735,1,2,-1,restoration,2025-07-19 17:33:323
G._struthium,A,-1.162931129915295,-1.162931129915295,1,2,-1,restoration,2025-07-19 17:33:323
S._sediforme,A,-3.746342745894745,-3.746342745894745,1,2,-1,restoration,2025-07-19 17:33:323
Other_species,A,-2.2570323255160103,-2.2570323255160103,1,2,-1,restoration,2025-07-19 17:33:323
Nurse_S._viscosa,A,-1.0605828740877288,-1.0605828740877288,1,2,-1,natural,2025-07-19 17:33:323
Nurse_G._struthium,A,-2.4355420881521384,-2.4355420881521384,1,2,-1,natural,2025-07-19 17:33:323
H._squamatum,A,-1.8987680700516796,-1.8987680700516796,1,2,-1,natural,2025-07-19 17:33:323
S._viscosa,A,-2.233561514289188,-2.233561514289188,1,2,-1,natural,2025-07-19 17:33:323
C._hispanica,A,-2.3228158774478387,-2.3228158774478387,1,2,-1,natural,2025-07-19 17:33:323
G._struthium,A,-5.232743221889508,-5.232743221889508,1,2,-1,natural,2025-07-19 17:33:323
S._sediforme,A,-3.275668244757594,-3.275668244757594,1,2,-1,natural,2025-07-19 17:33:323
Other_species,A,-0.4684906290733862,-0.4684906290733862,1,2,-1,natural,2025-07-19 17:33:323
Nurse_S._viscosa,A,-2.913690198230834,-2.913690198230834,1,2,-1,restoration,2025-07-19 17:33:313
Nurse_G._struthium,A,-2.3384115239485843,-2.3384115239485843,1,2,-1,restoration,2025-07-19 17:33:313
H._squamatum,A,-5.33233892987893,-5.33233892987893,1,2,-1,restoration,2025-07-19 17:33:313
S._viscosa,A,-4.22683436018677,-4.22683436018677,1,2,-1,restoration,2025-07-19 17:33:313
C._hispanica,A,-6.197167301227586,-6.197167301227586,1,2,-1,restoration,2025-07-19 17:33:313
G._struthium,A,-1.0399431266646355,-1.0399431266646355,1,2,-1,restoration,2025-07-19 17:33:313
S._sediforme,A,-4.032522725133027,-4.032522725133027,1,2,-1,restoration,2025-07-19 17:33:313
Other_species,A,-2.375185836309967,-2.375185836309967,1,2,-1,restoration,2025-07-19 17:33:313
Nurse_S._viscosa,A,-0.9510781609625177,-0.9510781609625177,1,2,-1,natural,2025-07-19 17:33:313
Nurse_G._struthium,A,-2.6470270929200277,-2.6470270929200277,1,2,-1,natural,2025-07-19 17:33:313
H._squamatum,A,-1.8190627742813283,-1.8190627742813283,1,2,-1,natural,2025-07-19 17:33:313
S._viscosa,A,-2.6921599706550516,-2.6921599706550516,1,2,-1,natural,2025-07-19 17:33:313
C._hispanica,A,-2.534704626518469,-2.534704626518469,1,2,-1,natural,2025-07-19 17:33:313
G._struthium,A,-4.036155936039759,-4.036155936039759,1,2,-1,natural,2025-07-19 17:33:313
S._sediforme,A,-3.4193639562649465,-3.4193639562649465,1,2,-1,natural,2025-07-19 17:33:313
Other_species,A,-0.6774593093173897,-0.6774593093173897,1,2,-1,natural,2025-07-19 17:33:313
Nurse_S._viscosa,A,-2.5539445766022446,-2.5539445766022446,1,2,-1,restoration,2025-07-19 17:33:313
Nurse_G._struthium,A,-1.8440387644521623,-1.8440387644521623,1,2,-1,restoration,2025-07-19 17:33:313
H._squamatum,A,-4.137337948121402,-4.137337948121402,1,2,-1,restoration,2025-07-19 17:33:313
S._viscosa,A,-5.876147242037511,-5.876147242037511,1,2,-1,restoration,2025-07-19 17:33:313
C._hispanica,A,-5.167862808609448,-5.167862808609448,1,2,-1,restoration,2025-07-19 17:33:313
G._struthium,A,-0.8079890306447609,-0.8079890306447609,1,2,-1,restoration,2025-07-19 17:33:313
S._sediforme,A,-3.6197734292090766,-3.6197734292090766,1,2,-1,restoration,2025-07-19 17:33:313
Other_species,A,-3.0004730339860206,-3.0004730339860206,1,2,-1,restoration,2025-07-19 17:33:313
Nurse_S._viscosa,A,-0.9764485158015231,-0.9764485158015231,1,2,-1,natural,2025-07-19 17:33:313
Nurse_G._struthium,A,-2.572152719490235,-2.572152719490235,1,2,-1,natural,2025-07-19 17:33:313
H._squamatum,A,-1.5007066074718893,-1.5007066074718893,1,2,-1,natural,2025-07-19 17:33:313
S._viscosa,A,-2.722833281890609,-2.722833281890609,1,2,-1,natural,2025-07-19 17:33:313
C._hispanica,A,-2.549280990045593,-2.549280990045593,1,2,-1,natural,2025-07-19 17:33:313
G._struthium,A,-3.8774586175193053,-3.8774586175193053,1,2,-1,natural,2025-07-19 17:33:313
S._sediforme,A,-3.329291641357999,-3.329291641357999,1,2,-1,natural,2025-07-19 17:33:313
Other_species,A,-0.5358602732683794,-0.5358602732683794,1,2,-1,natural,2025-07-19 17:33:313
Nurse_S._viscosa,A,-2.5066925693188185,-2.5066925693188185,1,2,-1,restoration,2025-07-19 17:33:303
Nurse_G._struthium,A,-2.2559615645246187,-2.2559615645246187,1,2,-1,restoration,2025-07-19 17:33:303
H._squamatum,A,-5.349304716095064,-5.349304716095064,1,2,-1,restoration,2025-07-19 17:33:303
S._viscosa,A,-4.05272347458219,-4.05272347458219,1,2,-1,restoration,2025-07-19 17:33:303
C._hispanica,A,-6.160496939129083,-6.160496939129083,1,2,-1,restoration,2025-07-19 17:33:303
G._struthium,A,-1.5168433899248814,-1.5168433899248814,1,2,-1,restoration,2025-07-19 17:33:303
S._sediforme,A,-4.560319858256917,-4.560319858256917,1,2,-1,restoration,2025-07-19 17:33:303
Other_species,A,-2.6520114632677028,-2.6520114632677028,1,2,-1,restoration,2025-07-19 17:33:303
Nurse_S._viscosa,A,-1.071292746951888,-1.071292746951888,1,2,-1,natural,2025-07-19 17:33:303
Nurse_G._struthium,A,-2.3020853657766476,-2.3020853657766476,1,2,-1,natural,2025-07-19 17:33:303
H._squamatum,A,-1.5644209744301572,-1.5644209744301572,1,2,-1,natural,2025-07-19 17:33:303
S._viscosa,A,-2.566941715051977,-2.566941715051977,1,2,-1,natural,2025-07-19 17:33:303
C._hispanica,A,-2.601299884011963,-2.601299884011963,1,2,-1,natural,2025-07-19 17:33:303
G._struthium,A,-4.1879956121179776,-4.1879956121179776,1,2,-1,natural,2025-07-19 17:33:303
S._sediforme,A,-3.3467574494510557,-3.3467574494510557,1,2,-1,natural,2025-07-19 17:33:303
Other_species,A,-0.57622594030059,-0.57622594030059,1,2,-1,natural,2025-07-19 17:33:303
Nurse_S._viscosa,A,-2.667989945404601,-2.667989945404601,1,2,-1,restoration,2025-07-19 17:33:293
Nurse_G._struthium,A,-2.4910703642393344,-2.4910703642393344,1,2,-1,restoration,2025-07-19 17:33:293
H._squamatum,A,-4.077231987108311,-4.077231987108311,1,2,-1,restoration,2025-07-19 17:33:293
S._viscosa,A,-4.395488478987495,-4.395488478987495,1,2,-1,restoration,2025-07-19 17:33:293
C._hispanica,A,-6.30477364969364,-6.30477364969364,1,2,-1,restoration,2025-07-19 17:33:293
G._struthium,A,-1.283525093148696,-1.283525093148696,1,2,-1,restoration,2025-07-19 17:33:293
S._sediforme,A,-4.27691069367457,-4.27691069367457,1,2,-1,restoration,2025-07-19 17:33:293
Other_species,A,-3.0101240097807174,-3.0101240097807174,1,2,-1,restoration,2025-07-19 17:33:293
Nurse_S._viscosa,A,-1.0475221231611356,-1.0475221231611356,1,2,-1,natural,2025-07-19 17:33:293
Nurse_G._struthium,A,-2.561659045789232,-2.561659045789232,1,2,-1,natural,2025-07-19 17:33:293
H._squamatum,A,-1.738345217620045,-1.738345217620045,1,2,-1,natural,2025-07-19 17:33:293
S._viscosa,A,-2.770867951043313,-2.770867951043313,1,2,-1,natural,2025-07-19 17:33:293
C._hispanica,A,-2.865151808846378,-2.865151808846378,1,2,-1,natural,2025-07-19 17:33:293
G._struthium,A,-4.485839834612685,-4.485839834612685,1,2,-1,natural,2025-07-19 17:33:293
S._sediforme,A,-3.412779436631304,-3.412779436631304,1,2,-1,natural,2025-07-19 17:33:293
Other_species,A,-0.9563633710546511,-0.9563633710546511,1,2,-1,natural,2025-07-19 17:33:293
Nurse_S._viscosa,A,-2.465029612071135,-2.465029612071135,1,2,-1,restoration,2025-07-19 17:33:293
Nurse_G._struthium,A,-2.0303614821704006,-2.0303614821704006,1,2,-1,restoration,2025-07-19 17:33:293
H._squamatum,A,-5.041129890056939,-5.041129890056939,1,2,-1,restoration,2025-07-19 17:33:293
S._viscosa,A,-5.361940490880716,-5.361940490880716,1,2,-1,restoration,2025-07-19 17:33:293
C._hispanica,A,-5.028546361340424,-5.028546361340424,1,2,-1,restoration,2025-07-19 17:33:293
G._struthium,A,-0.7326371626079125,-0.7326371626079125,1,2,-1,restoration,2025-07-19 17:33:293
S._sediforme,A,-3.2834854571986507,-3.2834854571986507,1,2,-1,restoration,2025-07-19 17:33:293
Other_species,A,-3.03389348369894,-3.03389348369894,1,2,-1,restoration,2025-07-19 17:33:293
Nurse_S._viscosa,A,-0.725030399762729,-0.725030399762729,1,2,-1,natural,2025-07-19 17:33:293
Nurse_G._struthium,A,-2.6826102600005726,-2.6826102600005726,1,2,-1,natural,2025-07-19 17:33:293
H._squamatum,A,-1.8818884201017245,-1.8818884201017245,1,2,-1,natural,2025-07-19 17:33:293
S._viscosa,A,-2.4911684138998775,-2.4911684138998775,1,2,-1,natural,2025-07-19 17:33:293
C._hispanica,A,-2.33020811940794,-2.33020811940794,1,2,-1,natural,2025-07-19 17:33:293
G._struthium,A,-3.751884945257538,-3.751884945257538,1,2,-1,natural,2025-07-19 17:33:293
S._sediforme,A,-3.225341855008879,-3.225341855008879,1,2,-1,natural,2025-07-19 17:33:293
Other_species,A,-0.35501490839167277,-0.35501490839167277,1,2,-1,natural,2025-07-19 17:33:293
Nurse_S._viscosa,A,-3.022887542547618,-3.022887542547618,1,2,-1,restoration,2025-07-19 17:33:283
Nurse_G._struthium,A,-1.5542190376294842,-1.5542190376294842,1,2,-1,restoration,2025-07-19 17:33:283
H._squamatum,A,-4.9610907003492795,-4.9610907003492795,1,2,-1,restoration,2025-07-19 17:33:283
S._viscosa,A,-3.4860278466375965,-3.4860278466375965,1,2,-1,restoration,2025-07-19 17:33:283
C._hispanica,A,-5.9697370461316215,-5.9697370461316215,1,2,-1,restoration,2025-07-19 17:33:283
G._struthium,A,-0.5507973538477655,-0.5507973538477655,1,2,-1,restoration,2025-07-19 17:33:283
S._sediforme,A,-4.268327352320386,-4.268327352320386,1,2,-1,restoration,2025-07-19 17:33:283
Other_species,A,-1.8881702282677462,-1.8881702282677462,1,2,-1,restoration,2025-07-19 17:33:283
Nurse_S._viscosa,A,-0.6616811896350535,-0.6616811896350535,1,2,-1,natural,2025-07-19 17:33:283
Nurse_G._struthium,A,-2.451004476902498,-2.451004476902498,1,2,-1,natural,2025-07-19 17:33:283
H._squamatum,A,-2.066461391292285,-2.066461391292285,1,2,-1,natural,2025-07-19 17:33:283
S._viscosa,A,-2.5970565773134555,-2.5970565773134555,1,2,-1,natural,2025-07-19 17:33:283
C._hispanica,A,-2.7467868928154164,-2.7467868928154164,1,2,-1,natural,2025-07-19 17:33:283
G._struthium,A,-4.261402167076077,-4.261402167076077,1,2,-1,natural,2025-07-19 17:33:283
S._sediforme,A,-3.0401119849074365,-3.0401119849074365,1,2,-1,natural,2025-07-19 17:33:283
Other_species,A,-0.701530218766889,-0.701530218766889,1,2,-1,natural,2025-07-19 17:33:283
Nurse_S._viscosa,A,-3.088592795133676,-3.088592795133676,1,2,-1,restoration,2025-07-19 17:33:283
Nurse_G._struthium,A,-1.9016727923815049,-1.9016727923815049,1,2,-1,restoration,2025-07-19 17:33:283
H._squamatum,A,-3.681514630161189,-3.681514630161189,1,2,-1,restoration,2025-07-19 17:33:283
S._viscosa,A,-5.634572198346873,-5.634572198346873,1,2,-1,restoration,2025-07-19 17:33:283
C._hispanica,A,-6.481337633760909,-6.481337633760909,1,2,-1,restoration,2025-07-19 17:33:283
G._struthium,A,-1.0481185824594161,-1.0481185824594161,1,2,-1,restoration,2025-07-19 17:33:283
S._sediforme,A,-4.393877570052875,-4.393877570052875,1,2,-1,restoration,2025-07-19 17:33:283
Other_species,A,-2.833437686391184,-2.833437686391184,1,2,-1,restoration,2025-07-19 17:33:283
Nurse_S._viscosa,A,-0.724363896763322,-0.724363896763322,1,2,-1,natural,2025-07-19 17:33:283
Nurse_G._struthium,A,-2.4870311379041903,-2.4870311379041903,1,2,-1,natural,2025-07-19 17:33:283
H._squamatum,A,-1.509072256909985,-1.509072256909985,1,2,-1,natural,2025-07-19 17:33:283
S._viscosa,A,-2.7033578990010514,-2.7033578990010514,1,2,-1,natural,2025-07-19 17:33:283
C._hispanica,A,-2.5266148939079467,-2.5266148939079467,1,2,-1,natural,2025-07-19 17:33:283
G._struthium,A,-4.518512613917486,-4.518512613917486,1,2,-1,natural,2025-07-19 17:33:283
S._sediforme,A,-3.608583417446536,-3.608583417446536,1,2,-1,natural,2025-07-19 17:33:283
Other_species,A,-0.6131962315161147,-0.6131962315161147,1,2,-1,natural,2025-07-19 17:33:283
Nurse_S._viscosa,A,-2.8338187760994216,-2.8338187760994216,1,2,-1,restoration,2025-07-19 17:33:273
Nurse_G._struthium,A,-2.077666244057858,-2.077666244057858,1,2,-1,restoration,2025-07-19 17:33:273
H._squamatum,A,-4.221390241751873,-4.221390241751873,1,2,-1,restoration,2025-07-19 17:33:273
S._viscosa,A,-3.0953557134891723,-3.0953557134891723,1,2,-1,restoration,2025-07-19 17:33:273
C._hispanica,A,-4.783034766851867,-4.783034766851867,1,2,-1,restoration,2025-07-19 17:33:273
G._struthium,A,-1.18421495295344,-1.18421495295344,1,2,-1,restoration,2025-07-19 17:33:273
S._sediforme,A,-3.428803463265485,-3.428803463265485,1,2,-1,restoration,2025-07-19 17:33:273
Other_species,A,-2.770565388079282,-2.770565388079282,1,2,-1,restoration,2025-07-19 17:33:273
Nurse_S._viscosa,A,-0.9593471276816754,-0.9593471276816754,1,2,-1,natural,2025-07-19 17:33:273
Nurse_G._struthium,A,-2.741575557005001,-2.741575557005001,1,2,-1,natural,2025-07-19 17:33:273
H._squamatum,A,-1.7670815705911664,-1.7670815705911664,1,2,-1,natural,2025-07-19 17:33:273
S._viscosa,A,-2.3662647673830337,-2.3662647673830337,1,2,-1,natural,2025-07-19 17:33:273
C._hispanica,A,-2.5537398653903103,-2.5537398653903103,1,2,-1,natural,2025-07-19 17:33:273
G._struthium,A,-4.2060772783172755,-4.2060772783172755,1,2,-1,natural,2025-07-19 17:33:273
S._sediforme,A,-4.26820749561912,-4.26820749561912,1,2,-1,natural,2025-07-19 17:33:273
Other_species,A,-0.7385744761300399,-0.7385744761300399,1,2,-1,natural,2025-07-19 17:33:273
Nurse_S._viscosa,A,-3.211593298230707,-3.211593298230707,1,2,-1,restoration,2025-07-19 17:33:273
Nurse_G._struthium,A,-2.016428534845099,-2.016428534845099,1,2,-1,restoration,2025-07-19 17:33:273
H._squamatum,A,-3.7237297387803348,-3.7237297387803348,1,2,-1,restoration,2025-07-19 17:33:273
S._viscosa,A,-5.12746186448968,-5.12746186448968,1,2,-1,restoration,2025-07-19 17:33:273
C._hispanica,A,-6.656420692321063,-6.656420692321063,1,2,-1,restoration,2025-07-19 17:33:273
G._struthium,A,-1.0182352505252832,-1.0182352505252832,1,2,-1,restoration,2025-07-19 17:33:273
S._sediforme,A,-4.5100231001856015,-4.5100231001856015,1,2,-1,restoration,2025-07-19 17:33:273
Other_species,A,-2.9308215681080227,-2.9308215681080227,1,2,-1,restoration,2025-07-19 17:33:273
Nurse_S._viscosa,A,-0.7462210494815621,-0.7462210494815621,1,2,-1,natural,2025-07-19 17:33:273
Nurse_G._struthium,A,-2.4596730400813955,-2.4596730400813955,1,2,-1,natural,2025-07-19 17:33:273
H._squamatum,A,-1.899999724258688,-1.899999724258688,1,2,-1,natural,2025-07-19 17:33:273
S._viscosa,A,-2.5694079002069086,-2.5694079002069086,1,2,-1,natural,2025-07-19 17:33:273
C._hispanica,A,-2.71373247097001,-2.71373247097001,1,2,-1,natural,2025-07-19 17:33:273
G._struthium,A,-3.573251074060301,-3.573251074060301,1,2,-1,natural,2025-07-19 17:33:273
S._sediforme,A,-3.2644049463196594,-3.2644049463196594,1,2,-1,natural,2025-07-19 17:33:273
Other_species,A,-0.7444096262018068,-0.7444096262018068,1,2,-1,natural,2025-07-19 17:33:273
Nurse_S._viscosa,A,-3.830191668913011,-3.830191668913011,1,2,-1,restoration,2025-07-19 17:33:263
Nurse_G._struthium,A,-1.9234243470700332,-1.9234243470700332,1,2,-1,restoration,2025-07-19 17:33:263
H._squamatum,A,-4.115512028262973,-4.115512028262973,1,2,-1,restoration,2025-07-19 17:33:263
S._viscosa,A,-4.687143735508674,-4.687143735508674,1,2,-1,restoration,2025-07-19 17:33:263
C._hispanica,A,-4.8664375508611935,-4.8664375508611935,1,2,-1,restoration,2025-07-19 17:33:263
G._struthium,A,-0.7134216286239706,-0.7134216286239706,1,2,-1,restoration,2025-07-19 17:33:263
S._sediforme,A,-4.033354750757905,-4.033354750757905,1,2,-1,restoration,2025-07-19 17:33:263
Other_species,A,-2.458825078819313,-2.458825078819313,1,2,-1,restoration,2025-07-19 17:33:263
Nurse_S._viscosa,A,-0.8678426267341027,-0.8678426267341027,1,2,-1,natural,2025-07-19 17:33:263
Nurse_G._struthium,A,-2.5336564804391575,-2.5336564804391575,1,2,-1,natural,2025-07-19 17:33:263
H._squamatum,A,-1.8544971311301344,-1.8544971311301344,1,2,-1,natural,2025-07-19 17:33:263
S._viscosa,A,-2.3860124147162582,-2.3860124147162582,1,2,-1,natural,2025-07-19 17:33:263
C._hispanica,A,-2.4469495757785937,-2.4469495757785937,1,2,-1,natural,2025-07-19 17:33:263
G._struthium,A,-4.7687223409347705,-4.7687223409347705,1,2,-1,natural,2025-07-19 17:33:263
S._sediforme,A,-3.44749016646989,-3.44749016646989,1,2,-1,natural,2025-07-19 17:33:263
Other_species,A,-0.5871650826589654,-0.5871650826589654,1,2,-1,natural,2025-07-19 17:33:263
Nurse_S._viscosa,A,-3.976940452171448,-3.976940452171448,1,2,-1,restoration,2025-07-19 17:33:253
Nurse_G._struthium,A,-1.887696179968685,-1.887696179968685,1,2,-1,restoration,2025-07-19 17:33:253
H._squamatum,A,-4.168473942382373,-4.168473942382373,1,2,-1,restoration,2025-07-19 17:33:253
S._viscosa,A,-3.9971175010478914,-3.9971175010478914,1,2,-1,restoration,2025-07-19 17:33:253
C._hispanica,A,-6.133863847980675,-6.133863847980675,1,2,-1,restoration,2025-07-19 17:33:253
G._struthium,A,-1.1662828325420926,-1.1662828325420926,1,2,-1,restoration,2025-07-19 17:33:253
S._sediforme,A,-6.221356962494263,-6.221356962494263,1,2,-1,restoration,2025-07-19 17:33:253
Other_species,A,-2.3375669140173545,-2.3375669140173545,1,2,-1,restoration,2025-07-19 17:33:253
Nurse_S._viscosa,A,-0.9488679977113997,-0.9488679977113997,1,2,-1,natural,2025-07-19 17:33:253
Nurse_G._struthium,A,-2.258850335710981,-2.258850335710981,1,2,-1,natural,2025-07-19 17:33:253
H._squamatum,A,-1.6857672474796637,-1.6857672474796637,1,2,-1,natural,2025-07-19 17:33:253
S._viscosa,A,-2.2666771488860302,-2.2666771488860302,1,2,-1,natural,2025-07-19 17:33:253
C._hispanica,A,-2.732922527253699,-2.732922527253699,1,2,-1,natural,2025-07-19 17:33:253
G._struthium,A,-4.109532470213731,-4.109532470213731,1,2,-1,natural,2025-07-19 17:33:253
S._sediforme,A,-3.7546421452471406,-3.7546421452471406,1,2,-1,natural,2025-07-19 17:33:253
Other_species,A,-0.7097581834640685,-0.7097581834640685,1,2,-1,natural,2025-07-19 17:33:253
Nurse_S._viscosa,A,-3.2953113548799666,-3.2953113548799666,1,2,-1,restoration,2025-07-19 17:33:253
Nurse_G._struthium,A,-1.941127917077884,-1.941127917077884,1,2,-1,restoration,2025-07-19 17:33:253
H._squamatum,A,-4.9281147048840594,-4.9281147048840594,1,2,-1,restoration,2025-07-19 17:33:253
S._viscosa,A,-3.3270252428278577,-3.3270252428278577,1,2,-1,restoration,2025-07-19 17:33:253
C._hispanica,A,-4.77447323785553,-4.77447323785553,1,2,-1,restoration,2025-07-19 17:33:253
G._struthium,A,-0.8824302218970649,-0.8824302218970649,1,2,-1,restoration,2025-07-19 17:33:253
S._sediforme,A,-3.9699521341723023,-3.9699521341723023,1,2,-1,restoration,2025-07-19 17:33:253
Other_species,A,-2.2927071011494684,-2.2927071011494684,1,2,-1,restoration,2025-07-19 17:33:253
Nurse_S._viscosa,A,-0.9821124116638787,-0.9821124116638787,1,2,-1,natural,2025-07-19 17:33:253
Nurse_G._struthium,A,-2.520947492447826,-2.520947492447826,1,2,-1,natural,2025-07-19 17:33:253
H._squamatum,A,-1.6748489450520723,-1.6748489450520723,1,2,-1,natural,2025-07-19 17:33:253
S._viscosa,A,-2.605306860981209,-2.605306860981209,1,2,-1,natural,2025-07-19 17:33:253
C._hispanica,A,-2.779724047606109,-2.779724047606109,1,2,-1,natural,2025-07-19 17:33:253
G._struthium,A,-4.29274267778134,-4.29274267778134,1,2,-1,natural,2025-07-19 17:33:253
S._sediforme,A,-3.1028545236399756,-3.1028545236399756,1,2,-1,natural,2025-07-19 17:33:253
Other_species,A,-0.6688702032700027,-0.6688702032700027,1,2,-1,natural,2025-07-19 17:33:253
Nurse_S._viscosa,A,-2.7373081131025794,-2.7373081131025794,1,2,-1,restoration,2025-07-19 17:33:243
Nurse_G._struthium,A,-1.4044347640400259,-1.4044347640400259,1,2,-1,restoration,2025-07-19 17:33:243
H._squamatum,A,-3.8048836583978627,-3.8048836583978627,1,2,-1,restoration,2025-07-19 17:33:243
S._viscosa,A,-4.945832598050906,-4.945832598050906,1,2,-1,restoration,2025-07-19 17:33:243
C._hispanica,A,-7.492195435460606,-7.492195435460606,1,2,-1,restoration,2025-07-19 17:33:243
G._struthium,A,-0.44205365162655774,-0.44205365162655774,1,2,-1,restoration,2025-07-19 17:33:243
S._sediforme,A,-3.3400507243571123,-3.3400507243571123,1,2,-1,restoration,2025-07-19 17:33:243
Other_species,A,-2.3648099432241767,-2.3648099432241767,1,2,-1,restoration,2025-07-19 17:33:243
Nurse_S._viscosa,A,-0.932935241060662,-0.932935241060662,1,2,-1,natural,2025-07-19 17:33:243
Nurse_G._struthium,A,-2.404249190846497,-2.404249190846497,1,2,-1,natural,2025-07-19 17:33:243
H._squamatum,A,-1.6175977520249223,-1.6175977520249223,1,2,-1,natural,2025-07-19 17:33:243
S._viscosa,A,-2.206840093774179,-2.206840093774179,1,2,-1,natural,2025-07-19 17:33:243
C._hispanica,A,-2.5042586116519474,-2.5042586116519474,1,2,-1,natural,2025-07-19 17:33:243
G._struthium,A,-4.025877608914739,-4.025877608914739,1,2,-1,natural,2025-07-19 17:33:243
S._sediforme,A,-3.289699002615083,-3.289699002615083,1,2,-1,natural,2025-07-19 17:33:243
Other_species,A,-0.46307315369629726,-0.46307315369629726,1,2,-1,natural,2025-07-19 17:33:243
Nurse_S._viscosa,A,-2.6553679205443554,-2.6553679205443554,1,2,-1,restoration,2025-07-19 17:33:243
Nurse_G._struthium,A,-1.4343724381901626,-1.4343724381901626,1,2,-1,restoration,2025-07-19 17:33:243
H._squamatum,A,-4.21331462033442,-4.21331462033442,1,2,-1,restoration,2025-07-19 17:33:243
S._viscosa,A,-4.4669674850834715,-4.4669674850834715,1,2,-1,restoration,2025-07-19 17:33:243
C._hispanica,A,-4.836579329747048,-4.836579329747048,1,2,-1,restoration,2025-07-19 17:33:243
G._struthium,A,-0.6571665818455598,-0.6571665818455598,1,2,-1,restoration,2025-07-19 17:33:243
S._sediforme,A,-4.509937063563077,-4.509937063563077,1,2,-1,restoration,2025-07-19 17:33:243
Other_species,A,-2.381169307083727,-2.381169307083727,1,2,-1,restoration,2025-07-19 17:33:243
Nurse_S._viscosa,A,-0.8365825744237069,-0.8365825744237069,1,2,-1,natural,2025-07-19 17:33:243
Nurse_G._struthium,A,-2.180086292988066,-2.180086292988066,1,2,-1,natural,2025-07-19 17:33:243
H._squamatum,A,-1.684549138833525,-1.684549138833525,1,2,-1,natural,2025-07-19 17:33:243
S._viscosa,A,-2.5007479100867114,-2.5007479100867114,1,2,-1,natural,2025-07-19 17:33:243
C._hispanica,A,-2.668212219649171,-2.668212219649171,1,2,-1,natural,2025-07-19 17:33:243
G._struthium,A,-4.709151105877637,-4.709151105877637,1,2,-1,natural,2025-07-19 17:33:243
S._sediforme,A,-3.3858971272399088,-3.3858971272399088,1,2,-1,natural,2025-07-19 17:33:243
Other_species,A,-0.5142553430703716,-0.5142553430703716,1,2,-1,natural,2025-07-19 17:33:243
Nurse_S._viscosa,A,-3.18297454817792,-3.18297454817792,1,2,-1,restoration,2025-07-19 17:33:233
Nurse_G._struthium,A,-1.4706615455664482,-1.4706615455664482,1,2,-1,restoration,2025-07-19 17:33:233
H._squamatum,A,-4.932982461879613,-4.932982461879613,1,2,-1,restoration,2025-07-19 17:33:233
S._viscosa,A,-3.938322345372057,-3.938322345372057,1,2,-1,restoration,2025-07-19 17:33:233
C._hispanica,A,-6.7398954919485,-6.7398954919485,1,2,-1,restoration,2025-07-19 17:33:233
G._struthium,A,-0.5956479464599511,-0.5956479464599511,1,2,-1,restoration,2025-07-19 17:33:233
S._sediforme,A,-3.557173438640797,-3.557173438640797,1,2,-1,restoration,2025-07-19 17:33:233
Other_species,A,-2.797739328111252,-2.797739328111252,1,2,-1,restoration,2025-07-19 17:33:233
Nurse_S._viscosa,A,-1.0196220948572008,-1.0196220948572008,1,2,-1,natural,2025-07-19 17:33:233
Nurse_G._struthium,A,-2.4397754042052995,-2.4397754042052995,1,2,-1,natural,2025-07-19 17:33:233
H._squamatum,A,-1.8108110497656384,-1.8108110497656384,1,2,-1,natural,2025-07-19 17:33:233
S._viscosa,A,-2.395324187219391,-2.395324187219391,1,2,-1,natural,2025-07-19 17:33:233
C._hispanica,A,-2.713917568409168,-2.713917568409168,1,2,-1,natural,2025-07-19 17:33:233
G._struthium,A,-4.989348602928081,-4.989348602928081,1,2,-1,natural,2025-07-19 17:33:233
S._sediforme,A,-3.4375841829381786,-3.4375841829381786,1,2,-1,natural,2025-07-19 17:33:233
Other_species,A,-0.4746891275574186,-0.4746891275574186,1,2,-1,natural,2025-07-19 17:33:233
Nurse_S._viscosa,A,-2.086123967392813,-2.086123967392813,1,2,-1,restoration,2025-07-19 17:33:233
Nurse_G._struthium,A,-1.8050695037617726,-1.8050695037617726,1,2,-1,restoration,2025-07-19 17:33:233
H._squamatum,A,-5.321205180930753,-5.321205180930753,1,2,-1,restoration,2025-07-19 17:33:233
S._viscosa,A,-5.256327351977103,-5.256327351977103,1,2,-1,restoration,2025-07-19 17:33:233
C._hispanica,A,-4.248288323285445,-4.248288323285445,1,2,-1,restoration,2025-07-19 17:33:233
G._struthium,A,-0.6367549703327335,-0.6367549703327335,1,2,-1,restoration,2025-07-19 17:33:233
S._sediforme,A,-3.693483849525046,-3.693483849525046,1,2,-1,restoration,2025-07-19 17:33:233
Other_species,A,-2.8283930166544655,-2.8283930166544655,1,2,-1,restoration,2025-07-19 17:33:233
Nurse_S._viscosa,A,-0.9484585742027455,-0.9484585742027455,1,2,-1,natural,2025-07-19 17:33:233
Nurse_G._struthium,A,-2.3095897124956815,-2.3095897124956815,1,2,-1,natural,2025-07-19 17:33:233
H._squamatum,A,-1.5418766284121364,-1.5418766284121364,1,2,-1,natural,2025-07-19 17:33:233
S._viscosa,A,-2.7650479451477707,-2.7650479451477707,1,2,-1,natural,2025-07-19 17:33:233
C._hispanica,A,-2.38497705766766,-2.38497705766766,1,2,-1,natural,2025-07-19 17:33:233
G._struthium,A,-5.280114647871839,-5.280114647871839,1,2,-1,natural,2025-07-19 17:33:233
S._sediforme,A,-3.309760337279201,-3.309760337279201,1,2,-1,natural,2025-07-19 17:33:233
Other_species,A,-0.7345540482965471,-0.7345540482965471,1,2,-1,natural,2025-07-19 17:33:233
Nurse_S._viscosa,A,-2.359954340867767,-2.359954340867767,1,2,-1,restoration,2025-07-19 17:33:223
Nurse_G._struthium,A,-1.4315071007223117,-1.4315071007223117,1,2,-1,restoration,2025-07-19 17:33:223
H._squamatum,A,-3.256030962966051,-3.256030962966051,1,2,-1,restoration,2025-07-19 17:33:223
S._viscosa,A,-4.450273225512844,-4.450273225512844,1,2,-1,restoration,2025-07-19 17:33:223
C._hispanica,A,-5.482864317640681,-5.482864317640681,1,2,-1,restoration,2025-07-19 17:33:223
G._struthium,A,-0.46115916005289376,-0.46115916005289376,1,2,-1,restoration,2025-07-19 17:33:223
S._sediforme,A,-5.00555535270099,-5.00555535270099,1,2,-1,restoration,2025-07-19 17:33:223
Other_species,A,-2.4433187925133697,-2.4433187925133697,1,2,-1,restoration,2025-07-19 17:33:223
Nurse_S._viscosa,A,-0.8020255294382641,-0.8020255294382641,1,2,-1,natural,2025-07-19 17:33:223
Nurse_G._struthium,A,-2.5425895949448343,-2.5425895949448343,1,2,-1,natural,2025-07-19 17:33:223
H._squamatum,A,-1.6710062163084833,-1.6710062163084833,1,2,-1,natural,2025-07-19 17:33:223
S._viscosa,A,-2.562800416430464,-2.562800416430464,1,2,-1,natural,2025-07-19 17:33:223
C._hispanica,A,-2.5170611818586064,-2.5170611818586064,1,2,-1,natural,2025-07-19 17:33:223
G._struthium,A,-5.046105569040715,-5.046105569040715,1,2,-1,natural,2025-07-19 17:33:223
S._sediforme,A,-3.4952968534900397,-3.4952968534900397,1,2,-1,natural,2025-07-19 17:33:223
Other_species,A,-0.5206151732819622,-0.5206151732819622,1,2,-1,natural,2025-07-19 17:33:223
Nurse_S._viscosa,A,-3.7695059967349063,-3.7695059967349063,1,2,-1,restoration,2025-07-19 17:33:223
Nurse_G._struthium,A,-2.5812922134419862,-2.5812922134419862,1,2,-1,restoration,2025-07-19 17:33:223
H._squamatum,A,-4.975985503050541,-4.975985503050541,1,2,-1,restoration,2025-07-19 17:33:223
S._viscosa,A,-4.43919903028674,-4.43919903028674,1,2,-1,restoration,2025-07-19 17:33:223
C._hispanica,A,-4.617642305679416,-4.617642305679416,1,2,-1,restoration,2025-07-19 17:33:223
G._struthium,A,-1.1210836083268378,-1.1210836083268378,1,2,-1,restoration,2025-07-19 17:33:223
S._sediforme,A,-4.363546441550246,-4.363546441550246,1,2,-1,restoration,2025-07-19 17:33:223
Other_species,A,-2.7901009058091475,-2.7901009058091475,1,2,-1,restoration,2025-07-19 17:33:223
Nurse_S._viscosa,A,-1.01581902886058,-1.01581902886058,1,2,-1,natural,2025-07-19 17:33:223
Nurse_G._struthium,A,-2.969010274909791,-2.969010274909791,1,2,-1,natural,2025-07-19 17:33:223
H._squamatum,A,-1.8244983216160937,-1.8244983216160937,1,2,-1,natural,2025-07-19 17:33:223
S._viscosa,A,-2.3242377028573293,-2.3242377028573293,1,2,-1,natural,2025-07-19 17:33:223
C._hispanica,A,-2.5757962306610915,-2.5757962306610915,1,2,-1,natural,2025-07-19 17:33:223
G._struthium,A,-4.412988234866564,-4.412988234866564,1,2,-1,natural,2025-07-19 17:33:223
S._sediforme,A,-3.3840708001273443,-3.3840708001273443,1,2,-1,natural,2025-07-19 17:33:223
Other_species,A,-0.6647486004214045,-0.6647486004214045,1,2,-1,natural,2025-07-19 17:33:223
Nurse_S._viscosa,A,-2.8014403907917487,-2.8014403907917487,1,2,-1,restoration,2025-07-19 17:33:213
Nurse_G._struthium,A,-1.713142873140379,-1.713142873140379,1,2,-1,restoration,2025-07-19 17:33:213
H._squamatum,A,-4.1697108985142055,-4.1697108985142055,1,2,-1,restoration,2025-07-19 17:33:213
S._viscosa,A,-3.967740652453441,-3.967740652453441,1,2,-1,restoration,2025-07-19 17:33:213
C._hispanica,A,-5.119844666533665,-5.119844666533665,1,2,-1,restoration,2025-07-19 17:33:213
G._struthium,A,-1.2279974658805382,-1.2279974658805382,1,2,-1,restoration,2025-07-19 17:33:213
S._sediforme,A,-4.121334572946818,-4.121334572946818,1,2,-1,restoration,2025-07-19 17:33:213
Other_species,A,-2.52433616618075,-2.52433616618075,1,2,-1,restoration,2025-07-19 17:33:213
Nurse_S._viscosa,A,-1.0000077241747194,-1.0000077241747194,1,2,-1,natural,2025-07-19 17:33:213
Nurse_G._struthium,A,-2.649716527246663,-2.649716527246663,1,2,-1,natural,2025-07-19 17:33:213
H._squamatum,A,-1.7924067759877904,-1.7924067759877904,1,2,-1,natural,2025-07-19 17:33:213
S._viscosa,A,-2.1777710180162115,-2.1777710180162115,1,2,-1,natural,2025-07-19 17:33:213
C._hispanica,A,-2.578283937211362,-2.578283937211362,1,2,-1,natural,2025-07-19 17:33:213
G._struthium,A,-4.603174856087914,-4.603174856087914,1,2,-1,natural,2025-07-19 17:33:213
S._sediforme,A,-3.611244349999188,-3.611244349999188,1,2,-1,natural,2025-07-19 17:33:213
Other_species,A,-0.41330654202261513,-0.41330654202261513,1,2,-1,natural,2025-07-19 17:33:213
Nurse_S._viscosa,A,-3.243261081208059,-3.243261081208059,1,2,-1,restoration,2025-07-19 17:33:213
Nurse_G._struthium,A,-1.660219990305802,-1.660219990305802,1,2,-1,restoration,2025-07-19 17:33:213
H._squamatum,A,-4.184179290670798,-4.184179290670798,1,2,-1,restoration,2025-07-19 17:33:213
S._viscosa,A,-3.949558178175459,-3.949558178175459,1,2,-1,restoration,2025-07-19 17:33:213
C._hispanica,A,-7.059179464863313,-7.059179464863313,1,2,-1,restoration,2025-07-19 17:33:213
G._struthium,A,-0.8222472309747382,-0.8222472309747382,1,2,-1,restoration,2025-07-19 17:33:213
S._sediforme,A,-4.982471703607583,-4.982471703607583,1,2,-1,restoration,2025-07-19 17:33:213
Other_species,A,-2.217186109666864,-2.217186109666864,1,2,-1,restoration,2025-07-19 17:33:213
Nurse_S._viscosa,A,-1.0637280044524673,-1.0637280044524673,1,2,-1,natural,2025-07-19 17:33:213
Nurse_G._struthium,A,-2.289407454151299,-2.289407454151299,1,2,-1,natural,2025-07-19 17:33:213
H._squamatum,A,-1.8606491463770944,-1.8606491463770944,1,2,-1,natural,2025-07-19 17:33:213
S._viscosa,A,-2.5229171971729314,-2.5229171971729314,1,2,-1,natural,2025-07-19 17:33:213
C._hispanica,A,-2.525446919456247,-2.525446919456247,1,2,-1,natural,2025-07-19 17:33:213
G._struthium,A,-4.485686419423233,-4.485686419423233,1,2,-1,natural,2025-07-19 17:33:213
S._sediforme,A,-3.436145098726785,-3.436145098726785,1,2,-1,natural,2025-07-19 17:33:213
Other_species,A,-0.5536330230160897,-0.5536330230160897,1,2,-1,natural,2025-07-19 17:33:213
Nurse_S._viscosa,A,-3.089879337898231,-3.089879337898231,1,2,-1,restoration,2025-07-19 17:33:203
Nurse_G._struthium,A,-2.7114057448354503,-2.7114057448354503,1,2,-1,restoration,2025-07-19 17:33:203
H._squamatum,A,-4.6684877543496155,-4.6684877543496155,1,2,-1,restoration,2025-07-19 17:33:203
S._viscosa,A,-4.639269259792552,-4.639269259792552,1,2,-1,restoration,2025-07-19 17:33:203
C._hispanica,A,-5.210637372128502,-5.210637372128502,1,2,-1,restoration,2025-07-19 17:33:203
G._struthium,A,-1.1576566607173533,-1.1576566607173533,1,2,-1,restoration,2025-07-19 17:33:203
S._sediforme,A,-3.7675049821822317,-3.7675049821822317,1,2,-1,restoration,2025-07-19 17:33:203
Other_species,A,-3.4122757229421463,-3.4122757229421463,1,2,-1,restoration,2025-07-19 17:33:203
Nurse_S._viscosa,A,-0.9748188374137966,-0.9748188374137966,1,2,-1,natural,2025-07-19 17:33:203
Nurse_G._struthium,A,-2.3616007923534723,-2.3616007923534723,1,2,-1,natural,2025-07-19 17:33:203
H._squamatum,A,-1.649830233844138,-1.649830233844138,1,2,-1,natural,2025-07-19 17:33:203
S._viscosa,A,-2.417572148961226,-2.417572148961226,1,2,-1,natural,2025-07-19 17:33:203
C._hispanica,A,-2.5634503623051614,-2.5634503623051614,1,2,-1,natural,2025-07-19 17:33:203
G._struthium,A,-4.62623020551694,-4.62623020551694,1,2,-1,natural,2025-07-19 17:33:203
S._sediforme,A,-3.688286537282198,-3.688286537282198,1,2,-1,natural,2025-07-19 17:33:203
Other_species,A,-0.967214559874869,-0.967214559874869,1,2,-1,natural,2025-07-19 17:33:203
Nurse_S._viscosa,A,-2.3480545183080825,-2.3480545183080825,1,2,-1,restoration,2025-07-19 17:33:193
Nurse_G._struthium,A,-1.937858918025577,-1.937858918025577,1,2,-1,restoration,2025-07-19 17:33:193
H._squamatum,A,-4.961682080827107,-4.961682080827107,1,2,-1,restoration,2025-07-19 17:33:193
S._viscosa,A,-4.656809754970621,-4.656809754970621,1,2,-1,restoration,2025-07-19 17:33:193
C._hispanica,A,-5.553501308684876,-5.553501308684876,1,2,-1,restoration,2025-07-19 17:33:193
G._struthium,A,-1.269634558392865,-1.269634558392865,1,2,-1,restoration,2025-07-19 17:33:193
S._sediforme,A,-3.444268439835477,-3.444268439835477,1,2,-1,restoration,2025-07-19 17:33:193
Other_species,A,-2.9129481974071307,-2.9129481974071307,1,2,-1,restoration,2025-07-19 17:33:193
Nurse_S._viscosa,A,-1.050023078977781,-1.050023078977781,1,2,-1,natural,2025-07-19 17:33:193
Nurse_G._struthium,A,-2.563216975578497,-2.563216975578497,1,2,-1,natural,2025-07-19 17:33:193
H._squamatum,A,-1.851877746920638,-1.851877746920638,1,2,-1,natural,2025-07-19 17:33:193
S._viscosa,A,-2.476970140923471,-2.476970140923471,1,2,-1,natural,2025-07-19 17:33:193
C._hispanica,A,-2.670586622857652,-2.670586622857652,1,2,-1,natural,2025-07-19 17:33:193
G._struthium,A,-4.712906043477966,-4.712906043477966,1,2,-1,natural,2025-07-19 17:33:193
S._sediforme,A,-3.6153921140798144,-3.6153921140798144,1,2,-1,natural,2025-07-19 17:33:193
Other_species,A,-0.7721948491379405,-0.7721948491379405,1,2,-1,natural,2025-07-19 17:33:193
Nurse_S._viscosa,A,-2.259731741321548,-2.259731741321548,1,2,-1,restoration,2025-07-19 17:33:193
Nurse_G._struthium,A,-2.368550516726314,-2.368550516726314,1,2,-1,restoration,2025-07-19 17:33:193
H._squamatum,A,-5.018180177927151,-5.018180177927151,1,2,-1,restoration,2025-07-19 17:33:193
S._viscosa,A,-4.182337188536608,-4.182337188536608,1,2,-1,restoration,2025-07-19 17:33:193
C._hispanica,A,-5.912819575722357,-5.912819575722357,1,2,-1,restoration,2025-07-19 17:33:193
G._struthium,A,-1.1497077467605439,-1.1497077467605439,1,2,-1,restoration,2025-07-19 17:33:193
S._sediforme,A,-3.424290019324456,-3.424290019324456,1,2,-1,restoration,2025-07-19 17:33:193
Other_species,A,-2.825274344512193,-2.825274344512193,1,2,-1,restoration,2025-07-19 17:33:193
Nurse_S._viscosa,A,-1.244704677950022,-1.244704677950022,1,2,-1,natural,2025-07-19 17:33:193
Nurse_G._struthium,A,-2.3237550866953045,-2.3237550866953045,1,2,-1,natural,2025-07-19 17:33:193
H._squamatum,A,-1.6109291579095515,-1.6109291579095515,1,2,-1,natural,2025-07-19 17:33:193
S._viscosa,A,-2.4849836232929485,-2.4849836232929485,1,2,-1,natural,2025-07-19 17:33:193
C._hispanica,A,-2.6088828260756594,-2.6088828260756594,1,2,-1,natural,2025-07-19 17:33:193
G._struthium,A,-3.941552340420725,-3.941552340420725,1,2,-1,natural,2025-07-19 17:33:193
S._sediforme,A,-3.1829414333532804,-3.1829414333532804,1,2,-1,natural,2025-07-19 17:33:193
Other_species,A,-0.7808957759411642,-0.7808957759411642,1,2,-1,natural,2025-07-19 17:33:193
Nurse_S._viscosa,A,-2.8692365398257356,-2.8692365398257356,1,2,-1,restoration,2025-07-19 17:33:183
Nurse_G._struthium,A,-1.2216100066928242,-1.2216100066928242,1,2,-1,restoration,2025-07-19 17:33:183
H._squamatum,A,-3.7626627164288524,-3.7626627164288524,1,2,-1,restoration,2025-07-19 17:33:183
S._viscosa,A,-4.6831617683312645,-4.6831617683312645,1,2,-1,restoration,2025-07-19 17:33:183
C._hispanica,A,-6.817614565040851,-6.817614565040851,1,2,-1,restoration,2025-07-19 17:33:183
G._struthium,A,-0.4649496762241874,-0.4649496762241874,1,2,-1,restoration,2025-07-19 17:33:183
S._sediforme,A,-3.2428407587405697,-3.2428407587405697,1,2,-1,restoration,2025-07-19 17:33:183
Other_species,A,-2.407254982998321,-2.407254982998321,1,2,-1,restoration,2025-07-19 17:33:183
Nurse_S._viscosa,A,-0.9689875001924373,-0.9689875001924373,1,2,-1,natural,2025-07-19 17:33:183
Nurse_G._struthium,A,-2.558217697096656,-2.558217697096656,1,2,-1,natural,2025-07-19 17:33:183
H._squamatum,A,-1.8720153115015195,-1.8720153115015195,1,2,-1,natural,2025-07-19 17:33:183
S._viscosa,A,-2.2442436380856496,-2.2442436380856496,1,2,-1,natural,2025-07-19 17:33:183
C._hispanica,A,-2.6650451279935337,-2.6650451279935337,1,2,-1,natural,2025-07-19 17:33:183
G._struthium,A,-4.517901144315579,-4.517901144315579,1,2,-1,natural,2025-07-19 17:33:183
S._sediforme,A,-3.400031152443703,-3.400031152443703,1,2,-1,natural,2025-07-19 17:33:183
Other_species,A,-0.6866353772038903,-0.6866353772038903,1,2,-1,natural,2025-07-19 17:33:183
Nurse_S._viscosa,A,-2.7030741222349834,-2.7030741222349834,1,2,-1,restoration,2025-07-19 17:33:183
Nurse_G._struthium,A,-1.9251779579510482,-1.9251779579510482,1,2,-1,restoration,2025-07-19 17:33:183
H._squamatum,A,-5.12004748951128,-5.12004748951128,1,2,-1,restoration,2025-07-19 17:33:183
S._viscosa,A,-4.30673259558263,-4.30673259558263,1,2,-1,restoration,2025-07-19 17:33:183
C._hispanica,A,-4.585611903121495,-4.585611903121495,1,2,-1,restoration,2025-07-19 17:33:183
G._struthium,A,-0.783486620310748,-0.783486620310748,1,2,-1,restoration,2025-07-19 17:33:183
S._sediforme,A,-4.080761324370494,-4.080761324370494,1,2,-1,restoration,2025-07-19 17:33:183
Other_species,A,-2.8968031782146633,-2.8968031782146633,1,2,-1,restoration,2025-07-19 17:33:183
Nurse_S._viscosa,A,-0.8462404573892612,-0.8462404573892612,1,2,-1,natural,2025-07-19 17:33:183
Nurse_G._struthium,A,-2.826264325413622,-2.826264325413622,1,2,-1,natural,2025-07-19 17:33:183
H._squamatum,A,-1.8140533247120563,-1.8140533247120563,1,2,-1,natural,2025-07-19 17:33:183
S._viscosa,A,-2.635707683334688,-2.635707683334688,1,2,-1,natural,2025-07-19 17:33:183
C._hispanica,A,-2.552443466855976,-2.552443466855976,1,2,-1,natural,2025-07-19 17:33:183
G._struthium,A,-4.779853835694824,-4.779853835694824,1,2,-1,natural,2025-07-19 17:33:183
S._sediforme,A,-3.2105440486462573,-3.2105440486462573,1,2,-1,natural,2025-07-19 17:33:183
Other_species,A,-0.8120174499713636,-0.8120174499713636,1,2,-1,natural,2025-07-19 17:33:183
Nurse_S._viscosa,A,-3.464367002516311,-3.464367002516311,1,2,-1,restoration,2025-07-19 17:33:173
Nurse_G._struthium,A,-1.962705141296514,-1.962705141296514,1,2,-1,restoration,2025-07-19 17:33:173
H._squamatum,A,-3.681191779248898,-3.681191779248898,1,2,-1,restoration,2025-07-19 17:33:173
S._viscosa,A,-3.9407634145765518,-3.9407634145765518,1,2,-1,restoration,2025-07-19 17:33:173
C._hispanica,A,-4.736291007900879,-4.736291007900879,1,2,-1,restoration,2025-07-19 17:33:173
G._struthium,A,-0.8285548628967072,-0.8285548628967072,1,2,-1,restoration,2025-07-19 17:33:173
S._sediforme,A,-5.10097955548125,-5.10097955548125,1,2,-1,restoration,2025-07-19 17:33:173
Other_species,A,-2.5808087577785015,-2.5808087577785015,1,2,-1,restoration,2025-07-19 17:33:173
Nurse_S._viscosa,A,-0.7799388601526442,-0.7799388601526442,1,2,-1,natural,2025-07-19 17:33:173
Nurse_G._struthium,A,-2.286356510124303,-2.286356510124303,1,2,-1,natural,2025-07-19 17:33:173
H._squamatum,A,-1.9626634417893365,-1.9626634417893365,1,2,-1,natural,2025-07-19 17:33:173
S._viscosa,A,-2.3485951559693494,-2.3485951559693494,1,2,-1,natural,2025-07-19 17:33:173
C._hispanica,A,-2.654663529030737,-2.654663529030737,1,2,-1,natural,2025-07-19 17:33:173
G._struthium,A,-5.575282863040864,-5.575282863040864,1,2,-1,natural,2025-07-19 17:33:173
S._sediforme,A,-3.249782383500468,-3.249782383500468,1,2,-1,natural,2025-07-19 17:33:173
Other_species,A,-0.46017699907419746,-0.46017699907419746,1,2,-1,natural,2025-07-19 17:33:173
Nurse_S._viscosa,A,-3.8719030211851844,-3.8719030211851844,1,2,-1,restoration,2025-07-19 17:33:163
Nurse_G._struthium,A,-2.0407370184965665,-2.0407370184965665,1,2,-1,restoration,2025-07-19 17:33:163
H._squamatum,A,-5.34632700622745,-5.34632700622745,1,2,-1,restoration,2025-07-19 17:33:163
S._viscosa,A,-3.94194293786635,-3.94194293786635,1,2,-1,restoration,2025-07-19 17:33:163
C._hispanica,A,-5.485760109557697,-5.485760109557697,1,2,-1,restoration,2025-07-19 17:33:163
G._struthium,A,-1.1762598270177502,-1.1762598270177502,1,2,-1,restoration,2025-07-19 17:33:163
S._sediforme,A,-4.68146668712175,-4.68146668712175,1,2,-1,restoration,2025-07-19 17:33:163
Other_species,A,-2.3012063340245987,-2.3012063340245987,1,2,-1,restoration,2025-07-19 17:33:163
Nurse_S._viscosa,A,-0.8149608780673159,-0.8149608780673159,1,2,-1,natural,2025-07-19 17:33:163
Nurse_G._struthium,A,-2.131904290261861,-2.131904290261861,1,2,-1,natural,2025-07-19 17:33:163
H._squamatum,A,-1.8588738923628836,-1.8588738923628836,1,2,-1,natural,2025-07-19 17:33:163
S._viscosa,A,-2.367824423496203,-2.367824423496203,1,2,-1,natural,2025-07-19 17:33:163
C._hispanica,A,-2.3049649542701354,-2.3049649542701354,1,2,-1,natural,2025-07-19 17:33:163
G._struthium,A,-4.651031541480272,-4.651031541480272,1,2,-1,natural,2025-07-19 17:33:163
S._sediforme,A,-3.8733758772686873,-3.8733758772686873,1,2,-1,natural,2025-07-19 17:33:163
Other_species,A,-0.5856285903020324,-0.5856285903020324,1,2,-1,natural,2025-07-19 17:33:163
Nurse_S._viscosa,A,-2.603315819506229,-2.603315819506229,1,2,-1,restoration,2025-07-19 17:33:153
Nurse_G._struthium,A,-2.3116092739517167,-2.3116092739517167,1,2,-1,restoration,2025-07-19 17:33:153
H._squamatum,A,-4.968938007359114,-4.968938007359114,1,2,-1,restoration,2025-07-19 17:33:153
S._viscosa,A,-3.926290247402721,-3.926290247402721,1,2,-1,restoration,2025-07-19 17:33:153
C._hispanica,A,-6.575511950747187,-6.575511950747187,1,2,-1,restoration,2025-07-19 17:33:153
G._struthium,A,-0.6936340314761972,-0.6936340314761972,1,2,-1,restoration,2025-07-19 17:33:153
S._sediforme,A,-3.4662961093847215,-3.4662961093847215,1,2,-1,restoration,2025-07-19 17:33:153
Other_species,A,-2.516706638240771,-2.516706638240771,1,2,-1,restoration,2025-07-19 17:33:153
Nurse_S._viscosa,A,-1.0955104582455752,-1.0955104582455752,1,2,-1,natural,2025-07-19 17:33:153
Nurse_G._struthium,A,-2.2263398120933524,-2.2263398120933524,1,2,-1,natural,2025-07-19 17:33:153
H._squamatum,A,-1.7632154627682801,-1.7632154627682801,1,2,-1,natural,2025-07-19 17:33:153
S._viscosa,A,-2.6094500999018946,-2.6094500999018946,1,2,-1,natural,2025-07-19 17:33:153
C._hispanica,A,-2.6863862651813677,-2.6863862651813677,1,2,-1,natural,2025-07-19 17:33:153
G._struthium,A,-4.3760919539111525,-4.3760919539111525,1,2,-1,natural,2025-07-19 17:33:153
S._sediforme,A,-3.470548590588865,-3.470548590588865,1,2,-1,natural,2025-07-19 17:33:153
Other_species,A,-0.7313570452645078,-0.7313570452645078,1,2,-1,natural,2025-07-19 17:33:153
Nurse_S._viscosa,A,-2.7347611138699826,-2.7347611138699826,1,2,-1,restoration,2025-07-19 17:33:143
Nurse_G._struthium,A,-2.2719789195040243,-2.2719789195040243,1,2,-1,restoration,2025-07-19 17:33:143
H._squamatum,A,-5.0669301826268205,-5.0669301826268205,1,2,-1,restoration,2025-07-19 17:33:143
S._viscosa,A,-4.299753031834618,-4.299753031834618,1,2,-1,restoration,2025-07-19 17:33:143
C._hispanica,A,-5.200712537381879,-5.200712537381879,1,2,-1,restoration,2025-07-19 17:33:143
G._struthium,A,-1.1889628261596594,-1.1889628261596594,1,2,-1,restoration,2025-07-19 17:33:143
S._sediforme,A,-5.70029460885373,-5.70029460885373,1,2,-1,restoration,2025-07-19 17:33:143
Other_species,A,-2.547026795024514,-2.547026795024514,1,2,-1,restoration,2025-07-19 17:33:143
Nurse_S._viscosa,A,-1.288987164619126,-1.288987164619126,1,2,-1,natural,2025-07-19 17:33:143
Nurse_G._struthium,A,-2.634253742540955,-2.634253742540955,1,2,-1,natural,2025-07-19 17:33:143
H._squamatum,A,-1.8868987205141092,-1.8868987205141092,1,2,-1,natural,2025-07-19 17:33:143
S._viscosa,A,-2.573876742597929,-2.573876742597929,1,2,-1,natural,2025-07-19 17:33:143
C._hispanica,A,-2.7336693157915666,-2.7336693157915666,1,2,-1,natural,2025-07-19 17:33:143
G._struthium,A,-5.029418222552237,-5.029418222552237,1,2,-1,natural,2025-07-19 17:33:143
S._sediforme,A,-4.127774202777632,-4.127774202777632,1,2,-1,natural,2025-07-19 17:33:143
Other_species,A,-0.7592237612429488,-0.7592237612429488,1,2,-1,natural,2025-07-19 17:33:143
Nurse_S._viscosa,A,-2.621423046315101,-2.621423046315101,1,2,-1,restoration,2025-07-19 17:33:143
Nurse_G._struthium,A,-1.8250623354269222,-1.8250623354269222,1,2,-1,restoration,2025-07-19 17:33:143
H._squamatum,A,-4.004775964072931,-4.004775964072931,1,2,-1,restoration,2025-07-19 17:33:143
S._viscosa,A,-4.002103928206482,-4.002103928206482,1,2,-1,restoration,2025-07-19 17:33:143
C._hispanica,A,-4.837453788005033,-4.837453788005033,1,2,-1,restoration,2025-07-19 17:33:143
G._struthium,A,-0.6765974306193472,-0.6765974306193472,1,2,-1,restoration,2025-07-19 17:33:143
S._sediforme,A,-4.391426837647259,-4.391426837647259,1,2,-1,restoration,2025-07-19 17:33:143
Other_species,A,-2.3552403664758583,-2.3552403664758583,1,2,-1,restoration,2025-07-19 17:33:143
Nurse_S._viscosa,A,-0.9541859569518463,-0.9541859569518463,1,2,-1,natural,2025-07-19 17:33:143
Nurse_G._struthium,A,-2.3633828672784536,-2.3633828672784536,1,2,-1,natural,2025-07-19 17:33:143
H._squamatum,A,-1.6535220487113718,-1.6535220487113718,1,2,-1,natural,2025-07-19 17:33:143
S._viscosa,A,-2.664927939461414,-2.664927939461414,1,2,-1,natural,2025-07-19 17:33:143
C._hispanica,A,-2.3167660537848676,-2.3167660537848676,1,2,-1,natural,2025-07-19 17:33:143
G._struthium,A,-3.853133333483276,-3.853133333483276,1,2,-1,natural,2025-07-19 17:33:143
S._sediforme,A,-2.9251041892047795,-2.9251041892047795,1,2,-1,natural,2025-07-19 17:33:143
Other_species,A,-0.5954164814313937,-0.5954164814313937,1,2,-1,natural,2025-07-19 17:33:143
Nurse_S._viscosa,A,-2.8072876832567504,-2.8072876832567504,1,2,-1,restoration,2025-07-19 17:33:123
Nurse_G._struthium,A,-2.233001644789884,-2.233001644789884,1,2,-1,restoration,2025-07-19 17:33:123
H._squamatum,A,-4.993460952841781,-4.993460952841781,1,2,-1,restoration,2025-07-19 17:33:123
S._viscosa,A,-3.5781235610279083,-3.5781235610279083,1,2,-1,restoration,2025-07-19 17:33:123
C._hispanica,A,-5.862163658519245,-5.862163658519245,1,2,-1,restoration,2025-07-19 17:33:123
G._struthium,A,-1.3497214900551646,-1.3497214900551646,1,2,-1,restoration,2025-07-19 17:33:123
S._sediforme,A,-4.157676765509176,-4.157676765509176,1,2,-1,restoration,2025-07-19 17:33:123
Other_species,A,-2.473741355619652,-2.473741355619652,1,2,-1,restoration,2025-07-19 17:33:123
Nurse_S._viscosa,A,-0.8676187804432695,-0.8676187804432695,1,2,-1,natural,2025-07-19 17:33:123
Nurse_G._struthium,A,-2.315105476239215,-2.315105476239215,1,2,-1,natural,2025-07-19 17:33:123
H._squamatum,A,-1.6977576654531543,-1.6977576654531543,1,2,-1,natural,2025-07-19 17:33:123
S._viscosa,A,-2.7014994109672346,-2.7014994109672346,1,2,-1,natural,2025-07-19 17:33:123
C._hispanica,A,-2.7007486588198026,-2.7007486588198026,1,2,-1,natural,2025-07-19 17:33:123
G._struthium,A,-4.967631944946966,-4.967631944946966,1,2,-1,natural,2025-07-19 17:33:123
S._sediforme,A,-3.4485633625535033,-3.4485633625535033,1,2,-1,natural,2025-07-19 17:33:123
Other_species,A,-0.6907108188175564,-0.6907108188175564,1,2,-1,natural,2025-07-19 17:33:123
Nurse_S._viscosa,A,-2.4444180335749532,-2.4444180335749532,1,2,-1,restoration,2025-07-19 17:33:113
Nurse_G._struthium,A,-1.6933671275686761,-1.6933671275686761,1,2,-1,restoration,2025-07-19 17:33:113
H._squamatum,A,-4.054073731926053,-4.054073731926053,1,2,-1,restoration,2025-07-19 17:33:113
S._viscosa,A,-4.607566346892122,-4.607566346892122,1,2,-1,restoration,2025-07-19 17:33:113
C._hispanica,A,-8.195740713641898,-8.195740713641898,1,2,-1,restoration,2025-07-19 17:33:113
G._struthium,A,-0.648775732093158,-0.648775732093158,1,2,-1,restoration,2025-07-19 17:33:113
S._sediforme,A,-3.8402047188817763,-3.8402047188817763,1,2,-1,restoration,2025-07-19 17:33:113
Other_species,A,-2.2943044990445896,-2.2943044990445896,1,2,-1,restoration,2025-07-19 17:33:113
Nurse_S._viscosa,A,-1.0643887984915428,-1.0643887984915428,1,2,-1,natural,2025-07-19 17:33:113
Nurse_G._struthium,A,-2.383005623135363,-2.383005623135363,1,2,-1,natural,2025-07-19 17:33:113
H._squamatum,A,-1.711571360733591,-1.711571360733591,1,2,-1,natural,2025-07-19 17:33:113
S._viscosa,A,-2.259152493268637,-2.259152493268637,1,2,-1,natural,2025-07-19 17:33:113
C._hispanica,A,-2.2406763629166,-2.2406763629166,1,2,-1,natural,2025-07-19 17:33:113
G._struthium,A,-3.8692318389535414,-3.8692318389535414,1,2,-1,natural,2025-07-19 17:33:113
S._sediforme,A,-3.0940267827986068,-3.0940267827986068,1,2,-1,natural,2025-07-19 17:33:113
Other_species,A,-0.49236257628047375,-0.49236257628047375,1,2,-1,natural,2025-07-19 17:33:113
Nurse_S._viscosa,A,-3.018035416022229,-3.018035416022229,1,2,-1,restoration,2025-07-19 17:33:103
Nurse_G._struthium,A,-1.383623943642325,-1.383623943642325,1,2,-1,restoration,2025-07-19 17:33:103
H._squamatum,A,-3.783171692220544,-3.783171692220544,1,2,-1,restoration,2025-07-19 17:33:103
S._viscosa,A,-4.106023358166821,-4.106023358166821,1,2,-1,restoration,2025-07-19 17:33:103
C._hispanica,A,-4.952648641515425,-4.952648641515425,1,2,-1,restoration,2025-07-19 17:33:103
G._struthium,A,-0.6015909728154469,-0.6015909728154469,1,2,-1,restoration,2025-07-19 17:33:103
S._sediforme,A,-3.612820607732131,-3.612820607732131,1,2,-1,restoration,2025-07-19 17:33:103
Other_species,A,-2.4080800297405953,-2.4080800297405953,1,2,-1,restoration,2025-07-19 17:33:103
Nurse_S._viscosa,A,-0.8194671397756221,-0.8194671397756221,1,2,-1,natural,2025-07-19 17:33:103
Nurse_G._struthium,A,-2.2989908965657415,-2.2989908965657415,1,2,-1,natural,2025-07-19 17:33:103
H._squamatum,A,-1.462023494949569,-1.462023494949569,1,2,-1,natural,2025-07-19 17:33:103
S._viscosa,A,-2.910442972007354,-2.910442972007354,1,2,-1,natural,2025-07-19 17:33:103
C._hispanica,A,-2.723529701841229,-2.723529701841229,1,2,-1,natural,2025-07-19 17:33:103
G._struthium,A,-4.960212615402892,-4.960212615402892,1,2,-1,natural,2025-07-19 17:33:103
S._sediforme,A,-3.210520615674286,-3.210520615674286,1,2,-1,natural,2025-07-19 17:33:103
Other_species,A,-0.5079627047441744,-0.5079627047441744,1,2,-1,natural,2025-07-19 17:33:103
Nurse_S._viscosa,A,-2.834329600045318,-2.834329600045318,1,2,-1,restoration,2025-07-19 17:33:093
Nurse_G._struthium,A,-2.006991863718477,-2.006991863718477,1,2,-1,restoration,2025-07-19 17:33:093
H._squamatum,A,-3.6238120118411175,-3.6238120118411175,1,2,-1,restoration,2025-07-19 17:33:093
S._viscosa,A,-6.351587398057481,-6.351587398057481,1,2,-1,restoration,2025-07-19 17:33:093
C._hispanica,A,-5.375260848588709,-5.375260848588709,1,2,-1,restoration,2025-07-19 17:33:093
G._struthium,A,-0.7812546439184341,-0.7812546439184341,1,2,-1,restoration,2025-07-19 17:33:093
S._sediforme,A,-3.8387342858675737,-3.8387342858675737,1,2,-1,restoration,2025-07-19 17:33:093
Other_species,A,-2.9592547986558824,-2.9592547986558824,1,2,-1,restoration,2025-07-19 17:33:093
Nurse_S._viscosa,A,-0.8449223469329427,-0.8449223469329427,1,2,-1,natural,2025-07-19 17:33:093
Nurse_G._struthium,A,-2.4871078250503533,-2.4871078250503533,1,2,-1,natural,2025-07-19 17:33:093
H._squamatum,A,-1.3930023891025245,-1.3930023891025245,1,2,-1,natural,2025-07-19 17:33:093
S._viscosa,A,-2.578181410713006,-2.578181410713006,1,2,-1,natural,2025-07-19 17:33:093
C._hispanica,A,-2.441475007053584,-2.441475007053584,1,2,-1,natural,2025-07-19 17:33:093
G._struthium,A,-4.37980689150274,-4.37980689150274,1,2,-1,natural,2025-07-19 17:33:093
S._sediforme,A,-3.075454934007276,-3.075454934007276,1,2,-1,natural,2025-07-19 17:33:093
Other_species,A,-0.594994762971734,-0.594994762971734,1,2,-1,natural,2025-07-19 17:33:093
Nurse_S._viscosa,A,-3.5217175745530227,-3.5217175745530227,1,2,-1,restoration,2025-07-19 17:33:083
Nurse_G._struthium,A,-2.327590750401463,-2.327590750401463,1,2,-1,restoration,2025-07-19 17:33:083
H._squamatum,A,-5.175280048421647,-5.175280048421647,1,2,-1,restoration,2025-07-19 17:33:083
S._viscosa,A,-4.841111197996034,-4.841111197996034,1,2,-1,restoration,2025-07-19 17:33:083
C._hispanica,A,-5.655858827103251,-5.655858827103251,1,2,-1,restoration,2025-07-19 17:33:083
G._struthium,A,-1.3460910218527842,-1.3460910218527842,1,2,-1,restoration,2025-07-19 17:33:083
S._sediforme,A,-4.016222374648443,-4.016222374648443,1,2,-1,restoration,2025-07-19 17:33:083
Other_species,A,-3.01756416408385,-3.01756416408385,1,2,-1,restoration,2025-07-19 17:33:083
Nurse_S._viscosa,A,-0.8458299324296036,-0.8458299324296036,1,2,-1,natural,2025-07-19 17:33:083
Nurse_G._struthium,A,-2.281375230258227,-2.281375230258227,1,2,-1,natural,2025-07-19 17:33:083
H._squamatum,A,-1.544184631681723,-1.544184631681723,1,2,-1,natural,2025-07-19 17:33:083
S._viscosa,A,-2.5286221302229808,-2.5286221302229808,1,2,-1,natural,2025-07-19 17:33:083
C._hispanica,A,-2.5623187736188338,-2.5623187736188338,1,2,-1,natural,2025-07-19 17:33:083
G._struthium,A,-4.277551083582587,-4.277551083582587,1,2,-1,natural,2025-07-19 17:33:083
S._sediforme,A,-3.5816682392051704,-3.5816682392051704,1,2,-1,natural,2025-07-19 17:33:083
Other_species,A,-0.5991840912441321,-0.5991840912441321,1,2,-1,natural,2025-07-19 17:33:083
Nurse_S._viscosa,A,-2.940637667405235,-2.940637667405235,1,2,-1,restoration,2025-07-19 17:33:073
Nurse_G._struthium,A,-2.0285221787827012,-2.0285221787827012,1,2,-1,restoration,2025-07-19 17:33:073
H._squamatum,A,-4.9260420638803515,-4.9260420638803515,1,2,-1,restoration,2025-07-19 17:33:073
S._viscosa,A,-3.82464360318321,-3.82464360318321,1,2,-1,restoration,2025-07-19 17:33:073
C._hispanica,A,-5.896674818110873,-5.896674818110873,1,2,-1,restoration,2025-07-19 17:33:073
G._struthium,A,-1.3589407177769166,-1.3589407177769166,1,2,-1,restoration,2025-07-19 17:33:073
S._sediforme,A,-3.2972280365407207,-3.2972280365407207,1,2,-1,restoration,2025-07-19 17:33:073
Other_species,A,-2.7277223867594125,-2.7277223867594125,1,2,-1,restoration,2025-07-19 17:33:073
Nurse_S._viscosa,A,-0.5266214195012807,-0.5266214195012807,1,2,-1,natural,2025-07-19 17:33:073
Nurse_G._struthium,A,-1.9519934817006401,-1.9519934817006401,1,2,-1,natural,2025-07-19 17:33:073
H._squamatum,A,-1.4400550071124798,-1.4400550071124798,1,2,-1,natural,2025-07-19 17:33:073
S._viscosa,A,-2.1688223531729416,-2.1688223531729416,1,2,-1,natural,2025-07-19 17:33:073
C._hispanica,A,-2.5166257473015294,-2.5166257473015294,1,2,-1,natural,2025-07-19 17:33:073
G._struthium,A,-4.747009371204907,-4.747009371204907,1,2,-1,natural,2025-07-19 17:33:073
S._sediforme,A,-3.020000844547229,-3.020000844547229,1,2,-1,natural,2025-07-19 17:33:073
Other_species,A,-0.37997388066416177,-0.37997388066416177,1,2,-1,natural,2025-07-19 17:33:073
Nurse_S._viscosa,A,-2.7547563394712635,-2.7547563394712635,1,2,-1,restoration,2025-07-19 17:33:063
Nurse_G._struthium,A,-1.6810630405031761,-1.6810630405031761,1,2,-1,restoration,2025-07-19 17:33:063
H._squamatum,A,-3.969142093065956,-3.969142093065956,1,2,-1,restoration,2025-07-19 17:33:063
S._viscosa,A,-3.998977066412094,-3.998977066412094,1,2,-1,restoration,2025-07-19 17:33:063
C._hispanica,A,-5.8303626288334724,-5.8303626288334724,1,2,-1,restoration,2025-07-19 17:33:063
G._struthium,A,-1.1603580234551298,-1.1603580234551298,1,2,-1,restoration,2025-07-19 17:33:063
S._sediforme,A,-3.155108519015949,-3.155108519015949,1,2,-1,restoration,2025-07-19 17:33:063
Other_species,A,-2.9616293338711586,-2.9616293338711586,1,2,-1,restoration,2025-07-19 17:33:063
Nurse_S._viscosa,A,-1.1304377405567922,-1.1304377405567922,1,2,-1,natural,2025-07-19 17:33:063
Nurse_G._struthium,A,-2.1927510743599745,-2.1927510743599745,1,2,-1,natural,2025-07-19 17:33:063
H._squamatum,A,-2.055970585972431,-2.055970585972431,1,2,-1,natural,2025-07-19 17:33:063
S._viscosa,A,-2.726488566106179,-2.726488566106179,1,2,-1,natural,2025-07-19 17:33:063
C._hispanica,A,-2.8964247701436707,-2.8964247701436707,1,2,-1,natural,2025-07-19 17:33:063
G._struthium,A,-4.350009276478369,-4.350009276478369,1,2,-1,natural,2025-07-19 17:33:063
S._sediforme,A,-3.192194738752286,-3.192194738752286,1,2,-1,natural,2025-07-19 17:33:063
Other_species,A,-0.6262883720162263,-0.6262883720162263,1,2,-1,natural,2025-07-19 17:33:063
Nurse_S._viscosa,A,-2.367626145730762,-2.367626145730762,1,2,-1,restoration,2025-07-19 17:33:043
Nurse_G._struthium,A,-1.765688589329147,-1.765688589329147,1,2,-1,restoration,2025-07-19 17:33:043
H._squamatum,A,-4.446131551973737,-4.446131551973737,1,2,-1,restoration,2025-07-19 17:33:043
S._viscosa,A,-3.9288146207907024,-3.9288146207907024,1,2,-1,restoration,2025-07-19 17:33:043
C._hispanica,A,-4.23210958763618,-4.23210958763618,1,2,-1,restoration,2025-07-19 17:33:043
G._struthium,A,-0.8549444771024918,-0.8549444771024918,1,2,-1,restoration,2025-07-19 17:33:043
S._sediforme,A,-3.5770589693210555,-3.5770589693210555,1,2,-1,restoration,2025-07-19 17:33:043
Other_species,A,-2.965445574050799,-2.965445574050799,1,2,-1,restoration,2025-07-19 17:33:043
Nurse_S._viscosa,A,-1.052706369263174,-1.052706369263174,1,2,-1,natural,2025-07-19 17:33:043
Nurse_G._struthium,A,-2.31787409022913,-2.31787409022913,1,2,-1,natural,2025-07-19 17:33:043
H._squamatum,A,-1.8249881097506349,-1.8249881097506349,1,2,-1,natural,2025-07-19 17:33:043
S._viscosa,A,-2.4091414343224082,-2.4091414343224082,1,2,-1,natural,2025-07-19 17:33:043
C._hispanica,A,-2.5009866873899362,-2.5009866873899362,1,2,-1,natural,2025-07-19 17:33:043
G._struthium,A,-4.920460405690214,-4.920460405690214,1,2,-1,natural,2025-07-19 17:33:043
S._sediforme,A,-3.104704804912963,-3.104704804912963,1,2,-1,natural,2025-07-19 17:33:043
Other_species,A,-0.649878397720564,-0.649878397720564,1,2,-1,natural,2025-07-19 17:33:043
Nurse_S._viscosa,A,-2.7749007860071435,-2.7749007860071435,1,2,-1,restoration,2025-07-19 17:33:033
Nurse_G._struthium,A,-2.257565278575431,-2.257565278575431,1,2,-1,restoration,2025-07-19 17:33:033
H._squamatum,A,-3.9024718437357313,-3.9024718437357313,1,2,-1,restoration,2025-07-19 17:33:033
S._viscosa,A,-4.467882285335575,-4.467882285335575,1,2,-1,restoration,2025-07-19 17:33:033
C._hispanica,A,-5.312523060020459,-5.312523060020459,1,2,-1,restoration,2025-07-19 17:33:033
G._struthium,A,-1.5857720272325257,-1.5857720272325257,1,2,-1,restoration,2025-07-19 17:33:033
S._sediforme,A,-3.95195861769054,-3.95195861769054,1,2,-1,restoration,2025-07-19 17:33:033
Other_species,A,-3.326235974583442,-3.326235974583442,1,2,-1,restoration,2025-07-19 17:33:033
Nurse_S._viscosa,A,-0.7975209875932271,-0.7975209875932271,1,2,-1,natural,2025-07-19 17:33:033
Nurse_G._struthium,A,-2.1075143014828335,-2.1075143014828335,1,2,-1,natural,2025-07-19 17:33:033
H._squamatum,A,-1.6278012103866528,-1.6278012103866528,1,2,-1,natural,2025-07-19 17:33:033
S._viscosa,A,-2.2488103804154447,-2.2488103804154447,1,2,-1,natural,2025-07-19 17:33:033
C._hispanica,A,-2.489522310889331,-2.489522310889331,1,2,-1,natural,2025-07-19 17:33:033
G._struthium,A,-4.405751277848612,-4.405751277848612,1,2,-1,natural,2025-07-19 17:33:033
S._sediforme,A,-3.085230129045662,-3.085230129045662,1,2,-1,natural,2025-07-19 17:33:033
Other_species,A,-0.42571694219827655,-0.42571694219827655,1,2,-1,natural,2025-07-19 17:33:033
Nurse_S._viscosa,A,-3.2970058365192147,-3.2970058365192147,1,2,-1,restoration,2025-07-19 17:33:023
Nurse_G._struthium,A,-1.1684452990650662,-1.1684452990650662,1,2,-1,restoration,2025-07-19 17:33:023
H._squamatum,A,-4.186898949538552,-4.186898949538552,1,2,-1,restoration,2025-07-19 17:33:023
S._viscosa,A,-4.017730469826142,-4.017730469826142,1,2,-1,restoration,2025-07-19 17:33:023
C._hispanica,A,-5.4453962908827345,-5.4453962908827345,1,2,-1,restoration,2025-07-19 17:33:023
G._struthium,A,-0.5285938810207769,-0.5285938810207769,1,2,-1,restoration,2025-07-19 17:33:023
S._sediforme,A,-3.9021204534970892,-3.9021204534970892,1,2,-1,restoration,2025-07-19 17:33:023
Other_species,A,-2.2486736741160076,-2.2486736741160076,1,2,-1,restoration,2025-07-19 17:33:023
Nurse_S._viscosa,A,-0.9052831395707832,-0.9052831395707832,1,2,-1,natural,2025-07-19 17:33:023
Nurse_G._struthium,A,-2.4617862132182937,-2.4617862132182937,1,2,-1,natural,2025-07-19 17:33:023
H._squamatum,A,-1.7111883668200332,-1.7111883668200332,1,2,-1,natural,2025-07-19 17:33:023
S._viscosa,A,-2.3608285830537308,-2.3608285830537308,1,2,-1,natural,2025-07-19 17:33:023
C._hispanica,A,-2.4337896563336012,-2.4337896563336012,1,2,-1,natural,2025-07-19 17:33:023
G._struthium,A,-4.607844313527665,-4.607844313527665,1,2,-1,natural,2025-07-19 17:33:023
S._sediforme,A,-3.4492453703198254,-3.4492453703198254,1,2,-1,natural,2025-07-19 17:33:023
Other_species,A,-0.5386069153613321,-0.5386069153613321,1,2,-1,natural,2025-07-19 17:33:023
Nurse_S._viscosa,A,-2.334017208917861,-2.334017208917861,1,2,-1,restoration,2025-07-19 17:33:013
Nurse_G._struthium,A,-1.6156956361012254,-1.6156956361012254,1,2,-1,restoration,2025-07-19 17:33:013
H._squamatum,A,-5.505382327906523,-5.505382327906523,1,2,-1,restoration,2025-07-19 17:33:013
S._viscosa,A,-4.556784006366892,-4.556784006366892,1,2,-1,restoration,2025-07-19 17:33:013
C._hispanica,A,-5.569703230143288,-5.569703230143288,1,2,-1,restoration,2025-07-19 17:33:013
G._struthium,A,-0.8517883405317563,-0.8517883405317563,1,2,-1,restoration,2025-07-19 17:33:013
S._sediforme,A,-3.2975067216965703,-3.2975067216965703,1,2,-1,restoration,2025-07-19 17:33:013
Other_species,A,-2.5669673423452792,-2.5669673423452792,1,2,-1,restoration,2025-07-19 17:33:013
Nurse_S._viscosa,A,-1.0615539934656073,-1.0615539934656073,1,2,-1,natural,2025-07-19 17:33:013
Nurse_G._struthium,A,-2.2065326232628864,-2.2065326232628864,1,2,-1,natural,2025-07-19 17:33:013
H._squamatum,A,-1.8690523089905948,-1.8690523089905948,1,2,-1,natural,2025-07-19 17:33:013
S._viscosa,A,-2.4790979765963783,-2.4790979765963783,1,2,-1,natural,2025-07-19 17:33:013
C._hispanica,A,-2.2790709104910243,-2.2790709104910243,1,2,-1,natural,2025-07-19 17:33:013
G._struthium,A,-4.117357480741007,-4.117357480741007,1,2,-1,natural,2025-07-19 17:33:013
S._sediforme,A,-2.9642947744669748,-2.9642947744669748,1,2,-1,natural,2025-07-19 17:33:013
Other_species,A,-0.5477075870889291,-0.5477075870889291,1,2,-1,natural,2025-07-19 17:33:013
Nurse_S._viscosa,A,-1.7656594578403344,-1.7656594578403344,1,2,-1,restoration,2025-07-19 17:33:013
Nurse_G._struthium,A,-1.3108962801781432,-1.3108962801781432,1,2,-1,restoration,2025-07-19 17:33:013
H._squamatum,A,-4.282083048573613,-4.282083048573613,1,2,-1,restoration,2025-07-19 17:33:013
S._viscosa,A,-4.164505565776159,-4.164505565776159,1,2,-1,restoration,2025-07-19 17:33:013
C._hispanica,A,-4.874107098604202,-4.874107098604202,1,2,-1,restoration,2025-07-19 17:33:013
G._struthium,A,-0.32395643107746097,-0.32395643107746097,1,2,-1,restoration,2025-07-19 17:33:013
S._sediforme,A,-3.1773376725086524,-3.1773376725086524,1,2,-1,restoration,2025-07-19 17:33:013
Other_species,A,-2.379424635577188,-2.379424635577188,1,2,-1,restoration,2025-07-19 17:33:013
Nurse_S._viscosa,A,-0.6643765043088834,-0.6643765043088834,1,2,-1,natural,2025-07-19 17:33:013
Nurse_G._struthium,A,-2.155996010247994,-2.155996010247994,1,2,-1,natural,2025-07-19 17:33:013
H._squamatum,A,-1.5646284356232565,-1.5646284356232565,1,2,-1,natural,2025-07-19 17:33:013
S._viscosa,A,-2.8196448588998444,-2.8196448588998444,1,2,-1,natural,2025-07-19 17:33:013
C._hispanica,A,-2.4412126280484707,-2.4412126280484707,1,2,-1,natural,2025-07-19 17:33:013
G._struthium,A,-4.9317605530861535,-4.9317605530861535,1,2,-1,natural,2025-07-19 17:33:013
S._sediforme,A,-2.7371164444486986,-2.7371164444486986,1,2,-1,natural,2025-07-19 17:33:013
Other_species,A,-0.5575969209661107,-0.5575969209661107,1,2,-1,natural,2025-07-19 17:33:013
Nurse_S._viscosa,A,-3.2545896974027078,-3.2545896974027078,1,2,-1,restoration,2025-07-19 17:33:003
Nurse_G._struthium,A,-1.94112101246711,-1.94112101246711,1,2,-1,restoration,2025-07-19 17:33:003
H._squamatum,A,-3.697118586846033,-3.697118586846033,1,2,-1,restoration,2025-07-19 17:33:003
S._viscosa,A,-4.597634050231552,-4.597634050231552,1,2,-1,restoration,2025-07-19 17:33:003
C._hispanica,A,-5.404590846732235,-5.404590846732235,1,2,-1,restoration,2025-07-19 17:33:003
G._struthium,A,-1.0929523122360365,-1.0929523122360365,1,2,-1,restoration,2025-07-19 17:33:003
S._sediforme,A,-4.199413239097698,-4.199413239097698,1,2,-1,restoration,2025-07-19 17:33:003
Other_species,A,-2.5538926637364834,-2.5538926637364834,1,2,-1,restoration,2025-07-19 17:33:003
Nurse_S._viscosa,A,-0.7735879286445638,-0.7735879286445638,1,2,-1,natural,2025-07-19 17:33:003
Nurse_G._struthium,A,-2.536951124798024,-2.536951124798024,1,2,-1,natural,2025-07-19 17:33:003
H._squamatum,A,-1.8781791131793775,-1.8781791131793775,1,2,-1,natural,2025-07-19 17:33:003
S._viscosa,A,-2.3678804265352515,-2.3678804265352515,1,2,-1,natural,2025-07-19 17:33:003
C._hispanica,A,-2.9110904887877114,-2.9110904887877114,1,2,-1,natural,2025-07-19 17:33:003
G._struthium,A,-3.9030478711947514,-3.9030478711947514,1,2,-1,natural,2025-07-19 17:33:003
S._sediforme,A,-3.5008154256527746,-3.5008154256527746,1,2,-1,natural,2025-07-19 17:33:003
Other_species,A,-0.6464390513225672,-0.6464390513225672,1,2,-1,natural,2025-07-19 17:33:003
Nurse_S._viscosa,A,-4.249232971156837,-4.249232971156837,1,2,-1,restoration,2025-07-19 17:32:593
Nurse_G._struthium,A,-2.033286507329501,-2.033286507329501,1,2,-1,restoration,2025-07-19 17:32:593
H._squamatum,A,-3.4995600195762995,-3.4995600195762995,1,2,-1,restoration,2025-07-19 17:32:593
S._viscosa,A,-5.2604314274480775,-5.2604314274480775,1,2,-1,restoration,2025-07-19 17:32:593
C._hispanica,A,-7.823596670157519,-7.823596670157519,1,2,-1,restoration,2025-07-19 17:32:593
G._struthium,A,-0.8091613034760406,-0.8091613034760406,1,2,-1,restoration,2025-07-19 17:32:593
S._sediforme,A,-5.0916783458139685,-5.0916783458139685,1,2,-1,restoration,2025-07-19 17:32:593
Other_species,A,-2.663420273254355,-2.663420273254355,1,2,-1,restoration,2025-07-19 17:32:593
Nurse_S._viscosa,A,-0.8807722667743628,-0.8807722667743628,1,2,-1,natural,2025-07-19 17:32:593
Nurse_G._struthium,A,-2.461593733817362,-2.461593733817362,1,2,-1,natural,2025-07-19 17:32:593
H._squamatum,A,-1.9762473292290235,-1.9762473292290235,1,2,-1,natural,2025-07-19 17:32:593
S._viscosa,A,-2.3056756768941655,-2.3056756768941655,1,2,-1,natural,2025-07-19 17:32:593
C._hispanica,A,-2.5822490169548344,-2.5822490169548344,1,2,-1,natural,2025-07-19 17:32:593
G._struthium,A,-4.470330486393525,-4.470330486393525,1,2,-1,natural,2025-07-19 17:32:593
S._sediforme,A,-3.0597366109613495,-3.0597366109613495,1,2,-1,natural,2025-07-19 17:32:593
Other_species,A,-0.6398386039381475,-0.6398386039381475,1,2,-1,natural,2025-07-19 17:32:593
Nurse_S._viscosa,A,-2.6866168805069455,-2.6866168805069455,1,2,-1,restoration,2025-07-19 17:32:583
Nurse_G._struthium,A,-0.5684783051718693,-0.5684783051718693,1,2,-1,restoration,2025-07-19 17:32:583
H._squamatum,A,-3.219832260770995,-3.219832260770995,1,2,-1,restoration,2025-07-19 17:32:583
S._viscosa,A,-4.468901010647876,-4.468901010647876,1,2,-1,restoration,2025-07-19 17:32:583
C._hispanica,A,-6.411900982323448,-6.411900982323448,1,2,-1,restoration,2025-07-19 17:32:583
G._struthium,A,0.04626690592148444,0.04626690592148444,1,2,-1,restoration,2025-07-19 17:32:583
S._sediforme,A,-3.181256272396179,-3.181256272396179,1,2,-1,restoration,2025-07-19 17:32:583
Other_species,A,-2.2362818506776176,-2.2362818506776176,1,2,-1,restoration,2025-07-19 17:32:583
Nurse_S._viscosa,A,-0.5317000148858001,-0.5317000148858001,1,2,-1,natural,2025-07-19 17:32:583
Nurse_G._struthium,A,-2.355327254729354,-2.355327254729354,1,2,-1,natural,2025-07-19 17:32:583
H._squamatum,A,-1.4309984394073119,-1.4309984394073119,1,2,-1,natural,2025-07-19 17:32:583
S._viscosa,A,-2.506649362977554,-2.506649362977554,1,2,-1,natural,2025-07-19 17:32:583
C._hispanica,A,-2.473895534568563,-2.473895534568563,1,2,-1,natural,2025-07-19 17:32:583
G._struthium,A,-4.371329729638954,-4.371329729638954,1,2,-1,natural,2025-07-19 17:32:583
S._sediforme,A,-3.808633154214937,-3.808633154214937,1,2,-1,natural,2025-07-19 17:32:583
Other_species,A,-0.3393659614181845,-0.3393659614181845,1,2,-1,natural,2025-07-19 17:32:583
Nurse_S._viscosa,A,-2.4389122524283438,-2.4389122524283438,1,2,-1,restoration,2025-07-19 17:32:583
Nurse_G._struthium,A,-1.4055911303263722,-1.4055911303263722,1,2,-1,restoration,2025-07-19 17:32:583
H._squamatum,A,-3.9653573969170095,-3.9653573969170095,1,2,-1,restoration,2025-07-19 17:32:583
S._viscosa,A,-3.7359174822876167,-3.7359174822876167,1,2,-1,restoration,2025-07-19 17:32:583
C._hispanica,A,-5.693295457759951,-5.693295457759951,1,2,-1,restoration,2025-07-19 17:32:583
G._struthium,A,-0.6094516042558993,-0.6094516042558993,1,2,-1,restoration,2025-07-19 17:32:583
S._sediforme,A,-3.739053455286077,-3.739053455286077,1,2,-1,restoration,2025-07-19 17:32:583
Other_species,A,-2.431526426146509,-2.431526426146509,1,2,-1,restoration,2025-07-19 17:32:583
Nurse_S._viscosa,A,-0.7331698138918566,-0.7331698138918566,1,2,-1,natural,2025-07-19 17:32:583
Nurse_G._struthium,A,-2.06404452580046,-2.06404452580046,1,2,-1,natural,2025-07-19 17:32:583
H._squamatum,A,-1.5233162939795541,-1.5233162939795541,1,2,-1,natural,2025-07-19 17:32:583
S._viscosa,A,-2.4554394254671483,-2.4554394254671483,1,2,-1,natural,2025-07-19 17:32:583
C._hispanica,A,-2.4409508273460165,-2.4409508273460165,1,2,-1,natural,2025-07-19 17:32:583
G._struthium,A,-4.280189957524612,-4.280189957524612,1,2,-1,natural,2025-07-19 17:32:583
S._sediforme,A,-2.9925521345298103,-2.9925521345298103,1,2,-1,natural,2025-07-19 17:32:583
Other_species,A,-0.5441863979902424,-0.5441863979902424,1,2,-1,natural,2025-07-19 17:32:583
Nurse_S._viscosa,A,-3.0768819245449404,-3.0768819245449404,1,2,-1,restoration,2025-07-19 17:32:573
Nurse_G._struthium,A,-1.7236386026762045,-1.7236386026762045,1,2,-1,restoration,2025-07-19 17:32:573
H._squamatum,A,-2.835458231607574,-2.835458231607574,1,2,-1,restoration,2025-07-19 17:32:573
S._viscosa,A,-4.278712683131986,-4.278712683131986,1,2,-1,restoration,2025-07-19 17:32:573
C._hispanica,A,-5.251701215180541,-5.251701215180541,1,2,-1,restoration,2025-07-19 17:32:573
G._struthium,A,-0.2620311214055703,-0.2620311214055703,1,2,-1,restoration,2025-07-19 17:32:573
S._sediforme,A,-3.3610229967517498,-3.3610229967517498,1,2,-1,restoration,2025-07-19 17:32:573
Other_species,A,-2.5139252823167904,-2.5139252823167904,1,2,-1,restoration,2025-07-19 17:32:573
Nurse_S._viscosa,A,-1.043623431165774,-1.043623431165774,1,2,-1,natural,2025-07-19 17:32:573
Nurse_G._struthium,A,-2.5228108199211645,-2.5228108199211645,1,2,-1,natural,2025-07-19 17:32:573
H._squamatum,A,-1.6487395958882143,-1.6487395958882143,1,2,-1,natural,2025-07-19 17:32:573
S._viscosa,A,-2.526615988003499,-2.526615988003499,1,2,-1,natural,2025-07-19 17:32:573
C._hispanica,A,-2.3012475144900324,-2.3012475144900324,1,2,-1,natural,2025-07-19 17:32:573
G._struthium,A,-3.830167227211685,-3.830167227211685,1,2,-1,natural,2025-07-19 17:32:573
S._sediforme,A,-3.257478379980799,-3.257478379980799,1,2,-1,natural,2025-07-19 17:32:573
Other_species,A,-0.681834484396314,-0.681834484396314,1,2,-1,natural,2025-07-19 17:32:573
Nurse_S._viscosa,A,-3.573002613796263,-3.573002613796263,1,2,-1,restoration,2025-07-19 17:32:573
Nurse_G._struthium,A,-1.444984748559089,-1.444984748559089,1,2,-1,restoration,2025-07-19 17:32:573
H._squamatum,A,-3.4372722119907033,-3.4372722119907033,1,2,-1,restoration,2025-07-19 17:32:573
S._viscosa,A,-5.075155703932539,-5.075155703932539,1,2,-1,restoration,2025-07-19 17:32:573
C._hispanica,A,-7.284815632507729,-7.284815632507729,1,2,-1,restoration,2025-07-19 17:32:573
G._struthium,A,-0.3603786211597093,-0.3603786211597093,1,2,-1,restoration,2025-07-19 17:32:573
S._sediforme,A,-4.027284512600877,-4.027284512600877,1,2,-1,restoration,2025-07-19 17:32:573
Other_species,A,-2.243249894231746,-2.243249894231746,1,2,-1,restoration,2025-07-19 17:32:573
Nurse_S._viscosa,A,-1.1036561557821833,-1.1036561557821833,1,2,-1,natural,2025-07-19 17:32:573
Nurse_G._struthium,A,-2.42738185862516,-2.42738185862516,1,2,-1,natural,2025-07-19 17:32:573
H._squamatum,A,-1.61436545556165,-1.61436545556165,1,2,-1,natural,2025-07-19 17:32:573
S._viscosa,A,-2.6181979158089077,-2.6181979158089077,1,2,-1,natural,2025-07-19 17:32:573
C._hispanica,A,-2.581033132866185,-2.581033132866185,1,2,-1,natural,2025-07-19 17:32:573
G._struthium,A,-4.314339487426722,-4.314339487426722,1,2,-1,natural,2025-07-19 17:32:573
S._sediforme,A,-3.5841119839171203,-3.5841119839171203,1,2,-1,natural,2025-07-19 17:32:573
Other_species,A,-0.567320419390983,-0.567320419390983,1,2,-1,natural,2025-07-19 17:32:573
Nurse_S._viscosa,A,-2.734259665199656,-2.734259665199656,1,2,-1,restoration,2025-07-19 17:32:563
Nurse_G._struthium,A,-1.8155827935950923,-1.8155827935950923,1,2,-1,restoration,2025-07-19 17:32:563
H._squamatum,A,-4.251843041159453,-4.251843041159453,1,2,-1,restoration,2025-07-19 17:32:563
S._viscosa,A,-4.6491236534892195,-4.6491236534892195,1,2,-1,restoration,2025-07-19 17:32:563
C._hispanica,A,-6.520243357134944,-6.520243357134944,1,2,-1,restoration,2025-07-19 17:32:563
G._struthium,A,-1.1354522666132716,-1.1354522666132716,1,2,-1,restoration,2025-07-19 17:32:563
S._sediforme,A,-3.885178630412345,-3.885178630412345,1,2,-1,restoration,2025-07-19 17:32:563
Other_species,A,-2.732813873480903,-2.732813873480903,1,2,-1,restoration,2025-07-19 17:32:563
Nurse_S._viscosa,A,-0.9743032955379144,-0.9743032955379144,1,2,-1,natural,2025-07-19 17:32:563
Nurse_G._struthium,A,-2.209576582342071,-2.209576582342071,1,2,-1,natural,2025-07-19 17:32:563
H._squamatum,A,-1.8101119876176341,-1.8101119876176341,1,2,-1,natural,2025-07-19 17:32:563
S._viscosa,A,-2.5014985555666165,-2.5014985555666165,1,2,-1,natural,2025-07-19 17:32:563
C._hispanica,A,-2.8760745925827793,-2.8760745925827793,1,2,-1,natural,2025-07-19 17:32:563
G._struthium,A,-4.396434392823539,-4.396434392823539,1,2,-1,natural,2025-07-19 17:32:563
S._sediforme,A,-3.461126704525902,-3.461126704525902,1,2,-1,natural,2025-07-19 17:32:563
Other_species,A,-0.8912924821577316,-0.8912924821577316,1,2,-1,natural,2025-07-19 17:32:563
Nurse_S._viscosa,A,-3.0188006948060537,-3.0188006948060537,1,2,-1,restoration,2025-07-19 17:32:563
Nurse_G._struthium,A,-1.9915679989919024,-1.9915679989919024,1,2,-1,restoration,2025-07-19 17:32:563
H._squamatum,A,-4.990873964078432,-4.990873964078432,1,2,-1,restoration,2025-07-19 17:32:563
S._viscosa,A,-4.073238859707515,-4.073238859707515,1,2,-1,restoration,2025-07-19 17:32:563
C._hispanica,A,-5.342188256147411,-5.342188256147411,1,2,-1,restoration,2025-07-19 17:32:563
G._struthium,A,-1.2268499914839441,-1.2268499914839441,1,2,-1,restoration,2025-07-19 17:32:563
S._sediforme,A,-3.832033015165888,-3.832033015165888,1,2,-1,restoration,2025-07-19 17:32:563
Other_species,A,-2.55530134787112,-2.55530134787112,1,2,-1,restoration,2025-07-19 17:32:563
Nurse_S._viscosa,A,-0.6447523719453777,-0.6447523719453777,1,2,-1,natural,2025-07-19 17:32:563
Nurse_G._struthium,A,-2.281258059269165,-2.281258059269165,1,2,-1,natural,2025-07-19 17:32:563
H._squamatum,A,-1.5817362981536347,-1.5817362981536347,1,2,-1,natural,2025-07-19 17:32:563
S._viscosa,A,-2.4488183880336685,-2.4488183880336685,1,2,-1,natural,2025-07-19 17:32:563
C._hispanica,A,-2.7651656019201196,-2.7651656019201196,1,2,-1,natural,2025-07-19 17:32:563
G._struthium,A,-5.245784721369257,-5.245784721369257,1,2,-1,natural,2025-07-19 17:32:563
S._sediforme,A,-3.3033755309339057,-3.3033755309339057,1,2,-1,natural,2025-07-19 17:32:563
Other_species,A,-0.25188300791023327,-0.25188300791023327,1,2,-1,natural,2025-07-19 17:32:563
Nurse_S._viscosa,A,-3.5186610576538855,-3.5186610576538855,1,2,-1,restoration,2025-07-19 17:32:553
Nurse_G._struthium,A,-2.264630619994932,-2.264630619994932,1,2,-1,restoration,2025-07-19 17:32:553
H._squamatum,A,-4.668650078241685,-4.668650078241685,1,2,-1,restoration,2025-07-19 17:32:553
S._viscosa,A,-4.084341851025069,-4.084341851025069,1,2,-1,restoration,2025-07-19 17:32:553
C._hispanica,A,-5.588613377616578,-5.588613377616578,1,2,-1,restoration,2025-07-19 17:32:553
G._struthium,A,-1.2908550522974496,-1.2908550522974496,1,2,-1,restoration,2025-07-19 17:32:553
S._sediforme,A,-4.740899987041956,-4.740899987041956,1,2,-1,restoration,2025-07-19 17:32:553
Other_species,A,-2.596110407102063,-2.596110407102063,1,2,-1,restoration,2025-07-19 17:32:553
Nurse_S._viscosa,A,-0.9833701294320106,-0.9833701294320106,1,2,-1,natural,2025-07-19 17:32:553
Nurse_G._struthium,A,-2.5068101280216686,-2.5068101280216686,1,2,-1,natural,2025-07-19 17:32:553
H._squamatum,A,-1.7828215519404582,-1.7828215519404582,1,2,-1,natural,2025-07-19 17:32:553
S._viscosa,A,-2.44863997528675,-2.44863997528675,1,2,-1,natural,2025-07-19 17:32:553
C._hispanica,A,-2.7265908353607493,-2.7265908353607493,1,2,-1,natural,2025-07-19 17:32:553
G._struthium,A,-4.724017642292934,-4.724017642292934,1,2,-1,natural,2025-07-19 17:32:553
S._sediforme,A,-3.5041639151158557,-3.5041639151158557,1,2,-1,natural,2025-07-19 17:32:553
Other_species,A,-0.7096707618409506,-0.7096707618409506,1,2,-1,natural,2025-07-19 17:32:553
Nurse_S._viscosa,A,-4.014771214643749,-4.014771214643749,1,2,-1,restoration,2025-07-19 17:32:553
Nurse_G._struthium,A,-2.0326040709823325,-2.0326040709823325,1,2,-1,restoration,2025-07-19 17:32:553
H._squamatum,A,-4.206093793009627,-4.206093793009627,1,2,-1,restoration,2025-07-19 17:32:553
S._viscosa,A,-4.143022095148594,-4.143022095148594,1,2,-1,restoration,2025-07-19 17:32:553
C._hispanica,A,-5.244389951318791,-5.244389951318791,1,2,-1,restoration,2025-07-19 17:32:553
G._struthium,A,-0.9382532459657149,-0.9382532459657149,1,2,-1,restoration,2025-07-19 17:32:553
S._sediforme,A,-4.620292453244886,-4.620292453244886,1,2,-1,restoration,2025-07-19 17:32:553
Other_species,A,-2.5599145410022923,-2.5599145410022923,1,2,-1,restoration,2025-07-19 17:32:553
Nurse_S._viscosa,A,-0.9646611846925568,-0.9646611846925568,1,2,-1,natural,2025-07-19 17:32:553
Nurse_G._struthium,A,-2.7126950080045327,-2.7126950080045327,1,2,-1,natural,2025-07-19 17:32:553
H._squamatum,A,-1.8185735291696898,-1.8185735291696898,1,2,-1,natural,2025-07-19 17:32:553
S._viscosa,A,-2.6268076100720927,-2.6268076100720927,1,2,-1,natural,2025-07-19 17:32:553
C._hispanica,A,-2.156723250533883,-2.156723250533883,1,2,-1,natural,2025-07-19 17:32:553
G._struthium,A,-4.185550933205713,-4.185550933205713,1,2,-1,natural,2025-07-19 17:32:553
S._sediforme,A,-3.4690399321271315,-3.4690399321271315,1,2,-1,natural,2025-07-19 17:32:553
Other_species,A,-0.753245319193026,-0.753245319193026,1,2,-1,natural,2025-07-19 17:32:553
Nurse_S._viscosa,A,-1.9593441863412466,-1.9593441863412466,1,2,-1,restoration,2025-07-19 17:32:543
Nurse_G._struthium,A,-1.4347083052288336,-1.4347083052288336,1,2,-1,restoration,2025-07-19 17:32:543
H._squamatum,A,-3.9723788073883974,-3.9723788073883974,1,2,-1,restoration,2025-07-19 17:32:543
S._viscosa,A,-4.550980183070102,-4.550980183070102,1,2,-1,restoration,2025-07-19 17:32:543
C._hispanica,A,-4.4802234795845575,-4.4802234795845575,1,2,-1,restoration,2025-07-19 17:32:543
G._struthium,A,-0.30897272434584255,-0.30897272434584255,1,2,-1,restoration,2025-07-19 17:32:543
S._sediforme,A,-3.3403448077335827,-3.3403448077335827,1,2,-1,restoration,2025-07-19 17:32:543
Other_species,A,-2.6136382025107254,-2.6136382025107254,1,2,-1,restoration,2025-07-19 17:32:543
Nurse_S._viscosa,A,-0.8920277744075357,-0.8920277744075357,1,2,-1,natural,2025-07-19 17:32:543
Nurse_G._struthium,A,-2.3708967406763684,-2.3708967406763684,1,2,-1,natural,2025-07-19 17:32:543
H._squamatum,A,-1.4110164106437193,-1.4110164106437193,1,2,-1,natural,2025-07-19 17:32:543
S._viscosa,A,-2.47276832361391,-2.47276832361391,1,2,-1,natural,2025-07-19 17:32:543
C._hispanica,A,-2.4659261827269807,-2.4659261827269807,1,2,-1,natural,2025-07-19 17:32:543
G._struthium,A,-4.431871598470068,-4.431871598470068,1,2,-1,natural,2025-07-19 17:32:543
S._sediforme,A,-3.0643391238706963,-3.0643391238706963,1,2,-1,natural,2025-07-19 17:32:543
Other_species,A,-0.5160493600846332,-0.5160493600846332,1,2,-1,natural,2025-07-19 17:32:543
Nurse_S._viscosa,A,-2.9263141730705016,-2.9263141730705016,1,2,-1,restoration,2025-07-19 17:32:543
Nurse_G._struthium,A,-1.3730679165559987,-1.3730679165559987,1,2,-1,restoration,2025-07-19 17:32:543
H._squamatum,A,-5.080672166467577,-5.080672166467577,1,2,-1,restoration,2025-07-19 17:32:543
S._viscosa,A,-4.559010071444673,-4.559010071444673,1,2,-1,restoration,2025-07-19 17:32:543
C._hispanica,A,-4.912052408757558,-4.912052408757558,1,2,-1,restoration,2025-07-19 17:32:543
G._struthium,A,-0.9046127521097163,-0.9046127521097163,1,2,-1,restoration,2025-07-19 17:32:543
S._sediforme,A,-3.718917571370307,-3.718917571370307,1,2,-1,restoration,2025-07-19 17:32:543
Other_species,A,-2.9464038467910334,-2.9464038467910334,1,2,-1,restoration,2025-07-19 17:32:543
Nurse_S._viscosa,A,-0.8037624301138193,-0.8037624301138193,1,2,-1,natural,2025-07-19 17:32:543
Nurse_G._struthium,A,-2.2717225063368405,-2.2717225063368405,1,2,-1,natural,2025-07-19 17:32:543
H._squamatum,A,-1.7660621169525097,-1.7660621169525097,1,2,-1,natural,2025-07-19 17:32:543
S._viscosa,A,-2.3833372757768667,-2.3833372757768667,1,2,-1,natural,2025-07-19 17:32:543
C._hispanica,A,-2.3857480322097118,-2.3857480322097118,1,2,-1,natural,2025-07-19 17:32:543
G._struthium,A,-4.54296053471092,-4.54296053471092,1,2,-1,natural,2025-07-19 17:32:543
S._sediforme,A,-3.2352598516021787,-3.2352598516021787,1,2,-1,natural,2025-07-19 17:32:543
Other_species,A,-0.7370850671044931,-0.7370850671044931,1,2,-1,natural,2025-07-19 17:32:543
Nurse_S._viscosa,A,-2.426132990895209,-2.426132990895209,1,2,-1,restoration,2025-07-19 17:32:533
Nurse_G._struthium,A,-3.000161207813577,-3.000161207813577,1,2,-1,restoration,2025-07-19 17:32:533
H._squamatum,A,-5.2082496420867725,-5.2082496420867725,1,2,-1,restoration,2025-07-19 17:32:533
S._viscosa,A,-4.16140775805709,-4.16140775805709,1,2,-1,restoration,2025-07-19 17:32:533
C._hispanica,A,-5.570943034362915,-5.570943034362915,1,2,-1,restoration,2025-07-19 17:32:533
G._struthium,A,-1.5096760676991339,-1.5096760676991339,1,2,-1,restoration,2025-07-19 17:32:533
S._sediforme,A,-3.6960888538254943,-3.6960888538254943,1,2,-1,restoration,2025-07-19 17:32:533
Other_species,A,-3.2574377117605526,-3.2574377117605526,1,2,-1,restoration,2025-07-19 17:32:533
Nurse_S._viscosa,A,-0.7976592757068445,-0.7976592757068445,1,2,-1,natural,2025-07-19 17:32:533
Nurse_G._struthium,A,-2.4291361672993714,-2.4291361672993714,1,2,-1,natural,2025-07-19 17:32:533
H._squamatum,A,-1.6488085906220649,-1.6488085906220649,1,2,-1,natural,2025-07-19 17:32:533
S._viscosa,A,-2.2943466678235427,-2.2943466678235427,1,2,-1,natural,2025-07-19 17:32:533
C._hispanica,A,-2.5378049239221534,-2.5378049239221534,1,2,-1,natural,2025-07-19 17:32:533
G._struthium,A,-3.6221973693750074,-3.6221973693750074,1,2,-1,natural,2025-07-19 17:32:533
S._sediforme,A,-3.460722581663444,-3.460722581663444,1,2,-1,natural,2025-07-19 17:32:533
Other_species,A,-0.6621702606849147,-0.6621702606849147,1,2,-1,natural,2025-07-19 17:32:533
Nurse_S._viscosa,A,-2.719712723840186,-2.719712723840186,1,2,-1,restoration,2025-07-19 17:32:523
Nurse_G._struthium,A,-2.289956122777849,-2.289956122777849,1,2,-1,restoration,2025-07-19 17:32:523
H._squamatum,A,-5.037386202805693,-5.037386202805693,1,2,-1,restoration,2025-07-19 17:32:523
S._viscosa,A,-4.495369713641518,-4.495369713641518,1,2,-1,restoration,2025-07-19 17:32:523
C._hispanica,A,-6.136528184896724,-6.136528184896724,1,2,-1,restoration,2025-07-19 17:32:523
G._struthium,A,-1.1065528679069776,-1.1065528679069776,1,2,-1,restoration,2025-07-19 17:32:523
S._sediforme,A,-3.852518279943136,-3.852518279943136,1,2,-1,restoration,2025-07-19 17:32:523
Other_species,A,-2.5877009263579414,-2.5877009263579414,1,2,-1,restoration,2025-07-19 17:32:523
Nurse_S._viscosa,A,-1.014195047675431,-1.014195047675431,1,2,-1,natural,2025-07-19 17:32:523
Nurse_G._struthium,A,-2.5133329030911504,-2.5133329030911504,1,2,-1,natural,2025-07-19 17:32:523
H._squamatum,A,-1.8396083790810671,-1.8396083790810671,1,2,-1,natural,2025-07-19 17:32:523
S._viscosa,A,-2.486643157618439,-2.486643157618439,1,2,-1,natural,2025-07-19 17:32:523
C._hispanica,A,-2.9087990731921645,-2.9087990731921645,1,2,-1,natural,2025-07-19 17:32:523
G._struthium,A,-5.333215984510106,-5.333215984510106,1,2,-1,natural,2025-07-19 17:32:523
S._sediforme,A,-3.8585067970116644,-3.8585067970116644,1,2,-1,natural,2025-07-19 17:32:523
Other_species,A,-0.6541806499298577,-0.6541806499298577,1,2,-1,natural,2025-07-19 17:32:523
Nurse_S._viscosa,A,-3.000333252832864,-3.000333252832864,1,2,-1,restoration,2025-07-19 17:32:523
Nurse_G._struthium,A,-2.235059713320322,-2.235059713320322,1,2,-1,restoration,2025-07-19 17:32:523
H._squamatum,A,-5.320785301184987,-5.320785301184987,1,2,-1,restoration,2025-07-19 17:32:523
S._viscosa,A,-3.91447589289071,-3.91447589289071,1,2,-1,restoration,2025-07-19 17:32:523
C._hispanica,A,-5.4867332072899,-5.4867332072899,1,2,-1,restoration,2025-07-19 17:32:523
G._struthium,A,-1.1293632283838924,-1.1293632283838924,1,2,-1,restoration,2025-07-19 17:32:523
S._sediforme,A,-3.5082134587631457,-3.5082134587631457,1,2,-1,restoration,2025-07-19 17:32:523
Other_species,A,-2.705885790758026,-2.705885790758026,1,2,-1,restoration,2025-07-19 17:32:523
Nurse_S._viscosa,A,-0.8512029475913547,-0.8512029475913547,1,2,-1,natural,2025-07-19 17:32:523
Nurse_G._struthium,A,-2.739361682110318,-2.739361682110318,1,2,-1,natural,2025-07-19 17:32:523
H._squamatum,A,-1.735319621109613,-1.735319621109613,1,2,-1,natural,2025-07-19 17:32:523
S._viscosa,A,-2.411518967301491,-2.411518967301491,1,2,-1,natural,2025-07-19 17:32:523
C._hispanica,A,-2.594244440202057,-2.594244440202057,1,2,-1,natural,2025-07-19 17:32:523
G._struthium,A,-4.480161711432745,-4.480161711432745,1,2,-1,natural,2025-07-19 17:32:523
S._sediforme,A,-3.088055380764299,-3.088055380764299,1,2,-1,natural,2025-07-19 17:32:523
Other_species,A,-0.5753012145551564,-0.5753012145551564,1,2,-1,natural,2025-07-19 17:32:523
Nurse_S._viscosa,A,-3.4866038486881368,-3.4866038486881368,1,2,-1,restoration,2025-07-19 17:32:513
Nurse_G._struthium,A,-1.564961850822507,-1.564961850822507,1,2,-1,restoration,2025-07-19 17:32:513
H._squamatum,A,-4.251077203044386,-4.251077203044386,1,2,-1,restoration,2025-07-19 17:32:513
S._viscosa,A,-4.12813108242484,-4.12813108242484,1,2,-1,restoration,2025-07-19 17:32:513
C._hispanica,A,-6.370734494004958,-6.370734494004958,1,2,-1,restoration,2025-07-19 17:32:513
G._struthium,A,-1.0976734465538704,-1.0976734465538704,1,2,-1,restoration,2025-07-19 17:32:513
S._sediforme,A,-3.549634504045243,-3.549634504045243,1,2,-1,restoration,2025-07-19 17:32:513
Other_species,A,-2.715399064169017,-2.715399064169017,1,2,-1,restoration,2025-07-19 17:32:513
Nurse_S._viscosa,A,-0.9161350525416175,-0.9161350525416175,1,2,-1,natural,2025-07-19 17:32:513
Nurse_G._struthium,A,-2.4476585149350276,-2.4476585149350276,1,2,-1,natural,2025-07-19 17:32:513
H._squamatum,A,-1.463743233102027,-1.463743233102027,1,2,-1,natural,2025-07-19 17:32:513
S._viscosa,A,-2.6548250035301146,-2.6548250035301146,1,2,-1,natural,2025-07-19 17:32:513
C._hispanica,A,-2.6102415184168577,-2.6102415184168577,1,2,-1,natural,2025-07-19 17:32:513
G._struthium,A,-3.8242353020833693,-3.8242353020833693,1,2,-1,natural,2025-07-19 17:32:513
S._sediforme,A,-3.5687693834059995,-3.5687693834059995,1,2,-1,natural,2025-07-19 17:32:513
Other_species,A,-0.7529581018300897,-0.7529581018300897,1,2,-1,natural,2025-07-19 17:32:513
Nurse_S._viscosa,A,-2.8366705282176548,-2.8366705282176548,1,2,-1,restoration,2025-07-19 17:32:513
Nurse_G._struthium,A,-2.009329639437914,-2.009329639437914,1,2,-1,restoration,2025-07-19 17:32:513
H._squamatum,A,-4.270973605001776,-4.270973605001776,1,2,-1,restoration,2025-07-19 17:32:513
S._viscosa,A,-4.3532025243079335,-4.3532025243079335,1,2,-1,restoration,2025-07-19 17:32:513
C._hispanica,A,-6.612732302792109,-6.612732302792109,1,2,-1,restoration,2025-07-19 17:32:513
G._struthium,A,-1.097152178447331,-1.097152178447331,1,2,-1,restoration,2025-07-19 17:32:513
S._sediforme,A,-3.7396860875672977,-3.7396860875672977,1,2,-1,restoration,2025-07-19 17:32:513
Other_species,A,-2.8306394652948996,-2.8306394652948996,1,2,-1,restoration,2025-07-19 17:32:513
Nurse_S._viscosa,A,-0.9045880243255902,-0.9045880243255902,1,2,-1,natural,2025-07-19 17:32:513
Nurse_G._struthium,A,-2.4435243921436074,-2.4435243921436074,1,2,-1,natural,2025-07-19 17:32:513
H._squamatum,A,-1.7975289414943292,-1.7975289414943292,1,2,-1,natural,2025-07-19 17:32:513
S._viscosa,A,-2.345215037926681,-2.345215037926681,1,2,-1,natural,2025-07-19 17:32:513
C._hispanica,A,-2.28758668515212,-2.28758668515212,1,2,-1,natural,2025-07-19 17:32:513
G._struthium,A,-4.184577844217951,-4.184577844217951,1,2,-1,natural,2025-07-19 17:32:513
S._sediforme,A,-3.5684210533643346,-3.5684210533643346,1,2,-1,natural,2025-07-19 17:32:513
Other_species,A,-0.6074336954188974,-0.6074336954188974,1,2,-1,natural,2025-07-19 17:32:513
Nurse_S._viscosa,A,-2.985898290924937,-2.985898290924937,1,2,-1,restoration,2025-07-19 17:32:503
Nurse_G._struthium,A,-1.9705741295986594,-1.9705741295986594,1,2,-1,restoration,2025-07-19 17:32:503
H._squamatum,A,-4.227097766126066,-4.227097766126066,1,2,-1,restoration,2025-07-19 17:32:503
S._viscosa,A,-3.9414359506656362,-3.9414359506656362,1,2,-1,restoration,2025-07-19 17:32:503
C._hispanica,A,-6.224398554859452,-6.224398554859452,1,2,-1,restoration,2025-07-19 17:32:503
G._struthium,A,-1.2684038209629176,-1.2684038209629176,1,2,-1,restoration,2025-07-19 17:32:503
S._sediforme,A,-3.6463490117345865,-3.6463490117345865,1,2,-1,restoration,2025-07-19 17:32:503
Other_species,A,-3.031975635532398,-3.031975635532398,1,2,-1,restoration,2025-07-19 17:32:503
Nurse_S._viscosa,A,-1.0475248029533404,-1.0475248029533404,1,2,-1,natural,2025-07-19 17:32:503
Nurse_G._struthium,A,-2.49665504454833,-2.49665504454833,1,2,-1,natural,2025-07-19 17:32:503
H._squamatum,A,-1.8423831525890757,-1.8423831525890757,1,2,-1,natural,2025-07-19 17:32:503
S._viscosa,A,-2.4570373201394737,-2.4570373201394737,1,2,-1,natural,2025-07-19 17:32:503
C._hispanica,A,-2.7050645675169105,-2.7050645675169105,1,2,-1,natural,2025-07-19 17:32:503
G._struthium,A,-4.921726496586396,-4.921726496586396,1,2,-1,natural,2025-07-19 17:32:503
S._sediforme,A,-3.283358597960956,-3.283358597960956,1,2,-1,natural,2025-07-19 17:32:503
Other_species,A,-0.6988086310140936,-0.6988086310140936,1,2,-1,natural,2025-07-19 17:32:503
Nurse_S._viscosa,A,-2.199513492966645,-2.199513492966645,1,2,-1,restoration,2025-07-19 17:32:503
Nurse_G._struthium,A,-1.6413921837871392,-1.6413921837871392,1,2,-1,restoration,2025-07-19 17:32:503
H._squamatum,A,-4.2794986399265165,-4.2794986399265165,1,2,-1,restoration,2025-07-19 17:32:503
S._viscosa,A,-4.086173008530303,-4.086173008530303,1,2,-1,restoration,2025-07-19 17:32:503
C._hispanica,A,-4.938703567980511,-4.938703567980511,1,2,-1,restoration,2025-07-19 17:32:503
G._struthium,A,-0.7433655554322863,-0.7433655554322863,1,2,-1,restoration,2025-07-19 17:32:503
S._sediforme,A,-3.5890916513080535,-3.5890916513080535,1,2,-1,restoration,2025-07-19 17:32:503
Other_species,A,-2.950162359020172,-2.950162359020172,1,2,-1,restoration,2025-07-19 17:32:503
Nurse_S._viscosa,A,-0.767633894192907,-0.767633894192907,1,2,-1,natural,2025-07-19 17:32:503
Nurse_G._struthium,A,-2.1747845309560527,-2.1747845309560527,1,2,-1,natural,2025-07-19 17:32:503
H._squamatum,A,-1.6986046686788379,-1.6986046686788379,1,2,-1,natural,2025-07-19 17:32:503
S._viscosa,A,-2.734900497920533,-2.734900497920533,1,2,-1,natural,2025-07-19 17:32:503
C._hispanica,A,-2.7565992059375417,-2.7565992059375417,1,2,-1,natural,2025-07-19 17:32:503
G._struthium,A,-4.652000198161994,-4.652000198161994,1,2,-1,natural,2025-07-19 17:32:503
S._sediforme,A,-2.7141407376818916,-2.7141407376818916,1,2,-1,natural,2025-07-19 17:32:503
Other_species,A,-0.6583980928593712,-0.6583980928593712,1,2,-1,natural,2025-07-19 17:32:503
Nurse_S._viscosa,A,-2.695134001317851,-2.695134001317851,1,2,-1,restoration,2025-07-19 17:32:493
Nurse_G._struthium,A,-1.8016714349372647,-1.8016714349372647,1,2,-1,restoration,2025-07-19 17:32:493
H._squamatum,A,-4.435385271700677,-4.435385271700677,1,2,-1,restoration,2025-07-19 17:32:493
S._viscosa,A,-3.3738041077245464,-3.3738041077245464,1,2,-1,restoration,2025-07-19 17:32:493
C._hispanica,A,-6.638812448859265,-6.638812448859265,1,2,-1,restoration,2025-07-19 17:32:493
G._struthium,A,-0.9839138729737475,-0.9839138729737475,1,2,-1,restoration,2025-07-19 17:32:493
S._sediforme,A,-4.336188978570777,-4.336188978570777,1,2,-1,restoration,2025-07-19 17:32:493
Other_species,A,-2.31879691656437,-2.31879691656437,1,2,-1,restoration,2025-07-19 17:32:493
Nurse_S._viscosa,A,-0.9520205035692254,-0.9520205035692254,1,2,-1,natural,2025-07-19 17:32:493
Nurse_G._struthium,A,-2.3390796752739114,-2.3390796752739114,1,2,-1,natural,2025-07-19 17:32:493
H._squamatum,A,-1.6784102151524487,-1.6784102151524487,1,2,-1,natural,2025-07-19 17:32:493
S._viscosa,A,-2.608647524979358,-2.608647524979358,1,2,-1,natural,2025-07-19 17:32:493
C._hispanica,A,-2.6714437386132293,-2.6714437386132293,1,2,-1,natural,2025-07-19 17:32:493
G._struthium,A,-4.703039202881113,-4.703039202881113,1,2,-1,natural,2025-07-19 17:32:493
S._sediforme,A,-3.4718160332390102,-3.4718160332390102,1,2,-1,natural,2025-07-19 17:32:493
Other_species,A,-0.9095692402455817,-0.9095692402455817,1,2,-1,natural,2025-07-19 17:32:493
Nurse_S._viscosa,A,-2.855329705893095,-2.855329705893095,1,2,-1,restoration,2025-07-19 17:32:493
Nurse_G._struthium,A,-2.2491927996446015,-2.2491927996446015,1,2,-1,restoration,2025-07-19 17:32:493
H._squamatum,A,-4.934545587428849,-4.934545587428849,1,2,-1,restoration,2025-07-19 17:32:493
S._viscosa,A,-4.602859090695708,-4.602859090695708,1,2,-1,restoration,2025-07-19 17:32:493
C._hispanica,A,-6.501255711491692,-6.501255711491692,1,2,-1,restoration,2025-07-19 17:32:493
G._struthium,A,-1.504833383729802,-1.504833383729802,1,2,-1,restoration,2025-07-19 17:32:493
S._sediforme,A,-3.6397077302042296,-3.6397077302042296,1,2,-1,restoration,2025-07-19 17:32:493
Other_species,A,-3.081986618218123,-3.081986618218123,1,2,-1,restoration,2025-07-19 17:32:493
Nurse_S._viscosa,A,-0.904131285913987,-0.904131285913987,1,2,-1,natural,2025-07-19 17:32:493
Nurse_G._struthium,A,-2.2680046415279955,-2.2680046415279955,1,2,-1,natural,2025-07-19 17:32:493
H._squamatum,A,-1.5379307743741912,-1.5379307743741912,1,2,-1,natural,2025-07-19 17:32:493
S._viscosa,A,-2.6803081673007902,-2.6803081673007902,1,2,-1,natural,2025-07-19 17:32:493
C._hispanica,A,-2.5318506824438622,-2.5318506824438622,1,2,-1,natural,2025-07-19 17:32:493
G._struthium,A,-5.192356588850849,-5.192356588850849,1,2,-1,natural,2025-07-19 17:32:493
S._sediforme,A,-3.384254947990295,-3.384254947990295,1,2,-1,natural,2025-07-19 17:32:493
Other_species,A,-0.5693816714337824,-0.5693816714337824,1,2,-1,natural,2025-07-19 17:32:493
Nurse_S._viscosa,A,-3.1381193614618748,-3.1381193614618748,1,2,-1,restoration,2025-07-19 17:32:483
Nurse_G._struthium,A,-1.7311127251616467,-1.7311127251616467,1,2,-1,restoration,2025-07-19 17:32:483
H._squamatum,A,-4.306339844613687,-4.306339844613687,1,2,-1,restoration,2025-07-19 17:32:483
S._viscosa,A,-5.060370000438674,-5.060370000438674,1,2,-1,restoration,2025-07-19 17:32:483
C._hispanica,A,-7.303097337050727,-7.303097337050727,1,2,-1,restoration,2025-07-19 17:32:483
G._struthium,A,-0.9665300330688049,-0.9665300330688049,1,2,-1,restoration,2025-07-19 17:32:483
S._sediforme,A,-4.4794330896241785,-4.4794330896241785,1,2,-1,restoration,2025-07-19 17:32:483
Other_species,A,-2.8183013158041677,-2.8183013158041677,1,2,-1,restoration,2025-07-19 17:32:483
Nurse_S._viscosa,A,-0.7808083224656386,-0.7808083224656386,1,2,-1,natural,2025-07-19 17:32:483
Nurse_G._struthium,A,-2.5949399910765187,-2.5949399910765187,1,2,-1,natural,2025-07-19 17:32:483
H._squamatum,A,-1.8848191317324627,-1.8848191317324627,1,2,-1,natural,2025-07-19 17:32:483
S._viscosa,A,-2.6067894854752436,-2.6067894854752436,1,2,-1,natural,2025-07-19 17:32:483
C._hispanica,A,-2.5033262711964257,-2.5033262711964257,1,2,-1,natural,2025-07-19 17:32:483
G._struthium,A,-4.3797367283549145,-4.3797367283549145,1,2,-1,natural,2025-07-19 17:32:483
S._sediforme,A,-2.9249362046524716,-2.9249362046524716,1,2,-1,natural,2025-07-19 17:32:483
Other_species,A,-0.6856154642669802,-0.6856154642669802,1,2,-1,natural,2025-07-19 17:32:483
Nurse_S._viscosa,A,-2.814286482248865,-2.814286482248865,1,2,-1,restoration,2025-07-19 17:32:483
Nurse_G._struthium,A,-2.095341637405175,-2.095341637405175,1,2,-1,restoration,2025-07-19 17:32:483
H._squamatum,A,-4.815117053178589,-4.815117053178589,1,2,-1,restoration,2025-07-19 17:32:483
S._viscosa,A,-3.5594873785747994,-3.5594873785747994,1,2,-1,restoration,2025-07-19 17:32:483
C._hispanica,A,-4.887025513314894,-4.887025513314894,1,2,-1,restoration,2025-07-19 17:32:483
G._struthium,A,-1.1396555091990537,-1.1396555091990537,1,2,-1,restoration,2025-07-19 17:32:483
S._sediforme,A,-3.8264466262740546,-3.8264466262740546,1,2,-1,restoration,2025-07-19 17:32:483
Other_species,A,-2.6986187843819986,-2.6986187843819986,1,2,-1,restoration,2025-07-19 17:32:483
Nurse_S._viscosa,A,-0.7010955825452391,-0.7010955825452391,1,2,-1,natural,2025-07-19 17:32:483
Nurse_G._struthium,A,-2.1195387113348576,-2.1195387113348576,1,2,-1,natural,2025-07-19 17:32:483
H._squamatum,A,-1.6776767219599513,-1.6776767219599513,1,2,-1,natural,2025-07-19 17:32:483
S._viscosa,A,-2.311535348112113,-2.311535348112113,1,2,-1,natural,2025-07-19 17:32:483
C._hispanica,A,-2.5439455294531705,-2.5439455294531705,1,2,-1,natural,2025-07-19 17:32:483
G._struthium,A,-4.305539631075245,-4.305539631075245,1,2,-1,natural,2025-07-19 17:32:483
S._sediforme,A,-3.0215990421406516,-3.0215990421406516,1,2,-1,natural,2025-07-19 17:32:483
Other_species,A,-0.6437447453227451,-0.6437447453227451,1,2,-1,natural,2025-07-19 17:32:483
Nurse_S._viscosa,A,-4.134962267976539,-4.134962267976539,1,2,-1,restoration,2025-07-19 17:32:473
Nurse_G._struthium,A,-2.3095684322972057,-2.3095684322972057,1,2,-1,restoration,2025-07-19 17:32:473
H._squamatum,A,-5.427365740667044,-5.427365740667044,1,2,-1,restoration,2025-07-19 17:32:473
S._viscosa,A,-4.941826002885549,-4.941826002885549,1,2,-1,restoration,2025-07-19 17:32:473
C._hispanica,A,-4.643417340460418,-4.643417340460418,1,2,-1,restoration,2025-07-19 17:32:473
G._struthium,A,-0.8967947258959273,-0.8967947258959273,1,2,-1,restoration,2025-07-19 17:32:473
S._sediforme,A,-5.302929874004365,-5.302929874004365,1,2,-1,restoration,2025-07-19 17:32:473
Other_species,A,-2.878211890328669,-2.878211890328669,1,2,-1,restoration,2025-07-19 17:32:473
Nurse_S._viscosa,A,-1.0989511294395524,-1.0989511294395524,1,2,-1,natural,2025-07-19 17:32:473
Nurse_G._struthium,A,-2.8037369386430546,-2.8037369386430546,1,2,-1,natural,2025-07-19 17:32:473
H._squamatum,A,-1.773129413204276,-1.773129413204276,1,2,-1,natural,2025-07-19 17:32:473
S._viscosa,A,-2.5768073798883115,-2.5768073798883115,1,2,-1,natural,2025-07-19 17:32:473
C._hispanica,A,-2.668559923328095,-2.668559923328095,1,2,-1,natural,2025-07-19 17:32:473
G._struthium,A,-4.501744096295718,-4.501744096295718,1,2,-1,natural,2025-07-19 17:32:473
S._sediforme,A,-3.390730830894008,-3.390730830894008,1,2,-1,natural,2025-07-19 17:32:473
Other_species,A,-0.9817484899032048,-0.9817484899032048,1,2,-1,natural,2025-07-19 17:32:473
Nurse_S._viscosa,A,-1.637069891034426,-1.637069891034426,1,2,-1,restoration,2025-07-19 17:32:473
Nurse_G._struthium,A,-1.3947204177332806,-1.3947204177332806,1,2,-1,restoration,2025-07-19 17:32:473
H._squamatum,A,-4.7474083019852165,-4.7474083019852165,1,2,-1,restoration,2025-07-19 17:32:473
S._viscosa,A,-3.4507456334047557,-3.4507456334047557,1,2,-1,restoration,2025-07-19 17:32:473
C._hispanica,A,-6.607766827939368,-6.607766827939368,1,2,-1,restoration,2025-07-19 17:32:473
G._struthium,A,-0.6407816644405521,-0.6407816644405521,1,2,-1,restoration,2025-07-19 17:32:473
S._sediforme,A,-4.181355777326358,-4.181355777326358,1,2,-1,restoration,2025-07-19 17:32:473
Other_species,A,-2.283716561030546,-2.283716561030546,1,2,-1,restoration,2025-07-19 17:32:473
Nurse_S._viscosa,A,-0.8221995567730628,-0.8221995567730628,1,2,-1,natural,2025-07-19 17:32:473
Nurse_G._struthium,A,-2.5283914281355444,-2.5283914281355444,1,2,-1,natural,2025-07-19 17:32:473
H._squamatum,A,-1.883512130012107,-1.883512130012107,1,2,-1,natural,2025-07-19 17:32:473
S._viscosa,A,-2.562857005456143,-2.562857005456143,1,2,-1,natural,2025-07-19 17:32:473
C._hispanica,A,-2.505194217938161,-2.505194217938161,1,2,-1,natural,2025-07-19 17:32:473
G._struthium,A,-4.7477917371194485,-4.7477917371194485,1,2,-1,natural,2025-07-19 17:32:473
S._sediforme,A,-2.8739258479692125,-2.8739258479692125,1,2,-1,natural,2025-07-19 17:32:473
Other_species,A,-0.6191930873642258,-0.6191930873642258,1,2,-1,natural,2025-07-19 17:32:473
Nurse_S._viscosa,A,-2.8432562986761143,-2.8432562986761143,1,2,-1,restoration,2025-07-19 17:32:463
Nurse_G._struthium,A,-1.7612544250527915,-1.7612544250527915,1,2,-1,restoration,2025-07-19 17:32:463
H._squamatum,A,-3.8121301787057615,-3.8121301787057615,1,2,-1,restoration,2025-07-19 17:32:463
S._viscosa,A,-4.4532197383839724,-4.4532197383839724,1,2,-1,restoration,2025-07-19 17:32:463
C._hispanica,A,-6.1696371897689195,-6.1696371897689195,1,2,-1,restoration,2025-07-19 17:32:463
G._struthium,A,-1.1292154311662403,-1.1292154311662403,1,2,-1,restoration,2025-07-19 17:32:463
S._sediforme,A,-4.169268019337669,-4.169268019337669,1,2,-1,restoration,2025-07-19 17:32:463
Other_species,A,-3.096802408619915,-3.096802408619915,1,2,-1,restoration,2025-07-19 17:32:463
Nurse_S._viscosa,A,-0.8269997631080173,-0.8269997631080173,1,2,-1,natural,2025-07-19 17:32:463
Nurse_G._struthium,A,-2.617631098088535,-2.617631098088535,1,2,-1,natural,2025-07-19 17:32:463
H._squamatum,A,-1.5018356622533193,-1.5018356622533193,1,2,-1,natural,2025-07-19 17:32:463
S._viscosa,A,-2.308724477756587,-2.308724477756587,1,2,-1,natural,2025-07-19 17:32:463
C._hispanica,A,-2.5012524033333094,-2.5012524033333094,1,2,-1,natural,2025-07-19 17:32:463
G._struthium,A,-4.442834782534578,-4.442834782534578,1,2,-1,natural,2025-07-19 17:32:463
S._sediforme,A,-3.684563052859583,-3.684563052859583,1,2,-1,natural,2025-07-19 17:32:463
Other_species,A,-0.5705622696048953,-0.5705622696048953,1,2,-1,natural,2025-07-19 17:32:463
Nurse_S._viscosa,A,-3.004139889572262,-3.004139889572262,1,2,-1,restoration,2025-07-19 17:32:453
Nurse_G._struthium,A,-1.8958271152396269,-1.8958271152396269,1,2,-1,restoration,2025-07-19 17:32:453
H._squamatum,A,-5.480851002959061,-5.480851002959061,1,2,-1,restoration,2025-07-19 17:32:453
S._viscosa,A,-5.586784459351706,-5.586784459351706,1,2,-1,restoration,2025-07-19 17:32:453
C._hispanica,A,-6.331937992902332,-6.331937992902332,1,2,-1,restoration,2025-07-19 17:32:453
G._struthium,A,-1.2222367416236084,-1.2222367416236084,1,2,-1,restoration,2025-07-19 17:32:453
S._sediforme,A,-3.78025391307104,-3.78025391307104,1,2,-1,restoration,2025-07-19 17:32:453
Other_species,A,-2.8919074832961407,-2.8919074832961407,1,2,-1,restoration,2025-07-19 17:32:453
Nurse_S._viscosa,A,-1.0139762566801287,-1.0139762566801287,1,2,-1,natural,2025-07-19 17:32:453
Nurse_G._struthium,A,-2.495856357481976,-2.495856357481976,1,2,-1,natural,2025-07-19 17:32:453
H._squamatum,A,-1.829681791191165,-1.829681791191165,1,2,-1,natural,2025-07-19 17:32:453
S._viscosa,A,-2.734202416835904,-2.734202416835904,1,2,-1,natural,2025-07-19 17:32:453
C._hispanica,A,-2.279928161366379,-2.279928161366379,1,2,-1,natural,2025-07-19 17:32:453
G._struthium,A,-4.224072341232595,-4.224072341232595,1,2,-1,natural,2025-07-19 17:32:453
S._sediforme,A,-3.4136673171912904,-3.4136673171912904,1,2,-1,natural,2025-07-19 17:32:453
Other_species,A,-0.6872491067759559,-0.6872491067759559,1,2,-1,natural,2025-07-19 17:32:453
Nurse_S._viscosa,A,-2.7730093924631287,-2.7730093924631287,1,2,-1,restoration,2025-07-19 17:32:453
Nurse_G._struthium,A,-1.8897684359083928,-1.8897684359083928,1,2,-1,restoration,2025-07-19 17:32:453
H._squamatum,A,-3.637470705636415,-3.637470705636415,1,2,-1,restoration,2025-07-19 17:32:453
S._viscosa,A,-4.367554877649701,-4.367554877649701,1,2,-1,restoration,2025-07-19 17:32:453
C._hispanica,A,-5.318363729045927,-5.318363729045927,1,2,-1,restoration,2025-07-19 17:32:453
G._struthium,A,-0.7915904019361716,-0.7915904019361716,1,2,-1,restoration,2025-07-19 17:32:453
S._sediforme,A,-4.320288347826035,-4.320288347826035,1,2,-1,restoration,2025-07-19 17:32:453
Other_species,A,-2.4734245100978463,-2.4734245100978463,1,2,-1,restoration,2025-07-19 17:32:453
Nurse_S._viscosa,A,-1.1014835522101885,-1.1014835522101885,1,2,-1,natural,2025-07-19 17:32:453
Nurse_G._struthium,A,-2.490375376247139,-2.490375376247139,1,2,-1,natural,2025-07-19 17:32:453
H._squamatum,A,-1.876180125600771,-1.876180125600771,1,2,-1,natural,2025-07-19 17:32:453
S._viscosa,A,-2.5685305545368853,-2.5685305545368853,1,2,-1,natural,2025-07-19 17:32:453
C._hispanica,A,-2.764939761187946,-2.764939761187946,1,2,-1,natural,2025-07-19 17:32:453
G._struthium,A,-5.089181590498644,-5.089181590498644,1,2,-1,natural,2025-07-19 17:32:453
S._sediforme,A,-3.520218075242314,-3.520218075242314,1,2,-1,natural,2025-07-19 17:32:453
Other_species,A,-0.653262439128051,-0.653262439128051,1,2,-1,natural,2025-07-19 17:32:453
Nurse_S._viscosa,A,-3.6532061932993547,-3.6532061932993547,1,2,-1,restoration,2025-07-19 17:32:443
Nurse_G._struthium,A,-1.9865863132818202,-1.9865863132818202,1,2,-1,restoration,2025-07-19 17:32:443
H._squamatum,A,-4.062971980923733,-4.062971980923733,1,2,-1,restoration,2025-07-19 17:32:443
S._viscosa,A,-3.9767258991640535,-3.9767258991640535,1,2,-1,restoration,2025-07-19 17:32:443
C._hispanica,A,-5.095499260017042,-5.095499260017042,1,2,-1,restoration,2025-07-19 17:32:443
G._struthium,A,-0.7492643229641822,-0.7492643229641822,1,2,-1,restoration,2025-07-19 17:32:443
S._sediforme,A,-4.190670053504769,-4.190670053504769,1,2,-1,restoration,2025-07-19 17:32:443
Other_species,A,-2.741131109510013,-2.741131109510013,1,2,-1,restoration,2025-07-19 17:32:443
Nurse_S._viscosa,A,-1.056185851148671,-1.056185851148671,1,2,-1,natural,2025-07-19 17:32:443
Nurse_G._struthium,A,-2.703046626320498,-2.703046626320498,1,2,-1,natural,2025-07-19 17:32:443
H._squamatum,A,-1.6003505725991576,-1.6003505725991576,1,2,-1,natural,2025-07-19 17:32:443
S._viscosa,A,-2.4837572256560807,-2.4837572256560807,1,2,-1,natural,2025-07-19 17:32:443
C._hispanica,A,-2.595087036432125,-2.595087036432125,1,2,-1,natural,2025-07-19 17:32:443
G._struthium,A,-5.095195341020962,-5.095195341020962,1,2,-1,natural,2025-07-19 17:32:443
S._sediforme,A,-3.597638013949164,-3.597638013949164,1,2,-1,natural,2025-07-19 17:32:443
Other_species,A,-0.9169532420041936,-0.9169532420041936,1,2,-1,natural,2025-07-19 17:32:443
Nurse_S._viscosa,A,-2.607046814419335,-2.607046814419335,1,2,-1,restoration,2025-07-19 17:32:443
Nurse_G._struthium,A,-1.9641625720429148,-1.9641625720429148,1,2,-1,restoration,2025-07-19 17:32:443
H._squamatum,A,-3.9565266131683128,-3.9565266131683128,1,2,-1,restoration,2025-07-19 17:32:443
S._viscosa,A,-3.4795960396674857,-3.4795960396674857,1,2,-1,restoration,2025-07-19 17:32:443
C._hispanica,A,-7.3754934401959,-7.3754934401959,1,2,-1,restoration,2025-07-19 17:32:443
G._struthium,A,-1.0655221712650984,-1.0655221712650984,1,2,-1,restoration,2025-07-19 17:32:443
S._sediforme,A,-3.274779834971146,-3.274779834971146,1,2,-1,restoration,2025-07-19 17:32:443
Other_species,A,-2.8383009087866684,-2.8383009087866684,1,2,-1,restoration,2025-07-19 17:32:443
Nurse_S._viscosa,A,-1.0100314267279786,-1.0100314267279786,1,2,-1,natural,2025-07-19 17:32:443
Nurse_G._struthium,A,-2.6306092357132633,-2.6306092357132633,1,2,-1,natural,2025-07-19 17:32:443
H._squamatum,A,-1.703221730848124,-1.703221730848124,1,2,-1,natural,2025-07-19 17:32:443
S._viscosa,A,-2.695606791518058,-2.695606791518058,1,2,-1,natural,2025-07-19 17:32:443
C._hispanica,A,-2.684807590629602,-2.684807590629602,1,2,-1,natural,2025-07-19 17:32:443
G._struthium,A,-5.600545120498845,-5.600545120498845,1,2,-1,natural,2025-07-19 17:32:443
S._sediforme,A,-3.7476256343302423,-3.7476256343302423,1,2,-1,natural,2025-07-19 17:32:443
Other_species,A,-0.9095823435201161,-0.9095823435201161,1,2,-1,natural,2025-07-19 17:32:443
Nurse_S._viscosa,A,-2.9387226417210535,-2.9387226417210535,1,2,-1,restoration,2025-07-19 17:32:433
Nurse_G._struthium,A,-2.034089361624634,-2.034089361624634,1,2,-1,restoration,2025-07-19 17:32:433
H._squamatum,A,-3.652124569367364,-3.652124569367364,1,2,-1,restoration,2025-07-19 17:32:433
S._viscosa,A,-4.773071765874119,-4.773071765874119,1,2,-1,restoration,2025-07-19 17:32:433
C._hispanica,A,-6.182638763713592,-6.182638763713592,1,2,-1,restoration,2025-07-19 17:32:433
G._struthium,A,-0.9437897090458601,-0.9437897090458601,1,2,-1,restoration,2025-07-19 17:32:433
S._sediforme,A,-3.8020258931676274,-3.8020258931676274,1,2,-1,restoration,2025-07-19 17:32:433
Other_species,A,-2.6362802481591587,-2.6362802481591587,1,2,-1,restoration,2025-07-19 17:32:433
Nurse_S._viscosa,A,-0.8629799366582059,-0.8629799366582059,1,2,-1,natural,2025-07-19 17:32:433
Nurse_G._struthium,A,-2.411212897179414,-2.411212897179414,1,2,-1,natural,2025-07-19 17:32:433
H._squamatum,A,-1.4809783998759347,-1.4809783998759347,1,2,-1,natural,2025-07-19 17:32:433
S._viscosa,A,-3.1214323356511717,-3.1214323356511717,1,2,-1,natural,2025-07-19 17:32:433
C._hispanica,A,-2.6572511034628086,-2.6572511034628086,1,2,-1,natural,2025-07-19 17:32:433
G._struthium,A,-4.165088535578893,-4.165088535578893,1,2,-1,natural,2025-07-19 17:32:433
S._sediforme,A,-3.7020600764806537,-3.7020600764806537,1,2,-1,natural,2025-07-19 17:32:433
Other_species,A,-0.56522117361101,-0.56522117361101,1,2,-1,natural,2025-07-19 17:32:433
Nurse_S._viscosa,A,-3.5213991769442736,-3.5213991769442736,1,2,-1,restoration,2025-07-19 17:32:423
Nurse_G._struthium,A,-1.9263661907152159,-1.9263661907152159,1,2,-1,restoration,2025-07-19 17:32:423
H._squamatum,A,-4.067082506806482,-4.067082506806482,1,2,-1,restoration,2025-07-19 17:32:423
S._viscosa,A,-4.439433862082248,-4.439433862082248,1,2,-1,restoration,2025-07-19 17:32:423
C._hispanica,A,-5.642508368876976,-5.642508368876976,1,2,-1,restoration,2025-07-19 17:32:423
G._struthium,A,-1.0928003011520742,-1.0928003011520742,1,2,-1,restoration,2025-07-19 17:32:423
S._sediforme,A,-4.249961382714301,-4.249961382714301,1,2,-1,restoration,2025-07-19 17:32:423
Other_species,A,-2.523687189117017,-2.523687189117017,1,2,-1,restoration,2025-07-19 17:32:423
Nurse_S._viscosa,A,-1.096315787066147,-1.096315787066147,1,2,-1,natural,2025-07-19 17:32:423
Nurse_G._struthium,A,-2.146385462658315,-2.146385462658315,1,2,-1,natural,2025-07-19 17:32:423
H._squamatum,A,-1.940342708214525,-1.940342708214525,1,2,-1,natural,2025-07-19 17:32:423
S._viscosa,A,-2.667661633198209,-2.667661633198209,1,2,-1,natural,2025-07-19 17:32:423
C._hispanica,A,-2.596857127612382,-2.596857127612382,1,2,-1,natural,2025-07-19 17:32:423
G._struthium,A,-5.161736662294327,-5.161736662294327,1,2,-1,natural,2025-07-19 17:32:423
S._sediforme,A,-3.4070900097430106,-3.4070900097430106,1,2,-1,natural,2025-07-19 17:32:423
Other_species,A,-0.7893445315823437,-0.7893445315823437,1,2,-1,natural,2025-07-19 17:32:423
Nurse_S._viscosa,A,-3.913117950080642,-3.913117950080642,1,2,-1,restoration,2025-07-19 17:32:423
Nurse_G._struthium,A,-2.717105144204928,-2.717105144204928,1,2,-1,restoration,2025-07-19 17:32:423
H._squamatum,A,-4.034808431473623,-4.034808431473623,1,2,-1,restoration,2025-07-19 17:32:423
S._viscosa,A,-4.352001298334326,-4.352001298334326,1,2,-1,restoration,2025-07-19 17:32:423
C._hispanica,A,-5.05410241728259,-5.05410241728259,1,2,-1,restoration,2025-07-19 17:32:423
G._struthium,A,-1.2362999188465766,-1.2362999188465766,1,2,-1,restoration,2025-07-19 17:32:423
S._sediforme,A,-3.3976657560569117,-3.3976657560569117,1,2,-1,restoration,2025-07-19 17:32:423
Other_species,A,-3.5996988883515266,-3.5996988883515266,1,2,-1,restoration,2025-07-19 17:32:423
Nurse_S._viscosa,A,-0.914738360245029,-0.914738360245029,1,2,-1,natural,2025-07-19 17:32:423
Nurse_G._struthium,A,-2.4947804840902497,-2.4947804840902497,1,2,-1,natural,2025-07-19 17:32:423
H._squamatum,A,-1.5380734898152186,-1.5380734898152186,1,2,-1,natural,2025-07-19 17:32:423
S._viscosa,A,-2.4126226101894983,-2.4126226101894983,1,2,-1,natural,2025-07-19 17:32:423
C._hispanica,A,-2.338748036769356,-2.338748036769356,1,2,-1,natural,2025-07-19 17:32:423
G._struthium,A,-4.7568933683019905,-4.7568933683019905,1,2,-1,natural,2025-07-19 17:32:423
S._sediforme,A,-3.408287346884666,-3.408287346884666,1,2,-1,natural,2025-07-19 17:32:423
Other_species,A,-0.7047223084429476,-0.7047223084429476,1,2,-1,natural,2025-07-19 17:32:423
Nurse_S._viscosa,A,-2.4574430707106862,-2.4574430707106862,1,2,-1,restoration,2025-07-19 17:32:413
Nurse_G._struthium,A,-2.0956944966063915,-2.0956944966063915,1,2,-1,restoration,2025-07-19 17:32:413
H._squamatum,A,-5.414794041299639,-5.414794041299639,1,2,-1,restoration,2025-07-19 17:32:413
S._viscosa,A,-3.889596460345391,-3.889596460345391,1,2,-1,restoration,2025-07-19 17:32:413
C._hispanica,A,-5.791538643934178,-5.791538643934178,1,2,-1,restoration,2025-07-19 17:32:413
G._struthium,A,-1.1217016437713394,-1.1217016437713394,1,2,-1,restoration,2025-07-19 17:32:413
S._sediforme,A,-3.484507969385248,-3.484507969385248,1,2,-1,restoration,2025-07-19 17:32:413
Other_species,A,-2.672445205857813,-2.672445205857813,1,2,-1,restoration,2025-07-19 17:32:413
Nurse_S._viscosa,A,-0.9466370891414637,-0.9466370891414637,1,2,-1,natural,2025-07-19 17:32:413
Nurse_G._struthium,A,-2.3667829073445925,-2.3667829073445925,1,2,-1,natural,2025-07-19 17:32:413
H._squamatum,A,-1.6895001017499272,-1.6895001017499272,1,2,-1,natural,2025-07-19 17:32:413
S._viscosa,A,-2.3820399965940964,-2.3820399965940964,1,2,-1,natural,2025-07-19 17:32:413
C._hispanica,A,-2.2766959678023397,-2.2766959678023397,1,2,-1,natural,2025-07-19 17:32:413
G._struthium,A,-4.191527147323379,-4.191527147323379,1,2,-1,natural,2025-07-19 17:32:413
S._sediforme,A,-3.6166528782753793,-3.6166528782753793,1,2,-1,natural,2025-07-19 17:32:413
Other_species,A,-0.5146290731031159,-0.5146290731031159,1,2,-1,natural,2025-07-19 17:32:413
Nurse_S._viscosa,A,-3.0080081285987097,-3.0080081285987097,1,2,-1,restoration,2025-07-19 17:32:413
Nurse_G._struthium,A,-2.100934493420405,-2.100934493420405,1,2,-1,restoration,2025-07-19 17:32:413
H._squamatum,A,-3.4773785474997356,-3.4773785474997356,1,2,-1,restoration,2025-07-19 17:32:413
S._viscosa,A,-3.578184437687873,-3.578184437687873,1,2,-1,restoration,2025-07-19 17:32:413
C._hispanica,A,-6.904139745869965,-6.904139745869965,1,2,-1,restoration,2025-07-19 17:32:413
G._struthium,A,-0.8530021010120794,-0.8530021010120794,1,2,-1,restoration,2025-07-19 17:32:413
S._sediforme,A,-4.009508691065144,-4.009508691065144,1,2,-1,restoration,2025-07-19 17:32:413
Other_species,A,-2.4385437508492065,-2.4385437508492065,1,2,-1,restoration,2025-07-19 17:32:413
Nurse_S._viscosa,A,-0.9363086161154528,-0.9363086161154528,1,2,-1,natural,2025-07-19 17:32:413
Nurse_G._struthium,A,-2.692262436112828,-2.692262436112828,1,2,-1,natural,2025-07-19 17:32:413
H._squamatum,A,-1.602749748348146,-1.602749748348146,1,2,-1,natural,2025-07-19 17:32:413
S._viscosa,A,-2.5452969874991624,-2.5452969874991624,1,2,-1,natural,2025-07-19 17:32:413
C._hispanica,A,-2.397512035519553,-2.397512035519553,1,2,-1,natural,2025-07-19 17:32:413
G._struthium,A,-5.1167118849157065,-5.1167118849157065,1,2,-1,natural,2025-07-19 17:32:413
S._sediforme,A,-3.596175113049232,-3.596175113049232,1,2,-1,natural,2025-07-19 17:32:413
Other_species,A,-0.7146942272061467,-0.7146942272061467,1,2,-1,natural,2025-07-19 17:32:413
Nurse_S._viscosa,A,-2.8813461365273705,-2.8813461365273705,1,2,-1,restoration,2025-07-19 17:32:403
Nurse_G._struthium,A,-1.3654873207809615,-1.3654873207809615,1,2,-1,restoration,2025-07-19 17:32:403
H._squamatum,A,-3.8782369060035013,-3.8782369060035013,1,2,-1,restoration,2025-07-19 17:32:403
S._viscosa,A,-4.941451814034832,-4.941451814034832,1,2,-1,restoration,2025-07-19 17:32:403
C._hispanica,A,-5.584287150759675,-5.584287150759675,1,2,-1,restoration,2025-07-19 17:32:403
G._struthium,A,-0.06762306632403114,-0.06762306632403114,1,2,-1,restoration,2025-07-19 17:32:403
S._sediforme,A,-3.830361800187779,-3.830361800187779,1,2,-1,restoration,2025-07-19 17:32:403
Other_species,A,-2.388000543750716,-2.388000543750716,1,2,-1,restoration,2025-07-19 17:32:403
Nurse_S._viscosa,A,-1.0252247591486456,-1.0252247591486456,1,2,-1,natural,2025-07-19 17:32:403
Nurse_G._struthium,A,-2.312323557870583,-2.312323557870583,1,2,-1,natural,2025-07-19 17:32:403
H._squamatum,A,-1.7457622554005279,-1.7457622554005279,1,2,-1,natural,2025-07-19 17:32:403
S._viscosa,A,-2.804422377737003,-2.804422377737003,1,2,-1,natural,2025-07-19 17:32:403
C._hispanica,A,-2.682932562134339,-2.682932562134339,1,2,-1,natural,2025-07-19 17:32:403
G._struthium,A,-4.433435845280641,-4.433435845280641,1,2,-1,natural,2025-07-19 17:32:403
S._sediforme,A,-3.6291802117343774,-3.6291802117343774,1,2,-1,natural,2025-07-19 17:32:403
Other_species,A,-0.5469233817430205,-0.5469233817430205,1,2,-1,natural,2025-07-19 17:32:403
Nurse_S._viscosa,A,-1.9597687803462547,-1.9597687803462547,1,2,-1,restoration,2025-07-19 17:32:403
Nurse_G._struthium,A,-1.4493545625547115,-1.4493545625547115,1,2,-1,restoration,2025-07-19 17:32:403
H._squamatum,A,-4.3742343707272,-4.3742343707272,1,2,-1,restoration,2025-07-19 17:32:403
S._viscosa,A,-3.8945537946489783,-3.8945537946489783,1,2,-1,restoration,2025-07-19 17:32:403
C._hispanica,A,-6.5495474583756,-6.5495474583756,1,2,-1,restoration,2025-07-19 17:32:403
G._struthium,A,-0.3877661592665756,-0.3877661592665756,1,2,-1,restoration,2025-07-19 17:32:403
S._sediforme,A,-3.5619153424822114,-3.5619153424822114,1,2,-1,restoration,2025-07-19 17:32:403
Other_species,A,-2.253695472177988,-2.253695472177988,1,2,-1,restoration,2025-07-19 17:32:403
Nurse_S._viscosa,A,-1.192557451358442,-1.192557451358442,1,2,-1,natural,2025-07-19 17:32:403
Nurse_G._struthium,A,-2.315089286301647,-2.315089286301647,1,2,-1,natural,2025-07-19 17:32:403
H._squamatum,A,-1.9129238810850244,-1.9129238810850244,1,2,-1,natural,2025-07-19 17:32:403
S._viscosa,A,-2.406901049342315,-2.406901049342315,1,2,-1,natural,2025-07-19 17:32:403
C._hispanica,A,-2.761641674151396,-2.761641674151396,1,2,-1,natural,2025-07-19 17:32:403
G._struthium,A,-4.382821047774651,-4.382821047774651,1,2,-1,natural,2025-07-19 17:32:403
S._sediforme,A,-3.8774790001067347,-3.8774790001067347,1,2,-1,natural,2025-07-19 17:32:403
Other_species,A,-0.6848689649022752,-0.6848689649022752,1,2,-1,natural,2025-07-19 17:32:403
Nurse_S._viscosa,A,-2.9224504514479617,-2.9224504514479617,1,2,-1,restoration,2025-07-19 17:32:393
Nurse_G._struthium,A,-1.8163869939329549,-1.8163869939329549,1,2,-1,restoration,2025-07-19 17:32:393
H._squamatum,A,-5.14427970580059,-5.14427970580059,1,2,-1,restoration,2025-07-19 17:32:393
S._viscosa,A,-3.910376130561491,-3.910376130561491,1,2,-1,restoration,2025-07-19 17:32:393
C._hispanica,A,-4.502141374877278,-4.502141374877278,1,2,-1,restoration,2025-07-19 17:32:393
G._struthium,A,-1.2739597603981854,-1.2739597603981854,1,2,-1,restoration,2025-07-19 17:32:393
S._sediforme,A,-4.160382475729709,-4.160382475729709,1,2,-1,restoration,2025-07-19 17:32:393
Other_species,A,-3.01657884516905,-3.01657884516905,1,2,-1,restoration,2025-07-19 17:32:393
Nurse_S._viscosa,A,-0.9309899402896855,-0.9309899402896855,1,2,-1,natural,2025-07-19 17:32:393
Nurse_G._struthium,A,-2.512578893866319,-2.512578893866319,1,2,-1,natural,2025-07-19 17:32:393
H._squamatum,A,-1.843317160901961,-1.843317160901961,1,2,-1,natural,2025-07-19 17:32:393
S._viscosa,A,-2.3874315548807763,-2.3874315548807763,1,2,-1,natural,2025-07-19 17:32:393
C._hispanica,A,-2.558321871507025,-2.558321871507025,1,2,-1,natural,2025-07-19 17:32:393
G._struthium,A,-3.736775089093569,-3.736775089093569,1,2,-1,natural,2025-07-19 17:32:393
S._sediforme,A,-3.107623347708544,-3.107623347708544,1,2,-1,natural,2025-07-19 17:32:393
Other_species,A,-0.7403422378632232,-0.7403422378632232,1,2,-1,natural,2025-07-19 17:32:393
Nurse_S._viscosa,A,-3.27559040582981,-3.27559040582981,1,2,-1,restoration,2025-07-19 17:32:393
Nurse_G._struthium,A,-1.566056277647777,-1.566056277647777,1,2,-1,restoration,2025-07-19 17:32:393
H._squamatum,A,-4.9626669244879755,-4.9626669244879755,1,2,-1,restoration,2025-07-19 17:32:393
S._viscosa,A,-4.52256214663983,-4.52256214663983,1,2,-1,restoration,2025-07-19 17:32:393
C._hispanica,A,-8.197961249083228,-8.197961249083228,1,2,-1,restoration,2025-07-19 17:32:393
G._struthium,A,-0.9057259732810431,-0.9057259732810431,1,2,-1,restoration,2025-07-19 17:32:393
S._sediforme,A,-4.09695288276008,-4.09695288276008,1,2,-1,restoration,2025-07-19 17:32:393
Other_species,A,-2.2921342479692624,-2.2921342479692624,1,2,-1,restoration,2025-07-19 17:32:393
Nurse_S._viscosa,A,-0.8891919136779446,-0.8891919136779446,1,2,-1,natural,2025-07-19 17:32:393
Nurse_G._struthium,A,-2.398230250086992,-2.398230250086992,1,2,-1,natural,2025-07-19 17:32:393
H._squamatum,A,-1.6739323956791226,-1.6739323956791226,1,2,-1,natural,2025-07-19 17:32:393
S._viscosa,A,-2.477830090973321,-2.477830090973321,1,2,-1,natural,2025-07-19 17:32:393
C._hispanica,A,-2.49986182026698,-2.49986182026698,1,2,-1,natural,2025-07-19 17:32:393
G._struthium,A,-5.355834407549384,-5.355834407549384,1,2,-1,natural,2025-07-19 17:32:393
S._sediforme,A,-3.096214367599713,-3.096214367599713,1,2,-1,natural,2025-07-19 17:32:393
Other_species,A,-0.696224691487783,-0.696224691487783,1,2,-1,natural,2025-07-19 17:32:393
Nurse_S._viscosa,A,-2.569657514434322,-2.569657514434322,1,2,-1,restoration,2025-07-19 17:32:383
Nurse_G._struthium,A,-1.5012138363235688,-1.5012138363235688,1,2,-1,restoration,2025-07-19 17:32:383
H._squamatum,A,-5.082545073815448,-5.082545073815448,1,2,-1,restoration,2025-07-19 17:32:383
S._viscosa,A,-3.983091556765127,-3.983091556765127,1,2,-1,restoration,2025-07-19 17:32:383
C._hispanica,A,-5.526060691180683,-5.526060691180683,1,2,-1,restoration,2025-07-19 17:32:383
G._struthium,A,-0.45915146799876533,-0.45915146799876533,1,2,-1,restoration,2025-07-19 17:32:383
S._sediforme,A,-4.43070922475654,-4.43070922475654,1,2,-1,restoration,2025-07-19 17:32:383
Other_species,A,-2.209786596598807,-2.209786596598807,1,2,-1,restoration,2025-07-19 17:32:383
Nurse_S._viscosa,A,-0.7501372838547214,-0.7501372838547214,1,2,-1,natural,2025-07-19 17:32:383
Nurse_G._struthium,A,-2.394207363651868,-2.394207363651868,1,2,-1,natural,2025-07-19 17:32:383
H._squamatum,A,-1.3587092243124523,-1.3587092243124523,1,2,-1,natural,2025-07-19 17:32:383
S._viscosa,A,-2.4956805087380025,-2.4956805087380025,1,2,-1,natural,2025-07-19 17:32:383
C._hispanica,A,-2.7662438323763694,-2.7662438323763694,1,2,-1,natural,2025-07-19 17:32:383
G._struthium,A,-4.29178057373799,-4.29178057373799,1,2,-1,natural,2025-07-19 17:32:383
S._sediforme,A,-3.1982639467717533,-3.1982639467717533,1,2,-1,natural,2025-07-19 17:32:383
Other_species,A,-0.5573800832594324,-0.5573800832594324,1,2,-1,natural,2025-07-19 17:32:383
Nurse_S._viscosa,A,-2.991882192900075,-2.991882192900075,1,2,-1,restoration,2025-07-19 17:32:383
Nurse_G._struthium,A,-2.1796026325887934,-2.1796026325887934,1,2,-1,restoration,2025-07-19 17:32:383
H._squamatum,A,-4.248830930500738,-4.248830930500738,1,2,-1,restoration,2025-07-19 17:32:383
S._viscosa,A,-3.9973229631952556,-3.9973229631952556,1,2,-1,restoration,2025-07-19 17:32:383
C._hispanica,A,-6.023733907191619,-6.023733907191619,1,2,-1,restoration,2025-07-19 17:32:383
G._struthium,A,-1.4586283316583928,-1.4586283316583928,1,2,-1,restoration,2025-07-19 17:32:383
S._sediforme,A,-3.3935634048052687,-3.3935634048052687,1,2,-1,restoration,2025-07-19 17:32:383
Other_species,A,-3.3795780715086625,-3.3795780715086625,1,2,-1,restoration,2025-07-19 17:32:383
Nurse_S._viscosa,A,-1.1756449818620918,-1.1756449818620918,1,2,-1,natural,2025-07-19 17:32:383
Nurse_G._struthium,A,-2.752983464540104,-2.752983464540104,1,2,-1,natural,2025-07-19 17:32:383
H._squamatum,A,-1.666529490675533,-1.666529490675533,1,2,-1,natural,2025-07-19 17:32:383
S._viscosa,A,-2.7046597572653055,-2.7046597572653055,1,2,-1,natural,2025-07-19 17:32:383
C._hispanica,A,-2.625184289945167,-2.625184289945167,1,2,-1,natural,2025-07-19 17:32:383
G._struthium,A,-4.036418399148386,-4.036418399148386,1,2,-1,natural,2025-07-19 17:32:383
S._sediforme,A,-3.6049662999488064,-3.6049662999488064,1,2,-1,natural,2025-07-19 17:32:383
Other_species,A,-0.6046425818674489,-0.6046425818674489,1,2,-1,natural,2025-07-19 17:32:383
Nurse_S._viscosa,A,-2.501099737580251,-2.501099737580251,1,2,-1,restoration,2025-07-19 17:32:373
Nurse_G._struthium,A,-1.3199926818511438,-1.3199926818511438,1,2,-1,restoration,2025-07-19 17:32:373
H._squamatum,A,-4.5182633487212405,-4.5182633487212405,1,2,-1,restoration,2025-07-19 17:32:373
S._viscosa,A,-3.5445010786339632,-3.5445010786339632,1,2,-1,restoration,2025-07-19 17:32:373
C._hispanica,A,-8.032180183840333,-8.032180183840333,1,2,-1,restoration,2025-07-19 17:32:373
G._struthium,A,-0.49299491038444343,-0.49299491038444343,1,2,-1,restoration,2025-07-19 17:32:373
S._sediforme,A,-3.03642181245499,-3.03642181245499,1,2,-1,restoration,2025-07-19 17:32:373
Other_species,A,-2.098038951544151,-2.098038951544151,1,2,-1,restoration,2025-07-19 17:32:373
Nurse_S._viscosa,A,-0.9920901242926337,-0.9920901242926337,1,2,-1,natural,2025-07-19 17:32:373
Nurse_G._struthium,A,-2.5930755301773822,-2.5930755301773822,1,2,-1,natural,2025-07-19 17:32:373
H._squamatum,A,-1.7112052559398023,-1.7112052559398023,1,2,-1,natural,2025-07-19 17:32:373
S._viscosa,A,-2.588021236400852,-2.588021236400852,1,2,-1,natural,2025-07-19 17:32:373
C._hispanica,A,-2.638489506236139,-2.638489506236139,1,2,-1,natural,2025-07-19 17:32:373
G._struthium,A,-4.526456586044054,-4.526456586044054,1,2,-1,natural,2025-07-19 17:32:373
S._sediforme,A,-3.8108188951664266,-3.8108188951664266,1,2,-1,natural,2025-07-19 17:32:373
Other_species,A,-0.767941269152697,-0.767941269152697,1,2,-1,natural,2025-07-19 17:32:373
Nurse_S._viscosa,A,-3.059324936625419,-3.059324936625419,1,2,-1,restoration,2025-07-19 17:32:363
Nurse_G._struthium,A,-2.2410454553602612,-2.2410454553602612,1,2,-1,restoration,2025-07-19 17:32:363
H._squamatum,A,-4.510042171285106,-4.510042171285106,1,2,-1,restoration,2025-07-19 17:32:363
S._viscosa,A,-5.81231302395108,-5.81231302395108,1,2,-1,restoration,2025-07-19 17:32:363
C._hispanica,A,-4.231613305376804,-4.231613305376804,1,2,-1,restoration,2025-07-19 17:32:363
G._struthium,A,-0.9138485957855027,-0.9138485957855027,1,2,-1,restoration,2025-07-19 17:32:363
S._sediforme,A,-3.8786949367806978,-3.8786949367806978,1,2,-1,restoration,2025-07-19 17:32:363
Other_species,A,-3.1645886252471267,-3.1645886252471267,1,2,-1,restoration,2025-07-19 17:32:363
Nurse_S._viscosa,A,-0.9784309083690681,-0.9784309083690681,1,2,-1,natural,2025-07-19 17:32:363
Nurse_G._struthium,A,-2.2221904965539574,-2.2221904965539574,1,2,-1,natural,2025-07-19 17:32:363
H._squamatum,A,-1.5748443096042732,-1.5748443096042732,1,2,-1,natural,2025-07-19 17:32:363
S._viscosa,A,-2.540811826377593,-2.540811826377593,1,2,-1,natural,2025-07-19 17:32:363
C._hispanica,A,-2.8001013253202856,-2.8001013253202856,1,2,-1,natural,2025-07-19 17:32:363
G._struthium,A,-4.941662701851785,-4.941662701851785,1,2,-1,natural,2025-07-19 17:32:363
S._sediforme,A,-3.118923239586274,-3.118923239586274,1,2,-1,natural,2025-07-19 17:32:363
Other_species,A,-0.6700450793931476,-0.6700450793931476,1,2,-1,natural,2025-07-19 17:32:363
Nurse_S._viscosa,A,-3.6183489680520835,-3.6183489680520835,1,2,-1,restoration,2025-07-19 17:32:363
Nurse_G._struthium,A,-1.530779233341223,-1.530779233341223,1,2,-1,restoration,2025-07-19 17:32:363
H._squamatum,A,-3.967705986805857,-3.967705986805857,1,2,-1,restoration,2025-07-19 17:32:363
S._viscosa,A,-4.574108380904231,-4.574108380904231,1,2,-1,restoration,2025-07-19 17:32:363
C._hispanica,A,-4.784874854183396,-4.784874854183396,1,2,-1,restoration,2025-07-19 17:32:363
G._struthium,A,-0.42011942336303226,-0.42011942336303226,1,2,-1,restoration,2025-07-19 17:32:363
S._sediforme,A,-3.9098520070412452,-3.9098520070412452,1,2,-1,restoration,2025-07-19 17:32:363
Other_species,A,-2.179271244526316,-2.179271244526316,1,2,-1,restoration,2025-07-19 17:32:363
Nurse_S._viscosa,A,-0.7667961419834125,-0.7667961419834125,1,2,-1,natural,2025-07-19 17:32:363
Nurse_G._struthium,A,-2.4558316050076225,-2.4558316050076225,1,2,-1,natural,2025-07-19 17:32:363
H._squamatum,A,-1.754791503726387,-1.754791503726387,1,2,-1,natural,2025-07-19 17:32:363
S._viscosa,A,-2.517057823535115,-2.517057823535115,1,2,-1,natural,2025-07-19 17:32:363
C._hispanica,A,-2.5075035691480148,-2.5075035691480148,1,2,-1,natural,2025-07-19 17:32:363
G._struthium,A,-4.6224549729528555,-4.6224549729528555,1,2,-1,natural,2025-07-19 17:32:363
S._sediforme,A,-3.504080687360723,-3.504080687360723,1,2,-1,natural,2025-07-19 17:32:363
Other_species,A,-0.6749552670559129,-0.6749552670559129,1,2,-1,natural,2025-07-19 17:32:363
Nurse_S._viscosa,A,-3.301574419597872,-3.301574419597872,1,2,-1,restoration,2025-07-19 17:32:353
Nurse_G._struthium,A,-1.773430092057343,-1.773430092057343,1,2,-1,restoration,2025-07-19 17:32:353
H._squamatum,A,-4.06109575307166,-4.06109575307166,1,2,-1,restoration,2025-07-19 17:32:353
S._viscosa,A,-5.055374075027546,-5.055374075027546,1,2,-1,restoration,2025-07-19 17:32:353
C._hispanica,A,-7.744400117888691,-7.744400117888691,1,2,-1,restoration,2025-07-19 17:32:353
G._struthium,A,-1.0003769491485517,-1.0003769491485517,1,2,-1,restoration,2025-07-19 17:32:353
S._sediforme,A,-4.818593307677801,-4.818593307677801,1,2,-1,restoration,2025-07-19 17:32:353
Other_species,A,-2.7786566160647563,-2.7786566160647563,1,2,-1,restoration,2025-07-19 17:32:353
Nurse_S._viscosa,A,-0.9915662625030435,-0.9915662625030435,1,2,-1,natural,2025-07-19 17:32:353
Nurse_G._struthium,A,-2.971122935553669,-2.971122935553669,1,2,-1,natural,2025-07-19 17:32:353
H._squamatum,A,-1.7879872542561897,-1.7879872542561897,1,2,-1,natural,2025-07-19 17:32:353
S._viscosa,A,-2.543313904889689,-2.543313904889689,1,2,-1,natural,2025-07-19 17:32:353
C._hispanica,A,-2.695974981984151,-2.695974981984151,1,2,-1,natural,2025-07-19 17:32:353
G._struthium,A,-4.212767451769146,-4.212767451769146,1,2,-1,natural,2025-07-19 17:32:353
S._sediforme,A,-3.8086059181948144,-3.8086059181948144,1,2,-1,natural,2025-07-19 17:32:353
Other_species,A,-0.601233907294114,-0.601233907294114,1,2,-1,natural,2025-07-19 17:32:353
Nurse_S._viscosa,A,-3.0973831082255803,-3.0973831082255803,1,2,-1,restoration,2025-07-19 17:32:353
Nurse_G._struthium,A,-1.9006200011026717,-1.9006200011026717,1,2,-1,restoration,2025-07-19 17:32:353
H._squamatum,A,-4.439793161019182,-4.439793161019182,1,2,-1,restoration,2025-07-19 17:32:353
S._viscosa,A,-4.245286657022269,-4.245286657022269,1,2,-1,restoration,2025-07-19 17:32:353
C._hispanica,A,-6.8454595998035215,-6.8454595998035215,1,2,-1,restoration,2025-07-19 17:32:353
G._struthium,A,-0.8196364423623711,-0.8196364423623711,1,2,-1,restoration,2025-07-19 17:32:353
S._sediforme,A,-3.8614412559669606,-3.8614412559669606,1,2,-1,restoration,2025-07-19 17:32:353
Other_species,A,-2.2493656577171346,-2.2493656577171346,1,2,-1,restoration,2025-07-19 17:32:353
Nurse_S._viscosa,A,-0.7521411926386892,-0.7521411926386892,1,2,-1,natural,2025-07-19 17:32:353
Nurse_G._struthium,A,-2.343520609491464,-2.343520609491464,1,2,-1,natural,2025-07-19 17:32:353
H._squamatum,A,-1.5858217723451509,-1.5858217723451509,1,2,-1,natural,2025-07-19 17:32:353
S._viscosa,A,-2.4283189049133087,-2.4283189049133087,1,2,-1,natural,2025-07-19 17:32:353
C._hispanica,A,-2.4821327641719795,-2.4821327641719795,1,2,-1,natural,2025-07-19 17:32:353
G._struthium,A,-3.8171975961670572,-3.8171975961670572,1,2,-1,natural,2025-07-19 17:32:353
S._sediforme,A,-2.988712151232853,-2.988712151232853,1,2,-1,natural,2025-07-19 17:32:353
Other_species,A,-0.528012722057989,-0.528012722057989,1,2,-1,natural,2025-07-19 17:32:353
Nurse_S._viscosa,A,-3.173538735912792,-3.173538735912792,1,2,-1,restoration,2025-07-19 17:32:343
Nurse_G._struthium,A,-2.4613025556320047,-2.4613025556320047,1,2,-1,restoration,2025-07-19 17:32:343
H._squamatum,A,-3.799219020369963,-3.799219020369963,1,2,-1,restoration,2025-07-19 17:32:343
S._viscosa,A,-5.6874947382196055,-5.6874947382196055,1,2,-1,restoration,2025-07-19 17:32:343
C._hispanica,A,-6.13758828340845,-6.13758828340845,1,2,-1,restoration,2025-07-19 17:32:343
G._struthium,A,-0.66296871577042,-0.66296871577042,1,2,-1,restoration,2025-07-19 17:32:343
S._sediforme,A,-3.8915837885407667,-3.8915837885407667,1,2,-1,restoration,2025-07-19 17:32:343
Other_species,A,-2.5691439454346257,-2.5691439454346257,1,2,-1,restoration,2025-07-19 17:32:343
Nurse_S._viscosa,A,-1.0171109225434818,-1.0171109225434818,1,2,-1,natural,2025-07-19 17:32:343
Nurse_G._struthium,A,-2.146200063290396,-2.146200063290396,1,2,-1,natural,2025-07-19 17:32:343
H._squamatum,A,-1.731330642508314,-1.731330642508314,1,2,-1,natural,2025-07-19 17:32:343
S._viscosa,A,-2.5431340814244825,-2.5431340814244825,1,2,-1,natural,2025-07-19 17:32:343
C._hispanica,A,-2.58772510434701,-2.58772510434701,1,2,-1,natural,2025-07-19 17:32:343
G._struthium,A,-4.196218423767655,-4.196218423767655,1,2,-1,natural,2025-07-19 17:32:343
S._sediforme,A,-2.9796088637415092,-2.9796088637415092,1,2,-1,natural,2025-07-19 17:32:343
Other_species,A,-0.6468366085113775,-0.6468366085113775,1,2,-1,natural,2025-07-19 17:32:343
Nurse_S._viscosa,A,-2.6961410430382307,-2.6961410430382307,1,2,-1,restoration,2025-07-19 17:32:343
Nurse_G._struthium,A,-1.6411313189673584,-1.6411313189673584,1,2,-1,restoration,2025-07-19 17:32:343
H._squamatum,A,-4.0499066891143505,-4.0499066891143505,1,2,-1,restoration,2025-07-19 17:32:343
S._viscosa,A,-4.39247946048697,-4.39247946048697,1,2,-1,restoration,2025-07-19 17:32:343
C._hispanica,A,-5.627867388134113,-5.627867388134113,1,2,-1,restoration,2025-07-19 17:32:343
G._struthium,A,-0.9701953517914382,-0.9701953517914382,1,2,-1,restoration,2025-07-19 17:32:343
S._sediforme,A,-3.8350095945074214,-3.8350095945074214,1,2,-1,restoration,2025-07-19 17:32:343
Other_species,A,-3.1522938477282465,-3.1522938477282465,1,2,-1,restoration,2025-07-19 17:32:343
Nurse_S._viscosa,A,-0.9654151603389453,-0.9654151603389453,1,2,-1,natural,2025-07-19 17:32:343
Nurse_G._struthium,A,-2.3461564061740368,-2.3461564061740368,1,2,-1,natural,2025-07-19 17:32:343
H._squamatum,A,-1.8962676590338445,-1.8962676590338445,1,2,-1,natural,2025-07-19 17:32:343
S._viscosa,A,-2.6519773687467785,-2.6519773687467785,1,2,-1,natural,2025-07-19 17:32:343
C._hispanica,A,-2.438246152844473,-2.438246152844473,1,2,-1,natural,2025-07-19 17:32:343
G._struthium,A,-5.882781133566495,-5.882781133566495,1,2,-1,natural,2025-07-19 17:32:343
S._sediforme,A,-3.345840427006345,-3.345840427006345,1,2,-1,natural,2025-07-19 17:32:343
Other_species,A,-0.6017945079925894,-0.6017945079925894,1,2,-1,natural,2025-07-19 17:32:343
Nurse_S._viscosa,A,-3.339464772628909,-3.339464772628909,1,2,-1,restoration,2025-07-19 17:32:333
Nurse_G._struthium,A,-1.3056294019197423,-1.3056294019197423,1,2,-1,restoration,2025-07-19 17:32:333
H._squamatum,A,-5.105147817737092,-5.105147817737092,1,2,-1,restoration,2025-07-19 17:32:333
S._viscosa,A,-3.8445046470476214,-3.8445046470476214,1,2,-1,restoration,2025-07-19 17:32:333
C._hispanica,A,-4.8692116333164375,-4.8692116333164375,1,2,-1,restoration,2025-07-19 17:32:333
G._struthium,A,-0.5752095506444941,-0.5752095506444941,1,2,-1,restoration,2025-07-19 17:32:333
S._sediforme,A,-4.259119005082914,-4.259119005082914,1,2,-1,restoration,2025-07-19 17:32:333
Other_species,A,-2.4703754836188323,-2.4703754836188323,1,2,-1,restoration,2025-07-19 17:32:333
Nurse_S._viscosa,A,-1.0780380627992343,-1.0780380627992343,1,2,-1,natural,2025-07-19 17:32:333
Nurse_G._struthium,A,-2.3021833049107046,-2.3021833049107046,1,2,-1,natural,2025-07-19 17:32:333
H._squamatum,A,-1.6355092492766692,-1.6355092492766692,1,2,-1,natural,2025-07-19 17:32:333
S._viscosa,A,-2.6217790587185767,-2.6217790587185767,1,2,-1,natural,2025-07-19 17:32:333
C._hispanica,A,-2.7690015538548662,-2.7690015538548662,1,2,-1,natural,2025-07-19 17:32:333
G._struthium,A,-4.179744276953462,-4.179744276953462,1,2,-1,natural,2025-07-19 17:32:333
S._sediforme,A,-3.6374645383397537,-3.6374645383397537,1,2,-1,natural,2025-07-19 17:32:333
Other_species,A,-0.760511803792736,-0.760511803792736,1,2,-1,natural,2025-07-19 17:32:333
Nurse_S._viscosa,A,-2.111903654549879,-2.111903654549879,1,2,-1,restoration,2025-07-19 17:32:333
Nurse_G._struthium,A,-1.1807132789080133,-1.1807132789080133,1,2,-1,restoration,2025-07-19 17:32:333
H._squamatum,A,-3.9997295285601826,-3.9997295285601826,1,2,-1,restoration,2025-07-19 17:32:333
S._viscosa,A,-4.438638907146911,-4.438638907146911,1,2,-1,restoration,2025-07-19 17:32:333
C._hispanica,A,-6.618545526439926,-6.618545526439926,1,2,-1,restoration,2025-07-19 17:32:333
G._struthium,A,-0.2745699019720382,-0.2745699019720382,1,2,-1,restoration,2025-07-19 17:32:333
S._sediforme,A,-2.997038314841964,-2.997038314841964,1,2,-1,restoration,2025-07-19 17:32:333
Other_species,A,-2.783134201995119,-2.783134201995119,1,2,-1,restoration,2025-07-19 17:32:333
Nurse_S._viscosa,A,-0.8746303777636059,-0.8746303777636059,1,2,-1,natural,2025-07-19 17:32:333
Nurse_G._struthium,A,-2.3419773654892198,-2.3419773654892198,1,2,-1,natural,2025-07-19 17:32:333
H._squamatum,A,-1.6947909983764144,-1.6947909983764144,1,2,-1,natural,2025-07-19 17:32:333
S._viscosa,A,-2.6150983063573685,-2.6150983063573685,1,2,-1,natural,2025-07-19 17:32:333
C._hispanica,A,-2.4295610652734765,-2.4295610652734765,1,2,-1,natural,2025-07-19 17:32:333
G._struthium,A,-4.585079367649783,-4.585079367649783,1,2,-1,natural,2025-07-19 17:32:333
S._sediforme,A,-3.5412164778128665,-3.5412164778128665,1,2,-1,natural,2025-07-19 17:32:333
Other_species,A,-0.5419733731939954,-0.5419733731939954,1,2,-1,natural,2025-07-19 17:32:333
Nurse_S._viscosa,A,-2.292959233524552,-2.292959233524552,1,2,-1,restoration,2025-07-19 17:32:323
Nurse_G._struthium,A,-1.3257228190117991,-1.3257228190117991,1,2,-1,restoration,2025-07-19 17:32:323
H._squamatum,A,-3.6993348356481133,-3.6993348356481133,1,2,-1,restoration,2025-07-19 17:32:323
S._viscosa,A,-4.536712804151332,-4.536712804151332,1,2,-1,restoration,2025-07-19 17:32:323
C._hispanica,A,-5.195175813869317,-5.195175813869317,1,2,-1,restoration,2025-07-19 17:32:323
G._struthium,A,-0.12263199204008561,-0.12263199204008561,1,2,-1,restoration,2025-07-19 17:32:323
S._sediforme,A,-3.7538912738999315,-3.7538912738999315,1,2,-1,restoration,2025-07-19 17:32:323
Other_species,A,-2.1081298592164925,-2.1081298592164925,1,2,-1,restoration,2025-07-19 17:32:323
Nurse_S._viscosa,A,-0.936826210449421,-0.936826210449421,1,2,-1,natural,2025-07-19 17:32:323
Nurse_G._struthium,A,-2.1424300290477993,-2.1424300290477993,1,2,-1,natural,2025-07-19 17:32:323
H._squamatum,A,-1.7385139145946478,-1.7385139145946478,1,2,-1,natural,2025-07-19 17:32:323
S._viscosa,A,-2.1925609463313394,-2.1925609463313394,1,2,-1,natural,2025-07-19 17:32:323
C._hispanica,A,-2.4769753542022435,-2.4769753542022435,1,2,-1,natural,2025-07-19 17:32:323
G._struthium,A,-4.572398761128197,-4.572398761128197,1,2,-1,natural,2025-07-19 17:32:323
S._sediforme,A,-2.794354743944918,-2.794354743944918,1,2,-1,natural,2025-07-19 17:32:323
Other_species,A,-0.7047035094030226,-0.7047035094030226,1,2,-1,natural,2025-07-19 17:32:323
Nurse_S._viscosa,A,-2.3094840600808704,-2.3094840600808704,1,2,-1,restoration,2025-07-19 17:32:323
Nurse_G._struthium,A,-1.7008297024455927,-1.7008297024455927,1,2,-1,restoration,2025-07-19 17:32:323
H._squamatum,A,-4.53602142272167,-4.53602142272167,1,2,-1,restoration,2025-07-19 17:32:323
S._viscosa,A,-3.7639160472060755,-3.7639160472060755,1,2,-1,restoration,2025-07-19 17:32:323
C._hispanica,A,-4.874947268347084,-4.874947268347084,1,2,-1,restoration,2025-07-19 17:32:323
G._struthium,A,-0.47541763091355843,-0.47541763091355843,1,2,-1,restoration,2025-07-19 17:32:323
S._sediforme,A,-3.5597074111001112,-3.5597074111001112,1,2,-1,restoration,2025-07-19 17:32:323
Other_species,A,-2.4002066181930664,-2.4002066181930664,1,2,-1,restoration,2025-07-19 17:32:323
Nurse_S._viscosa,A,-0.6876484872734887,-0.6876484872734887,1,2,-1,natural,2025-07-19 17:32:323
Nurse_G._struthium,A,-2.3562278229242537,-2.3562278229242537,1,2,-1,natural,2025-07-19 17:32:323
H._squamatum,A,-1.8637317087259566,-1.8637317087259566,1,2,-1,natural,2025-07-19 17:32:323
S._viscosa,A,-2.4459461971587464,-2.4459461971587464,1,2,-1,natural,2025-07-19 17:32:323
C._hispanica,A,-2.8342134132928636,-2.8342134132928636,1,2,-1,natural,2025-07-19 17:32:323
G._struthium,A,-4.234768839541308,-4.234768839541308,1,2,-1,natural,2025-07-19 17:32:323
S._sediforme,A,-3.2735981444246924,-3.2735981444246924,1,2,-1,natural,2025-07-19 17:32:323
Other_species,A,-0.6536231288835803,-0.6536231288835803,1,2,-1,natural,2025-07-19 17:32:323
Nurse_S._viscosa,A,-3.122718432506518,-3.122718432506518,1,2,-1,restoration,2025-07-19 17:32:313
Nurse_G._struthium,A,-1.6994199001614354,-1.6994199001614354,1,2,-1,restoration,2025-07-19 17:32:313
H._squamatum,A,-3.9692383345059903,-3.9692383345059903,1,2,-1,restoration,2025-07-19 17:32:313
S._viscosa,A,-4.461059797829438,-4.461059797829438,1,2,-1,restoration,2025-07-19 17:32:313
C._hispanica,A,-6.251358961638184,-6.251358961638184,1,2,-1,restoration,2025-07-19 17:32:313
G._struthium,A,-0.7957296667621341,-0.7957296667621341,1,2,-1,restoration,2025-07-19 17:32:313
S._sediforme,A,-3.986356908479601,-3.986356908479601,1,2,-1,restoration,2025-07-19 17:32:313
Other_species,A,-2.846271608435953,-2.846271608435953,1,2,-1,restoration,2025-07-19 17:32:313
Nurse_S._viscosa,A,-0.9096331633017254,-0.9096331633017254,1,2,-1,natural,2025-07-19 17:32:313
Nurse_G._struthium,A,-2.3642946263458704,-2.3642946263458704,1,2,-1,natural,2025-07-19 17:32:313
H._squamatum,A,-1.8421832276221901,-1.8421832276221901,1,2,-1,natural,2025-07-19 17:32:313
S._viscosa,A,-2.5500537881947847,-2.5500537881947847,1,2,-1,natural,2025-07-19 17:32:313
C._hispanica,A,-2.7747120054818537,-2.7747120054818537,1,2,-1,natural,2025-07-19 17:32:313
G._struthium,A,-4.480661001937049,-4.480661001937049,1,2,-1,natural,2025-07-19 17:32:313
S._sediforme,A,-3.070403439373238,-3.070403439373238,1,2,-1,natural,2025-07-19 17:32:313
Other_species,A,-0.584529598897957,-0.584529598897957,1,2,-1,natural,2025-07-19 17:32:313
Nurse_S._viscosa,A,-2.499472113614033,-2.499472113614033,1,2,-1,restoration,2025-07-19 17:32:303
Nurse_G._struthium,A,-2.072918789487492,-2.072918789487492,1,2,-1,restoration,2025-07-19 17:32:303
H._squamatum,A,-4.3667067868663265,-4.3667067868663265,1,2,-1,restoration,2025-07-19 17:32:303
S._viscosa,A,-5.098887415603312,-5.098887415603312,1,2,-1,restoration,2025-07-19 17:32:303
C._hispanica,A,-4.3953780948069845,-4.3953780948069845,1,2,-1,restoration,2025-07-19 17:32:303
G._struthium,A,-0.768234433337102,-0.768234433337102,1,2,-1,restoration,2025-07-19 17:32:303
S._sediforme,A,-3.8348393441053155,-3.8348393441053155,1,2,-1,restoration,2025-07-19 17:32:303
Other_species,A,-2.7846695767214222,-2.7846695767214222,1,2,-1,restoration,2025-07-19 17:32:303
Nurse_S._viscosa,A,-0.8164723307087663,-0.8164723307087663,1,2,-1,natural,2025-07-19 17:32:303
Nurse_G._struthium,A,-2.0510997748145057,-2.0510997748145057,1,2,-1,natural,2025-07-19 17:32:303
H._squamatum,A,-1.6141606817765166,-1.6141606817765166,1,2,-1,natural,2025-07-19 17:32:303
S._viscosa,A,-2.6008321363013236,-2.6008321363013236,1,2,-1,natural,2025-07-19 17:32:303
C._hispanica,A,-2.975556554670414,-2.975556554670414,1,2,-1,natural,2025-07-19 17:32:303
G._struthium,A,-4.7576640626791065,-4.7576640626791065,1,2,-1,natural,2025-07-19 17:32:303
S._sediforme,A,-3.5317330503252147,-3.5317330503252147,1,2,-1,natural,2025-07-19 17:32:303
Other_species,A,-0.6106049878004108,-0.6106049878004108,1,2,-1,natural,2025-07-19 17:32:303
Nurse_S._viscosa,A,-3.3007742543832745,-3.3007742543832745,1,2,-1,restoration,2025-07-19 17:32:303
Nurse_G._struthium,A,-2.6129324997392005,-2.6129324997392005,1,2,-1,restoration,2025-07-19 17:32:303
H._squamatum,A,-4.360746634688574,-4.360746634688574,1,2,-1,restoration,2025-07-19 17:32:303
S._viscosa,A,-4.164439515662153,-4.164439515662153,1,2,-1,restoration,2025-07-19 17:32:303
C._hispanica,A,-5.797559647657111,-5.797559647657111,1,2,-1,restoration,2025-07-19 17:32:303
G._struthium,A,-1.160958285254481,-1.160958285254481,1,2,-1,restoration,2025-07-19 17:32:303
S._sediforme,A,-3.4259250333541558,-3.4259250333541558,1,2,-1,restoration,2025-07-19 17:32:303
Other_species,A,-3.031022896410619,-3.031022896410619,1,2,-1,restoration,2025-07-19 17:32:303
Nurse_S._viscosa,A,-1.2390027367104366,-1.2390027367104366,1,2,-1,natural,2025-07-19 17:32:303
Nurse_G._struthium,A,-2.467672983763107,-2.467672983763107,1,2,-1,natural,2025-07-19 17:32:303
H._squamatum,A,-1.8909249399916588,-1.8909249399916588,1,2,-1,natural,2025-07-19 17:32:303
S._viscosa,A,-2.3855110719957766,-2.3855110719957766,1,2,-1,natural,2025-07-19 17:32:303
C._hispanica,A,-2.6955763256044176,-2.6955763256044176,1,2,-1,natural,2025-07-19 17:32:303
G._struthium,A,-3.2109556557670444,-3.2109556557670444,1,2,-1,natural,2025-07-19 17:32:303
S._sediforme,A,-3.98036270016946,-3.98036270016946,1,2,-1,natural,2025-07-19 17:32:303
Other_species,A,-0.651899562819248,-0.651899562819248,1,2,-1,natural,2025-07-19 17:32:303
Nurse_S._viscosa,A,-3.250464134399245,-3.250464134399245,1,2,-1,restoration,2025-07-19 17:32:293
Nurse_G._struthium,A,-1.9642693635170427,-1.9642693635170427,1,2,-1,restoration,2025-07-19 17:32:293
H._squamatum,A,-3.950983615961189,-3.950983615961189,1,2,-1,restoration,2025-07-19 17:32:293
S._viscosa,A,-5.275597298117605,-5.275597298117605,1,2,-1,restoration,2025-07-19 17:32:293
C._hispanica,A,-4.138738784511947,-4.138738784511947,1,2,-1,restoration,2025-07-19 17:32:293
G._struthium,A,-0.8877440813961751,-0.8877440813961751,1,2,-1,restoration,2025-07-19 17:32:293
S._sediforme,A,-4.437881181079869,-4.437881181079869,1,2,-1,restoration,2025-07-19 17:32:293
Other_species,A,-2.7792305251842526,-2.7792305251842526,1,2,-1,restoration,2025-07-19 17:32:293
Nurse_S._viscosa,A,-0.6849010290055143,-0.6849010290055143,1,2,-1,natural,2025-07-19 17:32:293
Nurse_G._struthium,A,-2.035437472117648,-2.035437472117648,1,2,-1,natural,2025-07-19 17:32:293
H._squamatum,A,-1.4963683766736715,-1.4963683766736715,1,2,-1,natural,2025-07-19 17:32:293
S._viscosa,A,-2.6552637464811895,-2.6552637464811895,1,2,-1,natural,2025-07-19 17:32:293
C._hispanica,A,-2.77187975010906,-2.77187975010906,1,2,-1,natural,2025-07-19 17:32:293
G._struthium,A,-4.2458720763432085,-4.2458720763432085,1,2,-1,natural,2025-07-19 17:32:293
S._sediforme,A,-3.27454003252754,-3.27454003252754,1,2,-1,natural,2025-07-19 17:32:293
Other_species,A,-0.5752401323616179,-0.5752401323616179,1,2,-1,natural,2025-07-19 17:32:293
Nurse_S._viscosa,A,-3.8657921731413247,-3.8657921731413247,1,2,-1,restoration,2025-07-19 17:32:293
Nurse_G._struthium,A,-2.2330577461247527,-2.2330577461247527,1,2,-1,restoration,2025-07-19 17:32:293
H._squamatum,A,-4.851974302849696,-4.851974302849696,1,2,-1,restoration,2025-07-19 17:32:293
S._viscosa,A,-4.029420902924722,-4.029420902924722,1,2,-1,restoration,2025-07-19 17:32:293
C._hispanica,A,-6.2587514123293175,-6.2587514123293175,1,2,-1,restoration,2025-07-19 17:32:293
G._struthium,A,-1.107973326583152,-1.107973326583152,1,2,-1,restoration,2025-07-19 17:32:293
S._sediforme,A,-4.022487195730058,-4.022487195730058,1,2,-1,restoration,2025-07-19 17:32:293
Other_species,A,-2.31767477468538,-2.31767477468538,1,2,-1,restoration,2025-07-19 17:32:293
Nurse_S._viscosa,A,-0.8159081499087978,-0.8159081499087978,1,2,-1,natural,2025-07-19 17:32:293
Nurse_G._struthium,A,-2.587901456553163,-2.587901456553163,1,2,-1,natural,2025-07-19 17:32:293
H._squamatum,A,-1.6233284882171921,-1.6233284882171921,1,2,-1,natural,2025-07-19 17:32:293
S._viscosa,A,-2.6325306521226803,-2.6325306521226803,1,2,-1,natural,2025-07-19 17:32:293
C._hispanica,A,-2.558406643038009,-2.558406643038009,1,2,-1,natural,2025-07-19 17:32:293
G._struthium,A,-4.686361093149031,-4.686361093149031,1,2,-1,natural,2025-07-19 17:32:293
S._sediforme,A,-3.097958185697719,-3.097958185697719,1,2,-1,natural,2025-07-19 17:32:293
Other_species,A,-0.6796123642465,-0.6796123642465,1,2,-1,natural,2025-07-19 17:32:293
Nurse_S._viscosa,A,-2.582876742073036,-2.582876742073036,1,2,-1,restoration,2025-07-19 17:32:283
Nurse_G._struthium,A,-1.5356405059238938,-1.5356405059238938,1,2,-1,restoration,2025-07-19 17:32:283
H._squamatum,A,-3.6966711503605234,-3.6966711503605234,1,2,-1,restoration,2025-07-19 17:32:283
S._viscosa,A,-3.6011953479706538,-3.6011953479706538,1,2,-1,restoration,2025-07-19 17:32:283
C._hispanica,A,-5.293069738354869,-5.293069738354869,1,2,-1,restoration,2025-07-19 17:32:283
G._struthium,A,-0.5918231488625532,-0.5918231488625532,1,2,-1,restoration,2025-07-19 17:32:283
S._sediforme,A,-3.6413372916830857,-3.6413372916830857,1,2,-1,restoration,2025-07-19 17:32:283
Other_species,A,-2.6024069967121397,-2.6024069967121397,1,2,-1,restoration,2025-07-19 17:32:283
Nurse_S._viscosa,A,-0.8774705828248885,-0.8774705828248885,1,2,-1,natural,2025-07-19 17:32:283
Nurse_G._struthium,A,-2.310436437573246,-2.310436437573246,1,2,-1,natural,2025-07-19 17:32:283
H._squamatum,A,-1.547557082583162,-1.547557082583162,1,2,-1,natural,2025-07-19 17:32:283
S._viscosa,A,-2.4964447275433894,-2.4964447275433894,1,2,-1,natural,2025-07-19 17:32:283
C._hispanica,A,-2.3944415172007254,-2.3944415172007254,1,2,-1,natural,2025-07-19 17:32:283
G._struthium,A,-3.7538709068343796,-3.7538709068343796,1,2,-1,natural,2025-07-19 17:32:283
S._sediforme,A,-3.398330639623893,-3.398330639623893,1,2,-1,natural,2025-07-19 17:32:283
Other_species,A,-0.5546966658226483,-0.5546966658226483,1,2,-1,natural,2025-07-19 17:32:283
Nurse_S._viscosa,A,-2.86075078264714,-2.86075078264714,1,2,-1,restoration,2025-07-19 17:32:283
Nurse_G._struthium,A,-2.0152247827701752,-2.0152247827701752,1,2,-1,restoration,2025-07-19 17:32:283
H._squamatum,A,-4.806136447456328,-4.806136447456328,1,2,-1,restoration,2025-07-19 17:32:283
S._viscosa,A,-3.9329461862039454,-3.9329461862039454,1,2,-1,restoration,2025-07-19 17:32:283
C._hispanica,A,-6.192095270767498,-6.192095270767498,1,2,-1,restoration,2025-07-19 17:32:283
G._struthium,A,-1.6819729318871517,-1.6819729318871517,1,2,-1,restoration,2025-07-19 17:32:283
S._sediforme,A,-5.023135113920356,-5.023135113920356,1,2,-1,restoration,2025-07-19 17:32:283
Other_species,A,-2.7340005204281947,-2.7340005204281947,1,2,-1,restoration,2025-07-19 17:32:283
Nurse_S._viscosa,A,-0.9492155971894122,-0.9492155971894122,1,2,-1,natural,2025-07-19 17:32:283
Nurse_G._struthium,A,-2.382518905499181,-2.382518905499181,1,2,-1,natural,2025-07-19 17:32:283
H._squamatum,A,-1.359697295769356,-1.359697295769356,1,2,-1,natural,2025-07-19 17:32:283
S._viscosa,A,-2.6613972448264716,-2.6613972448264716,1,2,-1,natural,2025-07-19 17:32:283
C._hispanica,A,-2.728741221692092,-2.728741221692092,1,2,-1,natural,2025-07-19 17:32:283
G._struthium,A,-4.248991207553534,-4.248991207553534,1,2,-1,natural,2025-07-19 17:32:283
S._sediforme,A,-3.8739970523806697,-3.8739970523806697,1,2,-1,natural,2025-07-19 17:32:283
Other_species,A,-0.6101168908769447,-0.6101168908769447,1,2,-1,natural,2025-07-19 17:32:283
Nurse_S._viscosa,A,-2.3190324195809695,-2.3190324195809695,1,2,-1,restoration,2025-07-19 17:32:273
Nurse_G._struthium,A,-0.586603598734083,-0.586603598734083,1,2,-1,restoration,2025-07-19 17:32:273
H._squamatum,A,-4.523977412319502,-4.523977412319502,1,2,-1,restoration,2025-07-19 17:32:273
S._viscosa,A,-3.0290623431060677,-3.0290623431060677,1,2,-1,restoration,2025-07-19 17:32:273
C._hispanica,A,-4.888310471263308,-4.888310471263308,1,2,-1,restoration,2025-07-19 17:32:273
G._struthium,A,-0.11731929479259831,-0.11731929479259831,1,2,-1,restoration,2025-07-19 17:32:273
S._sediforme,A,-4.509678234007522,-4.509678234007522,1,2,-1,restoration,2025-07-19 17:32:273
Other_species,A,-1.8790226830711867,-1.8790226830711867,1,2,-1,restoration,2025-07-19 17:32:273
Nurse_S._viscosa,A,-0.8922085468326937,-0.8922085468326937,1,2,-1,natural,2025-07-19 17:32:273
Nurse_G._struthium,A,-2.2783448229774232,-2.2783448229774232,1,2,-1,natural,2025-07-19 17:32:273
H._squamatum,A,-1.8937104241357954,-1.8937104241357954,1,2,-1,natural,2025-07-19 17:32:273
S._viscosa,A,-2.2766749815154017,-2.2766749815154017,1,2,-1,natural,2025-07-19 17:32:273
C._hispanica,A,-2.8192268318502367,-2.8192268318502367,1,2,-1,natural,2025-07-19 17:32:273
G._struthium,A,-4.184630701610813,-4.184630701610813,1,2,-1,natural,2025-07-19 17:32:273
S._sediforme,A,-3.275442057808759,-3.275442057808759,1,2,-1,natural,2025-07-19 17:32:273
Other_species,A,-0.685032324212411,-0.685032324212411,1,2,-1,natural,2025-07-19 17:32:273
Nurse_S._viscosa,A,-2.982871183522987,-2.982871183522987,1,2,-1,restoration,2025-07-19 17:32:273
Nurse_G._struthium,A,-1.6612856482167406,-1.6612856482167406,1,2,-1,restoration,2025-07-19 17:32:273
H._squamatum,A,-3.506992640777601,-3.506992640777601,1,2,-1,restoration,2025-07-19 17:32:273
S._viscosa,A,-4.401513137896408,-4.401513137896408,1,2,-1,restoration,2025-07-19 17:32:273
C._hispanica,A,-7.280466594785037,-7.280466594785037,1,2,-1,restoration,2025-07-19 17:32:273
G._struthium,A,-1.0644848456237348,-1.0644848456237348,1,2,-1,restoration,2025-07-19 17:32:273
S._sediforme,A,-4.7573751567912135,-4.7573751567912135,1,2,-1,restoration,2025-07-19 17:32:273
Other_species,A,-2.40656047038133,-2.40656047038133,1,2,-1,restoration,2025-07-19 17:32:273
Nurse_S._viscosa,A,-0.9028040550600351,-0.9028040550600351,1,2,-1,natural,2025-07-19 17:32:273
Nurse_G._struthium,A,-2.320169357210373,-2.320169357210373,1,2,-1,natural,2025-07-19 17:32:273
H._squamatum,A,-1.590502663575446,-1.590502663575446,1,2,-1,natural,2025-07-19 17:32:273
S._viscosa,A,-2.517573600963875,-2.517573600963875,1,2,-1,natural,2025-07-19 17:32:273
C._hispanica,A,-2.6036778567681913,-2.6036778567681913,1,2,-1,natural,2025-07-19 17:32:273
G._struthium,A,-4.188060753494256,-4.188060753494256,1,2,-1,natural,2025-07-19 17:32:273
S._sediforme,A,-3.4593331651333052,-3.4593331651333052,1,2,-1,natural,2025-07-19 17:32:273
Other_species,A,-0.8302590085027655,-0.8302590085027655,1,2,-1,natural,2025-07-19 17:32:273
Nurse_S._viscosa,A,-2.749981146157055,-2.749981146157055,1,2,-1,restoration,2025-07-19 17:32:263
Nurse_G._struthium,A,-2.068320330762121,-2.068320330762121,1,2,-1,restoration,2025-07-19 17:32:263
H._squamatum,A,-5.283721748178061,-5.283721748178061,1,2,-1,restoration,2025-07-19 17:32:263
S._viscosa,A,-4.850963216048451,-4.850963216048451,1,2,-1,restoration,2025-07-19 17:32:263
C._hispanica,A,-7.033505110723955,-7.033505110723955,1,2,-1,restoration,2025-07-19 17:32:263
G._struthium,A,-1.0396671930877177,-1.0396671930877177,1,2,-1,restoration,2025-07-19 17:32:263
S._sediforme,A,-3.8281571754895762,-3.8281571754895762,1,2,-1,restoration,2025-07-19 17:32:263
Other_species,A,-2.4144839224619816,-2.4144839224619816,1,2,-1,restoration,2025-07-19 17:32:263
Nurse_S._viscosa,A,-1.1584918948872578,-1.1584918948872578,1,2,-1,natural,2025-07-19 17:32:263
Nurse_G._struthium,A,-2.718547088637075,-2.718547088637075,1,2,-1,natural,2025-07-19 17:32:263
H._squamatum,A,-2.0253279653432688,-2.0253279653432688,1,2,-1,natural,2025-07-19 17:32:263
S._viscosa,A,-2.1774549230271236,-2.1774549230271236,1,2,-1,natural,2025-07-19 17:32:263
C._hispanica,A,-2.863852974911516,-2.863852974911516,1,2,-1,natural,2025-07-19 17:32:263
G._struthium,A,-4.198676729435439,-4.198676729435439,1,2,-1,natural,2025-07-19 17:32:263
S._sediforme,A,-2.949921343685894,-2.949921343685894,1,2,-1,natural,2025-07-19 17:32:263
Other_species,A,-0.7207217635509884,-0.7207217635509884,1,2,-1,natural,2025-07-19 17:32:263
Nurse_S._viscosa,A,-2.5413814552637732,-2.5413814552637732,1,2,-1,restoration,2025-07-19 17:32:263
Nurse_G._struthium,A,-1.485904545338583,-1.485904545338583,1,2,-1,restoration,2025-07-19 17:32:263
H._squamatum,A,-4.037808507349802,-4.037808507349802,1,2,-1,restoration,2025-07-19 17:32:263
S._viscosa,A,-3.4242193569475763,-3.4242193569475763,1,2,-1,restoration,2025-07-19 17:32:263
C._hispanica,A,-4.530944206177883,-4.530944206177883,1,2,-1,restoration,2025-07-19 17:32:263
G._struthium,A,-0.8248060016984424,-0.8248060016984424,1,2,-1,restoration,2025-07-19 17:32:263
S._sediforme,A,-3.7865951215795333,-3.7865951215795333,1,2,-1,restoration,2025-07-19 17:32:263
Other_species,A,-2.761872427361745,-2.761872427361745,1,2,-1,restoration,2025-07-19 17:32:263
Nurse_S._viscosa,A,-0.7886044293899587,-0.7886044293899587,1,2,-1,natural,2025-07-19 17:32:263
Nurse_G._struthium,A,-2.6584994052918764,-2.6584994052918764,1,2,-1,natural,2025-07-19 17:32:263
H._squamatum,A,-1.757971631648681,-1.757971631648681,1,2,-1,natural,2025-07-19 17:32:263
S._viscosa,A,-2.5995216390686404,-2.5995216390686404,1,2,-1,natural,2025-07-19 17:32:263
C._hispanica,A,-2.5729477635488704,-2.5729477635488704,1,2,-1,natural,2025-07-19 17:32:263
G._struthium,A,-3.60324111780561,-3.60324111780561,1,2,-1,natural,2025-07-19 17:32:263
S._sediforme,A,-3.4820859134543376,-3.4820859134543376,1,2,-1,natural,2025-07-19 17:32:263
Other_species,A,-0.7269068131864675,-0.7269068131864675,1,2,-1,natural,2025-07-19 17:32:263
Nurse_S._viscosa,A,-3.803478458485148,-3.803478458485148,1,2,-1,restoration,2025-07-19 17:32:253
Nurse_G._struthium,A,-1.9624039044455641,-1.9624039044455641,1,2,-1,restoration,2025-07-19 17:32:253
H._squamatum,A,-4.593569878760843,-4.593569878760843,1,2,-1,restoration,2025-07-19 17:32:253
S._viscosa,A,-4.750805986562566,-4.750805986562566,1,2,-1,restoration,2025-07-19 17:32:253
C._hispanica,A,-5.93234414620267,-5.93234414620267,1,2,-1,restoration,2025-07-19 17:32:253
G._struthium,A,-0.8539605918843274,-0.8539605918843274,1,2,-1,restoration,2025-07-19 17:32:253
S._sediforme,A,-4.584569720941687,-4.584569720941687,1,2,-1,restoration,2025-07-19 17:32:253
Other_species,A,-2.9288570563623284,-2.9288570563623284,1,2,-1,restoration,2025-07-19 17:32:253
Nurse_S._viscosa,A,-0.886508302632473,-0.886508302632473,1,2,-1,natural,2025-07-19 17:32:253
Nurse_G._struthium,A,-2.654418379451929,-2.654418379451929,1,2,-1,natural,2025-07-19 17:32:253
H._squamatum,A,-1.7798100890288095,-1.7798100890288095,1,2,-1,natural,2025-07-19 17:32:253
S._viscosa,A,-2.4869834126708645,-2.4869834126708645,1,2,-1,natural,2025-07-19 17:32:253
C._hispanica,A,-2.424341140312892,-2.424341140312892,1,2,-1,natural,2025-07-19 17:32:253
G._struthium,A,-4.433937893432083,-4.433937893432083,1,2,-1,natural,2025-07-19 17:32:253
S._sediforme,A,-3.4516779055874123,-3.4516779055874123,1,2,-1,natural,2025-07-19 17:32:253
Other_species,A,-0.7397562908033999,-0.7397562908033999,1,2,-1,natural,2025-07-19 17:32:253
Nurse_S._viscosa,A,-3.0870737035676212,-3.0870737035676212,1,2,-1,restoration,2025-07-19 17:32:243
Nurse_G._struthium,A,-1.9204832852247176,-1.9204832852247176,1,2,-1,restoration,2025-07-19 17:32:243
H._squamatum,A,-5.076581269534805,-5.076581269534805,1,2,-1,restoration,2025-07-19 17:32:243
S._viscosa,A,-4.522293083053211,-4.522293083053211,1,2,-1,restoration,2025-07-19 17:32:243
C._hispanica,A,-7.830716365934194,-7.830716365934194,1,2,-1,restoration,2025-07-19 17:32:243
G._struthium,A,-1.3161252831781938,-1.3161252831781938,1,2,-1,restoration,2025-07-19 17:32:243
S._sediforme,A,-4.10543980612242,-4.10543980612242,1,2,-1,restoration,2025-07-19 17:32:243
Other_species,A,-2.9738419832557548,-2.9738419832557548,1,2,-1,restoration,2025-07-19 17:32:243
Nurse_S._viscosa,A,-1.0065181488430135,-1.0065181488430135,1,2,-1,natural,2025-07-19 17:32:243
Nurse_G._struthium,A,-2.659166187239769,-2.659166187239769,1,2,-1,natural,2025-07-19 17:32:243
H._squamatum,A,-1.5957925856598687,-1.5957925856598687,1,2,-1,natural,2025-07-19 17:32:243
S._viscosa,A,-2.3508196572951094,-2.3508196572951094,1,2,-1,natural,2025-07-19 17:32:243
C._hispanica,A,-2.644245499525495,-2.644245499525495,1,2,-1,natural,2025-07-19 17:32:243
G._struthium,A,-4.20655225099261,-4.20655225099261,1,2,-1,natural,2025-07-19 17:32:243
S._sediforme,A,-3.3869016007300647,-3.3869016007300647,1,2,-1,natural,2025-07-19 17:32:243
Other_species,A,-0.736311494915297,-0.736311494915297,1,2,-1,natural,2025-07-19 17:32:243
Nurse_S._viscosa,A,-2.753690977410303,-2.753690977410303,1,2,-1,restoration,2025-07-19 17:32:243
Nurse_G._struthium,A,-1.3718884390571562,-1.3718884390571562,1,2,-1,restoration,2025-07-19 17:32:243
H._squamatum,A,-4.723216407875041,-4.723216407875041,1,2,-1,restoration,2025-07-19 17:32:243
S._viscosa,A,-4.486135019573609,-4.486135019573609,1,2,-1,restoration,2025-07-19 17:32:243
C._hispanica,A,-6.218489168868079,-6.218489168868079,1,2,-1,restoration,2025-07-19 17:32:243
G._struthium,A,-0.563279991179669,-0.563279991179669,1,2,-1,restoration,2025-07-19 17:32:243
S._sediforme,A,-4.282353259633308,-4.282353259633308,1,2,-1,restoration,2025-07-19 17:32:243
Other_species,A,-2.399039196175445,-2.399039196175445,1,2,-1,restoration,2025-07-19 17:32:243
Nurse_S._viscosa,A,-0.8293569097061535,-0.8293569097061535,1,2,-1,natural,2025-07-19 17:32:243
Nurse_G._struthium,A,-2.47213065454488,-2.47213065454488,1,2,-1,natural,2025-07-19 17:32:243
H._squamatum,A,-1.7702204515273732,-1.7702204515273732,1,2,-1,natural,2025-07-19 17:32:243
S._viscosa,A,-3.0593525109534774,-3.0593525109534774,1,2,-1,natural,2025-07-19 17:32:243
C._hispanica,A,-2.6051448357071476,-2.6051448357071476,1,2,-1,natural,2025-07-19 17:32:243
G._struthium,A,-4.704563660050966,-4.704563660050966,1,2,-1,natural,2025-07-19 17:32:243
S._sediforme,A,-3.710862427041321,-3.710862427041321,1,2,-1,natural,2025-07-19 17:32:243
Other_species,A,-0.7414034301618212,-0.7414034301618212,1,2,-1,natural,2025-07-19 17:32:243
Nurse_S._viscosa,A,-2.5238891380586415,-2.5238891380586415,1,2,-1,restoration,2025-07-19 17:32:233
Nurse_G._struthium,A,-1.0287485364185847,-1.0287485364185847,1,2,-1,restoration,2025-07-19 17:32:233
H._squamatum,A,-5.131083212237562,-5.131083212237562,1,2,-1,restoration,2025-07-19 17:32:233
S._viscosa,A,-4.192628664550497,-4.192628664550497,1,2,-1,restoration,2025-07-19 17:32:233
C._hispanica,A,-5.91901546835026,-5.91901546835026,1,2,-1,restoration,2025-07-19 17:32:233
G._struthium,A,-0.31853893180871756,-0.31853893180871756,1,2,-1,restoration,2025-07-19 17:32:233
S._sediforme,A,-4.8962848203043015,-4.8962848203043015,1,2,-1,restoration,2025-07-19 17:32:233
Other_species,A,-1.9069289423101043,-1.9069289423101043,1,2,-1,restoration,2025-07-19 17:32:233
Nurse_S._viscosa,A,-1.1208132650051592,-1.1208132650051592,1,2,-1,natural,2025-07-19 17:32:233
Nurse_G._struthium,A,-2.4112175669355964,-2.4112175669355964,1,2,-1,natural,2025-07-19 17:32:233
H._squamatum,A,-1.8283998523916563,-1.8283998523916563,1,2,-1,natural,2025-07-19 17:32:233
S._viscosa,A,-2.588345448754792,-2.588345448754792,1,2,-1,natural,2025-07-19 17:32:233
C._hispanica,A,-2.446253941126931,-2.446253941126931,1,2,-1,natural,2025-07-19 17:32:233
G._struthium,A,-4.024694334141748,-4.024694334141748,1,2,-1,natural,2025-07-19 17:32:233
S._sediforme,A,-3.5309708108656523,-3.5309708108656523,1,2,-1,natural,2025-07-19 17:32:233
Other_species,A,-0.59944055677692,-0.59944055677692,1,2,-1,natural,2025-07-19 17:32:233
Nurse_S._viscosa,A,-2.1886205268799745,-2.1886205268799745,1,2,-1,restoration,2025-07-19 17:32:233
Nurse_G._struthium,A,-1.4368436881537936,-1.4368436881537936,1,2,-1,restoration,2025-07-19 17:32:233
H._squamatum,A,-5.000399210788781,-5.000399210788781,1,2,-1,restoration,2025-07-19 17:32:233
S._viscosa,A,-4.392848345298913,-4.392848345298913,1,2,-1,restoration,2025-07-19 17:32:233
C._hispanica,A,-6.521184343982801,-6.521184343982801,1,2,-1,restoration,2025-07-19 17:32:233
G._struthium,A,-0.7720127742194812,-0.7720127742194812,1,2,-1,restoration,2025-07-19 17:32:233
S._sediforme,A,-4.196746037020032,-4.196746037020032,1,2,-1,restoration,2025-07-19 17:32:233
Other_species,A,-2.1838466028049233,-2.1838466028049233,1,2,-1,restoration,2025-07-19 17:32:233
Nurse_S._viscosa,A,-0.5428895310323933,-0.5428895310323933,1,2,-1,natural,2025-07-19 17:32:233
Nurse_G._struthium,A,-2.4182307376040466,-2.4182307376040466,1,2,-1,natural,2025-07-19 17:32:233
H._squamatum,A,-1.4927540193668416,-1.4927540193668416,1,2,-1,natural,2025-07-19 17:32:233
S._viscosa,A,-2.585684765785924,-2.585684765785924,1,2,-1,natural,2025-07-19 17:32:233
C._hispanica,A,-1.9467160139116528,-1.9467160139116528,1,2,-1,natural,2025-07-19 17:32:233
G._struthium,A,-4.350956035179462,-4.350956035179462,1,2,-1,natural,2025-07-19 17:32:233
S._sediforme,A,-3.5199113477391397,-3.5199113477391397,1,2,-1,natural,2025-07-19 17:32:233
Other_species,A,-0.5344644079046103,-0.5344644079046103,1,2,-1,natural,2025-07-19 17:32:233
Nurse_S._viscosa,A,-2.9252654834011054,-2.9252654834011054,1,2,-1,restoration,2025-07-19 17:32:223
Nurse_G._struthium,A,-1.588855747875051,-1.588855747875051,1,2,-1,restoration,2025-07-19 17:32:223
H._squamatum,A,-4.472993550620507,-4.472993550620507,1,2,-1,restoration,2025-07-19 17:32:223
S._viscosa,A,-4.65176624172091,-4.65176624172091,1,2,-1,restoration,2025-07-19 17:32:223
C._hispanica,A,-5.434766075281234,-5.434766075281234,1,2,-1,restoration,2025-07-19 17:32:223
G._struthium,A,-0.5257816897978179,-0.5257816897978179,1,2,-1,restoration,2025-07-19 17:32:223
S._sediforme,A,-3.9767511383357927,-3.9767511383357927,1,2,-1,restoration,2025-07-19 17:32:223
Other_species,A,-2.3499375301049796,-2.3499375301049796,1,2,-1,restoration,2025-07-19 17:32:223
Nurse_S._viscosa,A,-0.7674159339292411,-0.7674159339292411,1,2,-1,natural,2025-07-19 17:32:223
Nurse_G._struthium,A,-2.33859692104646,-2.33859692104646,1,2,-1,natural,2025-07-19 17:32:223
H._squamatum,A,-1.6217874276494333,-1.6217874276494333,1,2,-1,natural,2025-07-19 17:32:223
S._viscosa,A,-2.2664623047210366,-2.2664623047210366,1,2,-1,natural,2025-07-19 17:32:223
C._hispanica,A,-2.3106809051483705,-2.3106809051483705,1,2,-1,natural,2025-07-19 17:32:223
G._struthium,A,-3.57087641695278,-3.57087641695278,1,2,-1,natural,2025-07-19 17:32:223
S._sediforme,A,-3.263640239967668,-3.263640239967668,1,2,-1,natural,2025-07-19 17:32:223
Other_species,A,-0.4046958413592965,-0.4046958413592965,1,2,-1,natural,2025-07-19 17:32:223
Nurse_S._viscosa,A,-2.554725304501905,-2.554725304501905,1,2,-1,restoration,2025-07-19 17:32:223
Nurse_G._struthium,A,-2.0956711880534162,-2.0956711880534162,1,2,-1,restoration,2025-07-19 17:32:223
H._squamatum,A,-5.146378677253734,-5.146378677253734,1,2,-1,restoration,2025-07-19 17:32:223
S._viscosa,A,-4.108688262153524,-4.108688262153524,1,2,-1,restoration,2025-07-19 17:32:223
C._hispanica,A,-6.413423630153442,-6.413423630153442,1,2,-1,restoration,2025-07-19 17:32:223
G._struthium,A,-0.6438774366662106,-0.6438774366662106,1,2,-1,restoration,2025-07-19 17:32:223
S._sediforme,A,-3.7084722062397164,-3.7084722062397164,1,2,-1,restoration,2025-07-19 17:32:223
Other_species,A,-2.204930989386355,-2.204930989386355,1,2,-1,restoration,2025-07-19 17:32:223
Nurse_S._viscosa,A,-0.9513016944023622,-0.9513016944023622,1,2,-1,natural,2025-07-19 17:32:223
Nurse_G._struthium,A,-2.5303157511315653,-2.5303157511315653,1,2,-1,natural,2025-07-19 17:32:223
H._squamatum,A,-1.765029755278767,-1.765029755278767,1,2,-1,natural,2025-07-19 17:32:223
S._viscosa,A,-2.6320930520997154,-2.6320930520997154,1,2,-1,natural,2025-07-19 17:32:223
C._hispanica,A,-2.630335421232843,-2.630335421232843,1,2,-1,natural,2025-07-19 17:32:223
G._struthium,A,-5.610945479909756,-5.610945479909756,1,2,-1,natural,2025-07-19 17:32:223
S._sediforme,A,-3.438237034955208,-3.438237034955208,1,2,-1,natural,2025-07-19 17:32:223
Other_species,A,-0.7805888066952729,-0.7805888066952729,1,2,-1,natural,2025-07-19 17:32:223
Nurse_S._viscosa,A,-2.498891459015663,-2.498891459015663,1,2,-1,restoration,2025-07-19 17:32:213
Nurse_G._struthium,A,-1.609750026500235,-1.609750026500235,1,2,-1,restoration,2025-07-19 17:32:213
H._squamatum,A,-3.548853741950682,-3.548853741950682,1,2,-1,restoration,2025-07-19 17:32:213
S._viscosa,A,-4.785503558033472,-4.785503558033472,1,2,-1,restoration,2025-07-19 17:32:213
C._hispanica,A,-5.122769294413058,-5.122769294413058,1,2,-1,restoration,2025-07-19 17:32:213
G._struthium,A,-0.5265571816494676,-0.5265571816494676,1,2,-1,restoration,2025-07-19 17:32:213
S._sediforme,A,-3.7604107100464628,-3.7604107100464628,1,2,-1,restoration,2025-07-19 17:32:213
Other_species,A,-2.298590963504752,-2.298590963504752,1,2,-1,restoration,2025-07-19 17:32:213
Nurse_S._viscosa,A,-0.9771071170572576,-0.9771071170572576,1,2,-1,natural,2025-07-19 17:32:213
Nurse_G._struthium,A,-2.7400167621276967,-2.7400167621276967,1,2,-1,natural,2025-07-19 17:32:213
H._squamatum,A,-1.771101422248588,-1.771101422248588,1,2,-1,natural,2025-07-19 17:32:213
S._viscosa,A,-2.6766432352952094,-2.6766432352952094,1,2,-1,natural,2025-07-19 17:32:213
C._hispanica,A,-2.6132360768908276,-2.6132360768908276,1,2,-1,natural,2025-07-19 17:32:213
G._struthium,A,-3.701723999983223,-3.701723999983223,1,2,-1,natural,2025-07-19 17:32:213
S._sediforme,A,-3.599442103684987,-3.599442103684987,1,2,-1,natural,2025-07-19 17:32:213
Other_species,A,-0.6822629137697326,-0.6822629137697326,1,2,-1,natural,2025-07-19 17:32:213
Nurse_S._viscosa,A,-2.2886079099052687,-2.2886079099052687,1,2,-1,restoration,2025-07-19 17:32:203
Nurse_G._struthium,A,-1.2180643483452132,-1.2180643483452132,1,2,-1,restoration,2025-07-19 17:32:203
H._squamatum,A,-3.7433496208466415,-3.7433496208466415,1,2,-1,restoration,2025-07-19 17:32:203
S._viscosa,A,-4.0897302011456365,-4.0897302011456365,1,2,-1,restoration,2025-07-19 17:32:203
C._hispanica,A,-5.023064765910002,-5.023064765910002,1,2,-1,restoration,2025-07-19 17:32:203
G._struthium,A,-0.5372566049994549,-0.5372566049994549,1,2,-1,restoration,2025-07-19 17:32:203
S._sediforme,A,-3.9872404223670603,-3.9872404223670603,1,2,-1,restoration,2025-07-19 17:32:203
Other_species,A,-2.242956052835724,-2.242956052835724,1,2,-1,restoration,2025-07-19 17:32:203
Nurse_S._viscosa,A,-0.9932042052231368,-0.9932042052231368,1,2,-1,natural,2025-07-19 17:32:203
Nurse_G._struthium,A,-2.446907817420574,-2.446907817420574,1,2,-1,natural,2025-07-19 17:32:203
H._squamatum,A,-1.7194756853955775,-1.7194756853955775,1,2,-1,natural,2025-07-19 17:32:203
S._viscosa,A,-2.840679936300297,-2.840679936300297,1,2,-1,natural,2025-07-19 17:32:203
C._hispanica,A,-2.654832385976179,-2.654832385976179,1,2,-1,natural,2025-07-19 17:32:203
G._struthium,A,-4.495092921611841,-4.495092921611841,1,2,-1,natural,2025-07-19 17:32:203
S._sediforme,A,-2.94128695924643,-2.94128695924643,1,2,-1,natural,2025-07-19 17:32:203
Other_species,A,-0.747697161530918,-0.747697161530918,1,2,-1,natural,2025-07-19 17:32:203
Nurse_S._viscosa,A,-2.9434916147295875,-2.9434916147295875,1,2,-1,restoration,2025-07-19 17:32:203
Nurse_G._struthium,A,-1.693118734334897,-1.693118734334897,1,2,-1,restoration,2025-07-19 17:32:203
H._squamatum,A,-3.573112255981264,-3.573112255981264,1,2,-1,restoration,2025-07-19 17:32:203
S._viscosa,A,-3.7008863705620225,-3.7008863705620225,1,2,-1,restoration,2025-07-19 17:32:203
C._hispanica,A,-6.355813070651822,-6.355813070651822,1,2,-1,restoration,2025-07-19 17:32:203
G._struthium,A,-0.8274043095902532,-0.8274043095902532,1,2,-1,restoration,2025-07-19 17:32:203
S._sediforme,A,-3.292211963921576,-3.292211963921576,1,2,-1,restoration,2025-07-19 17:32:203
Other_species,A,-2.371573693697883,-2.371573693697883,1,2,-1,restoration,2025-07-19 17:32:203
Nurse_S._viscosa,A,-0.8667329789073971,-0.8667329789073971,1,2,-1,natural,2025-07-19 17:32:203
Nurse_G._struthium,A,-2.367994568373102,-2.367994568373102,1,2,-1,natural,2025-07-19 17:32:203
H._squamatum,A,-1.8370996075703725,-1.8370996075703725,1,2,-1,natural,2025-07-19 17:32:203
S._viscosa,A,-2.272418683745178,-2.272418683745178,1,2,-1,natural,2025-07-19 17:32:203
C._hispanica,A,-2.495865165454513,-2.495865165454513,1,2,-1,natural,2025-07-19 17:32:203
G._struthium,A,-3.8127571818078523,-3.8127571818078523,1,2,-1,natural,2025-07-19 17:32:203
S._sediforme,A,-2.640486074766765,-2.640486074766765,1,2,-1,natural,2025-07-19 17:32:203
Other_species,A,-0.7149378411503576,-0.7149378411503576,1,2,-1,natural,2025-07-19 17:32:203
Nurse_S._viscosa,A,-2.417782871248231,-2.417782871248231,1,2,-1,restoration,2025-07-19 17:32:193
Nurse_G._struthium,A,-1.4064762432938784,-1.4064762432938784,1,2,-1,restoration,2025-07-19 17:32:193
H._squamatum,A,-4.241880648677286,-4.241880648677286,1,2,-1,restoration,2025-07-19 17:32:193
S._viscosa,A,-4.134219807135324,-4.134219807135324,1,2,-1,restoration,2025-07-19 17:32:193
C._hispanica,A,-7.146386978575677,-7.146386978575677,1,2,-1,restoration,2025-07-19 17:32:193
G._struthium,A,-0.738782628972377,-0.738782628972377,1,2,-1,restoration,2025-07-19 17:32:193
S._sediforme,A,-3.4015067740504348,-3.4015067740504348,1,2,-1,restoration,2025-07-19 17:32:193
Other_species,A,-2.51389282317932,-2.51389282317932,1,2,-1,restoration,2025-07-19 17:32:193
Nurse_S._viscosa,A,-0.6957101004869838,-0.6957101004869838,1,2,-1,natural,2025-07-19 17:32:193
Nurse_G._struthium,A,-2.4779908024630455,-2.4779908024630455,1,2,-1,natural,2025-07-19 17:32:193
H._squamatum,A,-1.6866919296192528,-1.6866919296192528,1,2,-1,natural,2025-07-19 17:32:193
S._viscosa,A,-2.4576336871077094,-2.4576336871077094,1,2,-1,natural,2025-07-19 17:32:193
C._hispanica,A,-2.5007368316985152,-2.5007368316985152,1,2,-1,natural,2025-07-19 17:32:193
G._struthium,A,-4.904281466167104,-4.904281466167104,1,2,-1,natural,2025-07-19 17:32:193
S._sediforme,A,-3.3676393587902176,-3.3676393587902176,1,2,-1,natural,2025-07-19 17:32:193
Other_species,A,-0.5979396084398485,-0.5979396084398485,1,2,-1,natural,2025-07-19 17:32:193
Nurse_S._viscosa,A,-3.2916687759595407,-3.2916687759595407,1,2,-1,restoration,2025-07-19 17:32:183
Nurse_G._struthium,A,-1.5937303098547237,-1.5937303098547237,1,2,-1,restoration,2025-07-19 17:32:183
H._squamatum,A,-3.7668213113377473,-3.7668213113377473,1,2,-1,restoration,2025-07-19 17:32:183
S._viscosa,A,-4.616643604656273,-4.616643604656273,1,2,-1,restoration,2025-07-19 17:32:183
C._hispanica,A,-5.7461107927815185,-5.7461107927815185,1,2,-1,restoration,2025-07-19 17:32:183
G._struthium,A,-0.10051201326609074,-0.10051201326609074,1,2,-1,restoration,2025-07-19 17:32:183
S._sediforme,A,-4.068576466287148,-4.068576466287148,1,2,-1,restoration,2025-07-19 17:32:183
Other_species,A,-2.3392165488709264,-2.3392165488709264,1,2,-1,restoration,2025-07-19 17:32:183
Nurse_S._viscosa,A,-0.9709987510376551,-0.9709987510376551,1,2,-1,natural,2025-07-19 17:32:183
Nurse_G._struthium,A,-2.2586258416299,-2.2586258416299,1,2,-1,natural,2025-07-19 17:32:183
H._squamatum,A,-2.0150623756376422,-2.0150623756376422,1,2,-1,natural,2025-07-19 17:32:183
S._viscosa,A,-2.4346576075567605,-2.4346576075567605,1,2,-1,natural,2025-07-19 17:32:183
C._hispanica,A,-2.534126554433565,-2.534126554433565,1,2,-1,natural,2025-07-19 17:32:183
G._struthium,A,-4.650314371872049,-4.650314371872049,1,2,-1,natural,2025-07-19 17:32:183
S._sediforme,A,-3.368894691829975,-3.368894691829975,1,2,-1,natural,2025-07-19 17:32:183
Other_species,A,-0.7879684846787177,-0.7879684846787177,1,2,-1,natural,2025-07-19 17:32:183
Nurse_S._viscosa,A,-3.0050540669912524,-3.0050540669912524,1,2,-1,restoration,2025-07-19 17:32:183
Nurse_G._struthium,A,-1.4735706269626418,-1.4735706269626418,1,2,-1,restoration,2025-07-19 17:32:183
H._squamatum,A,-3.6114402405015937,-3.6114402405015937,1,2,-1,restoration,2025-07-19 17:32:183
S._viscosa,A,-5.9920777829137615,-5.9920777829137615,1,2,-1,restoration,2025-07-19 17:32:183
C._hispanica,A,-4.4435376824436705,-4.4435376824436705,1,2,-1,restoration,2025-07-19 17:32:183
G._struthium,A,-0.30343626452422595,-0.30343626452422595,1,2,-1,restoration,2025-07-19 17:32:183
S._sediforme,A,-4.299824177650176,-4.299824177650176,1,2,-1,restoration,2025-07-19 17:32:183
Other_species,A,-2.125103264075445,-2.125103264075445,1,2,-1,restoration,2025-07-19 17:32:183
Nurse_S._viscosa,A,-0.9896968525111125,-0.9896968525111125,1,2,-1,natural,2025-07-19 17:32:183
Nurse_G._struthium,A,-2.554299647731503,-2.554299647731503,1,2,-1,natural,2025-07-19 17:32:183
H._squamatum,A,-1.782408255387983,-1.782408255387983,1,2,-1,natural,2025-07-19 17:32:183
S._viscosa,A,-2.5625973692143216,-2.5625973692143216,1,2,-1,natural,2025-07-19 17:32:183
C._hispanica,A,-2.656179955935156,-2.656179955935156,1,2,-1,natural,2025-07-19 17:32:183
G._struthium,A,-4.193543676525708,-4.193543676525708,1,2,-1,natural,2025-07-19 17:32:183
S._sediforme,A,-3.4252420287953047,-3.4252420287953047,1,2,-1,natural,2025-07-19 17:32:183
Other_species,A,-0.6791049343340262,-0.6791049343340262,1,2,-1,natural,2025-07-19 17:32:183
Nurse_S._viscosa,A,-2.51054560433817,-2.51054560433817,1,2,-1,restoration,2025-07-19 17:32:173
Nurse_G._struthium,A,-1.6941178996750317,-1.6941178996750317,1,2,-1,restoration,2025-07-19 17:32:173
H._squamatum,A,-5.099600407505828,-5.099600407505828,1,2,-1,restoration,2025-07-19 17:32:173
S._viscosa,A,-4.472194524143407,-4.472194524143407,1,2,-1,restoration,2025-07-19 17:32:173
C._hispanica,A,-4.5124403102760855,-4.5124403102760855,1,2,-1,restoration,2025-07-19 17:32:173
G._struthium,A,-0.5131431197744685,-0.5131431197744685,1,2,-1,restoration,2025-07-19 17:32:173
S._sediforme,A,-3.837780127003817,-3.837780127003817,1,2,-1,restoration,2025-07-19 17:32:173
Other_species,A,-2.3870204668545734,-2.3870204668545734,1,2,-1,restoration,2025-07-19 17:32:173
Nurse_S._viscosa,A,-1.019830482231461,-1.019830482231461,1,2,-1,natural,2025-07-19 17:32:173
Nurse_G._struthium,A,-2.5174278088193582,-2.5174278088193582,1,2,-1,natural,2025-07-19 17:32:173
H._squamatum,A,-1.8047138442042259,-1.8047138442042259,1,2,-1,natural,2025-07-19 17:32:173
S._viscosa,A,-2.7125357513873265,-2.7125357513873265,1,2,-1,natural,2025-07-19 17:32:173
C._hispanica,A,-2.6102378374977158,-2.6102378374977158,1,2,-1,natural,2025-07-19 17:32:173
G._struthium,A,-4.474103380864038,-4.474103380864038,1,2,-1,natural,2025-07-19 17:32:173
S._sediforme,A,-3.2974637331696233,-3.2974637331696233,1,2,-1,natural,2025-07-19 17:32:173
Other_species,A,-0.5529171567881163,-0.5529171567881163,1,2,-1,natural,2025-07-19 17:32:173
Nurse_S._viscosa,A,-3.274122345313313,-3.274122345313313,1,2,-1,restoration,2025-07-19 17:32:163
Nurse_G._struthium,A,-2.7027487334478897,-2.7027487334478897,1,2,-1,restoration,2025-07-19 17:32:163
H._squamatum,A,-5.479662240624214,-5.479662240624214,1,2,-1,restoration,2025-07-19 17:32:163
S._viscosa,A,-5.280677242278394,-5.280677242278394,1,2,-1,restoration,2025-07-19 17:32:163
C._hispanica,A,-6.81619389278766,-6.81619389278766,1,2,-1,restoration,2025-07-19 17:32:163
G._struthium,A,-1.2684420148498763,-1.2684420148498763,1,2,-1,restoration,2025-07-19 17:32:163
S._sediforme,A,-3.9268637365202723,-3.9268637365202723,1,2,-1,restoration,2025-07-19 17:32:163
Other_species,A,-3.0063445082635636,-3.0063445082635636,1,2,-1,restoration,2025-07-19 17:32:163
Nurse_S._viscosa,A,-0.7561979430045461,-0.7561979430045461,1,2,-1,natural,2025-07-19 17:32:163
Nurse_G._struthium,A,-2.3094530507075204,-2.3094530507075204,1,2,-1,natural,2025-07-19 17:32:163
H._squamatum,A,-1.6856319528053754,-1.6856319528053754,1,2,-1,natural,2025-07-19 17:32:163
S._viscosa,A,-2.1744725145015513,-2.1744725145015513,1,2,-1,natural,2025-07-19 17:32:163
C._hispanica,A,-2.7909572464580186,-2.7909572464580186,1,2,-1,natural,2025-07-19 17:32:163
G._struthium,A,-5.2512824400987554,-5.2512824400987554,1,2,-1,natural,2025-07-19 17:32:163
S._sediforme,A,-3.2854418969268813,-3.2854418969268813,1,2,-1,natural,2025-07-19 17:32:163
Other_species,A,-0.5488546156488852,-0.5488546156488852,1,2,-1,natural,2025-07-19 17:32:163
Nurse_S._viscosa,A,-2.562798496200663,-2.562798496200663,1,2,-1,restoration,2025-07-19 17:32:153
Nurse_G._struthium,A,-2.1419370205460386,-2.1419370205460386,1,2,-1,restoration,2025-07-19 17:32:153
H._squamatum,A,-5.176367692108216,-5.176367692108216,1,2,-1,restoration,2025-07-19 17:32:153
S._viscosa,A,-3.825854578221081,-3.825854578221081,1,2,-1,restoration,2025-07-19 17:32:153
C._hispanica,A,-6.567693815618424,-6.567693815618424,1,2,-1,restoration,2025-07-19 17:32:153
G._struthium,A,-1.3038601184035297,-1.3038601184035297,1,2,-1,restoration,2025-07-19 17:32:153
S._sediforme,A,-3.4328154189353173,-3.4328154189353173,1,2,-1,restoration,2025-07-19 17:32:153
Other_species,A,-2.7996371481523967,-2.7996371481523967,1,2,-1,restoration,2025-07-19 17:32:153
Nurse_S._viscosa,A,-0.8123887760631202,-0.8123887760631202,1,2,-1,natural,2025-07-19 17:32:153
Nurse_G._struthium,A,-2.32976755876306,-2.32976755876306,1,2,-1,natural,2025-07-19 17:32:153
H._squamatum,A,-1.8906909794858675,-1.8906909794858675,1,2,-1,natural,2025-07-19 17:32:153
S._viscosa,A,-2.6022273781661447,-2.6022273781661447,1,2,-1,natural,2025-07-19 17:32:153
C._hispanica,A,-2.3088851875088103,-2.3088851875088103,1,2,-1,natural,2025-07-19 17:32:153
G._struthium,A,-4.174682209560155,-4.174682209560155,1,2,-1,natural,2025-07-19 17:32:153
S._sediforme,A,-3.0129371439717243,-3.0129371439717243,1,2,-1,natural,2025-07-19 17:32:153
Other_species,A,-0.6059722831265483,-0.6059722831265483,1,2,-1,natural,2025-07-19 17:32:153
Nurse_S._viscosa,A,-3.0399552055495085,-3.0399552055495085,1,2,-1,restoration,2025-07-19 17:32:153
Nurse_G._struthium,A,-2.135363365614434,-2.135363365614434,1,2,-1,restoration,2025-07-19 17:32:153
H._squamatum,A,-3.678168492743485,-3.678168492743485,1,2,-1,restoration,2025-07-19 17:32:153
S._viscosa,A,-4.229608479060084,-4.229608479060084,1,2,-1,restoration,2025-07-19 17:32:153
C._hispanica,A,-4.376982504716603,-4.376982504716603,1,2,-1,restoration,2025-07-19 17:32:153
G._struthium,A,-0.41252512219853105,-0.41252512219853105,1,2,-1,restoration,2025-07-19 17:32:153
S._sediforme,A,-4.247629865355245,-4.247629865355245,1,2,-1,restoration,2025-07-19 17:32:153
Other_species,A,-2.5059615562182658,-2.5059615562182658,1,2,-1,restoration,2025-07-19 17:32:153
Nurse_S._viscosa,A,-0.8545241727027614,-0.8545241727027614,1,2,-1,natural,2025-07-19 17:32:153
Nurse_G._struthium,A,-2.4266413386668813,-2.4266413386668813,1,2,-1,natural,2025-07-19 17:32:153
H._squamatum,A,-1.5511684519981614,-1.5511684519981614,1,2,-1,natural,2025-07-19 17:32:153
S._viscosa,A,-2.4510721680196377,-2.4510721680196377,1,2,-1,natural,2025-07-19 17:32:153
C._hispanica,A,-2.5836006131577394,-2.5836006131577394,1,2,-1,natural,2025-07-19 17:32:153
G._struthium,A,-4.682129974423136,-4.682129974423136,1,2,-1,natural,2025-07-19 17:32:153
S._sediforme,A,-3.4890412371704445,-3.4890412371704445,1,2,-1,natural,2025-07-19 17:32:153
Other_species,A,-0.6559105787310098,-0.6559105787310098,1,2,-1,natural,2025-07-19 17:32:153
Nurse_S._viscosa,A,-2.541139525731426,-2.541139525731426,1,2,-1,restoration,2025-07-19 17:32:143
Nurse_G._struthium,A,-1.6576253057610726,-1.6576253057610726,1,2,-1,restoration,2025-07-19 17:32:143
H._squamatum,A,-4.853135062772048,-4.853135062772048,1,2,-1,restoration,2025-07-19 17:32:143
S._viscosa,A,-4.813609210982916,-4.813609210982916,1,2,-1,restoration,2025-07-19 17:32:143
C._hispanica,A,-4.83773865425981,-4.83773865425981,1,2,-1,restoration,2025-07-19 17:32:143
G._struthium,A,-0.5331411386678834,-0.5331411386678834,1,2,-1,restoration,2025-07-19 17:32:143
S._sediforme,A,-3.7301183707390324,-3.7301183707390324,1,2,-1,restoration,2025-07-19 17:32:143
Other_species,A,-2.3894872755641976,-2.3894872755641976,1,2,-1,restoration,2025-07-19 17:32:143
Nurse_S._viscosa,A,-0.5964497655410176,-0.5964497655410176,1,2,-1,natural,2025-07-19 17:32:143
Nurse_G._struthium,A,-2.008051577237118,-2.008051577237118,1,2,-1,natural,2025-07-19 17:32:143
H._squamatum,A,-1.5420430633891102,-1.5420430633891102,1,2,-1,natural,2025-07-19 17:32:143
S._viscosa,A,-2.234294954294165,-2.234294954294165,1,2,-1,natural,2025-07-19 17:32:143
C._hispanica,A,-2.764079593254634,-2.764079593254634,1,2,-1,natural,2025-07-19 17:32:143
G._struthium,A,-4.7666773840921985,-4.7666773840921985,1,2,-1,natural,2025-07-19 17:32:143
S._sediforme,A,-3.2752690683345342,-3.2752690683345342,1,2,-1,natural,2025-07-19 17:32:143
Other_species,A,-0.4222750888297316,-0.4222750888297316,1,2,-1,natural,2025-07-19 17:32:143
Nurse_S._viscosa,A,-2.787190104890703,-2.787190104890703,1,2,-1,restoration,2025-07-19 17:32:143
Nurse_G._struthium,A,-1.679821949639592,-1.679821949639592,1,2,-1,restoration,2025-07-19 17:32:143
H._squamatum,A,-4.244908797312439,-4.244908797312439,1,2,-1,restoration,2025-07-19 17:32:143
S._viscosa,A,-4.346916053925525,-4.346916053925525,1,2,-1,restoration,2025-07-19 17:32:143
C._hispanica,A,-6.007792033766384,-6.007792033766384,1,2,-1,restoration,2025-07-19 17:32:143
G._struthium,A,-0.9670615214316635,-0.9670615214316635,1,2,-1,restoration,2025-07-19 17:32:143
S._sediforme,A,-3.994721700654128,-3.994721700654128,1,2,-1,restoration,2025-07-19 17:32:143
Other_species,A,-2.5957741124674074,-2.5957741124674074,1,2,-1,restoration,2025-07-19 17:32:143
Nurse_S._viscosa,A,-1.1393131100295115,-1.1393131100295115,1,2,-1,natural,2025-07-19 17:32:143
Nurse_G._struthium,A,-2.6461072222265143,-2.6461072222265143,1,2,-1,natural,2025-07-19 17:32:143
H._squamatum,A,-1.8260086594962743,-1.8260086594962743,1,2,-1,natural,2025-07-19 17:32:143
S._viscosa,A,-2.655943398929096,-2.655943398929096,1,2,-1,natural,2025-07-19 17:32:143
C._hispanica,A,-2.6223199162649418,-2.6223199162649418,1,2,-1,natural,2025-07-19 17:32:143
G._struthium,A,-4.966999858169208,-4.966999858169208,1,2,-1,natural,2025-07-19 17:32:143
S._sediforme,A,-3.475997734442235,-3.475997734442235,1,2,-1,natural,2025-07-19 17:32:143
Other_species,A,-0.8798890034906629,-0.8798890034906629,1,2,-1,natural,2025-07-19 17:32:143
Nurse_S._viscosa,A,-3.246786389627619,-3.246786389627619,1,2,-1,restoration,2025-07-19 17:32:133
Nurse_G._struthium,A,-2.915150435848801,-2.915150435848801,1,2,-1,restoration,2025-07-19 17:32:133
H._squamatum,A,-5.381533970902209,-5.381533970902209,1,2,-1,restoration,2025-07-19 17:32:133
S._viscosa,A,-3.9106191180850294,-3.9106191180850294,1,2,-1,restoration,2025-07-19 17:32:133
C._hispanica,A,-6.319086345101826,-6.319086345101826,1,2,-1,restoration,2025-07-19 17:32:133
G._struthium,A,-1.2663417194889666,-1.2663417194889666,1,2,-1,restoration,2025-07-19 17:32:133
S._sediforme,A,-4.105352088645701,-4.105352088645701,1,2,-1,restoration,2025-07-19 17:32:133
Other_species,A,-2.6845260118331757,-2.6845260118331757,1,2,-1,restoration,2025-07-19 17:32:133
Nurse_S._viscosa,A,-0.8873513790062789,-0.8873513790062789,1,2,-1,natural,2025-07-19 17:32:133
Nurse_G._struthium,A,-2.567752464921152,-2.567752464921152,1,2,-1,natural,2025-07-19 17:32:133
H._squamatum,A,-1.6928488971630988,-1.6928488971630988,1,2,-1,natural,2025-07-19 17:32:133
S._viscosa,A,-2.3818794970698374,-2.3818794970698374,1,2,-1,natural,2025-07-19 17:32:133
C._hispanica,A,-2.6472484112494197,-2.6472484112494197,1,2,-1,natural,2025-07-19 17:32:133
G._struthium,A,-4.464834334295717,-4.464834334295717,1,2,-1,natural,2025-07-19 17:32:133
S._sediforme,A,-3.8023192109539465,-3.8023192109539465,1,2,-1,natural,2025-07-19 17:32:133
Other_species,A,-0.6091014970018648,-0.6091014970018648,1,2,-1,natural,2025-07-19 17:32:133
Nurse_S._viscosa,A,-4.213261441644481,-4.213261441644481,1,2,-1,restoration,2025-07-19 17:32:123
Nurse_G._struthium,A,-2.5822328183996865,-2.5822328183996865,1,2,-1,restoration,2025-07-19 17:32:123
H._squamatum,A,-4.027638131199232,-4.027638131199232,1,2,-1,restoration,2025-07-19 17:32:123
S._viscosa,A,-4.432509516105509,-4.432509516105509,1,2,-1,restoration,2025-07-19 17:32:123
C._hispanica,A,-7.610435167134724,-7.610435167134724,1,2,-1,restoration,2025-07-19 17:32:123
G._struthium,A,-1.7210961541743837,-1.7210961541743837,1,2,-1,restoration,2025-07-19 17:32:123
S._sediforme,A,-4.4105946799735385,-4.4105946799735385,1,2,-1,restoration,2025-07-19 17:32:123
Other_species,A,-3.5174363773309323,-3.5174363773309323,1,2,-1,restoration,2025-07-19 17:32:123
Nurse_S._viscosa,A,-0.7814157057472624,-0.7814157057472624,1,2,-1,natural,2025-07-19 17:32:123
Nurse_G._struthium,A,-2.18049174026051,-2.18049174026051,1,2,-1,natural,2025-07-19 17:32:123
H._squamatum,A,-1.6554224591601978,-1.6554224591601978,1,2,-1,natural,2025-07-19 17:32:123
S._viscosa,A,-2.565561136967432,-2.565561136967432,1,2,-1,natural,2025-07-19 17:32:123
C._hispanica,A,-2.556308760228688,-2.556308760228688,1,2,-1,natural,2025-07-19 17:32:123
G._struthium,A,-4.27526796523323,-4.27526796523323,1,2,-1,natural,2025-07-19 17:32:123
S._sediforme,A,-3.116702947173538,-3.116702947173538,1,2,-1,natural,2025-07-19 17:32:123
Other_species,A,-0.5927073104888022,-0.5927073104888022,1,2,-1,natural,2025-07-19 17:32:123
Nurse_S._viscosa,A,-3.3909422944616114,-3.3909422944616114,1,2,-1,restoration,2025-07-19 17:32:123
Nurse_G._struthium,A,-2.182009139664111,-2.182009139664111,1,2,-1,restoration,2025-07-19 17:32:123
H._squamatum,A,-5.034448913729825,-5.034448913729825,1,2,-1,restoration,2025-07-19 17:32:123
S._viscosa,A,-5.174765778036749,-5.174765778036749,1,2,-1,restoration,2025-07-19 17:32:123
C._hispanica,A,-4.680151708517227,-4.680151708517227,1,2,-1,restoration,2025-07-19 17:32:123
G._struthium,A,-1.0464224376184297,-1.0464224376184297,1,2,-1,restoration,2025-07-19 17:32:123
S._sediforme,A,-4.333079520199503,-4.333079520199503,1,2,-1,restoration,2025-07-19 17:32:123
Other_species,A,-2.7948121275452946,-2.7948121275452946,1,2,-1,restoration,2025-07-19 17:32:123
Nurse_S._viscosa,A,-0.7786924584980527,-0.7786924584980527,1,2,-1,natural,2025-07-19 17:32:123
Nurse_G._struthium,A,-2.337059029633165,-2.337059029633165,1,2,-1,natural,2025-07-19 17:32:123
H._squamatum,A,-1.667460906107525,-1.667460906107525,1,2,-1,natural,2025-07-19 17:32:123
S._viscosa,A,-2.6113991399525793,-2.6113991399525793,1,2,-1,natural,2025-07-19 17:32:123
C._hispanica,A,-2.462361675024387,-2.462361675024387,1,2,-1,natural,2025-07-19 17:32:123
G._struthium,A,-4.036171716298615,-4.036171716298615,1,2,-1,natural,2025-07-19 17:32:123
S._sediforme,A,-3.2168924610023097,-3.2168924610023097,1,2,-1,natural,2025-07-19 17:32:123
Other_species,A,-0.4106612140043665,-0.4106612140043665,1,2,-1,natural,2025-07-19 17:32:123
Nurse_S._viscosa,A,-2.8908022745658997,-2.8908022745658997,1,2,-1,restoration,2025-07-19 17:32:113
Nurse_G._struthium,A,-1.4293485060032283,-1.4293485060032283,1,2,-1,restoration,2025-07-19 17:32:113
H._squamatum,A,-4.35017066678667,-4.35017066678667,1,2,-1,restoration,2025-07-19 17:32:113
S._viscosa,A,-3.432042481759486,-3.432042481759486,1,2,-1,restoration,2025-07-19 17:32:113
C._hispanica,A,-4.33415933628305,-4.33415933628305,1,2,-1,restoration,2025-07-19 17:32:113
G._struthium,A,-0.9542806758066501,-0.9542806758066501,1,2,-1,restoration,2025-07-19 17:32:113
S._sediforme,A,-2.9946357575114666,-2.9946357575114666,1,2,-1,restoration,2025-07-19 17:32:113
Other_species,A,-2.7679674028862946,-2.7679674028862946,1,2,-1,restoration,2025-07-19 17:32:113
Nurse_S._viscosa,A,-0.8970150780706847,-0.8970150780706847,1,2,-1,natural,2025-07-19 17:32:113
Nurse_G._struthium,A,-2.6280892611996345,-2.6280892611996345,1,2,-1,natural,2025-07-19 17:32:113
H._squamatum,A,-1.7610995699623213,-1.7610995699623213,1,2,-1,natural,2025-07-19 17:32:113
S._viscosa,A,-2.61976744925723,-2.61976744925723,1,2,-1,natural,2025-07-19 17:32:113
C._hispanica,A,-2.5927533800118674,-2.5927533800118674,1,2,-1,natural,2025-07-19 17:32:113
G._struthium,A,-3.8331784344173827,-3.8331784344173827,1,2,-1,natural,2025-07-19 17:32:113
S._sediforme,A,-3.4420370450469098,-3.4420370450469098,1,2,-1,natural,2025-07-19 17:32:113
Other_species,A,-0.7567048610070324,-0.7567048610070324,1,2,-1,natural,2025-07-19 17:32:113
Nurse_S._viscosa,A,-2.398181283119158,-2.398181283119158,1,2,-1,restoration,2025-07-19 17:32:113
Nurse_G._struthium,A,-1.4390122643484584,-1.4390122643484584,1,2,-1,restoration,2025-07-19 17:32:113
H._squamatum,A,-4.830986342634665,-4.830986342634665,1,2,-1,restoration,2025-07-19 17:32:113
S._viscosa,A,-5.0680909357779615,-5.0680909357779615,1,2,-1,restoration,2025-07-19 17:32:113
C._hispanica,A,-4.6804263662423375,-4.6804263662423375,1,2,-1,restoration,2025-07-19 17:32:113
G._struthium,A,-0.49738782697706685,-0.49738782697706685,1,2,-1,restoration,2025-07-19 17:32:113
S._sediforme,A,-4.218706167410007,-4.218706167410007,1,2,-1,restoration,2025-07-19 17:32:113
Other_species,A,-2.3293279946203103,-2.3293279946203103,1,2,-1,restoration,2025-07-19 17:32:113
Nurse_S._viscosa,A,-1.1285733129000577,-1.1285733129000577,1,2,-1,natural,2025-07-19 17:32:113
Nurse_G._struthium,A,-2.3933536518195173,-2.3933536518195173,1,2,-1,natural,2025-07-19 17:32:113
H._squamatum,A,-1.7270812418455712,-1.7270812418455712,1,2,-1,natural,2025-07-19 17:32:113
S._viscosa,A,-2.7581545518628103,-2.7581545518628103,1,2,-1,natural,2025-07-19 17:32:113
C._hispanica,A,-3.003419618389933,-3.003419618389933,1,2,-1,natural,2025-07-19 17:32:113
G._struthium,A,-3.810321043444863,-3.810321043444863,1,2,-1,natural,2025-07-19 17:32:113
S._sediforme,A,-3.0658235476632205,-3.0658235476632205,1,2,-1,natural,2025-07-19 17:32:113
Other_species,A,-1.0345724624146349,-1.0345724624146349,1,2,-1,natural,2025-07-19 17:32:113
Nurse_S._viscosa,A,-4.2348581304228325,-4.2348581304228325,1,2,-1,restoration,2025-07-19 17:32:103
Nurse_G._struthium,A,-2.014032572667567,-2.014032572667567,1,2,-1,restoration,2025-07-19 17:32:103
H._squamatum,A,-4.109920943341774,-4.109920943341774,1,2,-1,restoration,2025-07-19 17:32:103
S._viscosa,A,-6.435565448949365,-6.435565448949365,1,2,-1,restoration,2025-07-19 17:32:103
C._hispanica,A,-5.200394653705138,-5.200394653705138,1,2,-1,restoration,2025-07-19 17:32:103
G._struthium,A,-0.7845668319720431,-0.7845668319720431,1,2,-1,restoration,2025-07-19 17:32:103
S._sediforme,A,-4.222632639891306,-4.222632639891306,1,2,-1,restoration,2025-07-19 17:32:103
Other_species,A,-2.9535088377314302,-2.9535088377314302,1,2,-1,restoration,2025-07-19 17:32:103
Nurse_S._viscosa,A,-1.0368599292446463,-1.0368599292446463,1,2,-1,natural,2025-07-19 17:32:103
Nurse_G._struthium,A,-2.767038865787949,-2.767038865787949,1,2,-1,natural,2025-07-19 17:32:103
H._squamatum,A,-1.5977692460270712,-1.5977692460270712,1,2,-1,natural,2025-07-19 17:32:103
S._viscosa,A,-2.4965598158487614,-2.4965598158487614,1,2,-1,natural,2025-07-19 17:32:103
C._hispanica,A,-2.6086217856155303,-2.6086217856155303,1,2,-1,natural,2025-07-19 17:32:103
G._struthium,A,-5.732970938923292,-5.732970938923292,1,2,-1,natural,2025-07-19 17:32:103
S._sediforme,A,-3.826238846001758,-3.826238846001758,1,2,-1,natural,2025-07-19 17:32:103
Other_species,A,-0.6957700164820214,-0.6957700164820214,1,2,-1,natural,2025-07-19 17:32:103
Nurse_S._viscosa,A,-2.978493251896767,-2.978493251896767,1,2,-1,restoration,2025-07-19 17:32:093
Nurse_G._struthium,A,-1.923370159178158,-1.923370159178158,1,2,-1,restoration,2025-07-19 17:32:093
H._squamatum,A,-3.9566833443066587,-3.9566833443066587,1,2,-1,restoration,2025-07-19 17:32:093
S._viscosa,A,-3.8379903263686876,-3.8379903263686876,1,2,-1,restoration,2025-07-19 17:32:093
C._hispanica,A,-5.493641633379348,-5.493641633379348,1,2,-1,restoration,2025-07-19 17:32:093
G._struthium,A,-0.9815786641178895,-0.9815786641178895,1,2,-1,restoration,2025-07-19 17:32:093
S._sediforme,A,-3.74668167364235,-3.74668167364235,1,2,-1,restoration,2025-07-19 17:32:093
Other_species,A,-2.820079294545634,-2.820079294545634,1,2,-1,restoration,2025-07-19 17:32:093
Nurse_S._viscosa,A,-1.2933157833061237,-1.2933157833061237,1,2,-1,natural,2025-07-19 17:32:093
Nurse_G._struthium,A,-2.7319742797876443,-2.7319742797876443,1,2,-1,natural,2025-07-19 17:32:093
H._squamatum,A,-1.7088560337077814,-1.7088560337077814,1,2,-1,natural,2025-07-19 17:32:093
S._viscosa,A,-2.8868401358975,-2.8868401358975,1,2,-1,natural,2025-07-19 17:32:093
C._hispanica,A,-2.7248462205331556,-2.7248462205331556,1,2,-1,natural,2025-07-19 17:32:093
G._struthium,A,-4.778532663418425,-4.778532663418425,1,2,-1,natural,2025-07-19 17:32:093
S._sediforme,A,-3.6832287896922,-3.6832287896922,1,2,-1,natural,2025-07-19 17:32:093
Other_species,A,-0.9468669375968108,-0.9468669375968108,1,2,-1,natural,2025-07-19 17:32:093
Nurse_S._viscosa,A,-2.761032745298361,-2.761032745298361,1,2,-1,restoration,2025-07-19 17:32:093
Nurse_G._struthium,A,-1.2600861053164136,-1.2600861053164136,1,2,-1,restoration,2025-07-19 17:32:093
H._squamatum,A,-4.8663359173498275,-4.8663359173498275,1,2,-1,restoration,2025-07-19 17:32:093
S._viscosa,A,-4.628233582431831,-4.628233582431831,1,2,-1,restoration,2025-07-19 17:32:093
C._hispanica,A,-6.089176079313387,-6.089176079313387,1,2,-1,restoration,2025-07-19 17:32:093
G._struthium,A,-0.5421954724057476,-0.5421954724057476,1,2,-1,restoration,2025-07-19 17:32:093
S._sediforme,A,-3.502146820984988,-3.502146820984988,1,2,-1,restoration,2025-07-19 17:32:093
Other_species,A,-2.6395623787911218,-2.6395623787911218,1,2,-1,restoration,2025-07-19 17:32:093
Nurse_S._viscosa,A,-0.9923418918981127,-0.9923418918981127,1,2,-1,natural,2025-07-19 17:32:093
Nurse_G._struthium,A,-2.7127493106440332,-2.7127493106440332,1,2,-1,natural,2025-07-19 17:32:093
H._squamatum,A,-1.570677703187298,-1.570677703187298,1,2,-1,natural,2025-07-19 17:32:093
S._viscosa,A,-2.8239998724599267,-2.8239998724599267,1,2,-1,natural,2025-07-19 17:32:093
C._hispanica,A,-2.294813237450116,-2.294813237450116,1,2,-1,natural,2025-07-19 17:32:093
G._struthium,A,-3.5299979219945263,-3.5299979219945263,1,2,-1,natural,2025-07-19 17:32:093
S._sediforme,A,-3.7743285580118577,-3.7743285580118577,1,2,-1,natural,2025-07-19 17:32:093
Other_species,A,-0.6350110498635615,-0.6350110498635615,1,2,-1,natural,2025-07-19 17:32:093
Nurse_S._viscosa,A,-3.272465842773052,-3.272465842773052,1,2,-1,restoration,2025-07-19 17:32:083
Nurse_G._struthium,A,-2.279042829356655,-2.279042829356655,1,2,-1,restoration,2025-07-19 17:32:083
H._squamatum,A,-3.75351133310876,-3.75351133310876,1,2,-1,restoration,2025-07-19 17:32:083
S._viscosa,A,-4.652115978525545,-4.652115978525545,1,2,-1,restoration,2025-07-19 17:32:083
C._hispanica,A,-4.94436610751646,-4.94436610751646,1,2,-1,restoration,2025-07-19 17:32:083
G._struthium,A,-1.271055769758295,-1.271055769758295,1,2,-1,restoration,2025-07-19 17:32:083
S._sediforme,A,-4.0233887085053786,-4.0233887085053786,1,2,-1,restoration,2025-07-19 17:32:083
Other_species,A,-3.2292585003947027,-3.2292585003947027,1,2,-1,restoration,2025-07-19 17:32:083
Nurse_S._viscosa,A,-0.8550177273472565,-0.8550177273472565,1,2,-1,natural,2025-07-19 17:32:083
Nurse_G._struthium,A,-2.2069007554239803,-2.2069007554239803,1,2,-1,natural,2025-07-19 17:32:083
H._squamatum,A,-1.5807796942198882,-1.5807796942198882,1,2,-1,natural,2025-07-19 17:32:083
S._viscosa,A,-2.618277289321549,-2.618277289321549,1,2,-1,natural,2025-07-19 17:32:083
C._hispanica,A,-2.529921864805407,-2.529921864805407,1,2,-1,natural,2025-07-19 17:32:083
G._struthium,A,-3.9847270861813398,-3.9847270861813398,1,2,-1,natural,2025-07-19 17:32:083
S._sediforme,A,-3.994515978085782,-3.994515978085782,1,2,-1,natural,2025-07-19 17:32:083
Other_species,A,-0.6560455813395378,-0.6560455813395378,1,2,-1,natural,2025-07-19 17:32:083
Nurse_S._viscosa,A,-2.414037008597322,-2.414037008597322,1,2,-1,restoration,2025-07-19 17:32:073
Nurse_G._struthium,A,-2.2290094885526317,-2.2290094885526317,1,2,-1,restoration,2025-07-19 17:32:073
H._squamatum,A,-5.1118240023139965,-5.1118240023139965,1,2,-1,restoration,2025-07-19 17:32:073
S._viscosa,A,-4.925484981257307,-4.925484981257307,1,2,-1,restoration,2025-07-19 17:32:073
C._hispanica,A,-5.654771173428418,-5.654771173428418,1,2,-1,restoration,2025-07-19 17:32:073
G._struthium,A,-0.9713636167987442,-0.9713636167987442,1,2,-1,restoration,2025-07-19 17:32:073
S._sediforme,A,-4.081680911903922,-4.081680911903922,1,2,-1,restoration,2025-07-19 17:32:073
Other_species,A,-2.627839309058362,-2.627839309058362,1,2,-1,restoration,2025-07-19 17:32:073
Nurse_S._viscosa,A,-0.6161348339955691,-0.6161348339955691,1,2,-1,natural,2025-07-19 17:32:073
Nurse_G._struthium,A,-2.345063810957101,-2.345063810957101,1,2,-1,natural,2025-07-19 17:32:073
H._squamatum,A,-1.6726284233817847,-1.6726284233817847,1,2,-1,natural,2025-07-19 17:32:073
S._viscosa,A,-2.466520804005059,-2.466520804005059,1,2,-1,natural,2025-07-19 17:32:073
C._hispanica,A,-2.537955399064367,-2.537955399064367,1,2,-1,natural,2025-07-19 17:32:073
G._struthium,A,-4.9213284230807,-4.9213284230807,1,2,-1,natural,2025-07-19 17:32:073
S._sediforme,A,-3.329926188683313,-3.329926188683313,1,2,-1,natural,2025-07-19 17:32:073
Other_species,A,-0.3735254144960186,-0.3735254144960186,1,2,-1,natural,2025-07-19 17:32:073
Nurse_S._viscosa,A,-2.1143980927298216,-2.1143980927298216,1,2,-1,restoration,2025-07-19 17:32:073
Nurse_G._struthium,A,-1.2163702103959433,-1.2163702103959433,1,2,-1,restoration,2025-07-19 17:32:073
H._squamatum,A,-4.2544531548266065,-4.2544531548266065,1,2,-1,restoration,2025-07-19 17:32:073
S._viscosa,A,-4.440196243510247,-4.440196243510247,1,2,-1,restoration,2025-07-19 17:32:073
C._hispanica,A,-6.183805779063633,-6.183805779063633,1,2,-1,restoration,2025-07-19 17:32:073
G._struthium,A,-0.37699373175698464,-0.37699373175698464,1,2,-1,restoration,2025-07-19 17:32:073
S._sediforme,A,-4.42148588962252,-4.42148588962252,1,2,-1,restoration,2025-07-19 17:32:073
Other_species,A,-2.2314471791980752,-2.2314471791980752,1,2,-1,restoration,2025-07-19 17:32:073
Nurse_S._viscosa,A,-0.9071516449745797,-0.9071516449745797,1,2,-1,natural,2025-07-19 17:32:073
Nurse_G._struthium,A,-2.38383569958207,-2.38383569958207,1,2,-1,natural,2025-07-19 17:32:073
H._squamatum,A,-1.7424708146150387,-1.7424708146150387,1,2,-1,natural,2025-07-19 17:32:073
S._viscosa,A,-2.530747034604051,-2.530747034604051,1,2,-1,natural,2025-07-19 17:32:073
C._hispanica,A,-2.907352381808617,-2.907352381808617,1,2,-1,natural,2025-07-19 17:32:073
G._struthium,A,-4.0296985441062185,-4.0296985441062185,1,2,-1,natural,2025-07-19 17:32:073
S._sediforme,A,-3.224914558037103,-3.224914558037103,1,2,-1,natural,2025-07-19 17:32:073
Other_species,A,-0.7547587960014142,-0.7547587960014142,1,2,-1,natural,2025-07-19 17:32:073
Nurse_S._viscosa,A,-3.4140605398298627,-3.4140605398298627,1,2,-1,restoration,2025-07-19 17:32:063
Nurse_G._struthium,A,-2.238431846801607,-2.238431846801607,1,2,-1,restoration,2025-07-19 17:32:063
H._squamatum,A,-4.307455879692459,-4.307455879692459,1,2,-1,restoration,2025-07-19 17:32:063
S._viscosa,A,-3.4846108274428937,-3.4846108274428937,1,2,-1,restoration,2025-07-19 17:32:063
C._hispanica,A,-6.058678814915463,-6.058678814915463,1,2,-1,restoration,2025-07-19 17:32:063
G._struthium,A,-1.345812828916861,-1.345812828916861,1,2,-1,restoration,2025-07-19 17:32:063
S._sediforme,A,-3.525068527181242,-3.525068527181242,1,2,-1,restoration,2025-07-19 17:32:063
Other_species,A,-2.726644040429506,-2.726644040429506,1,2,-1,restoration,2025-07-19 17:32:063
Nurse_S._viscosa,A,-0.902162068067637,-0.902162068067637,1,2,-1,natural,2025-07-19 17:32:063
Nurse_G._struthium,A,-2.330066981235536,-2.330066981235536,1,2,-1,natural,2025-07-19 17:32:063
H._squamatum,A,-1.6678255794296586,-1.6678255794296586,1,2,-1,natural,2025-07-19 17:32:063
S._viscosa,A,-2.7698102375581595,-2.7698102375581595,1,2,-1,natural,2025-07-19 17:32:063
C._hispanica,A,-2.6031215367211837,-2.6031215367211837,1,2,-1,natural,2025-07-19 17:32:063
G._struthium,A,-4.341149687591084,-4.341149687591084,1,2,-1,natural,2025-07-19 17:32:063
S._sediforme,A,-3.869623666150087,-3.869623666150087,1,2,-1,natural,2025-07-19 17:32:063
Other_species,A,-0.9032271491123297,-0.9032271491123297,1,2,-1,natural,2025-07-19 17:32:063
Nurse_S._viscosa,A,-2.9888273052133973,-2.9888273052133973,1,2,-1,restoration,2025-07-19 17:32:053
Nurse_G._struthium,A,-1.5928070030129071,-1.5928070030129071,1,2,-1,restoration,2025-07-19 17:32:053
H._squamatum,A,-3.520313062560529,-3.520313062560529,1,2,-1,restoration,2025-07-19 17:32:053
S._viscosa,A,-4.848814520590115,-4.848814520590115,1,2,-1,restoration,2025-07-19 17:32:053
C._hispanica,A,-6.33269893418005,-6.33269893418005,1,2,-1,restoration,2025-07-19 17:32:053
G._struthium,A,-0.537860283359103,-0.537860283359103,1,2,-1,restoration,2025-07-19 17:32:053
S._sediforme,A,-3.943583082185196,-3.943583082185196,1,2,-1,restoration,2025-07-19 17:32:053
Other_species,A,-2.766657343171282,-2.766657343171282,1,2,-1,restoration,2025-07-19 17:32:053
Nurse_S._viscosa,A,-0.9110040694585454,-0.9110040694585454,1,2,-1,natural,2025-07-19 17:32:053
Nurse_G._struthium,A,-2.4490242201775043,-2.4490242201775043,1,2,-1,natural,2025-07-19 17:32:053
H._squamatum,A,-1.5318720264165278,-1.5318720264165278,1,2,-1,natural,2025-07-19 17:32:053
S._viscosa,A,-2.5584854138004256,-2.5584854138004256,1,2,-1,natural,2025-07-19 17:32:053
C._hispanica,A,-2.7176439979344,-2.7176439979344,1,2,-1,natural,2025-07-19 17:32:053
G._struthium,A,-4.560645606133147,-4.560645606133147,1,2,-1,natural,2025-07-19 17:32:053
S._sediforme,A,-3.439566535302139,-3.439566535302139,1,2,-1,natural,2025-07-19 17:32:053
Other_species,A,-0.7848273796784166,-0.7848273796784166,1,2,-1,natural,2025-07-19 17:32:053
Nurse_S._viscosa,A,-2.288467359309356,-2.288467359309356,1,2,-1,restoration,2025-07-19 17:32:053
Nurse_G._struthium,A,-1.771315679665402,-1.771315679665402,1,2,-1,restoration,2025-07-19 17:32:053
H._squamatum,A,-4.650593292896836,-4.650593292896836,1,2,-1,restoration,2025-07-19 17:32:053
S._viscosa,A,-5.126066969540017,-5.126066969540017,1,2,-1,restoration,2025-07-19 17:32:053
C._hispanica,A,-5.71633730997226,-5.71633730997226,1,2,-1,restoration,2025-07-19 17:32:053
G._struthium,A,-0.5108025433594463,-0.5108025433594463,1,2,-1,restoration,2025-07-19 17:32:053
S._sediforme,A,-3.442443375744208,-3.442443375744208,1,2,-1,restoration,2025-07-19 17:32:053
Other_species,A,-3.005399410583494,-3.005399410583494,1,2,-1,restoration,2025-07-19 17:32:053
Nurse_S._viscosa,A,-0.9486674198091816,-0.9486674198091816,1,2,-1,natural,2025-07-19 17:32:053
Nurse_G._struthium,A,-2.210322120370792,-2.210322120370792,1,2,-1,natural,2025-07-19 17:32:053
H._squamatum,A,-1.9726423819979368,-1.9726423819979368,1,2,-1,natural,2025-07-19 17:32:053
S._viscosa,A,-2.8319133468657407,-2.8319133468657407,1,2,-1,natural,2025-07-19 17:32:053
C._hispanica,A,-2.5446024392858035,-2.5446024392858035,1,2,-1,natural,2025-07-19 17:32:053
G._struthium,A,-4.17314386569254,-4.17314386569254,1,2,-1,natural,2025-07-19 17:32:053
S._sediforme,A,-3.32137418735204,-3.32137418735204,1,2,-1,natural,2025-07-19 17:32:053
Other_species,A,-0.76839036063396,-0.76839036063396,1,2,-1,natural,2025-07-19 17:32:053
Nurse_S._viscosa,A,-2.8384050184081637,-2.8384050184081637,1,2,-1,restoration,2025-07-19 17:32:043
Nurse_G._struthium,A,-1.843014175341933,-1.843014175341933,1,2,-1,restoration,2025-07-19 17:32:043
H._squamatum,A,-4.117979167161888,-4.117979167161888,1,2,-1,restoration,2025-07-19 17:32:043
S._viscosa,A,-4.980467548825128,-4.980467548825128,1,2,-1,restoration,2025-07-19 17:32:043
C._hispanica,A,-4.376618372681142,-4.376618372681142,1,2,-1,restoration,2025-07-19 17:32:043
G._struthium,A,-1.257190204997147,-1.257190204997147,1,2,-1,restoration,2025-07-19 17:32:043
S._sediforme,A,-4.1316521519822285,-4.1316521519822285,1,2,-1,restoration,2025-07-19 17:32:043
Other_species,A,-2.8849991979614016,-2.8849991979614016,1,2,-1,restoration,2025-07-19 17:32:043
Nurse_S._viscosa,A,-1.0418592714885433,-1.0418592714885433,1,2,-1,natural,2025-07-19 17:32:043
Nurse_G._struthium,A,-2.6937699036987155,-2.6937699036987155,1,2,-1,natural,2025-07-19 17:32:043
H._squamatum,A,-1.6825691505826161,-1.6825691505826161,1,2,-1,natural,2025-07-19 17:32:043
S._viscosa,A,-2.52618027886581,-2.52618027886581,1,2,-1,natural,2025-07-19 17:32:043
C._hispanica,A,-2.947726155886631,-2.947726155886631,1,2,-1,natural,2025-07-19 17:32:043
G._struthium,A,-4.5271309011812315,-4.5271309011812315,1,2,-1,natural,2025-07-19 17:32:043
S._sediforme,A,-3.0445515894124084,-3.0445515894124084,1,2,-1,natural,2025-07-19 17:32:043
Other_species,A,-0.7772823633643787,-0.7772823633643787,1,2,-1,natural,2025-07-19 17:32:043
Nurse_S._viscosa,A,-2.243441542095567,-2.243441542095567,1,2,-1,restoration,2025-07-19 17:32:043
Nurse_G._struthium,A,-1.9530790610496136,-1.9530790610496136,1,2,-1,restoration,2025-07-19 17:32:043
H._squamatum,A,-5.059862427519027,-5.059862427519027,1,2,-1,restoration,2025-07-19 17:32:043
S._viscosa,A,-4.042047222040011,-4.042047222040011,1,2,-1,restoration,2025-07-19 17:32:043
C._hispanica,A,-5.883079285581341,-5.883079285581341,1,2,-1,restoration,2025-07-19 17:32:043
G._struthium,A,-1.0283112824773268,-1.0283112824773268,1,2,-1,restoration,2025-07-19 17:32:043
S._sediforme,A,-4.4448860810112185,-4.4448860810112185,1,2,-1,restoration,2025-07-19 17:32:043
Other_species,A,-2.240752417545466,-2.240752417545466,1,2,-1,restoration,2025-07-19 17:32:043
Nurse_S._viscosa,A,-0.7253689786909723,-0.7253689786909723,1,2,-1,natural,2025-07-19 17:32:043
Nurse_G._struthium,A,-2.401860455167069,-2.401860455167069,1,2,-1,natural,2025-07-19 17:32:043
H._squamatum,A,-1.5845800054430514,-1.5845800054430514,1,2,-1,natural,2025-07-19 17:32:043
S._viscosa,A,-2.751352558163138,-2.751352558163138,1,2,-1,natural,2025-07-19 17:32:043
C._hispanica,A,-2.629990950997674,-2.629990950997674,1,2,-1,natural,2025-07-19 17:32:043
G._struthium,A,-3.964714078006323,-3.964714078006323,1,2,-1,natural,2025-07-19 17:32:043
S._sediforme,A,-3.350718445997437,-3.350718445997437,1,2,-1,natural,2025-07-19 17:32:043
Other_species,A,-0.4892993341189514,-0.4892993341189514,1,2,-1,natural,2025-07-19 17:32:043
Nurse_S._viscosa,A,-2.702805253839897,-2.702805253839897,1,2,-1,restoration,2025-07-19 17:32:033
Nurse_G._struthium,A,-1.1076227980878783,-1.1076227980878783,1,2,-1,restoration,2025-07-19 17:32:033
H._squamatum,A,-5.094453092750907,-5.094453092750907,1,2,-1,restoration,2025-07-19 17:32:033
S._viscosa,A,-4.494865979479639,-4.494865979479639,1,2,-1,restoration,2025-07-19 17:32:033
C._hispanica,A,-4.669197109883892,-4.669197109883892,1,2,-1,restoration,2025-07-19 17:32:033
G._struthium,A,-0.6737319839330257,-0.6737319839330257,1,2,-1,restoration,2025-07-19 17:32:033
S._sediforme,A,-3.7032460997064267,-3.7032460997064267,1,2,-1,restoration,2025-07-19 17:32:033
Other_species,A,-2.430535632807679,-2.430535632807679,1,2,-1,restoration,2025-07-19 17:32:033
Nurse_S._viscosa,A,-0.8120693712189988,-0.8120693712189988,1,2,-1,natural,2025-07-19 17:32:033
Nurse_G._struthium,A,-2.5597949500355583,-2.5597949500355583,1,2,-1,natural,2025-07-19 17:32:033
H._squamatum,A,-1.6491058096749853,-1.6491058096749853,1,2,-1,natural,2025-07-19 17:32:033
S._viscosa,A,-2.7706871944879414,-2.7706871944879414,1,2,-1,natural,2025-07-19 17:32:033
C._hispanica,A,-2.767011764607514,-2.767011764607514,1,2,-1,natural,2025-07-19 17:32:033
G._struthium,A,-3.26920454291544,-3.26920454291544,1,2,-1,natural,2025-07-19 17:32:033
S._sediforme,A,-2.5738324380303705,-2.5738324380303705,1,2,-1,natural,2025-07-19 17:32:033
Other_species,A,-0.5606126023753873,-0.5606126023753873,1,2,-1,natural,2025-07-19 17:32:033
Nurse_S._viscosa,A,-2.543959460752601,-2.543959460752601,1,2,-1,restoration,2025-07-19 17:32:023
Nurse_G._struthium,A,-1.8001942257678818,-1.8001942257678818,1,2,-1,restoration,2025-07-19 17:32:023
H._squamatum,A,-4.556168579541603,-4.556168579541603,1,2,-1,restoration,2025-07-19 17:32:023
S._viscosa,A,-4.177842410241038,-4.177842410241038,1,2,-1,restoration,2025-07-19 17:32:023
C._hispanica,A,-4.8993066103639915,-4.8993066103639915,1,2,-1,restoration,2025-07-19 17:32:023
G._struthium,A,-0.9656845649365816,-0.9656845649365816,1,2,-1,restoration,2025-07-19 17:32:023
S._sediforme,A,-3.7321090650669224,-3.7321090650669224,1,2,-1,restoration,2025-07-19 17:32:023
Other_species,A,-2.767467813402834,-2.767467813402834,1,2,-1,restoration,2025-07-19 17:32:023
Nurse_S._viscosa,A,-0.9239330588929997,-0.9239330588929997,1,2,-1,natural,2025-07-19 17:32:023
Nurse_G._struthium,A,-2.268901652361649,-2.268901652361649,1,2,-1,natural,2025-07-19 17:32:023
H._squamatum,A,-1.9622871596103337,-1.9622871596103337,1,2,-1,natural,2025-07-19 17:32:023
S._viscosa,A,-2.5122731046029108,-2.5122731046029108,1,2,-1,natural,2025-07-19 17:32:023
C._hispanica,A,-2.647723800491505,-2.647723800491505,1,2,-1,natural,2025-07-19 17:32:023
G._struthium,A,-4.42664163207579,-4.42664163207579,1,2,-1,natural,2025-07-19 17:32:023
S._sediforme,A,-2.9628150314959125,-2.9628150314959125,1,2,-1,natural,2025-07-19 17:32:023
Other_species,A,-0.5634572071002472,-0.5634572071002472,1,2,-1,natural,2025-07-19 17:32:023
Nurse_S._viscosa,A,-3.1750609244503147,-3.1750609244503147,1,2,-1,restoration,2025-07-19 17:32:023
Nurse_G._struthium,A,-1.926224220299629,-1.926224220299629,1,2,-1,restoration,2025-07-19 17:32:023
H._squamatum,A,-4.282188744963185,-4.282188744963185,1,2,-1,restoration,2025-07-19 17:32:023
S._viscosa,A,-4.505517920787099,-4.505517920787099,1,2,-1,restoration,2025-07-19 17:32:023
C._hispanica,A,-5.050288979009651,-5.050288979009651,1,2,-1,restoration,2025-07-19 17:32:023
G._struthium,A,-1.2700969516300247,-1.2700969516300247,1,2,-1,restoration,2025-07-19 17:32:023
S._sediforme,A,-4.1054614042148,-4.1054614042148,1,2,-1,restoration,2025-07-19 17:32:023
Other_species,A,-3.3437077479201127,-3.3437077479201127,1,2,-1,restoration,2025-07-19 17:32:023
Nurse_S._viscosa,A,-0.8475702503773471,-0.8475702503773471,1,2,-1,natural,2025-07-19 17:32:023
Nurse_G._struthium,A,-2.418532211124708,-2.418532211124708,1,2,-1,natural,2025-07-19 17:32:023
H._squamatum,A,-1.5044913323136269,-1.5044913323136269,1,2,-1,natural,2025-07-19 17:32:023
S._viscosa,A,-2.368753483214401,-2.368753483214401,1,2,-1,natural,2025-07-19 17:32:023
C._hispanica,A,-2.488237461932424,-2.488237461932424,1,2,-1,natural,2025-07-19 17:32:023
G._struthium,A,-4.535938854336091,-4.535938854336091,1,2,-1,natural,2025-07-19 17:32:023
S._sediforme,A,-3.4684852094377225,-3.4684852094377225,1,2,-1,natural,2025-07-19 17:32:023
Other_species,A,-0.4968340279624777,-0.4968340279624777,1,2,-1,natural,2025-07-19 17:32:023
Nurse_S._viscosa,A,-3.291848462201943,-3.291848462201943,1,2,-1,restoration,2025-07-19 17:32:013
Nurse_G._struthium,A,-1.5535580232158297,-1.5535580232158297,1,2,-1,restoration,2025-07-19 17:32:013
H._squamatum,A,-3.87709547213987,-3.87709547213987,1,2,-1,restoration,2025-07-19 17:32:013
S._viscosa,A,-4.914770301827996,-4.914770301827996,1,2,-1,restoration,2025-07-19 17:32:013
C._hispanica,A,-4.78707718737071,-4.78707718737071,1,2,-1,restoration,2025-07-19 17:32:013
G._struthium,A,-0.225370580174987,-0.225370580174987,1,2,-1,restoration,2025-07-19 17:32:013
S._sediforme,A,-4.882084651045493,-4.882084651045493,1,2,-1,restoration,2025-07-19 17:32:013
Other_species,A,-2.131512772516835,-2.131512772516835,1,2,-1,restoration,2025-07-19 17:32:013
Nurse_S._viscosa,A,-1.0258157939923087,-1.0258157939923087,1,2,-1,natural,2025-07-19 17:32:013
Nurse_G._struthium,A,-2.345943094557371,-2.345943094557371,1,2,-1,natural,2025-07-19 17:32:013
H._squamatum,A,-1.7989911913845062,-1.7989911913845062,1,2,-1,natural,2025-07-19 17:32:013
S._viscosa,A,-2.450710835700622,-2.450710835700622,1,2,-1,natural,2025-07-19 17:32:013
C._hispanica,A,-2.718987334730486,-2.718987334730486,1,2,-1,natural,2025-07-19 17:32:013
G._struthium,A,-5.30280261857584,-5.30280261857584,1,2,-1,natural,2025-07-19 17:32:013
S._sediforme,A,-3.0768462994092554,-3.0768462994092554,1,2,-1,natural,2025-07-19 17:32:013
Other_species,A,-0.6138826330733528,-0.6138826330733528,1,2,-1,natural,2025-07-19 17:32:013
Nurse_S._viscosa,A,-2.9189821780628153,-2.9189821780628153,1,2,-1,restoration,2025-07-19 17:32:013
Nurse_G._struthium,A,-1.7157554995067354,-1.7157554995067354,1,2,-1,restoration,2025-07-19 17:32:013
H._squamatum,A,-4.137900835859174,-4.137900835859174,1,2,-1,restoration,2025-07-19 17:32:013
S._viscosa,A,-4.393965488193542,-4.393965488193542,1,2,-1,restoration,2025-07-19 17:32:013
C._hispanica,A,-6.953159395066743,-6.953159395066743,1,2,-1,restoration,2025-07-19 17:32:013
G._struthium,A,-0.7738363345026128,-0.7738363345026128,1,2,-1,restoration,2025-07-19 17:32:013
S._sediforme,A,-3.444550402331691,-3.444550402331691,1,2,-1,restoration,2025-07-19 17:32:013
Other_species,A,-2.49566694807271,-2.49566694807271,1,2,-1,restoration,2025-07-19 17:32:013
Nurse_S._viscosa,A,-0.9912925927459836,-0.9912925927459836,1,2,-1,natural,2025-07-19 17:32:013
Nurse_G._struthium,A,-2.3563921171040745,-2.3563921171040745,1,2,-1,natural,2025-07-19 17:32:013
H._squamatum,A,-1.528877489694694,-1.528877489694694,1,2,-1,natural,2025-07-19 17:32:013
S._viscosa,A,-2.6923804066765786,-2.6923804066765786,1,2,-1,natural,2025-07-19 17:32:013
C._hispanica,A,-2.4062628892440983,-2.4062628892440983,1,2,-1,natural,2025-07-19 17:32:013
G._struthium,A,-4.067499488050792,-4.067499488050792,1,2,-1,natural,2025-07-19 17:32:013
S._sediforme,A,-3.2375684348770735,-3.2375684348770735,1,2,-1,natural,2025-07-19 17:32:013
Other_species,A,-0.7202371155220534,-0.7202371155220534,1,2,-1,natural,2025-07-19 17:32:013
Nurse_S._viscosa,A,-2.4409734133780594,-2.4409734133780594,1,2,-1,restoration,2025-07-19 17:32:003
Nurse_G._struthium,A,-1.3653876651046757,-1.3653876651046757,1,2,-1,restoration,2025-07-19 17:32:003
H._squamatum,A,-3.4894759175995462,-3.4894759175995462,1,2,-1,restoration,2025-07-19 17:32:003
S._viscosa,A,-4.4696655985963805,-4.4696655985963805,1,2,-1,restoration,2025-07-19 17:32:003
C._hispanica,A,-6.189751396828468,-6.189751396828468,1,2,-1,restoration,2025-07-19 17:32:003
G._struthium,A,-0.3965487290100236,-0.3965487290100236,1,2,-1,restoration,2025-07-19 17:32:003
S._sediforme,A,-3.594758686816683,-3.594758686816683,1,2,-1,restoration,2025-07-19 17:32:003
Other_species,A,-2.0637312410858613,-2.0637312410858613,1,2,-1,restoration,2025-07-19 17:32:003
Nurse_S._viscosa,A,-0.7115286496294362,-0.7115286496294362,1,2,-1,natural,2025-07-19 17:32:003
Nurse_G._struthium,A,-2.083276608179479,-2.083276608179479,1,2,-1,natural,2025-07-19 17:32:003
H._squamatum,A,-1.3804336775328496,-1.3804336775328496,1,2,-1,natural,2025-07-19 17:32:003
S._viscosa,A,-2.5592251769988317,-2.5592251769988317,1,2,-1,natural,2025-07-19 17:32:003
C._hispanica,A,-2.45814948820284,-2.45814948820284,1,2,-1,natural,2025-07-19 17:32:003
G._struthium,A,-3.673323855445499,-3.673323855445499,1,2,-1,natural,2025-07-19 17:32:003
S._sediforme,A,-3.6777382565414176,-3.6777382565414176,1,2,-1,natural,2025-07-19 17:32:003
Other_species,A,-0.2837354021053941,-0.2837354021053941,1,2,-1,natural,2025-07-19 17:32:003
Nurse_S._viscosa,A,-3.033220550478974,-3.033220550478974,1,2,-1,restoration,2025-07-19 17:32:003
Nurse_G._struthium,A,-1.5136457725117431,-1.5136457725117431,1,2,-1,restoration,2025-07-19 17:32:003
H._squamatum,A,-3.862079858640415,-3.862079858640415,1,2,-1,restoration,2025-07-19 17:32:003
S._viscosa,A,-5.786643253188954,-5.786643253188954,1,2,-1,restoration,2025-07-19 17:32:003
C._hispanica,A,-4.2052912926879795,-4.2052912926879795,1,2,-1,restoration,2025-07-19 17:32:003
G._struthium,A,-0.40415979413311814,-0.40415979413311814,1,2,-1,restoration,2025-07-19 17:32:003
S._sediforme,A,-4.044980966967763,-4.044980966967763,1,2,-1,restoration,2025-07-19 17:32:003
Other_species,A,-2.450091202357682,-2.450091202357682,1,2,-1,restoration,2025-07-19 17:32:003
Nurse_S._viscosa,A,-0.8342548124377048,-0.8342548124377048,1,2,-1,natural,2025-07-19 17:32:003
Nurse_G._struthium,A,-2.633739654438149,-2.633739654438149,1,2,-1,natural,2025-07-19 17:32:003
H._squamatum,A,-1.7843542996295911,-1.7843542996295911,1,2,-1,natural,2025-07-19 17:32:003
S._viscosa,A,-2.353550621434845,-2.353550621434845,1,2,-1,natural,2025-07-19 17:32:003
C._hispanica,A,-2.4515078387037192,-2.4515078387037192,1,2,-1,natural,2025-07-19 17:32:003
G._struthium,A,-5.701554006658901,-5.701554006658901,1,2,-1,natural,2025-07-19 17:32:003
S._sediforme,A,-3.5249090006621113,-3.5249090006621113,1,2,-1,natural,2025-07-19 17:32:003
Other_species,A,-0.651899568466563,-0.651899568466563,1,2,-1,natural,2025-07-19 17:32:003
Nurse_S._viscosa,A,-3.4029542031046383,-3.4029542031046383,1,2,-1,restoration,2025-07-19 17:31:593
Nurse_G._struthium,A,-2.283558818240601,-2.283558818240601,1,2,-1,restoration,2025-07-19 17:31:593
H._squamatum,A,-4.716211577395438,-4.716211577395438,1,2,-1,restoration,2025-07-19 17:31:593
S._viscosa,A,-3.8778713484337404,-3.8778713484337404,1,2,-1,restoration,2025-07-19 17:31:593
C._hispanica,A,-5.760372601346184,-5.760372601346184,1,2,-1,restoration,2025-07-19 17:31:593
G._struthium,A,-1.5159697099699325,-1.5159697099699325,1,2,-1,restoration,2025-07-19 17:31:593
S._sediforme,A,-4.411129885960627,-4.411129885960627,1,2,-1,restoration,2025-07-19 17:31:593
Other_species,A,-2.5383746425642477,-2.5383746425642477,1,2,-1,restoration,2025-07-19 17:31:593
Nurse_S._viscosa,A,-0.9324024881435633,-0.9324024881435633,1,2,-1,natural,2025-07-19 17:31:593
Nurse_G._struthium,A,-2.2963736469182083,-2.2963736469182083,1,2,-1,natural,2025-07-19 17:31:593
H._squamatum,A,-1.5449442988026136,-1.5449442988026136,1,2,-1,natural,2025-07-19 17:31:593
S._viscosa,A,-2.801525530698151,-2.801525530698151,1,2,-1,natural,2025-07-19 17:31:593
C._hispanica,A,-2.6174812177311515,-2.6174812177311515,1,2,-1,natural,2025-07-19 17:31:593
G._struthium,A,-5.373542246664877,-5.373542246664877,1,2,-1,natural,2025-07-19 17:31:593
S._sediforme,A,-3.1327111676423933,-3.1327111676423933,1,2,-1,natural,2025-07-19 17:31:593
Other_species,A,-0.6786605158292415,-0.6786605158292415,1,2,-1,natural,2025-07-19 17:31:593
Nurse_S._viscosa,A,-3.8709903893712454,-3.8709903893712454,1,2,-1,restoration,2025-07-19 17:31:583
Nurse_G._struthium,A,-2.2800667207225476,-2.2800667207225476,1,2,-1,restoration,2025-07-19 17:31:583
H._squamatum,A,-4.259270700141094,-4.259270700141094,1,2,-1,restoration,2025-07-19 17:31:583
S._viscosa,A,-4.446551767293196,-4.446551767293196,1,2,-1,restoration,2025-07-19 17:31:583
C._hispanica,A,-6.019140860625051,-6.019140860625051,1,2,-1,restoration,2025-07-19 17:31:583
G._struthium,A,-1.0487029732020963,-1.0487029732020963,1,2,-1,restoration,2025-07-19 17:31:583
S._sediforme,A,-4.70809231938367,-4.70809231938367,1,2,-1,restoration,2025-07-19 17:31:583
Other_species,A,-2.6415360169769477,-2.6415360169769477,1,2,-1,restoration,2025-07-19 17:31:583
Nurse_S._viscosa,A,-1.0437112186453343,-1.0437112186453343,1,2,-1,natural,2025-07-19 17:31:583
Nurse_G._struthium,A,-2.4102191902307344,-2.4102191902307344,1,2,-1,natural,2025-07-19 17:31:583
H._squamatum,A,-1.7482502824265105,-1.7482502824265105,1,2,-1,natural,2025-07-19 17:31:583
S._viscosa,A,-2.7025672441224664,-2.7025672441224664,1,2,-1,natural,2025-07-19 17:31:583
C._hispanica,A,-2.5922690363508805,-2.5922690363508805,1,2,-1,natural,2025-07-19 17:31:583
G._struthium,A,-5.024784967933977,-5.024784967933977,1,2,-1,natural,2025-07-19 17:31:583
S._sediforme,A,-3.6388650492386416,-3.6388650492386416,1,2,-1,natural,2025-07-19 17:31:583
Other_species,A,-0.559711344992113,-0.559711344992113,1,2,-1,natural,2025-07-19 17:31:583
Nurse_S._viscosa,A,-2.652441460890768,-2.652441460890768,1,2,-1,restoration,2025-07-19 17:31:583
Nurse_G._struthium,A,-2.1776461140569454,-2.1776461140569454,1,2,-1,restoration,2025-07-19 17:31:583
H._squamatum,A,-5.040207069072724,-5.040207069072724,1,2,-1,restoration,2025-07-19 17:31:583
S._viscosa,A,-3.618621960174329,-3.618621960174329,1,2,-1,restoration,2025-07-19 17:31:583
C._hispanica,A,-5.001086985099778,-5.001086985099778,1,2,-1,restoration,2025-07-19 17:31:583
G._struthium,A,-1.137272281439469,-1.137272281439469,1,2,-1,restoration,2025-07-19 17:31:583
S._sediforme,A,-4.310082016946436,-4.310082016946436,1,2,-1,restoration,2025-07-19 17:31:583
Other_species,A,-2.9095404429195795,-2.9095404429195795,1,2,-1,restoration,2025-07-19 17:31:583
Nurse_S._viscosa,A,-0.8804326938278845,-0.8804326938278845,1,2,-1,natural,2025-07-19 17:31:583
Nurse_G._struthium,A,-2.3748706512527393,-2.3748706512527393,1,2,-1,natural,2025-07-19 17:31:583
H._squamatum,A,-1.6580545617001181,-1.6580545617001181,1,2,-1,natural,2025-07-19 17:31:583
S._viscosa,A,-2.2764446115415344,-2.2764446115415344,1,2,-1,natural,2025-07-19 17:31:583
C._hispanica,A,-2.6336943198321396,-2.6336943198321396,1,2,-1,natural,2025-07-19 17:31:583
G._struthium,A,-4.840134901481812,-4.840134901481812,1,2,-1,natural,2025-07-19 17:31:583
S._sediforme,A,-3.228044548520468,-3.228044548520468,1,2,-1,natural,2025-07-19 17:31:583
Other_species,A,-0.4778934324733482,-0.4778934324733482,1,2,-1,natural,2025-07-19 17:31:583
Nurse_S._viscosa,A,-2.7712016869747718,-2.7712016869747718,1,2,-1,restoration,2025-07-19 17:31:573
Nurse_G._struthium,A,-1.2550431852601982,-1.2550431852601982,1,2,-1,restoration,2025-07-19 17:31:573
H._squamatum,A,-4.832096183489266,-4.832096183489266,1,2,-1,restoration,2025-07-19 17:31:573
S._viscosa,A,-3.8735687093329942,-3.8735687093329942,1,2,-1,restoration,2025-07-19 17:31:573
C._hispanica,A,-5.049591794607014,-5.049591794607014,1,2,-1,restoration,2025-07-19 17:31:573
G._struthium,A,-0.3702205277161592,-0.3702205277161592,1,2,-1,restoration,2025-07-19 17:31:573
S._sediforme,A,-3.44860886638837,-3.44860886638837,1,2,-1,restoration,2025-07-19 17:31:573
Other_species,A,-2.5135738929508045,-2.5135738929508045,1,2,-1,restoration,2025-07-19 17:31:573
Nurse_S._viscosa,A,-0.9724779573833393,-0.9724779573833393,1,2,-1,natural,2025-07-19 17:31:573
Nurse_G._struthium,A,-2.37429305037635,-2.37429305037635,1,2,-1,natural,2025-07-19 17:31:573
H._squamatum,A,-1.7046010939044178,-1.7046010939044178,1,2,-1,natural,2025-07-19 17:31:573
S._viscosa,A,-2.5445514146902424,-2.5445514146902424,1,2,-1,natural,2025-07-19 17:31:573
C._hispanica,A,-2.7060778392835863,-2.7060778392835863,1,2,-1,natural,2025-07-19 17:31:573
G._struthium,A,-5.182210578918509,-5.182210578918509,1,2,-1,natural,2025-07-19 17:31:573
S._sediforme,A,-3.1692873672503343,-3.1692873672503343,1,2,-1,natural,2025-07-19 17:31:573
Other_species,A,-0.4814698774182633,-0.4814698774182633,1,2,-1,natural,2025-07-19 17:31:573
Nurse_S._viscosa,A,-2.1832970123525577,-2.1832970123525577,1,2,-1,restoration,2025-07-19 17:31:573
Nurse_G._struthium,A,-1.3175879403799593,-1.3175879403799593,1,2,-1,restoration,2025-07-19 17:31:573
H._squamatum,A,-4.525347216412514,-4.525347216412514,1,2,-1,restoration,2025-07-19 17:31:573
S._viscosa,A,-3.706598795301761,-3.706598795301761,1,2,-1,restoration,2025-07-19 17:31:573
C._hispanica,A,-5.465736276988887,-5.465736276988887,1,2,-1,restoration,2025-07-19 17:31:573
G._struthium,A,-0.5181078653237271,-0.5181078653237271,1,2,-1,restoration,2025-07-19 17:31:573
S._sediforme,A,-3.7410556349750337,-3.7410556349750337,1,2,-1,restoration,2025-07-19 17:31:573
Other_species,A,-2.313521200885293,-2.313521200885293,1,2,-1,restoration,2025-07-19 17:31:573
Nurse_S._viscosa,A,-0.8215743094908466,-0.8215743094908466,1,2,-1,natural,2025-07-19 17:31:573
Nurse_G._struthium,A,-2.0483415162189744,-2.0483415162189744,1,2,-1,natural,2025-07-19 17:31:573
H._squamatum,A,-1.4660673535173048,-1.4660673535173048,1,2,-1,natural,2025-07-19 17:31:573
S._viscosa,A,-2.316770769896168,-2.316770769896168,1,2,-1,natural,2025-07-19 17:31:573
C._hispanica,A,-2.2458156959574476,-2.2458156959574476,1,2,-1,natural,2025-07-19 17:31:573
G._struthium,A,-5.409809219708928,-5.409809219708928,1,2,-1,natural,2025-07-19 17:31:573
S._sediforme,A,-3.136683937976953,-3.136683937976953,1,2,-1,natural,2025-07-19 17:31:573
Other_species,A,-0.4309839305253548,-0.4309839305253548,1,2,-1,natural,2025-07-19 17:31:573
Nurse_S._viscosa,A,-2.4734850906132806,-2.4734850906132806,1,2,-1,restoration,2025-07-19 17:31:563
Nurse_G._struthium,A,-1.8003540555496387,-1.8003540555496387,1,2,-1,restoration,2025-07-19 17:31:563
H._squamatum,A,-5.220629644430756,-5.220629644430756,1,2,-1,restoration,2025-07-19 17:31:563
S._viscosa,A,-4.424497825159328,-4.424497825159328,1,2,-1,restoration,2025-07-19 17:31:563
C._hispanica,A,-4.48401112687707,-4.48401112687707,1,2,-1,restoration,2025-07-19 17:31:563
G._struthium,A,-0.543616361710634,-0.543616361710634,1,2,-1,restoration,2025-07-19 17:31:563
S._sediforme,A,-3.4527918565335813,-3.4527918565335813,1,2,-1,restoration,2025-07-19 17:31:563
Other_species,A,-2.4659890087853382,-2.4659890087853382,1,2,-1,restoration,2025-07-19 17:31:563
Nurse_S._viscosa,A,-0.9771871385438207,-0.9771871385438207,1,2,-1,natural,2025-07-19 17:31:563
Nurse_G._struthium,A,-2.2785865319400376,-2.2785865319400376,1,2,-1,natural,2025-07-19 17:31:563
H._squamatum,A,-1.8629482521215472,-1.8629482521215472,1,2,-1,natural,2025-07-19 17:31:563
S._viscosa,A,-2.761428379820319,-2.761428379820319,1,2,-1,natural,2025-07-19 17:31:563
C._hispanica,A,-2.3571023147569594,-2.3571023147569594,1,2,-1,natural,2025-07-19 17:31:563
G._struthium,A,-4.098496545018633,-4.098496545018633,1,2,-1,natural,2025-07-19 17:31:563
S._sediforme,A,-3.0517019191277854,-3.0517019191277854,1,2,-1,natural,2025-07-19 17:31:563
Other_species,A,-0.8611921163524938,-0.8611921163524938,1,2,-1,natural,2025-07-19 17:31:563
Nurse_S._viscosa,A,-3.2056604817225973,-3.2056604817225973,1,2,-1,restoration,2025-07-19 17:31:563
Nurse_G._struthium,A,-2.149332681855832,-2.149332681855832,1,2,-1,restoration,2025-07-19 17:31:563
H._squamatum,A,-4.552650478270747,-4.552650478270747,1,2,-1,restoration,2025-07-19 17:31:563
S._viscosa,A,-4.197366527898183,-4.197366527898183,1,2,-1,restoration,2025-07-19 17:31:563
C._hispanica,A,-6.221091407753172,-6.221091407753172,1,2,-1,restoration,2025-07-19 17:31:563
G._struthium,A,-1.1987100190186128,-1.1987100190186128,1,2,-1,restoration,2025-07-19 17:31:563
S._sediforme,A,-3.4432372866798593,-3.4432372866798593,1,2,-1,restoration,2025-07-19 17:31:563
Other_species,A,-3.2250800337859395,-3.2250800337859395,1,2,-1,restoration,2025-07-19 17:31:563
Nurse_S._viscosa,A,-0.8998410667065613,-0.8998410667065613,1,2,-1,natural,2025-07-19 17:31:563
Nurse_G._struthium,A,-2.1887847988233995,-2.1887847988233995,1,2,-1,natural,2025-07-19 17:31:563
H._squamatum,A,-1.6084104708106501,-1.6084104708106501,1,2,-1,natural,2025-07-19 17:31:563
S._viscosa,A,-2.6274910706545587,-2.6274910706545587,1,2,-1,natural,2025-07-19 17:31:563
C._hispanica,A,-2.5545363813711144,-2.5545363813711144,1,2,-1,natural,2025-07-19 17:31:563
G._struthium,A,-4.822404706174626,-4.822404706174626,1,2,-1,natural,2025-07-19 17:31:563
S._sediforme,A,-3.180017071645528,-3.180017071645528,1,2,-1,natural,2025-07-19 17:31:563
Other_species,A,-0.6967857353140079,-0.6967857353140079,1,2,-1,natural,2025-07-19 17:31:563
Nurse_S._viscosa,A,-2.805543414691324,-2.805543414691324,1,2,-1,restoration,2025-07-19 17:31:553
Nurse_G._struthium,A,-1.6646803038814977,-1.6646803038814977,1,2,-1,restoration,2025-07-19 17:31:553
H._squamatum,A,-4.974089133640088,-4.974089133640088,1,2,-1,restoration,2025-07-19 17:31:553
S._viscosa,A,-6.729587176668744,-6.729587176668744,1,2,-1,restoration,2025-07-19 17:31:553
C._hispanica,A,-4.517505605550051,-4.517505605550051,1,2,-1,restoration,2025-07-19 17:31:553
G._struthium,A,-0.43921356898807257,-0.43921356898807257,1,2,-1,restoration,2025-07-19 17:31:553
S._sediforme,A,-3.3008095014665337,-3.3008095014665337,1,2,-1,restoration,2025-07-19 17:31:553
Other_species,A,-3.1716532583592656,-3.1716532583592656,1,2,-1,restoration,2025-07-19 17:31:553
Nurse_S._viscosa,A,-0.7714430115165823,-0.7714430115165823,1,2,-1,natural,2025-07-19 17:31:553
Nurse_G._struthium,A,-2.6391727764016357,-2.6391727764016357,1,2,-1,natural,2025-07-19 17:31:553
H._squamatum,A,-1.508257887669063,-1.508257887669063,1,2,-1,natural,2025-07-19 17:31:553
S._viscosa,A,-2.6288176933636414,-2.6288176933636414,1,2,-1,natural,2025-07-19 17:31:553
C._hispanica,A,-2.648104552298123,-2.648104552298123,1,2,-1,natural,2025-07-19 17:31:553
G._struthium,A,-4.403640171342502,-4.403640171342502,1,2,-1,natural,2025-07-19 17:31:553
S._sediforme,A,-3.7070603650910097,-3.7070603650910097,1,2,-1,natural,2025-07-19 17:31:553
Other_species,A,-0.34818052548179823,-0.34818052548179823,1,2,-1,natural,2025-07-19 17:31:553
Nurse_S._viscosa,A,-2.9619593732848797,-2.9619593732848797,1,2,-1,restoration,2025-07-19 17:31:553
Nurse_G._struthium,A,-2.0574793738816086,-2.0574793738816086,1,2,-1,restoration,2025-07-19 17:31:553
H._squamatum,A,-4.047347481514813,-4.047347481514813,1,2,-1,restoration,2025-07-19 17:31:553
S._viscosa,A,-5.347507468100748,-5.347507468100748,1,2,-1,restoration,2025-07-19 17:31:553
C._hispanica,A,-5.373140215713551,-5.373140215713551,1,2,-1,restoration,2025-07-19 17:31:553
G._struthium,A,-0.9603434625686302,-0.9603434625686302,1,2,-1,restoration,2025-07-19 17:31:553
S._sediforme,A,-4.070741905179526,-4.070741905179526,1,2,-1,restoration,2025-07-19 17:31:553
Other_species,A,-3.0239118430472045,-3.0239118430472045,1,2,-1,restoration,2025-07-19 17:31:553
Nurse_S._viscosa,A,-0.9930800130549512,-0.9930800130549512,1,2,-1,natural,2025-07-19 17:31:553
Nurse_G._struthium,A,-2.3842369637728917,-2.3842369637728917,1,2,-1,natural,2025-07-19 17:31:553
H._squamatum,A,-1.6977836855798754,-1.6977836855798754,1,2,-1,natural,2025-07-19 17:31:553
S._viscosa,A,-2.5189389800370834,-2.5189389800370834,1,2,-1,natural,2025-07-19 17:31:553
C._hispanica,A,-2.3329363675455386,-2.3329363675455386,1,2,-1,natural,2025-07-19 17:31:553
G._struthium,A,-4.007242229211161,-4.007242229211161,1,2,-1,natural,2025-07-19 17:31:553
S._sediforme,A,-3.516871721840407,-3.516871721840407,1,2,-1,natural,2025-07-19 17:31:553
Other_species,A,-0.7404904781502902,-0.7404904781502902,1,2,-1,natural,2025-07-19 17:31:553
Nurse_S._viscosa,A,-2.679570469843582,-2.679570469843582,1,2,-1,restoration,2025-07-19 17:31:543
Nurse_G._struthium,A,-1.5410457126193629,-1.5410457126193629,1,2,-1,restoration,2025-07-19 17:31:543
H._squamatum,A,-5.332223594484634,-5.332223594484634,1,2,-1,restoration,2025-07-19 17:31:543
S._viscosa,A,-4.809525168747578,-4.809525168747578,1,2,-1,restoration,2025-07-19 17:31:543
C._hispanica,A,-5.019084141322983,-5.019084141322983,1,2,-1,restoration,2025-07-19 17:31:543
G._struthium,A,-0.5020821697532136,-0.5020821697532136,1,2,-1,restoration,2025-07-19 17:31:543
S._sediforme,A,-3.9728933267807,-3.9728933267807,1,2,-1,restoration,2025-07-19 17:31:543
Other_species,A,-2.4629007667883824,-2.4629007667883824,1,2,-1,restoration,2025-07-19 17:31:543
Nurse_S._viscosa,A,-1.0302513898104342,-1.0302513898104342,1,2,-1,natural,2025-07-19 17:31:543
Nurse_G._struthium,A,-2.793671129563558,-2.793671129563558,1,2,-1,natural,2025-07-19 17:31:543
H._squamatum,A,-1.7352534480611557,-1.7352534480611557,1,2,-1,natural,2025-07-19 17:31:543
S._viscosa,A,-2.479069247713403,-2.479069247713403,1,2,-1,natural,2025-07-19 17:31:543
C._hispanica,A,-2.5076915994844255,-2.5076915994844255,1,2,-1,natural,2025-07-19 17:31:543
G._struthium,A,-5.272248290423457,-5.272248290423457,1,2,-1,natural,2025-07-19 17:31:543
S._sediforme,A,-4.0823882642616205,-4.0823882642616205,1,2,-1,natural,2025-07-19 17:31:543
Other_species,A,-0.8232592337002039,-0.8232592337002039,1,2,-1,natural,2025-07-19 17:31:543
Nurse_S._viscosa,A,-3.3509765552487876,-3.3509765552487876,1,2,-1,restoration,2025-07-19 17:31:543
Nurse_G._struthium,A,-1.9043209979918898,-1.9043209979918898,1,2,-1,restoration,2025-07-19 17:31:543
H._squamatum,A,-4.43053310023594,-4.43053310023594,1,2,-1,restoration,2025-07-19 17:31:543
S._viscosa,A,-3.8762964830519357,-3.8762964830519357,1,2,-1,restoration,2025-07-19 17:31:543
C._hispanica,A,-5.851703483913087,-5.851703483913087,1,2,-1,restoration,2025-07-19 17:31:543
G._struthium,A,-1.2283519589123963,-1.2283519589123963,1,2,-1,restoration,2025-07-19 17:31:543
S._sediforme,A,-3.8946201666085156,-3.8946201666085156,1,2,-1,restoration,2025-07-19 17:31:543
Other_species,A,-2.622493230089302,-2.622493230089302,1,2,-1,restoration,2025-07-19 17:31:543
Nurse_S._viscosa,A,-0.9190968698150772,-0.9190968698150772,1,2,-1,natural,2025-07-19 17:31:543
Nurse_G._struthium,A,-2.327916903966361,-2.327916903966361,1,2,-1,natural,2025-07-19 17:31:543
H._squamatum,A,-1.8386059699650827,-1.8386059699650827,1,2,-1,natural,2025-07-19 17:31:543
S._viscosa,A,-2.286253882672699,-2.286253882672699,1,2,-1,natural,2025-07-19 17:31:543
C._hispanica,A,-2.766140767050199,-2.766140767050199,1,2,-1,natural,2025-07-19 17:31:543
G._struthium,A,-4.5778520558068285,-4.5778520558068285,1,2,-1,natural,2025-07-19 17:31:543
S._sediforme,A,-3.1700697529835637,-3.1700697529835637,1,2,-1,natural,2025-07-19 17:31:543
Other_species,A,-0.6919232253408817,-0.6919232253408817,1,2,-1,natural,2025-07-19 17:31:543
Nurse_S._viscosa,A,-2.427935206246739,-2.427935206246739,1,2,-1,restoration,2025-07-19 17:31:533
Nurse_G._struthium,A,-1.5681437631699373,-1.5681437631699373,1,2,-1,restoration,2025-07-19 17:31:533
H._squamatum,A,-4.412030790742778,-4.412030790742778,1,2,-1,restoration,2025-07-19 17:31:533
S._viscosa,A,-4.141972004168593,-4.141972004168593,1,2,-1,restoration,2025-07-19 17:31:533
C._hispanica,A,-6.556672780739143,-6.556672780739143,1,2,-1,restoration,2025-07-19 17:31:533
G._struthium,A,-0.8550383694656387,-0.8550383694656387,1,2,-1,restoration,2025-07-19 17:31:533
S._sediforme,A,-3.5341298410201003,-3.5341298410201003,1,2,-1,restoration,2025-07-19 17:31:533
Other_species,A,-2.6661786998837615,-2.6661786998837615,1,2,-1,restoration,2025-07-19 17:31:533
Nurse_S._viscosa,A,-0.8754520991916845,-0.8754520991916845,1,2,-1,natural,2025-07-19 17:31:533
Nurse_G._struthium,A,-2.26070662628892,-2.26070662628892,1,2,-1,natural,2025-07-19 17:31:533
H._squamatum,A,-1.7439819193608703,-1.7439819193608703,1,2,-1,natural,2025-07-19 17:31:533
S._viscosa,A,-2.5588947435860505,-2.5588947435860505,1,2,-1,natural,2025-07-19 17:31:533
C._hispanica,A,-2.6322891853068837,-2.6322891853068837,1,2,-1,natural,2025-07-19 17:31:533
G._struthium,A,-3.8335886901515215,-3.8335886901515215,1,2,-1,natural,2025-07-19 17:31:533
S._sediforme,A,-3.940029314551043,-3.940029314551043,1,2,-1,natural,2025-07-19 17:31:533
Other_species,A,-0.4395873863363312,-0.4395873863363312,1,2,-1,natural,2025-07-19 17:31:533
Nurse_S._viscosa,A,-2.4296144882742836,-2.4296144882742836,1,2,-1,restoration,2025-07-19 17:31:523
Nurse_G._struthium,A,-1.4911785616206008,-1.4911785616206008,1,2,-1,restoration,2025-07-19 17:31:523
H._squamatum,A,-3.9848172686243686,-3.9848172686243686,1,2,-1,restoration,2025-07-19 17:31:523
S._viscosa,A,-5.109988343883406,-5.109988343883406,1,2,-1,restoration,2025-07-19 17:31:523
C._hispanica,A,-6.018058087549257,-6.018058087549257,1,2,-1,restoration,2025-07-19 17:31:523
G._struthium,A,-0.43771593296448874,-0.43771593296448874,1,2,-1,restoration,2025-07-19 17:31:523
S._sediforme,A,-3.8823515598522897,-3.8823515598522897,1,2,-1,restoration,2025-07-19 17:31:523
Other_species,A,-2.8237937338602714,-2.8237937338602714,1,2,-1,restoration,2025-07-19 17:31:523
Nurse_S._viscosa,A,-1.0165703084158302,-1.0165703084158302,1,2,-1,natural,2025-07-19 17:31:523
Nurse_G._struthium,A,-2.2113123927069442,-2.2113123927069442,1,2,-1,natural,2025-07-19 17:31:523
H._squamatum,A,-1.9417993720040831,-1.9417993720040831,1,2,-1,natural,2025-07-19 17:31:523
S._viscosa,A,-2.6984960913068647,-2.6984960913068647,1,2,-1,natural,2025-07-19 17:31:523
C._hispanica,A,-2.7772170644236973,-2.7772170644236973,1,2,-1,natural,2025-07-19 17:31:523
G._struthium,A,-3.7964074966305974,-3.7964074966305974,1,2,-1,natural,2025-07-19 17:31:523
S._sediforme,A,-3.2269540653965145,-3.2269540653965145,1,2,-1,natural,2025-07-19 17:31:523
Other_species,A,-0.7122534697834492,-0.7122534697834492,1,2,-1,natural,2025-07-19 17:31:523
Nurse_S._viscosa,A,-2.4197793813044206,-2.4197793813044206,1,2,-1,restoration,2025-07-19 17:31:523
Nurse_G._struthium,A,-1.2231657350048948,-1.2231657350048948,1,2,-1,restoration,2025-07-19 17:31:523
H._squamatum,A,-3.962728268328848,-3.962728268328848,1,2,-1,restoration,2025-07-19 17:31:523
S._viscosa,A,-4.481702521928822,-4.481702521928822,1,2,-1,restoration,2025-07-19 17:31:523
C._hispanica,A,-5.362137075702796,-5.362137075702796,1,2,-1,restoration,2025-07-19 17:31:523
G._struthium,A,-0.6540810392283688,-0.6540810392283688,1,2,-1,restoration,2025-07-19 17:31:523
S._sediforme,A,-4.314902629364404,-4.314902629364404,1,2,-1,restoration,2025-07-19 17:31:523
Other_species,A,-2.626555013255549,-2.626555013255549,1,2,-1,restoration,2025-07-19 17:31:523
Nurse_S._viscosa,A,-0.9017264681469698,-0.9017264681469698,1,2,-1,natural,2025-07-19 17:31:523
Nurse_G._struthium,A,-2.7155633329684163,-2.7155633329684163,1,2,-1,natural,2025-07-19 17:31:523
H._squamatum,A,-1.5140805297425322,-1.5140805297425322,1,2,-1,natural,2025-07-19 17:31:523
S._viscosa,A,-2.6205027820911853,-2.6205027820911853,1,2,-1,natural,2025-07-19 17:31:523
C._hispanica,A,-2.5679243688062816,-2.5679243688062816,1,2,-1,natural,2025-07-19 17:31:523
G._struthium,A,-4.829259000481625,-4.829259000481625,1,2,-1,natural,2025-07-19 17:31:523
S._sediforme,A,-2.94147250432753,-2.94147250432753,1,2,-1,natural,2025-07-19 17:31:523
Other_species,A,-0.8325510396477882,-0.8325510396477882,1,2,-1,natural,2025-07-19 17:31:523
Nurse_S._viscosa,A,-2.518208460309652,-2.518208460309652,1,2,-1,restoration,2025-07-19 17:31:513
Nurse_G._struthium,A,-2.298432282013721,-2.298432282013721,1,2,-1,restoration,2025-07-19 17:31:513
H._squamatum,A,-4.48774733928876,-4.48774733928876,1,2,-1,restoration,2025-07-19 17:31:513
S._viscosa,A,-3.5070888094348667,-3.5070888094348667,1,2,-1,restoration,2025-07-19 17:31:513
C._hispanica,A,-5.216067888180665,-5.216067888180665,1,2,-1,restoration,2025-07-19 17:31:513
G._struthium,A,-0.9000527745408662,-0.9000527745408662,1,2,-1,restoration,2025-07-19 17:31:513
S._sediforme,A,-3.340897088693408,-3.340897088693408,1,2,-1,restoration,2025-07-19 17:31:513
Other_species,A,-2.6487961016670476,-2.6487961016670476,1,2,-1,restoration,2025-07-19 17:31:513
Nurse_S._viscosa,A,-0.8563071233102463,-0.8563071233102463,1,2,-1,natural,2025-07-19 17:31:513
Nurse_G._struthium,A,-2.5888688713256864,-2.5888688713256864,1,2,-1,natural,2025-07-19 17:31:513
H._squamatum,A,-1.7686075986151584,-1.7686075986151584,1,2,-1,natural,2025-07-19 17:31:513
S._viscosa,A,-2.510519378097804,-2.510519378097804,1,2,-1,natural,2025-07-19 17:31:513
C._hispanica,A,-2.1723298929978783,-2.1723298929978783,1,2,-1,natural,2025-07-19 17:31:513
G._struthium,A,-4.492833442610768,-4.492833442610768,1,2,-1,natural,2025-07-19 17:31:513
S._sediforme,A,-3.5727624723199516,-3.5727624723199516,1,2,-1,natural,2025-07-19 17:31:513
Other_species,A,-0.6692153063203068,-0.6692153063203068,1,2,-1,natural,2025-07-19 17:31:513
Nurse_S._viscosa,A,-2.4888980105582577,-2.4888980105582577,1,2,-1,restoration,2025-07-19 17:31:513
Nurse_G._struthium,A,-1.9173455654620333,-1.9173455654620333,1,2,-1,restoration,2025-07-19 17:31:513
H._squamatum,A,-4.253183513411101,-4.253183513411101,1,2,-1,restoration,2025-07-19 17:31:513
S._viscosa,A,-3.5819313593589377,-3.5819313593589377,1,2,-1,restoration,2025-07-19 17:31:513
C._hispanica,A,-6.685968911392707,-6.685968911392707,1,2,-1,restoration,2025-07-19 17:31:513
G._struthium,A,-1.1469962760436558,-1.1469962760436558,1,2,-1,restoration,2025-07-19 17:31:513
S._sediforme,A,-3.190974892749598,-3.190974892749598,1,2,-1,restoration,2025-07-19 17:31:513
Other_species,A,-2.8412352821795923,-2.8412352821795923,1,2,-1,restoration,2025-07-19 17:31:513
Nurse_S._viscosa,A,-0.8318102357287838,-0.8318102357287838,1,2,-1,natural,2025-07-19 17:31:513
Nurse_G._struthium,A,-2.024682674235631,-2.024682674235631,1,2,-1,natural,2025-07-19 17:31:513
H._squamatum,A,-1.424470778112117,-1.424470778112117,1,2,-1,natural,2025-07-19 17:31:513
S._viscosa,A,-2.7976512631979578,-2.7976512631979578,1,2,-1,natural,2025-07-19 17:31:513
C._hispanica,A,-2.2652873556108784,-2.2652873556108784,1,2,-1,natural,2025-07-19 17:31:513
G._struthium,A,-4.516787388495088,-4.516787388495088,1,2,-1,natural,2025-07-19 17:31:513
S._sediforme,A,-3.1339014459627297,-3.1339014459627297,1,2,-1,natural,2025-07-19 17:31:513
Other_species,A,-0.6228337054367774,-0.6228337054367774,1,2,-1,natural,2025-07-19 17:31:513
Nurse_S._viscosa,A,-2.5614631061873863,-2.5614631061873863,1,2,-1,restoration,2025-07-19 17:31:503
Nurse_G._struthium,A,-1.4737742115154822,-1.4737742115154822,1,2,-1,restoration,2025-07-19 17:31:503
H._squamatum,A,-4.54697474760061,-4.54697474760061,1,2,-1,restoration,2025-07-19 17:31:503
S._viscosa,A,-3.950730013751793,-3.950730013751793,1,2,-1,restoration,2025-07-19 17:31:503
C._hispanica,A,-6.164207398272821,-6.164207398272821,1,2,-1,restoration,2025-07-19 17:31:503
G._struthium,A,-1.2893563698092338,-1.2893563698092338,1,2,-1,restoration,2025-07-19 17:31:503
S._sediforme,A,-3.58118590911361,-3.58118590911361,1,2,-1,restoration,2025-07-19 17:31:503
Other_species,A,-2.784078014239837,-2.784078014239837,1,2,-1,restoration,2025-07-19 17:31:503
Nurse_S._viscosa,A,-0.708947853676793,-0.708947853676793,1,2,-1,natural,2025-07-19 17:31:503
Nurse_G._struthium,A,-2.1609239256396786,-2.1609239256396786,1,2,-1,natural,2025-07-19 17:31:503
H._squamatum,A,-1.651940500248555,-1.651940500248555,1,2,-1,natural,2025-07-19 17:31:503
S._viscosa,A,-2.2947138199303825,-2.2947138199303825,1,2,-1,natural,2025-07-19 17:31:503
C._hispanica,A,-2.64892388191639,-2.64892388191639,1,2,-1,natural,2025-07-19 17:31:503
G._struthium,A,-4.629366438886048,-4.629366438886048,1,2,-1,natural,2025-07-19 17:31:503
S._sediforme,A,-2.9161114857233223,-2.9161114857233223,1,2,-1,natural,2025-07-19 17:31:503
Other_species,A,-0.5244415201276024,-0.5244415201276024,1,2,-1,natural,2025-07-19 17:31:503
Nurse_S._viscosa,A,-2.6464134980990006,-2.6464134980990006,1,2,-1,restoration,2025-07-19 17:31:503
Nurse_G._struthium,A,-2.2162443860340697,-2.2162443860340697,1,2,-1,restoration,2025-07-19 17:31:503
H._squamatum,A,-5.000965765227607,-5.000965765227607,1,2,-1,restoration,2025-07-19 17:31:503
S._viscosa,A,-4.7445985156877075,-4.7445985156877075,1,2,-1,restoration,2025-07-19 17:31:503
C._hispanica,A,-7.098655270089723,-7.098655270089723,1,2,-1,restoration,2025-07-19 17:31:503
G._struthium,A,-0.9815874946179418,-0.9815874946179418,1,2,-1,restoration,2025-07-19 17:31:503
S._sediforme,A,-4.747494567252305,-4.747494567252305,1,2,-1,restoration,2025-07-19 17:31:503
Other_species,A,-2.339112566535145,-2.339112566535145,1,2,-1,restoration,2025-07-19 17:31:503
Nurse_S._viscosa,A,-0.8037439409224075,-0.8037439409224075,1,2,-1,natural,2025-07-19 17:31:503
Nurse_G._struthium,A,-2.5025727984538766,-2.5025727984538766,1,2,-1,natural,2025-07-19 17:31:503
H._squamatum,A,-2.0999354387748426,-2.0999354387748426,1,2,-1,natural,2025-07-19 17:31:503
S._viscosa,A,-2.1899803408641896,-2.1899803408641896,1,2,-1,natural,2025-07-19 17:31:503
C._hispanica,A,-2.4646705549608727,-2.4646705549608727,1,2,-1,natural,2025-07-19 17:31:503
G._struthium,A,-5.153011042492828,-5.153011042492828,1,2,-1,natural,2025-07-19 17:31:503
S._sediforme,A,-3.643943254973133,-3.643943254973133,1,2,-1,natural,2025-07-19 17:31:503
Other_species,A,-0.6542297254789189,-0.6542297254789189,1,2,-1,natural,2025-07-19 17:31:503
Nurse_S._viscosa,A,-2.5875185351197536,-2.5875185351197536,1,2,-1,restoration,2025-07-19 17:31:493
Nurse_G._struthium,A,-1.6942472092245568,-1.6942472092245568,1,2,-1,restoration,2025-07-19 17:31:493
H._squamatum,A,-4.452904430965323,-4.452904430965323,1,2,-1,restoration,2025-07-19 17:31:493
S._viscosa,A,-3.983977255456728,-3.983977255456728,1,2,-1,restoration,2025-07-19 17:31:493
C._hispanica,A,-5.096069685527317,-5.096069685527317,1,2,-1,restoration,2025-07-19 17:31:493
G._struthium,A,-0.6140782600023696,-0.6140782600023696,1,2,-1,restoration,2025-07-19 17:31:493
S._sediforme,A,-4.009607269206547,-4.009607269206547,1,2,-1,restoration,2025-07-19 17:31:493
Other_species,A,-2.3844230114988227,-2.3844230114988227,1,2,-1,restoration,2025-07-19 17:31:493
Nurse_S._viscosa,A,-0.9555072562876029,-0.9555072562876029,1,2,-1,natural,2025-07-19 17:31:493
Nurse_G._struthium,A,-2.2523410399682806,-2.2523410399682806,1,2,-1,natural,2025-07-19 17:31:493
H._squamatum,A,-1.686857722340542,-1.686857722340542,1,2,-1,natural,2025-07-19 17:31:493
S._viscosa,A,-2.4843062872034714,-2.4843062872034714,1,2,-1,natural,2025-07-19 17:31:493
C._hispanica,A,-2.7274746986233813,-2.7274746986233813,1,2,-1,natural,2025-07-19 17:31:493
G._struthium,A,-4.3876352703676735,-4.3876352703676735,1,2,-1,natural,2025-07-19 17:31:493
S._sediforme,A,-3.588067054532713,-3.588067054532713,1,2,-1,natural,2025-07-19 17:31:493
Other_species,A,-0.5619520552488632,-0.5619520552488632,1,2,-1,natural,2025-07-19 17:31:493
Nurse_S._viscosa,A,-3.543854471224108,-3.543854471224108,1,2,-1,restoration,2025-07-19 17:31:493
Nurse_G._struthium,A,-1.8749558499725192,-1.8749558499725192,1,2,-1,restoration,2025-07-19 17:31:493
H._squamatum,A,-5.113479901654384,-5.113479901654384,1,2,-1,restoration,2025-07-19 17:31:493
S._viscosa,A,-5.366092512898794,-5.366092512898794,1,2,-1,restoration,2025-07-19 17:31:493
C._hispanica,A,-5.8002216109144635,-5.8002216109144635,1,2,-1,restoration,2025-07-19 17:31:493
G._struthium,A,-0.9907359762577458,-0.9907359762577458,1,2,-1,restoration,2025-07-19 17:31:493
S._sediforme,A,-4.400604080302242,-4.400604080302242,1,2,-1,restoration,2025-07-19 17:31:493
Other_species,A,-2.465739378826914,-2.465739378826914,1,2,-1,restoration,2025-07-19 17:31:493
Nurse_S._viscosa,A,-0.9585543884707795,-0.9585543884707795,1,2,-1,natural,2025-07-19 17:31:493
Nurse_G._struthium,A,-2.4054128678562825,-2.4054128678562825,1,2,-1,natural,2025-07-19 17:31:493
H._squamatum,A,-1.980902781079427,-1.980902781079427,1,2,-1,natural,2025-07-19 17:31:493
S._viscosa,A,-2.3889164576428277,-2.3889164576428277,1,2,-1,natural,2025-07-19 17:31:493
C._hispanica,A,-2.5711029954578932,-2.5711029954578932,1,2,-1,natural,2025-07-19 17:31:493
G._struthium,A,-4.517765727456796,-4.517765727456796,1,2,-1,natural,2025-07-19 17:31:493
S._sediforme,A,-3.091891579276272,-3.091891579276272,1,2,-1,natural,2025-07-19 17:31:493
Other_species,A,-0.7071102582799904,-0.7071102582799904,1,2,-1,natural,2025-07-19 17:31:493
Nurse_S._viscosa,A,-3.355933502922693,-3.355933502922693,1,2,-1,restoration,2025-07-19 17:31:483
Nurse_G._struthium,A,-2.3067288468166174,-2.3067288468166174,1,2,-1,restoration,2025-07-19 17:31:483
H._squamatum,A,-4.377779046945577,-4.377779046945577,1,2,-1,restoration,2025-07-19 17:31:483
S._viscosa,A,-4.406037972914697,-4.406037972914697,1,2,-1,restoration,2025-07-19 17:31:483
C._hispanica,A,-6.830223522964027,-6.830223522964027,1,2,-1,restoration,2025-07-19 17:31:483
G._struthium,A,-1.1629423060038508,-1.1629423060038508,1,2,-1,restoration,2025-07-19 17:31:483
S._sediforme,A,-3.9529952315999672,-3.9529952315999672,1,2,-1,restoration,2025-07-19 17:31:483
Other_species,A,-2.6892399273460788,-2.6892399273460788,1,2,-1,restoration,2025-07-19 17:31:483
Nurse_S._viscosa,A,-0.8392663334653558,-0.8392663334653558,1,2,-1,natural,2025-07-19 17:31:483
Nurse_G._struthium,A,-2.2296838301830717,-2.2296838301830717,1,2,-1,natural,2025-07-19 17:31:483
H._squamatum,A,-1.6671923341269694,-1.6671923341269694,1,2,-1,natural,2025-07-19 17:31:483
S._viscosa,A,-2.5932818597645446,-2.5932818597645446,1,2,-1,natural,2025-07-19 17:31:483
C._hispanica,A,-2.300758947679726,-2.300758947679726,1,2,-1,natural,2025-07-19 17:31:483
G._struthium,A,-4.774890015781457,-4.774890015781457,1,2,-1,natural,2025-07-19 17:31:483
S._sediforme,A,-3.355813954969305,-3.355813954969305,1,2,-1,natural,2025-07-19 17:31:483
Other_species,A,-0.6377437729464512,-0.6377437729464512,1,2,-1,natural,2025-07-19 17:31:483
