Var1,Var2,Freq,value,min_species_for_fit,order,frac,data_type,tag
Nurse_S._viscosa,A,-2.4325329750522755,-2.4325329750522755,1,2,-1,restoration,2025-07-19 17:38:013
Nurse_G._struthium,A,-1.0902155660281183,-1.0902155660281183,1,2,-1,restoration,2025-07-19 17:38:013
H._squamatum,A,-3.877520656336811,-3.877520656336811,1,2,-1,restoration,2025-07-19 17:38:013
S._viscosa,A,-3.9222823247538448,-3.9222823247538448,1,2,-1,restoration,2025-07-19 17:38:013
C._hispanica,A,-6.466689152716567,-6.466689152716567,1,2,-1,restoration,2025-07-19 17:38:013
G._struthium,A,-0.11879015842852764,-0.11879015842852764,1,2,-1,restoration,2025-07-19 17:38:013
S._sediforme,A,-3.4170669611625994,-3.4170669611625994,1,2,-1,restoration,2025-07-19 17:38:013
H._syriacum,A,-4.224885230575887,-4.224885230575887,1,2,-1,restoration,2025-07-19 17:38:013
Other_species,A,-2.215447884482235,-2.215447884482235,1,2,-1,restoration,2025-07-19 17:38:013
Nurse_S._viscosa,A,-1.0422307606632983,-1.0422307606632983,1,2,-1,natural,2025-07-19 17:38:013
Nurse_G._struthium,A,-2.5006585334539784,-2.5006585334539784,1,2,-1,natural,2025-07-19 17:38:013
H._squamatum,A,-1.9220450034457874,-1.9220450034457874,1,2,-1,natural,2025-07-19 17:38:013
S._viscosa,A,-2.9394932785778414,-2.9394932785778414,1,2,-1,natural,2025-07-19 17:38:013
C._hispanica,A,-2.5289241698697302,-2.5289241698697302,1,2,-1,natural,2025-07-19 17:38:013
G._struthium,A,-4.424413203232864,-4.424413203232864,1,2,-1,natural,2025-07-19 17:38:013
S._sediforme,A,-3.2140468687173724,-3.2140468687173724,1,2,-1,natural,2025-07-19 17:38:013
H._syriacum,A,-3.3445922029931636,-3.3445922029931636,1,2,-1,natural,2025-07-19 17:38:013
Other_species,A,-0.955482897458266,-0.955482897458266,1,2,-1,natural,2025-07-19 17:38:013
Nurse_S._viscosa,A,-2.49534439218112,-2.49534439218112,1,2,-1,restoration,2025-07-19 17:38:003
Nurse_G._struthium,A,-1.7287150960400663,-1.7287150960400663,1,2,-1,restoration,2025-07-19 17:38:003
H._squamatum,A,-4.98285675106187,-4.98285675106187,1,2,-1,restoration,2025-07-19 17:38:003
S._viscosa,A,-5.2514436997899585,-5.2514436997899585,1,2,-1,restoration,2025-07-19 17:38:003
C._hispanica,A,-5.143758028881894,-5.143758028881894,1,2,-1,restoration,2025-07-19 17:38:003
G._struthium,A,-0.7208981950130436,-0.7208981950130436,1,2,-1,restoration,2025-07-19 17:38:003
S._sediforme,A,-3.7521389619691936,-3.7521389619691936,1,2,-1,restoration,2025-07-19 17:38:003
H._syriacum,A,-4.875016647906271,-4.875016647906271,1,2,-1,restoration,2025-07-19 17:38:003
Other_species,A,-2.825240575855036,-2.825240575855036,1,2,-1,restoration,2025-07-19 17:38:003
Nurse_S._viscosa,A,-0.9026949600713543,-0.9026949600713543,1,2,-1,natural,2025-07-19 17:38:003
Nurse_G._struthium,A,-2.2500385950261514,-2.2500385950261514,1,2,-1,natural,2025-07-19 17:38:003
H._squamatum,A,-1.6983472081801185,-1.6983472081801185,1,2,-1,natural,2025-07-19 17:38:003
S._viscosa,A,-2.4870319061740926,-2.4870319061740926,1,2,-1,natural,2025-07-19 17:38:003
C._hispanica,A,-2.3547712287808777,-2.3547712287808777,1,2,-1,natural,2025-07-19 17:38:003
G._struthium,A,-3.946872140108138,-3.946872140108138,1,2,-1,natural,2025-07-19 17:38:003
S._sediforme,A,-3.447446236539567,-3.447446236539567,1,2,-1,natural,2025-07-19 17:38:003
H._syriacum,A,-3.890277714325927,-3.890277714325927,1,2,-1,natural,2025-07-19 17:38:003
Other_species,A,-0.8386031262733046,-0.8386031262733046,1,2,-1,natural,2025-07-19 17:38:003
Nurse_S._viscosa,A,-2.4765009930969373,-2.4765009930969373,1,2,-1,restoration,2025-07-19 17:37:593
Nurse_G._struthium,A,-1.543508480459113,-1.543508480459113,1,2,-1,restoration,2025-07-19 17:37:593
H._squamatum,A,-4.783405711931446,-4.783405711931446,1,2,-1,restoration,2025-07-19 17:37:593
S._viscosa,A,-3.7406067831751666,-3.7406067831751666,1,2,-1,restoration,2025-07-19 17:37:593
C._hispanica,A,-6.342422040848786,-6.342422040848786,1,2,-1,restoration,2025-07-19 17:37:593
G._struthium,A,-0.5451291777010099,-0.5451291777010099,1,2,-1,restoration,2025-07-19 17:37:593
S._sediforme,A,-3.665982622302665,-3.665982622302665,1,2,-1,restoration,2025-07-19 17:37:593
H._syriacum,A,-4.543084625422198,-4.543084625422198,1,2,-1,restoration,2025-07-19 17:37:593
Other_species,A,-2.26479579008477,-2.26479579008477,1,2,-1,restoration,2025-07-19 17:37:593
Nurse_S._viscosa,A,-1.056000422146551,-1.056000422146551,1,2,-1,natural,2025-07-19 17:37:593
Nurse_G._struthium,A,-2.6415839423291554,-2.6415839423291554,1,2,-1,natural,2025-07-19 17:37:593
H._squamatum,A,-1.689452306169566,-1.689452306169566,1,2,-1,natural,2025-07-19 17:37:593
S._viscosa,A,-2.4363546909566716,-2.4363546909566716,1,2,-1,natural,2025-07-19 17:37:593
C._hispanica,A,-2.6376022781539645,-2.6376022781539645,1,2,-1,natural,2025-07-19 17:37:593
G._struthium,A,-5.693616146246812,-5.693616146246812,1,2,-1,natural,2025-07-19 17:37:593
S._sediforme,A,-3.391877939942623,-3.391877939942623,1,2,-1,natural,2025-07-19 17:37:593
H._syriacum,A,-4.132300283314664,-4.132300283314664,1,2,-1,natural,2025-07-19 17:37:593
Other_species,A,-0.8323721196669929,-0.8323721196669929,1,2,-1,natural,2025-07-19 17:37:593
Nurse_S._viscosa,A,-3.9148913887136896,-3.9148913887136896,1,2,-1,restoration,2025-07-19 17:37:593
Nurse_G._struthium,A,-2.221249206111656,-2.221249206111656,1,2,-1,restoration,2025-07-19 17:37:593
H._squamatum,A,-4.071988422262973,-4.071988422262973,1,2,-1,restoration,2025-07-19 17:37:593
S._viscosa,A,-5.004676783457204,-5.004676783457204,1,2,-1,restoration,2025-07-19 17:37:593
C._hispanica,A,-5.966530276808325,-5.966530276808325,1,2,-1,restoration,2025-07-19 17:37:593
G._struthium,A,-1.1377546392830435,-1.1377546392830435,1,2,-1,restoration,2025-07-19 17:37:593
S._sediforme,A,-4.897288157152193,-4.897288157152193,1,2,-1,restoration,2025-07-19 17:37:593
H._syriacum,A,-5.105090396059137,-5.105090396059137,1,2,-1,restoration,2025-07-19 17:37:593
Other_species,A,-2.925203751136616,-2.925203751136616,1,2,-1,restoration,2025-07-19 17:37:593
Nurse_S._viscosa,A,-1.1308958068751713,-1.1308958068751713,1,2,-1,natural,2025-07-19 17:37:593
Nurse_G._struthium,A,-2.4474475769500526,-2.4474475769500526,1,2,-1,natural,2025-07-19 17:37:593
H._squamatum,A,-1.7572205275476749,-1.7572205275476749,1,2,-1,natural,2025-07-19 17:37:593
S._viscosa,A,-2.8446948072049447,-2.8446948072049447,1,2,-1,natural,2025-07-19 17:37:593
C._hispanica,A,-2.632453589227106,-2.632453589227106,1,2,-1,natural,2025-07-19 17:37:593
G._struthium,A,-3.7265958666026515,-3.7265958666026515,1,2,-1,natural,2025-07-19 17:37:593
S._sediforme,A,-2.99620214039248,-2.99620214039248,1,2,-1,natural,2025-07-19 17:37:593
H._syriacum,A,-3.3699106627254456,-3.3699106627254456,1,2,-1,natural,2025-07-19 17:37:593
Other_species,A,-0.6657468707860118,-0.6657468707860118,1,2,-1,natural,2025-07-19 17:37:593
Nurse_S._viscosa,A,-2.4585040654603922,-2.4585040654603922,1,2,-1,restoration,2025-07-19 17:37:583
Nurse_G._struthium,A,-1.7948634176883926,-1.7948634176883926,1,2,-1,restoration,2025-07-19 17:37:583
H._squamatum,A,-5.406507085035491,-5.406507085035491,1,2,-1,restoration,2025-07-19 17:37:583
S._viscosa,A,-3.6535310649686537,-3.6535310649686537,1,2,-1,restoration,2025-07-19 17:37:583
C._hispanica,A,-5.625303576728971,-5.625303576728971,1,2,-1,restoration,2025-07-19 17:37:583
G._struthium,A,-0.8591808135471813,-0.8591808135471813,1,2,-1,restoration,2025-07-19 17:37:583
S._sediforme,A,-4.452757608317624,-4.452757608317624,1,2,-1,restoration,2025-07-19 17:37:583
H._syriacum,A,-4.861509045918438,-4.861509045918438,1,2,-1,restoration,2025-07-19 17:37:583
Other_species,A,-2.594763497570568,-2.594763497570568,1,2,-1,restoration,2025-07-19 17:37:583
Nurse_S._viscosa,A,-1.050999679590467,-1.050999679590467,1,2,-1,natural,2025-07-19 17:37:583
Nurse_G._struthium,A,-2.1513582914732416,-2.1513582914732416,1,2,-1,natural,2025-07-19 17:37:583
H._squamatum,A,-1.493130990922238,-1.493130990922238,1,2,-1,natural,2025-07-19 17:37:583
S._viscosa,A,-2.398788479445246,-2.398788479445246,1,2,-1,natural,2025-07-19 17:37:583
C._hispanica,A,-2.471794341318413,-2.471794341318413,1,2,-1,natural,2025-07-19 17:37:583
G._struthium,A,-4.559528939797787,-4.559528939797787,1,2,-1,natural,2025-07-19 17:37:583
S._sediforme,A,-3.4556720249218347,-3.4556720249218347,1,2,-1,natural,2025-07-19 17:37:583
H._syriacum,A,-3.8090174883677563,-3.8090174883677563,1,2,-1,natural,2025-07-19 17:37:583
Other_species,A,-0.9065430687482774,-0.9065430687482774,1,2,-1,natural,2025-07-19 17:37:583
Nurse_S._viscosa,A,-2.257277120464766,-2.257277120464766,1,2,-1,restoration,2025-07-19 17:37:573
Nurse_G._struthium,A,-1.7716432687156527,-1.7716432687156527,1,2,-1,restoration,2025-07-19 17:37:573
H._squamatum,A,-3.3169839531795056,-3.3169839531795056,1,2,-1,restoration,2025-07-19 17:37:573
S._viscosa,A,-3.460088157598181,-3.460088157598181,1,2,-1,restoration,2025-07-19 17:37:573
C._hispanica,A,-6.0125875719720066,-6.0125875719720066,1,2,-1,restoration,2025-07-19 17:37:573
G._struthium,A,-0.725904505170054,-0.725904505170054,1,2,-1,restoration,2025-07-19 17:37:573
S._sediforme,A,-4.7025587784898555,-4.7025587784898555,1,2,-1,restoration,2025-07-19 17:37:573
H._syriacum,A,-5.783589547032459,-5.783589547032459,1,2,-1,restoration,2025-07-19 17:37:573
Other_species,A,-2.6229941345726795,-2.6229941345726795,1,2,-1,restoration,2025-07-19 17:37:573
Nurse_S._viscosa,A,-0.9716475755434444,-0.9716475755434444,1,2,-1,natural,2025-07-19 17:37:573
Nurse_G._struthium,A,-2.083889421244847,-2.083889421244847,1,2,-1,natural,2025-07-19 17:37:573
H._squamatum,A,-1.6997268637658365,-1.6997268637658365,1,2,-1,natural,2025-07-19 17:37:573
S._viscosa,A,-2.4458023319567537,-2.4458023319567537,1,2,-1,natural,2025-07-19 17:37:573
C._hispanica,A,-2.4030877736979432,-2.4030877736979432,1,2,-1,natural,2025-07-19 17:37:573
G._struthium,A,-3.633724856737604,-3.633724856737604,1,2,-1,natural,2025-07-19 17:37:573
S._sediforme,A,-3.491589877257349,-3.491589877257349,1,2,-1,natural,2025-07-19 17:37:573
H._syriacum,A,-4.191879713073185,-4.191879713073185,1,2,-1,natural,2025-07-19 17:37:573
Other_species,A,-0.9361356513619601,-0.9361356513619601,1,2,-1,natural,2025-07-19 17:37:573
Nurse_S._viscosa,A,-2.892330876381611,-2.892330876381611,1,2,-1,restoration,2025-07-19 17:37:573
Nurse_G._struthium,A,-1.5394165620135225,-1.5394165620135225,1,2,-1,restoration,2025-07-19 17:37:573
H._squamatum,A,-4.938347190779512,-4.938347190779512,1,2,-1,restoration,2025-07-19 17:37:573
S._viscosa,A,-4.171259317575711,-4.171259317575711,1,2,-1,restoration,2025-07-19 17:37:573
C._hispanica,A,-5.436499727939304,-5.436499727939304,1,2,-1,restoration,2025-07-19 17:37:573
G._struthium,A,-0.48871577593866444,-0.48871577593866444,1,2,-1,restoration,2025-07-19 17:37:573
S._sediforme,A,-3.1546760096322717,-3.1546760096322717,1,2,-1,restoration,2025-07-19 17:37:573
H._syriacum,A,-4.471774148178439,-4.471774148178439,1,2,-1,restoration,2025-07-19 17:37:573
Other_species,A,-3.010229343297993,-3.010229343297993,1,2,-1,restoration,2025-07-19 17:37:573
Nurse_S._viscosa,A,-1.1944429321744314,-1.1944429321744314,1,2,-1,natural,2025-07-19 17:37:573
Nurse_G._struthium,A,-2.018409933227269,-2.018409933227269,1,2,-1,natural,2025-07-19 17:37:573
H._squamatum,A,-1.7659109023837996,-1.7659109023837996,1,2,-1,natural,2025-07-19 17:37:573
S._viscosa,A,-2.354952397826137,-2.354952397826137,1,2,-1,natural,2025-07-19 17:37:573
C._hispanica,A,-2.5747868724225995,-2.5747868724225995,1,2,-1,natural,2025-07-19 17:37:573
G._struthium,A,-3.926484748796459,-3.926484748796459,1,2,-1,natural,2025-07-19 17:37:573
S._sediforme,A,-3.173284480566074,-3.173284480566074,1,2,-1,natural,2025-07-19 17:37:573
H._syriacum,A,-3.5300074272568764,-3.5300074272568764,1,2,-1,natural,2025-07-19 17:37:573
Other_species,A,-0.5374946565594808,-0.5374946565594808,1,2,-1,natural,2025-07-19 17:37:573
Nurse_S._viscosa,A,-2.2029024781566378,-2.2029024781566378,1,2,-1,restoration,2025-07-19 17:37:563
Nurse_G._struthium,A,-1.587807643709033,-1.587807643709033,1,2,-1,restoration,2025-07-19 17:37:563
H._squamatum,A,-3.787167992567207,-3.787167992567207,1,2,-1,restoration,2025-07-19 17:37:563
S._viscosa,A,-5.181531676341313,-5.181531676341313,1,2,-1,restoration,2025-07-19 17:37:563
C._hispanica,A,-5.627305406469995,-5.627305406469995,1,2,-1,restoration,2025-07-19 17:37:563
G._struthium,A,-0.5274565944935575,-0.5274565944935575,1,2,-1,restoration,2025-07-19 17:37:563
S._sediforme,A,-3.0529924347714394,-3.0529924347714394,1,2,-1,restoration,2025-07-19 17:37:563
H._syriacum,A,-4.787100225038441,-4.787100225038441,1,2,-1,restoration,2025-07-19 17:37:563
Other_species,A,-2.9371637724437356,-2.9371637724437356,1,2,-1,restoration,2025-07-19 17:37:563
Nurse_S._viscosa,A,-1.0956529325593636,-1.0956529325593636,1,2,-1,natural,2025-07-19 17:37:563
Nurse_G._struthium,A,-2.332478215597875,-2.332478215597875,1,2,-1,natural,2025-07-19 17:37:563
H._squamatum,A,-1.9571688445578868,-1.9571688445578868,1,2,-1,natural,2025-07-19 17:37:563
S._viscosa,A,-2.7419827195689903,-2.7419827195689903,1,2,-1,natural,2025-07-19 17:37:563
C._hispanica,A,-2.5904319778681115,-2.5904319778681115,1,2,-1,natural,2025-07-19 17:37:563
G._struthium,A,-4.1848223751032005,-4.1848223751032005,1,2,-1,natural,2025-07-19 17:37:563
S._sediforme,A,-3.1835213865455234,-3.1835213865455234,1,2,-1,natural,2025-07-19 17:37:563
H._syriacum,A,-3.2902654134123317,-3.2902654134123317,1,2,-1,natural,2025-07-19 17:37:563
Other_species,A,-0.8951707740771044,-0.8951707740771044,1,2,-1,natural,2025-07-19 17:37:563
Nurse_S._viscosa,A,-3.020468975025627,-3.020468975025627,1,2,-1,restoration,2025-07-19 17:37:553
Nurse_G._struthium,A,-1.7471188907017956,-1.7471188907017956,1,2,-1,restoration,2025-07-19 17:37:553
H._squamatum,A,-3.782954836116518,-3.782954836116518,1,2,-1,restoration,2025-07-19 17:37:553
S._viscosa,A,-4.6665099005586,-4.6665099005586,1,2,-1,restoration,2025-07-19 17:37:553
C._hispanica,A,-7.023830801465463,-7.023830801465463,1,2,-1,restoration,2025-07-19 17:37:553
G._struthium,A,-0.7186428952788501,-0.7186428952788501,1,2,-1,restoration,2025-07-19 17:37:553
S._sediforme,A,-4.072358975022325,-4.072358975022325,1,2,-1,restoration,2025-07-19 17:37:553
H._syriacum,A,-4.637284298146935,-4.637284298146935,1,2,-1,restoration,2025-07-19 17:37:553
Other_species,A,-2.8294299060660473,-2.8294299060660473,1,2,-1,restoration,2025-07-19 17:37:553
Nurse_S._viscosa,A,-1.1920382680143442,-1.1920382680143442,1,2,-1,natural,2025-07-19 17:37:553
Nurse_G._struthium,A,-2.5588640142392665,-2.5588640142392665,1,2,-1,natural,2025-07-19 17:37:553
H._squamatum,A,-1.7312900183960145,-1.7312900183960145,1,2,-1,natural,2025-07-19 17:37:553
S._viscosa,A,-2.621394246604678,-2.621394246604678,1,2,-1,natural,2025-07-19 17:37:553
C._hispanica,A,-2.791739519113935,-2.791739519113935,1,2,-1,natural,2025-07-19 17:37:553
G._struthium,A,-5.512014282837208,-5.512014282837208,1,2,-1,natural,2025-07-19 17:37:553
S._sediforme,A,-3.856278138047357,-3.856278138047357,1,2,-1,natural,2025-07-19 17:37:553
H._syriacum,A,-3.0196958097026587,-3.0196958097026587,1,2,-1,natural,2025-07-19 17:37:553
Other_species,A,-0.8878697872667597,-0.8878697872667597,1,2,-1,natural,2025-07-19 17:37:553
Nurse_S._viscosa,A,-2.3307954783030644,-2.3307954783030644,1,2,-1,restoration,2025-07-19 17:37:553
Nurse_G._struthium,A,-1.823405234194904,-1.823405234194904,1,2,-1,restoration,2025-07-19 17:37:553
H._squamatum,A,-4.7098654058482605,-4.7098654058482605,1,2,-1,restoration,2025-07-19 17:37:553
S._viscosa,A,-3.2535595926814693,-3.2535595926814693,1,2,-1,restoration,2025-07-19 17:37:553
C._hispanica,A,-7.503738103883537,-7.503738103883537,1,2,-1,restoration,2025-07-19 17:37:553
G._struthium,A,-0.8954778508997261,-0.8954778508997261,1,2,-1,restoration,2025-07-19 17:37:553
S._sediforme,A,-3.635567719032983,-3.635567719032983,1,2,-1,restoration,2025-07-19 17:37:553
H._syriacum,A,-5.2044153077718445,-5.2044153077718445,1,2,-1,restoration,2025-07-19 17:37:553
Other_species,A,-2.926959939034564,-2.926959939034564,1,2,-1,restoration,2025-07-19 17:37:553
Nurse_S._viscosa,A,-0.9328751869670172,-0.9328751869670172,1,2,-1,natural,2025-07-19 17:37:553
Nurse_G._struthium,A,-2.369519672389939,-2.369519672389939,1,2,-1,natural,2025-07-19 17:37:553
H._squamatum,A,-2.13376775042801,-2.13376775042801,1,2,-1,natural,2025-07-19 17:37:553
S._viscosa,A,-2.4738386855289485,-2.4738386855289485,1,2,-1,natural,2025-07-19 17:37:553
C._hispanica,A,-2.4505554660664903,-2.4505554660664903,1,2,-1,natural,2025-07-19 17:37:553
G._struthium,A,-3.899276187047934,-3.899276187047934,1,2,-1,natural,2025-07-19 17:37:553
S._sediforme,A,-4.102686441377106,-4.102686441377106,1,2,-1,natural,2025-07-19 17:37:553
H._syriacum,A,-3.6240280773295903,-3.6240280773295903,1,2,-1,natural,2025-07-19 17:37:553
Other_species,A,-0.6455824353426306,-0.6455824353426306,1,2,-1,natural,2025-07-19 17:37:553
Nurse_S._viscosa,A,-3.391932867565615,-3.391932867565615,1,2,-1,restoration,2025-07-19 17:37:543
Nurse_G._struthium,A,-1.4016291933468064,-1.4016291933468064,1,2,-1,restoration,2025-07-19 17:37:543
H._squamatum,A,-4.033685341010966,-4.033685341010966,1,2,-1,restoration,2025-07-19 17:37:543
S._viscosa,A,-5.34997241218818,-5.34997241218818,1,2,-1,restoration,2025-07-19 17:37:543
C._hispanica,A,-5.2119783266190245,-5.2119783266190245,1,2,-1,restoration,2025-07-19 17:37:543
G._struthium,A,-0.09877736905967754,-0.09877736905967754,1,2,-1,restoration,2025-07-19 17:37:543
S._sediforme,A,-4.1150199460064085,-4.1150199460064085,1,2,-1,restoration,2025-07-19 17:37:543
H._syriacum,A,-3.2811015700724355,-3.2811015700724355,1,2,-1,restoration,2025-07-19 17:37:543
Other_species,A,-2.628870364508179,-2.628870364508179,1,2,-1,restoration,2025-07-19 17:37:543
Nurse_S._viscosa,A,-1.0681008586438732,-1.0681008586438732,1,2,-1,natural,2025-07-19 17:37:543
Nurse_G._struthium,A,-2.590119200970943,-2.590119200970943,1,2,-1,natural,2025-07-19 17:37:543
H._squamatum,A,-1.5692888016352977,-1.5692888016352977,1,2,-1,natural,2025-07-19 17:37:543
S._viscosa,A,-2.5502376355055993,-2.5502376355055993,1,2,-1,natural,2025-07-19 17:37:543
C._hispanica,A,-2.6181585178023283,-2.6181585178023283,1,2,-1,natural,2025-07-19 17:37:543
G._struthium,A,-4.7794204833003775,-4.7794204833003775,1,2,-1,natural,2025-07-19 17:37:543
S._sediforme,A,-4.068119325856725,-4.068119325856725,1,2,-1,natural,2025-07-19 17:37:543
H._syriacum,A,-3.514375651096452,-3.514375651096452,1,2,-1,natural,2025-07-19 17:37:543
Other_species,A,-0.6296174965812809,-0.6296174965812809,1,2,-1,natural,2025-07-19 17:37:543
Nurse_S._viscosa,A,-2.8707613235470535,-2.8707613235470535,1,2,-1,restoration,2025-07-19 17:37:533
Nurse_G._struthium,A,-1.8253110549758607,-1.8253110549758607,1,2,-1,restoration,2025-07-19 17:37:533
H._squamatum,A,-4.045358992757873,-4.045358992757873,1,2,-1,restoration,2025-07-19 17:37:533
S._viscosa,A,-4.5708905618959035,-4.5708905618959035,1,2,-1,restoration,2025-07-19 17:37:533
C._hispanica,A,-4.692353831122618,-4.692353831122618,1,2,-1,restoration,2025-07-19 17:37:533
G._struthium,A,-0.7129787352046754,-0.7129787352046754,1,2,-1,restoration,2025-07-19 17:37:533
S._sediforme,A,-4.713425732579326,-4.713425732579326,1,2,-1,restoration,2025-07-19 17:37:533
H._syriacum,A,-4.832635878969453,-4.832635878969453,1,2,-1,restoration,2025-07-19 17:37:533
Other_species,A,-3.0694080926294234,-3.0694080926294234,1,2,-1,restoration,2025-07-19 17:37:533
Nurse_S._viscosa,A,-0.8026586222067591,-0.8026586222067591,1,2,-1,natural,2025-07-19 17:37:533
Nurse_G._struthium,A,-2.097734796920366,-2.097734796920366,1,2,-1,natural,2025-07-19 17:37:533
H._squamatum,A,-1.745858499072326,-1.745858499072326,1,2,-1,natural,2025-07-19 17:37:533
S._viscosa,A,-2.6133000480283943,-2.6133000480283943,1,2,-1,natural,2025-07-19 17:37:533
C._hispanica,A,-2.41971204379802,-2.41971204379802,1,2,-1,natural,2025-07-19 17:37:533
G._struthium,A,-4.629006381319481,-4.629006381319481,1,2,-1,natural,2025-07-19 17:37:533
S._sediforme,A,-3.1456348066651976,-3.1456348066651976,1,2,-1,natural,2025-07-19 17:37:533
H._syriacum,A,-3.7315383135352858,-3.7315383135352858,1,2,-1,natural,2025-07-19 17:37:533
Other_species,A,-0.7501054981298906,-0.7501054981298906,1,2,-1,natural,2025-07-19 17:37:533
Nurse_S._viscosa,A,-3.182905784249434,-3.182905784249434,1,2,-1,restoration,2025-07-19 17:37:523
Nurse_G._struthium,A,-1.3853474301536957,-1.3853474301536957,1,2,-1,restoration,2025-07-19 17:37:523
H._squamatum,A,-3.9661745089081717,-3.9661745089081717,1,2,-1,restoration,2025-07-19 17:37:523
S._viscosa,A,-4.780378145295524,-4.780378145295524,1,2,-1,restoration,2025-07-19 17:37:523
C._hispanica,A,-7.5515532877812825,-7.5515532877812825,1,2,-1,restoration,2025-07-19 17:37:523
G._struthium,A,-0.5038951606505705,-0.5038951606505705,1,2,-1,restoration,2025-07-19 17:37:523
S._sediforme,A,-4.2444047010817805,-4.2444047010817805,1,2,-1,restoration,2025-07-19 17:37:523
H._syriacum,A,-4.590429171293538,-4.590429171293538,1,2,-1,restoration,2025-07-19 17:37:523
Other_species,A,-2.2632178593125447,-2.2632178593125447,1,2,-1,restoration,2025-07-19 17:37:523
Nurse_S._viscosa,A,-0.964160614044638,-0.964160614044638,1,2,-1,natural,2025-07-19 17:37:523
Nurse_G._struthium,A,-2.0831048899178333,-2.0831048899178333,1,2,-1,natural,2025-07-19 17:37:523
H._squamatum,A,-1.7072061245090515,-1.7072061245090515,1,2,-1,natural,2025-07-19 17:37:523
S._viscosa,A,-2.412701376075721,-2.412701376075721,1,2,-1,natural,2025-07-19 17:37:523
C._hispanica,A,-2.4079456159299406,-2.4079456159299406,1,2,-1,natural,2025-07-19 17:37:523
G._struthium,A,-4.418665308390892,-4.418665308390892,1,2,-1,natural,2025-07-19 17:37:523
S._sediforme,A,-2.9854784058089536,-2.9854784058089536,1,2,-1,natural,2025-07-19 17:37:523
H._syriacum,A,-3.2030612496565323,-3.2030612496565323,1,2,-1,natural,2025-07-19 17:37:523
Other_species,A,-0.7391706471065821,-0.7391706471065821,1,2,-1,natural,2025-07-19 17:37:523
Nurse_S._viscosa,A,-3.4297003283907115,-3.4297003283907115,1,2,-1,restoration,2025-07-19 17:37:523
Nurse_G._struthium,A,-1.8389278983536417,-1.8389278983536417,1,2,-1,restoration,2025-07-19 17:37:523
H._squamatum,A,-4.401944426293037,-4.401944426293037,1,2,-1,restoration,2025-07-19 17:37:523
S._viscosa,A,-3.2295359541794726,-3.2295359541794726,1,2,-1,restoration,2025-07-19 17:37:523
C._hispanica,A,-6.962658095089557,-6.962658095089557,1,2,-1,restoration,2025-07-19 17:37:523
G._struthium,A,-1.0456425338347606,-1.0456425338347606,1,2,-1,restoration,2025-07-19 17:37:523
S._sediforme,A,-5.231738891251422,-5.231738891251422,1,2,-1,restoration,2025-07-19 17:37:523
H._syriacum,A,-5.004271401594651,-5.004271401594651,1,2,-1,restoration,2025-07-19 17:37:523
Other_species,A,-2.5385922607587594,-2.5385922607587594,1,2,-1,restoration,2025-07-19 17:37:523
Nurse_S._viscosa,A,-1.029058606296357,-1.029058606296357,1,2,-1,natural,2025-07-19 17:37:523
Nurse_G._struthium,A,-2.215938812907937,-2.215938812907937,1,2,-1,natural,2025-07-19 17:37:523
H._squamatum,A,-1.6710770353501803,-1.6710770353501803,1,2,-1,natural,2025-07-19 17:37:523
S._viscosa,A,-2.5318758545169398,-2.5318758545169398,1,2,-1,natural,2025-07-19 17:37:523
C._hispanica,A,-2.50302744886929,-2.50302744886929,1,2,-1,natural,2025-07-19 17:37:523
G._struthium,A,-4.5708597961712485,-4.5708597961712485,1,2,-1,natural,2025-07-19 17:37:523
S._sediforme,A,-3.041046815249588,-3.041046815249588,1,2,-1,natural,2025-07-19 17:37:523
H._syriacum,A,-3.8015428815629266,-3.8015428815629266,1,2,-1,natural,2025-07-19 17:37:523
Other_species,A,-0.7946815210404954,-0.7946815210404954,1,2,-1,natural,2025-07-19 17:37:523
Nurse_S._viscosa,A,-2.9523137855649,-2.9523137855649,1,2,-1,restoration,2025-07-19 17:37:513
Nurse_G._struthium,A,-1.7177050410441774,-1.7177050410441774,1,2,-1,restoration,2025-07-19 17:37:513
H._squamatum,A,-4.084729305186823,-4.084729305186823,1,2,-1,restoration,2025-07-19 17:37:513
S._viscosa,A,-4.739940260731709,-4.739940260731709,1,2,-1,restoration,2025-07-19 17:37:513
C._hispanica,A,-5.928212984551224,-5.928212984551224,1,2,-1,restoration,2025-07-19 17:37:513
G._struthium,A,-0.6592822120236935,-0.6592822120236935,1,2,-1,restoration,2025-07-19 17:37:513
S._sediforme,A,-3.903736528060083,-3.903736528060083,1,2,-1,restoration,2025-07-19 17:37:513
H._syriacum,A,-4.379292365024466,-4.379292365024466,1,2,-1,restoration,2025-07-19 17:37:513
Other_species,A,-2.758781811735791,-2.758781811735791,1,2,-1,restoration,2025-07-19 17:37:513
Nurse_S._viscosa,A,-0.9678093374456305,-0.9678093374456305,1,2,-1,natural,2025-07-19 17:37:513
Nurse_G._struthium,A,-2.197236384114799,-2.197236384114799,1,2,-1,natural,2025-07-19 17:37:513
H._squamatum,A,-1.6382000991146046,-1.6382000991146046,1,2,-1,natural,2025-07-19 17:37:513
S._viscosa,A,-2.464743305094596,-2.464743305094596,1,2,-1,natural,2025-07-19 17:37:513
C._hispanica,A,-2.3205578636084074,-2.3205578636084074,1,2,-1,natural,2025-07-19 17:37:513
G._struthium,A,-3.8630652092348456,-3.8630652092348456,1,2,-1,natural,2025-07-19 17:37:513
S._sediforme,A,-3.522502130966078,-3.522502130966078,1,2,-1,natural,2025-07-19 17:37:513
H._syriacum,A,-3.446148734918804,-3.446148734918804,1,2,-1,natural,2025-07-19 17:37:513
Other_species,A,-0.9563421526329732,-0.9563421526329732,1,2,-1,natural,2025-07-19 17:37:513
Nurse_S._viscosa,A,-4.099735576429299,-4.099735576429299,1,2,-1,restoration,2025-07-19 17:37:503
Nurse_G._struthium,A,-2.8302584464620493,-2.8302584464620493,1,2,-1,restoration,2025-07-19 17:37:503
H._squamatum,A,-3.6899152947950817,-3.6899152947950817,1,2,-1,restoration,2025-07-19 17:37:503
S._viscosa,A,-3.9541101157900385,-3.9541101157900385,1,2,-1,restoration,2025-07-19 17:37:503
C._hispanica,A,-7.25236674201671,-7.25236674201671,1,2,-1,restoration,2025-07-19 17:37:503
G._struthium,A,-1.7309721946310026,-1.7309721946310026,1,2,-1,restoration,2025-07-19 17:37:503
S._sediforme,A,-3.6532322882386543,-3.6532322882386543,1,2,-1,restoration,2025-07-19 17:37:503
H._syriacum,A,-4.895444553255231,-4.895444553255231,1,2,-1,restoration,2025-07-19 17:37:503
Other_species,A,-4.066182831111138,-4.066182831111138,1,2,-1,restoration,2025-07-19 17:37:503
Nurse_S._viscosa,A,-1.0877553745979687,-1.0877553745979687,1,2,-1,natural,2025-07-19 17:37:503
Nurse_G._struthium,A,-2.3292398872138014,-2.3292398872138014,1,2,-1,natural,2025-07-19 17:37:503
H._squamatum,A,-1.7538455951991088,-1.7538455951991088,1,2,-1,natural,2025-07-19 17:37:503
S._viscosa,A,-2.2100911327693487,-2.2100911327693487,1,2,-1,natural,2025-07-19 17:37:503
C._hispanica,A,-2.507479875184304,-2.507479875184304,1,2,-1,natural,2025-07-19 17:37:503
G._struthium,A,-3.8780395663883533,-3.8780395663883533,1,2,-1,natural,2025-07-19 17:37:503
S._sediforme,A,-3.2760785530347705,-3.2760785530347705,1,2,-1,natural,2025-07-19 17:37:503
H._syriacum,A,-3.36849625046204,-3.36849625046204,1,2,-1,natural,2025-07-19 17:37:503
Other_species,A,-0.7894820191533964,-0.7894820191533964,1,2,-1,natural,2025-07-19 17:37:503
Nurse_S._viscosa,A,-2.189879794072112,-2.189879794072112,1,2,-1,restoration,2025-07-19 17:37:493
Nurse_G._struthium,A,-1.2841796041110298,-1.2841796041110298,1,2,-1,restoration,2025-07-19 17:37:493
H._squamatum,A,-3.354305613290331,-3.354305613290331,1,2,-1,restoration,2025-07-19 17:37:493
S._viscosa,A,-6.019080757871103,-6.019080757871103,1,2,-1,restoration,2025-07-19 17:37:493
C._hispanica,A,-7.096033969203199,-7.096033969203199,1,2,-1,restoration,2025-07-19 17:37:493
G._struthium,A,-0.1818038266256675,-0.1818038266256675,1,2,-1,restoration,2025-07-19 17:37:493
S._sediforme,A,-3.713198573428326,-3.713198573428326,1,2,-1,restoration,2025-07-19 17:37:493
H._syriacum,A,-4.360593728641003,-4.360593728641003,1,2,-1,restoration,2025-07-19 17:37:493
Other_species,A,-2.5906378174960336,-2.5906378174960336,1,2,-1,restoration,2025-07-19 17:37:493
Nurse_S._viscosa,A,-1.0252242194359138,-1.0252242194359138,1,2,-1,natural,2025-07-19 17:37:493
Nurse_G._struthium,A,-2.20202022817233,-2.20202022817233,1,2,-1,natural,2025-07-19 17:37:493
H._squamatum,A,-1.9184950894371429,-1.9184950894371429,1,2,-1,natural,2025-07-19 17:37:493
S._viscosa,A,-2.632332954508606,-2.632332954508606,1,2,-1,natural,2025-07-19 17:37:493
C._hispanica,A,-2.486340623213823,-2.486340623213823,1,2,-1,natural,2025-07-19 17:37:493
G._struthium,A,-4.710313810057656,-4.710313810057656,1,2,-1,natural,2025-07-19 17:37:493
S._sediforme,A,-3.6362794308696555,-3.6362794308696555,1,2,-1,natural,2025-07-19 17:37:493
H._syriacum,A,-3.3562967273179107,-3.3562967273179107,1,2,-1,natural,2025-07-19 17:37:493
Other_species,A,-0.7607353278090135,-0.7607353278090135,1,2,-1,natural,2025-07-19 17:37:493
Nurse_S._viscosa,A,-2.642973717373048,-2.642973717373048,1,2,-1,restoration,2025-07-19 17:37:483
Nurse_G._struthium,A,-1.602180120288883,-1.602180120288883,1,2,-1,restoration,2025-07-19 17:37:483
H._squamatum,A,-3.3671322323715067,-3.3671322323715067,1,2,-1,restoration,2025-07-19 17:37:483
S._viscosa,A,-5.78660978883451,-5.78660978883451,1,2,-1,restoration,2025-07-19 17:37:483
C._hispanica,A,-5.231454640922198,-5.231454640922198,1,2,-1,restoration,2025-07-19 17:37:483
G._struthium,A,-0.3336440949802298,-0.3336440949802298,1,2,-1,restoration,2025-07-19 17:37:483
S._sediforme,A,-4.175216092592882,-4.175216092592882,1,2,-1,restoration,2025-07-19 17:37:483
H._syriacum,A,-4.455923461276628,-4.455923461276628,1,2,-1,restoration,2025-07-19 17:37:483
Other_species,A,-2.4696412037595925,-2.4696412037595925,1,2,-1,restoration,2025-07-19 17:37:483
Nurse_S._viscosa,A,-0.8980494516005623,-0.8980494516005623,1,2,-1,natural,2025-07-19 17:37:483
Nurse_G._struthium,A,-2.2727030560913946,-2.2727030560913946,1,2,-1,natural,2025-07-19 17:37:483
H._squamatum,A,-1.7777417391422459,-1.7777417391422459,1,2,-1,natural,2025-07-19 17:37:483
S._viscosa,A,-2.8193939962723906,-2.8193939962723906,1,2,-1,natural,2025-07-19 17:37:483
C._hispanica,A,-2.4110807407233112,-2.4110807407233112,1,2,-1,natural,2025-07-19 17:37:483
G._struthium,A,-5.046428502744139,-5.046428502744139,1,2,-1,natural,2025-07-19 17:37:483
S._sediforme,A,-3.3130345288215675,-3.3130345288215675,1,2,-1,natural,2025-07-19 17:37:483
H._syriacum,A,-2.9474731573044926,-2.9474731573044926,1,2,-1,natural,2025-07-19 17:37:483
Other_species,A,-0.7082687252637222,-0.7082687252637222,1,2,-1,natural,2025-07-19 17:37:483
Nurse_S._viscosa,A,-1.9911609687199692,-1.9911609687199692,1,2,-1,restoration,2025-07-19 17:37:483
Nurse_G._struthium,A,-1.6077333535641203,-1.6077333535641203,1,2,-1,restoration,2025-07-19 17:37:483
H._squamatum,A,-4.842858453456728,-4.842858453456728,1,2,-1,restoration,2025-07-19 17:37:483
S._viscosa,A,-3.683331016320295,-3.683331016320295,1,2,-1,restoration,2025-07-19 17:37:483
C._hispanica,A,-5.634493691646864,-5.634493691646864,1,2,-1,restoration,2025-07-19 17:37:483
G._struthium,A,-0.6744093119408469,-0.6744093119408469,1,2,-1,restoration,2025-07-19 17:37:483
S._sediforme,A,-3.5347919014072207,-3.5347919014072207,1,2,-1,restoration,2025-07-19 17:37:483
H._syriacum,A,-4.2215717062717415,-4.2215717062717415,1,2,-1,restoration,2025-07-19 17:37:483
Other_species,A,-2.5344410610865458,-2.5344410610865458,1,2,-1,restoration,2025-07-19 17:37:483
Nurse_S._viscosa,A,-1.106100788430942,-1.106100788430942,1,2,-1,natural,2025-07-19 17:37:483
Nurse_G._struthium,A,-2.479571218721957,-2.479571218721957,1,2,-1,natural,2025-07-19 17:37:483
H._squamatum,A,-1.6553773675380876,-1.6553773675380876,1,2,-1,natural,2025-07-19 17:37:483
S._viscosa,A,-2.6059050552242735,-2.6059050552242735,1,2,-1,natural,2025-07-19 17:37:483
C._hispanica,A,-2.86589887834786,-2.86589887834786,1,2,-1,natural,2025-07-19 17:37:483
G._struthium,A,-4.29983003645321,-4.29983003645321,1,2,-1,natural,2025-07-19 17:37:483
S._sediforme,A,-3.641900842374956,-3.641900842374956,1,2,-1,natural,2025-07-19 17:37:483
H._syriacum,A,-3.7614993295904333,-3.7614993295904333,1,2,-1,natural,2025-07-19 17:37:483
Other_species,A,-1.028408368822888,-1.028408368822888,1,2,-1,natural,2025-07-19 17:37:483
Nurse_S._viscosa,A,-2.469039283097025,-2.469039283097025,1,2,-1,restoration,2025-07-19 17:37:473
Nurse_G._struthium,A,-1.0324530024760739,-1.0324530024760739,1,2,-1,restoration,2025-07-19 17:37:473
H._squamatum,A,-3.8896464194101434,-3.8896464194101434,1,2,-1,restoration,2025-07-19 17:37:473
S._viscosa,A,-5.558800535315495,-5.558800535315495,1,2,-1,restoration,2025-07-19 17:37:473
C._hispanica,A,-7.169908646000557,-7.169908646000557,1,2,-1,restoration,2025-07-19 17:37:473
G._struthium,A,-0.5809329850010394,-0.5809329850010394,1,2,-1,restoration,2025-07-19 17:37:473
S._sediforme,A,-4.949034804147805,-4.949034804147805,1,2,-1,restoration,2025-07-19 17:37:473
H._syriacum,A,-4.546455031562943,-4.546455031562943,1,2,-1,restoration,2025-07-19 17:37:473
Other_species,A,-2.657319526771281,-2.657319526771281,1,2,-1,restoration,2025-07-19 17:37:473
Nurse_S._viscosa,A,-1.0219414542259677,-1.0219414542259677,1,2,-1,natural,2025-07-19 17:37:473
Nurse_G._struthium,A,-2.150337719104268,-2.150337719104268,1,2,-1,natural,2025-07-19 17:37:473
H._squamatum,A,-1.5146674054934801,-1.5146674054934801,1,2,-1,natural,2025-07-19 17:37:473
S._viscosa,A,-2.496386331119863,-2.496386331119863,1,2,-1,natural,2025-07-19 17:37:473
C._hispanica,A,-2.4607184963137425,-2.4607184963137425,1,2,-1,natural,2025-07-19 17:37:473
G._struthium,A,-3.7261517352122655,-3.7261517352122655,1,2,-1,natural,2025-07-19 17:37:473
S._sediforme,A,-3.1053603898994115,-3.1053603898994115,1,2,-1,natural,2025-07-19 17:37:473
H._syriacum,A,-3.5297851898029196,-3.5297851898029196,1,2,-1,natural,2025-07-19 17:37:473
Other_species,A,-1.0898384201022508,-1.0898384201022508,1,2,-1,natural,2025-07-19 17:37:473
Nurse_S._viscosa,A,-3.7305013612138382,-3.7305013612138382,1,2,-1,restoration,2025-07-19 17:37:463
Nurse_G._struthium,A,-2.1025989995124745,-2.1025989995124745,1,2,-1,restoration,2025-07-19 17:37:463
H._squamatum,A,-4.203960239050214,-4.203960239050214,1,2,-1,restoration,2025-07-19 17:37:463
S._viscosa,A,-4.48093862217475,-4.48093862217475,1,2,-1,restoration,2025-07-19 17:37:463
C._hispanica,A,-4.827450146419878,-4.827450146419878,1,2,-1,restoration,2025-07-19 17:37:463
G._struthium,A,-0.697118417838445,-0.697118417838445,1,2,-1,restoration,2025-07-19 17:37:463
S._sediforme,A,-3.962111590948814,-3.962111590948814,1,2,-1,restoration,2025-07-19 17:37:463
H._syriacum,A,-3.1525818739628253,-3.1525818739628253,1,2,-1,restoration,2025-07-19 17:37:463
Other_species,A,-3.550979836688445,-3.550979836688445,1,2,-1,restoration,2025-07-19 17:37:463
Nurse_S._viscosa,A,-1.22720082505557,-1.22720082505557,1,2,-1,natural,2025-07-19 17:37:463
Nurse_G._struthium,A,-2.522214602712782,-2.522214602712782,1,2,-1,natural,2025-07-19 17:37:463
H._squamatum,A,-2.0968794534913786,-2.0968794534913786,1,2,-1,natural,2025-07-19 17:37:463
S._viscosa,A,-2.594651500021854,-2.594651500021854,1,2,-1,natural,2025-07-19 17:37:463
C._hispanica,A,-2.93449068479515,-2.93449068479515,1,2,-1,natural,2025-07-19 17:37:463
G._struthium,A,-4.750022136196323,-4.750022136196323,1,2,-1,natural,2025-07-19 17:37:463
S._sediforme,A,-3.364320795748488,-3.364320795748488,1,2,-1,natural,2025-07-19 17:37:463
H._syriacum,A,-3.289345370142163,-3.289345370142163,1,2,-1,natural,2025-07-19 17:37:463
Other_species,A,-0.9590327953211055,-0.9590327953211055,1,2,-1,natural,2025-07-19 17:37:463
Nurse_S._viscosa,A,-2.5031569405631244,-2.5031569405631244,1,2,-1,restoration,2025-07-19 17:37:453
Nurse_G._struthium,A,-1.9002611692268179,-1.9002611692268179,1,2,-1,restoration,2025-07-19 17:37:453
H._squamatum,A,-4.713337294966956,-4.713337294966956,1,2,-1,restoration,2025-07-19 17:37:453
S._viscosa,A,-4.129070179779516,-4.129070179779516,1,2,-1,restoration,2025-07-19 17:37:453
C._hispanica,A,-7.5763956603001885,-7.5763956603001885,1,2,-1,restoration,2025-07-19 17:37:453
G._struthium,A,-0.5110017682337072,-0.5110017682337072,1,2,-1,restoration,2025-07-19 17:37:453
S._sediforme,A,-3.40855761727273,-3.40855761727273,1,2,-1,restoration,2025-07-19 17:37:453
H._syriacum,A,-4.076690710048077,-4.076690710048077,1,2,-1,restoration,2025-07-19 17:37:453
Other_species,A,-2.469357627699296,-2.469357627699296,1,2,-1,restoration,2025-07-19 17:37:453
Nurse_S._viscosa,A,-0.9025556931158936,-0.9025556931158936,1,2,-1,natural,2025-07-19 17:37:453
Nurse_G._struthium,A,-2.231891042743005,-2.231891042743005,1,2,-1,natural,2025-07-19 17:37:453
H._squamatum,A,-1.3956722228643696,-1.3956722228643696,1,2,-1,natural,2025-07-19 17:37:453
S._viscosa,A,-2.6145563045496782,-2.6145563045496782,1,2,-1,natural,2025-07-19 17:37:453
C._hispanica,A,-2.453087929290219,-2.453087929290219,1,2,-1,natural,2025-07-19 17:37:453
G._struthium,A,-4.259726975652892,-4.259726975652892,1,2,-1,natural,2025-07-19 17:37:453
S._sediforme,A,-3.5360132782842095,-3.5360132782842095,1,2,-1,natural,2025-07-19 17:37:453
H._syriacum,A,-3.595210818372679,-3.595210818372679,1,2,-1,natural,2025-07-19 17:37:453
Other_species,A,-0.855676305635167,-0.855676305635167,1,2,-1,natural,2025-07-19 17:37:453
Nurse_S._viscosa,A,-2.3785658495305047,-2.3785658495305047,1,2,-1,restoration,2025-07-19 17:37:443
Nurse_G._struthium,A,-2.3723845864460413,-2.3723845864460413,1,2,-1,restoration,2025-07-19 17:37:443
H._squamatum,A,-5.337997734095624,-5.337997734095624,1,2,-1,restoration,2025-07-19 17:37:443
S._viscosa,A,-3.067550148768317,-3.067550148768317,1,2,-1,restoration,2025-07-19 17:37:443
C._hispanica,A,-6.301976562890962,-6.301976562890962,1,2,-1,restoration,2025-07-19 17:37:443
G._struthium,A,-0.8291343153509146,-0.8291343153509146,1,2,-1,restoration,2025-07-19 17:37:443
S._sediforme,A,-3.7328254454244445,-3.7328254454244445,1,2,-1,restoration,2025-07-19 17:37:443
H._syriacum,A,-6.020511509702968,-6.020511509702968,1,2,-1,restoration,2025-07-19 17:37:443
Other_species,A,-2.488617088390234,-2.488617088390234,1,2,-1,restoration,2025-07-19 17:37:443
Nurse_S._viscosa,A,-0.942291470060462,-0.942291470060462,1,2,-1,natural,2025-07-19 17:37:443
Nurse_G._struthium,A,-2.672505951790741,-2.672505951790741,1,2,-1,natural,2025-07-19 17:37:443
H._squamatum,A,-1.948232382461425,-1.948232382461425,1,2,-1,natural,2025-07-19 17:37:443
S._viscosa,A,-2.4440169985122173,-2.4440169985122173,1,2,-1,natural,2025-07-19 17:37:443
C._hispanica,A,-2.4056772999780702,-2.4056772999780702,1,2,-1,natural,2025-07-19 17:37:443
G._struthium,A,-4.648135082531138,-4.648135082531138,1,2,-1,natural,2025-07-19 17:37:443
S._sediforme,A,-3.7103845260359716,-3.7103845260359716,1,2,-1,natural,2025-07-19 17:37:443
H._syriacum,A,-4.008427506285885,-4.008427506285885,1,2,-1,natural,2025-07-19 17:37:443
Other_species,A,-0.9615822866671891,-0.9615822866671891,1,2,-1,natural,2025-07-19 17:37:443
Nurse_S._viscosa,A,-2.1512510432540397,-2.1512510432540397,1,2,-1,restoration,2025-07-19 17:37:443
Nurse_G._struthium,A,-1.5341406224191334,-1.5341406224191334,1,2,-1,restoration,2025-07-19 17:37:443
H._squamatum,A,-5.2757086561570725,-5.2757086561570725,1,2,-1,restoration,2025-07-19 17:37:443
S._viscosa,A,-3.53669205918629,-3.53669205918629,1,2,-1,restoration,2025-07-19 17:37:443
C._hispanica,A,-6.10038497745063,-6.10038497745063,1,2,-1,restoration,2025-07-19 17:37:443
G._struthium,A,-0.7727617576831372,-0.7727617576831372,1,2,-1,restoration,2025-07-19 17:37:443
S._sediforme,A,-3.6817036071152054,-3.6817036071152054,1,2,-1,restoration,2025-07-19 17:37:443
H._syriacum,A,-5.942993906200236,-5.942993906200236,1,2,-1,restoration,2025-07-19 17:37:443
Other_species,A,-2.4958315622957383,-2.4958315622957383,1,2,-1,restoration,2025-07-19 17:37:443
Nurse_S._viscosa,A,-0.8747802966191984,-0.8747802966191984,1,2,-1,natural,2025-07-19 17:37:443
Nurse_G._struthium,A,-2.573800703856745,-2.573800703856745,1,2,-1,natural,2025-07-19 17:37:443
H._squamatum,A,-1.5580430372375729,-1.5580430372375729,1,2,-1,natural,2025-07-19 17:37:443
S._viscosa,A,-2.695253531157037,-2.695253531157037,1,2,-1,natural,2025-07-19 17:37:443
C._hispanica,A,-2.3041641819275456,-2.3041641819275456,1,2,-1,natural,2025-07-19 17:37:443
G._struthium,A,-4.548026199537197,-4.548026199537197,1,2,-1,natural,2025-07-19 17:37:443
S._sediforme,A,-3.4008258519245906,-3.4008258519245906,1,2,-1,natural,2025-07-19 17:37:443
H._syriacum,A,-3.0712740575629702,-3.0712740575629702,1,2,-1,natural,2025-07-19 17:37:443
Other_species,A,-0.7316584056869256,-0.7316584056869256,1,2,-1,natural,2025-07-19 17:37:443
Nurse_S._viscosa,A,-3.0574731526205743,-3.0574731526205743,1,2,-1,restoration,2025-07-19 17:37:433
Nurse_G._struthium,A,-2.315472331593208,-2.315472331593208,1,2,-1,restoration,2025-07-19 17:37:433
H._squamatum,A,-4.201305905998801,-4.201305905998801,1,2,-1,restoration,2025-07-19 17:37:433
S._viscosa,A,-4.320608767459319,-4.320608767459319,1,2,-1,restoration,2025-07-19 17:37:433
C._hispanica,A,-6.009179537195572,-6.009179537195572,1,2,-1,restoration,2025-07-19 17:37:433
G._struthium,A,-1.1208486366419006,-1.1208486366419006,1,2,-1,restoration,2025-07-19 17:37:433
S._sediforme,A,-4.64037075807128,-4.64037075807128,1,2,-1,restoration,2025-07-19 17:37:433
H._syriacum,A,-3.796551610288716,-3.796551610288716,1,2,-1,restoration,2025-07-19 17:37:433
Other_species,A,-2.663884842268915,-2.663884842268915,1,2,-1,restoration,2025-07-19 17:37:433
Nurse_S._viscosa,A,-1.036839457518563,-1.036839457518563,1,2,-1,natural,2025-07-19 17:37:433
Nurse_G._struthium,A,-2.1449208778263675,-2.1449208778263675,1,2,-1,natural,2025-07-19 17:37:433
H._squamatum,A,-1.6308058601452247,-1.6308058601452247,1,2,-1,natural,2025-07-19 17:37:433
S._viscosa,A,-2.733131604847784,-2.733131604847784,1,2,-1,natural,2025-07-19 17:37:433
C._hispanica,A,-2.7006007120127737,-2.7006007120127737,1,2,-1,natural,2025-07-19 17:37:433
G._struthium,A,-5.134092148272709,-5.134092148272709,1,2,-1,natural,2025-07-19 17:37:433
S._sediforme,A,-3.516730143076076,-3.516730143076076,1,2,-1,natural,2025-07-19 17:37:433
H._syriacum,A,-3.5962659014937044,-3.5962659014937044,1,2,-1,natural,2025-07-19 17:37:433
Other_species,A,-0.760990774204577,-0.760990774204577,1,2,-1,natural,2025-07-19 17:37:433
Nurse_S._viscosa,A,-3.972603486719521,-3.972603486719521,1,2,-1,restoration,2025-07-19 17:37:423
Nurse_G._struthium,A,-2.7663085254827102,-2.7663085254827102,1,2,-1,restoration,2025-07-19 17:37:423
H._squamatum,A,-5.3088511667531195,-5.3088511667531195,1,2,-1,restoration,2025-07-19 17:37:423
S._viscosa,A,-4.598510493232287,-4.598510493232287,1,2,-1,restoration,2025-07-19 17:37:423
C._hispanica,A,-4.796222125486237,-4.796222125486237,1,2,-1,restoration,2025-07-19 17:37:423
G._struthium,A,-1.2427443595812653,-1.2427443595812653,1,2,-1,restoration,2025-07-19 17:37:423
S._sediforme,A,-3.780577293192024,-3.780577293192024,1,2,-1,restoration,2025-07-19 17:37:423
H._syriacum,A,-5.8135322926174995,-5.8135322926174995,1,2,-1,restoration,2025-07-19 17:37:423
Other_species,A,-3.782197336551465,-3.782197336551465,1,2,-1,restoration,2025-07-19 17:37:423
Nurse_S._viscosa,A,-0.9065400641473134,-0.9065400641473134,1,2,-1,natural,2025-07-19 17:37:423
Nurse_G._struthium,A,-2.2225384176362564,-2.2225384176362564,1,2,-1,natural,2025-07-19 17:37:423
H._squamatum,A,-1.321071931285775,-1.321071931285775,1,2,-1,natural,2025-07-19 17:37:423
S._viscosa,A,-2.7685393739410036,-2.7685393739410036,1,2,-1,natural,2025-07-19 17:37:423
C._hispanica,A,-2.7691242075010885,-2.7691242075010885,1,2,-1,natural,2025-07-19 17:37:423
G._struthium,A,-3.599783882169171,-3.599783882169171,1,2,-1,natural,2025-07-19 17:37:423
S._sediforme,A,-3.5152335353707214,-3.5152335353707214,1,2,-1,natural,2025-07-19 17:37:423
H._syriacum,A,-3.453094223622618,-3.453094223622618,1,2,-1,natural,2025-07-19 17:37:423
Other_species,A,-0.7875888521748192,-0.7875888521748192,1,2,-1,natural,2025-07-19 17:37:423
Nurse_S._viscosa,A,-2.171466608693794,-2.171466608693794,1,2,-1,restoration,2025-07-19 17:37:413
Nurse_G._struthium,A,-1.8739812435141026,-1.8739812435141026,1,2,-1,restoration,2025-07-19 17:37:413
H._squamatum,A,-4.525863511779225,-4.525863511779225,1,2,-1,restoration,2025-07-19 17:37:413
S._viscosa,A,-4.0819991311481045,-4.0819991311481045,1,2,-1,restoration,2025-07-19 17:37:413
C._hispanica,A,-5.98466420059622,-5.98466420059622,1,2,-1,restoration,2025-07-19 17:37:413
G._struthium,A,-1.062434438131215,-1.062434438131215,1,2,-1,restoration,2025-07-19 17:37:413
S._sediforme,A,-3.6028260579819427,-3.6028260579819427,1,2,-1,restoration,2025-07-19 17:37:413
H._syriacum,A,-4.536365637965228,-4.536365637965228,1,2,-1,restoration,2025-07-19 17:37:413
Other_species,A,-2.4959540405420677,-2.4959540405420677,1,2,-1,restoration,2025-07-19 17:37:413
Nurse_S._viscosa,A,-0.9778803665671151,-0.9778803665671151,1,2,-1,natural,2025-07-19 17:37:413
Nurse_G._struthium,A,-2.0349364181066707,-2.0349364181066707,1,2,-1,natural,2025-07-19 17:37:413
H._squamatum,A,-1.8239789954072996,-1.8239789954072996,1,2,-1,natural,2025-07-19 17:37:413
S._viscosa,A,-2.7198877626668603,-2.7198877626668603,1,2,-1,natural,2025-07-19 17:37:413
C._hispanica,A,-2.2583584259221854,-2.2583584259221854,1,2,-1,natural,2025-07-19 17:37:413
G._struthium,A,-4.557529073222409,-4.557529073222409,1,2,-1,natural,2025-07-19 17:37:413
S._sediforme,A,-3.6373544402536377,-3.6373544402536377,1,2,-1,natural,2025-07-19 17:37:413
H._syriacum,A,-3.335575478617512,-3.335575478617512,1,2,-1,natural,2025-07-19 17:37:413
Other_species,A,-0.6224356677732428,-0.6224356677732428,1,2,-1,natural,2025-07-19 17:37:413
Nurse_S._viscosa,A,-2.818033196014927,-2.818033196014927,1,2,-1,restoration,2025-07-19 17:37:403
Nurse_G._struthium,A,-1.3876156954867156,-1.3876156954867156,1,2,-1,restoration,2025-07-19 17:37:403
H._squamatum,A,-4.7290690947094545,-4.7290690947094545,1,2,-1,restoration,2025-07-19 17:37:403
S._viscosa,A,-4.084173161979963,-4.084173161979963,1,2,-1,restoration,2025-07-19 17:37:403
C._hispanica,A,-6.125961117598709,-6.125961117598709,1,2,-1,restoration,2025-07-19 17:37:403
G._struthium,A,-0.637075185540609,-0.637075185540609,1,2,-1,restoration,2025-07-19 17:37:403
S._sediforme,A,-4.4163965343473555,-4.4163965343473555,1,2,-1,restoration,2025-07-19 17:37:403
H._syriacum,A,-5.039351995253126,-5.039351995253126,1,2,-1,restoration,2025-07-19 17:37:403
Other_species,A,-2.599376703870947,-2.599376703870947,1,2,-1,restoration,2025-07-19 17:37:403
Nurse_S._viscosa,A,-1.166960697603452,-1.166960697603452,1,2,-1,natural,2025-07-19 17:37:403
Nurse_G._struthium,A,-2.4952492545902327,-2.4952492545902327,1,2,-1,natural,2025-07-19 17:37:403
H._squamatum,A,-1.8802173865499798,-1.8802173865499798,1,2,-1,natural,2025-07-19 17:37:403
S._viscosa,A,-2.4822585611351653,-2.4822585611351653,1,2,-1,natural,2025-07-19 17:37:403
C._hispanica,A,-2.622101723996673,-2.622101723996673,1,2,-1,natural,2025-07-19 17:37:403
G._struthium,A,-3.6727879790590503,-3.6727879790590503,1,2,-1,natural,2025-07-19 17:37:403
S._sediforme,A,-3.924548083248609,-3.924548083248609,1,2,-1,natural,2025-07-19 17:37:403
H._syriacum,A,-3.3219632132595325,-3.3219632132595325,1,2,-1,natural,2025-07-19 17:37:403
Other_species,A,-0.9309055264446486,-0.9309055264446486,1,2,-1,natural,2025-07-19 17:37:403
Nurse_S._viscosa,A,-2.4229067442974643,-2.4229067442974643,1,2,-1,restoration,2025-07-19 17:37:403
Nurse_G._struthium,A,-1.1894573161685278,-1.1894573161685278,1,2,-1,restoration,2025-07-19 17:37:403
H._squamatum,A,-5.444265523507111,-5.444265523507111,1,2,-1,restoration,2025-07-19 17:37:403
S._viscosa,A,-3.758905203786636,-3.758905203786636,1,2,-1,restoration,2025-07-19 17:37:403
C._hispanica,A,-5.184117363480083,-5.184117363480083,1,2,-1,restoration,2025-07-19 17:37:403
G._struthium,A,-0.45148193821991106,-0.45148193821991106,1,2,-1,restoration,2025-07-19 17:37:403
S._sediforme,A,-3.463096162695214,-3.463096162695214,1,2,-1,restoration,2025-07-19 17:37:403
H._syriacum,A,-5.6013269417031655,-5.6013269417031655,1,2,-1,restoration,2025-07-19 17:37:403
Other_species,A,-2.443466517478046,-2.443466517478046,1,2,-1,restoration,2025-07-19 17:37:403
Nurse_S._viscosa,A,-1.0581031075790075,-1.0581031075790075,1,2,-1,natural,2025-07-19 17:37:403
Nurse_G._struthium,A,-2.5293654458501744,-2.5293654458501744,1,2,-1,natural,2025-07-19 17:37:403
H._squamatum,A,-1.615842370879777,-1.615842370879777,1,2,-1,natural,2025-07-19 17:37:403
S._viscosa,A,-2.72550868664794,-2.72550868664794,1,2,-1,natural,2025-07-19 17:37:403
C._hispanica,A,-2.4879449597392607,-2.4879449597392607,1,2,-1,natural,2025-07-19 17:37:403
G._struthium,A,-4.445504283602135,-4.445504283602135,1,2,-1,natural,2025-07-19 17:37:403
S._sediforme,A,-4.124151114496289,-4.124151114496289,1,2,-1,natural,2025-07-19 17:37:403
H._syriacum,A,-3.812262723640712,-3.812262723640712,1,2,-1,natural,2025-07-19 17:37:403
Other_species,A,-0.9924616933210153,-0.9924616933210153,1,2,-1,natural,2025-07-19 17:37:403
Nurse_S._viscosa,A,-2.548320141443859,-2.548320141443859,1,2,-1,restoration,2025-07-19 17:37:393
Nurse_G._struthium,A,-1.8842085014716012,-1.8842085014716012,1,2,-1,restoration,2025-07-19 17:37:393
H._squamatum,A,-4.841252097568325,-4.841252097568325,1,2,-1,restoration,2025-07-19 17:37:393
S._viscosa,A,-4.512319193730924,-4.512319193730924,1,2,-1,restoration,2025-07-19 17:37:393
C._hispanica,A,-5.697952153386118,-5.697952153386118,1,2,-1,restoration,2025-07-19 17:37:393
G._struthium,A,-0.7844284718003811,-0.7844284718003811,1,2,-1,restoration,2025-07-19 17:37:393
S._sediforme,A,-3.7966650571604776,-3.7966650571604776,1,2,-1,restoration,2025-07-19 17:37:393
H._syriacum,A,-4.449908671328291,-4.449908671328291,1,2,-1,restoration,2025-07-19 17:37:393
Other_species,A,-2.817549279865402,-2.817549279865402,1,2,-1,restoration,2025-07-19 17:37:393
Nurse_S._viscosa,A,-1.0057653293260462,-1.0057653293260462,1,2,-1,natural,2025-07-19 17:37:393
Nurse_G._struthium,A,-2.4553527910386896,-2.4553527910386896,1,2,-1,natural,2025-07-19 17:37:393
H._squamatum,A,-1.998796728656999,-1.998796728656999,1,2,-1,natural,2025-07-19 17:37:393
S._viscosa,A,-2.5118137856102742,-2.5118137856102742,1,2,-1,natural,2025-07-19 17:37:393
C._hispanica,A,-2.4007516625675867,-2.4007516625675867,1,2,-1,natural,2025-07-19 17:37:393
G._struthium,A,-6.0594683257589,-6.0594683257589,1,2,-1,natural,2025-07-19 17:37:393
S._sediforme,A,-3.0030680587671457,-3.0030680587671457,1,2,-1,natural,2025-07-19 17:37:393
H._syriacum,A,-3.923373753755217,-3.923373753755217,1,2,-1,natural,2025-07-19 17:37:393
Other_species,A,-0.8803467259437275,-0.8803467259437275,1,2,-1,natural,2025-07-19 17:37:393
Nurse_S._viscosa,A,-3.677618156150772,-3.677618156150772,1,2,-1,restoration,2025-07-19 17:37:383
Nurse_G._struthium,A,-2.524501559545331,-2.524501559545331,1,2,-1,restoration,2025-07-19 17:37:383
H._squamatum,A,-5.178979000510769,-5.178979000510769,1,2,-1,restoration,2025-07-19 17:37:383
S._viscosa,A,-4.0412586359083145,-4.0412586359083145,1,2,-1,restoration,2025-07-19 17:37:383
C._hispanica,A,-6.7002664715316165,-6.7002664715316165,1,2,-1,restoration,2025-07-19 17:37:383
G._struthium,A,-2.045593488970964,-2.045593488970964,1,2,-1,restoration,2025-07-19 17:37:383
S._sediforme,A,-4.777458465124543,-4.777458465124543,1,2,-1,restoration,2025-07-19 17:37:383
H._syriacum,A,-5.336555333359353,-5.336555333359353,1,2,-1,restoration,2025-07-19 17:37:383
Other_species,A,-2.926739320396121,-2.926739320396121,1,2,-1,restoration,2025-07-19 17:37:383
Nurse_S._viscosa,A,-0.7494242477751328,-0.7494242477751328,1,2,-1,natural,2025-07-19 17:37:383
Nurse_G._struthium,A,-2.414955776232978,-2.414955776232978,1,2,-1,natural,2025-07-19 17:37:383
H._squamatum,A,-1.610897957541483,-1.610897957541483,1,2,-1,natural,2025-07-19 17:37:383
S._viscosa,A,-1.9372036778712614,-1.9372036778712614,1,2,-1,natural,2025-07-19 17:37:383
C._hispanica,A,-2.601668092545886,-2.601668092545886,1,2,-1,natural,2025-07-19 17:37:383
G._struthium,A,-4.558453279147956,-4.558453279147956,1,2,-1,natural,2025-07-19 17:37:383
S._sediforme,A,-3.3307894789210986,-3.3307894789210986,1,2,-1,natural,2025-07-19 17:37:383
H._syriacum,A,-3.2290611876574995,-3.2290611876574995,1,2,-1,natural,2025-07-19 17:37:383
Other_species,A,-0.5064285805240376,-0.5064285805240376,1,2,-1,natural,2025-07-19 17:37:383
Nurse_S._viscosa,A,-2.127179299104208,-2.127179299104208,1,2,-1,restoration,2025-07-19 17:37:383
Nurse_G._struthium,A,-1.4825497029553145,-1.4825497029553145,1,2,-1,restoration,2025-07-19 17:37:383
H._squamatum,A,-4.384083344584963,-4.384083344584963,1,2,-1,restoration,2025-07-19 17:37:383
S._viscosa,A,-4.37441457041962,-4.37441457041962,1,2,-1,restoration,2025-07-19 17:37:383
C._hispanica,A,-6.840691035369962,-6.840691035369962,1,2,-1,restoration,2025-07-19 17:37:383
G._struthium,A,-0.4857887146775628,-0.4857887146775628,1,2,-1,restoration,2025-07-19 17:37:383
S._sediforme,A,-3.7925409293332506,-3.7925409293332506,1,2,-1,restoration,2025-07-19 17:37:383
H._syriacum,A,-4.465224578208306,-4.465224578208306,1,2,-1,restoration,2025-07-19 17:37:383
Other_species,A,-2.5921719916424424,-2.5921719916424424,1,2,-1,restoration,2025-07-19 17:37:383
Nurse_S._viscosa,A,-0.9379003862680532,-0.9379003862680532,1,2,-1,natural,2025-07-19 17:37:383
Nurse_G._struthium,A,-2.1916721828224897,-2.1916721828224897,1,2,-1,natural,2025-07-19 17:37:383
H._squamatum,A,-1.603846926317909,-1.603846926317909,1,2,-1,natural,2025-07-19 17:37:383
S._viscosa,A,-2.5912554989119116,-2.5912554989119116,1,2,-1,natural,2025-07-19 17:37:383
C._hispanica,A,-2.4708778427539517,-2.4708778427539517,1,2,-1,natural,2025-07-19 17:37:383
G._struthium,A,-4.28640333937674,-4.28640333937674,1,2,-1,natural,2025-07-19 17:37:383
S._sediforme,A,-3.47043460378298,-3.47043460378298,1,2,-1,natural,2025-07-19 17:37:383
H._syriacum,A,-3.4069456149089654,-3.4069456149089654,1,2,-1,natural,2025-07-19 17:37:383
Other_species,A,-0.6562602694741922,-0.6562602694741922,1,2,-1,natural,2025-07-19 17:37:383
Nurse_S._viscosa,A,-2.467823143249978,-2.467823143249978,1,2,-1,restoration,2025-07-19 17:37:373
Nurse_G._struthium,A,-1.5319268086325488,-1.5319268086325488,1,2,-1,restoration,2025-07-19 17:37:373
H._squamatum,A,-3.9332973339671553,-3.9332973339671553,1,2,-1,restoration,2025-07-19 17:37:373
S._viscosa,A,-4.217380792803507,-4.217380792803507,1,2,-1,restoration,2025-07-19 17:37:373
C._hispanica,A,-6.249529008673336,-6.249529008673336,1,2,-1,restoration,2025-07-19 17:37:373
G._struthium,A,-1.0609691421559753,-1.0609691421559753,1,2,-1,restoration,2025-07-19 17:37:373
S._sediforme,A,-4.019191495332543,-4.019191495332543,1,2,-1,restoration,2025-07-19 17:37:373
H._syriacum,A,-6.051203472208609,-6.051203472208609,1,2,-1,restoration,2025-07-19 17:37:373
Other_species,A,-2.7182579942753,-2.7182579942753,1,2,-1,restoration,2025-07-19 17:37:373
Nurse_S._viscosa,A,-1.0573485509629283,-1.0573485509629283,1,2,-1,natural,2025-07-19 17:37:373
Nurse_G._struthium,A,-2.4233617183829774,-2.4233617183829774,1,2,-1,natural,2025-07-19 17:37:373
H._squamatum,A,-1.6704125731886255,-1.6704125731886255,1,2,-1,natural,2025-07-19 17:37:373
S._viscosa,A,-2.5630056220516484,-2.5630056220516484,1,2,-1,natural,2025-07-19 17:37:373
C._hispanica,A,-2.465541358251485,-2.465541358251485,1,2,-1,natural,2025-07-19 17:37:373
G._struthium,A,-6.51318334300132,-6.51318334300132,1,2,-1,natural,2025-07-19 17:37:373
S._sediforme,A,-3.1277950813246154,-3.1277950813246154,1,2,-1,natural,2025-07-19 17:37:373
H._syriacum,A,-3.5433903340336887,-3.5433903340336887,1,2,-1,natural,2025-07-19 17:37:373
Other_species,A,-0.8220662090727737,-0.8220662090727737,1,2,-1,natural,2025-07-19 17:37:373
Nurse_S._viscosa,A,-3.0262342486056277,-3.0262342486056277,1,2,-1,restoration,2025-07-19 17:37:363
Nurse_G._struthium,A,-2.07657164627072,-2.07657164627072,1,2,-1,restoration,2025-07-19 17:37:363
H._squamatum,A,-4.131667395791634,-4.131667395791634,1,2,-1,restoration,2025-07-19 17:37:363
S._viscosa,A,-4.191722408122611,-4.191722408122611,1,2,-1,restoration,2025-07-19 17:37:363
C._hispanica,A,-6.166159838619539,-6.166159838619539,1,2,-1,restoration,2025-07-19 17:37:363
G._struthium,A,-0.8118350346768354,-0.8118350346768354,1,2,-1,restoration,2025-07-19 17:37:363
S._sediforme,A,-3.5727873694836423,-3.5727873694836423,1,2,-1,restoration,2025-07-19 17:37:363
H._syriacum,A,-5.2399372369706265,-5.2399372369706265,1,2,-1,restoration,2025-07-19 17:37:363
Other_species,A,-2.7081851809681545,-2.7081851809681545,1,2,-1,restoration,2025-07-19 17:37:363
Nurse_S._viscosa,A,-1.0502238326237932,-1.0502238326237932,1,2,-1,natural,2025-07-19 17:37:363
Nurse_G._struthium,A,-2.1295479772466046,-2.1295479772466046,1,2,-1,natural,2025-07-19 17:37:363
H._squamatum,A,-1.9144494440872544,-1.9144494440872544,1,2,-1,natural,2025-07-19 17:37:363
S._viscosa,A,-2.4484535598725277,-2.4484535598725277,1,2,-1,natural,2025-07-19 17:37:363
C._hispanica,A,-2.3165807355557235,-2.3165807355557235,1,2,-1,natural,2025-07-19 17:37:363
G._struthium,A,-4.615512187885032,-4.615512187885032,1,2,-1,natural,2025-07-19 17:37:363
S._sediforme,A,-3.255917562561193,-3.255917562561193,1,2,-1,natural,2025-07-19 17:37:363
H._syriacum,A,-3.5751936811232206,-3.5751936811232206,1,2,-1,natural,2025-07-19 17:37:363
Other_species,A,-0.7709041314897067,-0.7709041314897067,1,2,-1,natural,2025-07-19 17:37:363
Nurse_S._viscosa,A,-2.8340314980943453,-2.8340314980943453,1,2,-1,restoration,2025-07-19 17:37:353
Nurse_G._struthium,A,-1.8726318933142874,-1.8726318933142874,1,2,-1,restoration,2025-07-19 17:37:353
H._squamatum,A,-3.91528410085185,-3.91528410085185,1,2,-1,restoration,2025-07-19 17:37:353
S._viscosa,A,-3.9170721581761154,-3.9170721581761154,1,2,-1,restoration,2025-07-19 17:37:353
C._hispanica,A,-5.013594330018071,-5.013594330018071,1,2,-1,restoration,2025-07-19 17:37:353
G._struthium,A,-0.9986701417986671,-0.9986701417986671,1,2,-1,restoration,2025-07-19 17:37:353
S._sediforme,A,-3.9513391827609174,-3.9513391827609174,1,2,-1,restoration,2025-07-19 17:37:353
H._syriacum,A,-5.923201043624803,-5.923201043624803,1,2,-1,restoration,2025-07-19 17:37:353
Other_species,A,-2.951495673813514,-2.951495673813514,1,2,-1,restoration,2025-07-19 17:37:353
Nurse_S._viscosa,A,-1.1184620552560058,-1.1184620552560058,1,2,-1,natural,2025-07-19 17:37:353
Nurse_G._struthium,A,-2.8483661954681407,-2.8483661954681407,1,2,-1,natural,2025-07-19 17:37:353
H._squamatum,A,-1.7064805125143174,-1.7064805125143174,1,2,-1,natural,2025-07-19 17:37:353
S._viscosa,A,-2.337482624579658,-2.337482624579658,1,2,-1,natural,2025-07-19 17:37:353
C._hispanica,A,-2.6647314020648176,-2.6647314020648176,1,2,-1,natural,2025-07-19 17:37:353
G._struthium,A,-4.934863648052035,-4.934863648052035,1,2,-1,natural,2025-07-19 17:37:353
S._sediforme,A,-3.4237763649727007,-3.4237763649727007,1,2,-1,natural,2025-07-19 17:37:353
H._syriacum,A,-3.2370647719854357,-3.2370647719854357,1,2,-1,natural,2025-07-19 17:37:353
Other_species,A,-0.919390844735988,-0.919390844735988,1,2,-1,natural,2025-07-19 17:37:353
Nurse_S._viscosa,A,-3.0137138309342344,-3.0137138309342344,1,2,-1,restoration,2025-07-19 17:37:343
Nurse_G._struthium,A,-1.770492316538953,-1.770492316538953,1,2,-1,restoration,2025-07-19 17:37:343
H._squamatum,A,-4.658330745794434,-4.658330745794434,1,2,-1,restoration,2025-07-19 17:37:343
S._viscosa,A,-5.4854184262244985,-5.4854184262244985,1,2,-1,restoration,2025-07-19 17:37:343
C._hispanica,A,-8.055912248805662,-8.055912248805662,1,2,-1,restoration,2025-07-19 17:37:343
G._struthium,A,-0.6649726310212176,-0.6649726310212176,1,2,-1,restoration,2025-07-19 17:37:343
S._sediforme,A,-4.208526306297944,-4.208526306297944,1,2,-1,restoration,2025-07-19 17:37:343
H._syriacum,A,-6.939900811965391,-6.939900811965391,1,2,-1,restoration,2025-07-19 17:37:343
Other_species,A,-2.5268824300471864,-2.5268824300471864,1,2,-1,restoration,2025-07-19 17:37:343
Nurse_S._viscosa,A,-1.2092713416955914,-1.2092713416955914,1,2,-1,natural,2025-07-19 17:37:343
Nurse_G._struthium,A,-2.5867516651862417,-2.5867516651862417,1,2,-1,natural,2025-07-19 17:37:343
H._squamatum,A,-1.6849540010030906,-1.6849540010030906,1,2,-1,natural,2025-07-19 17:37:343
S._viscosa,A,-2.7637999351939104,-2.7637999351939104,1,2,-1,natural,2025-07-19 17:37:343
C._hispanica,A,-2.96023989832667,-2.96023989832667,1,2,-1,natural,2025-07-19 17:37:343
G._struthium,A,-4.565151323978528,-4.565151323978528,1,2,-1,natural,2025-07-19 17:37:343
S._sediforme,A,-3.266772903284045,-3.266772903284045,1,2,-1,natural,2025-07-19 17:37:343
H._syriacum,A,-3.050691476970305,-3.050691476970305,1,2,-1,natural,2025-07-19 17:37:343
Other_species,A,-0.7591343970284777,-0.7591343970284777,1,2,-1,natural,2025-07-19 17:37:343
Nurse_S._viscosa,A,-2.786632344832272,-2.786632344832272,1,2,-1,restoration,2025-07-19 17:37:343
Nurse_G._struthium,A,-1.9881389231601663,-1.9881389231601663,1,2,-1,restoration,2025-07-19 17:37:343
H._squamatum,A,-4.232922697563697,-4.232922697563697,1,2,-1,restoration,2025-07-19 17:37:343
S._viscosa,A,-4.048992857168051,-4.048992857168051,1,2,-1,restoration,2025-07-19 17:37:343
C._hispanica,A,-5.635783711246742,-5.635783711246742,1,2,-1,restoration,2025-07-19 17:37:343
G._struthium,A,-0.9830422160639838,-0.9830422160639838,1,2,-1,restoration,2025-07-19 17:37:343
S._sediforme,A,-5.185629570533761,-5.185629570533761,1,2,-1,restoration,2025-07-19 17:37:343
H._syriacum,A,-4.379593044703519,-4.379593044703519,1,2,-1,restoration,2025-07-19 17:37:343
Other_species,A,-2.565943867871803,-2.565943867871803,1,2,-1,restoration,2025-07-19 17:37:343
Nurse_S._viscosa,A,-1.0687213077868971,-1.0687213077868971,1,2,-1,natural,2025-07-19 17:37:343
Nurse_G._struthium,A,-2.3274227500195375,-2.3274227500195375,1,2,-1,natural,2025-07-19 17:37:343
H._squamatum,A,-1.6393113975054703,-1.6393113975054703,1,2,-1,natural,2025-07-19 17:37:343
S._viscosa,A,-2.3759257888372236,-2.3759257888372236,1,2,-1,natural,2025-07-19 17:37:343
C._hispanica,A,-2.4003825652176647,-2.4003825652176647,1,2,-1,natural,2025-07-19 17:37:343
G._struthium,A,-4.212426686200701,-4.212426686200701,1,2,-1,natural,2025-07-19 17:37:343
S._sediforme,A,-2.879679485540248,-2.879679485540248,1,2,-1,natural,2025-07-19 17:37:343
H._syriacum,A,-3.971278690311204,-3.971278690311204,1,2,-1,natural,2025-07-19 17:37:343
Other_species,A,-0.7649390398009223,-0.7649390398009223,1,2,-1,natural,2025-07-19 17:37:343
Nurse_S._viscosa,A,-2.51221566451441,-2.51221566451441,1,2,-1,restoration,2025-07-19 17:37:333
Nurse_G._struthium,A,-1.5426180971888612,-1.5426180971888612,1,2,-1,restoration,2025-07-19 17:37:333
H._squamatum,A,-4.312305035151848,-4.312305035151848,1,2,-1,restoration,2025-07-19 17:37:333
S._viscosa,A,-3.514163355628638,-3.514163355628638,1,2,-1,restoration,2025-07-19 17:37:333
C._hispanica,A,-5.520019578981614,-5.520019578981614,1,2,-1,restoration,2025-07-19 17:37:333
G._struthium,A,-0.6035642115183747,-0.6035642115183747,1,2,-1,restoration,2025-07-19 17:37:333
S._sediforme,A,-3.2614541231139618,-3.2614541231139618,1,2,-1,restoration,2025-07-19 17:37:333
H._syriacum,A,-5.558474740498409,-5.558474740498409,1,2,-1,restoration,2025-07-19 17:37:333
Other_species,A,-2.31456842824719,-2.31456842824719,1,2,-1,restoration,2025-07-19 17:37:333
Nurse_S._viscosa,A,-1.3546299050659345,-1.3546299050659345,1,2,-1,natural,2025-07-19 17:37:333
Nurse_G._struthium,A,-2.543209076749501,-2.543209076749501,1,2,-1,natural,2025-07-19 17:37:333
H._squamatum,A,-1.6716300209087824,-1.6716300209087824,1,2,-1,natural,2025-07-19 17:37:333
S._viscosa,A,-2.548858174080742,-2.548858174080742,1,2,-1,natural,2025-07-19 17:37:333
C._hispanica,A,-2.636565690211557,-2.636565690211557,1,2,-1,natural,2025-07-19 17:37:333
G._struthium,A,-4.353595274193896,-4.353595274193896,1,2,-1,natural,2025-07-19 17:37:333
S._sediforme,A,-3.3821081829200184,-3.3821081829200184,1,2,-1,natural,2025-07-19 17:37:333
H._syriacum,A,-3.210685836134702,-3.210685836134702,1,2,-1,natural,2025-07-19 17:37:333
Other_species,A,-1.1566547088625874,-1.1566547088625874,1,2,-1,natural,2025-07-19 17:37:333
Nurse_S._viscosa,A,-3.0232934497829063,-3.0232934497829063,1,2,-1,restoration,2025-07-19 17:37:323
Nurse_G._struthium,A,-1.8122847219937375,-1.8122847219937375,1,2,-1,restoration,2025-07-19 17:37:323
H._squamatum,A,-3.6979013884029657,-3.6979013884029657,1,2,-1,restoration,2025-07-19 17:37:323
S._viscosa,A,-4.140936991032453,-4.140936991032453,1,2,-1,restoration,2025-07-19 17:37:323
C._hispanica,A,-7.89525247134308,-7.89525247134308,1,2,-1,restoration,2025-07-19 17:37:323
G._struthium,A,-0.8490076708750179,-0.8490076708750179,1,2,-1,restoration,2025-07-19 17:37:323
S._sediforme,A,-4.168477917775254,-4.168477917775254,1,2,-1,restoration,2025-07-19 17:37:323
H._syriacum,A,-4.303094841588005,-4.303094841588005,1,2,-1,restoration,2025-07-19 17:37:323
Other_species,A,-3.023349735071725,-3.023349735071725,1,2,-1,restoration,2025-07-19 17:37:323
Nurse_S._viscosa,A,-1.1060260982863648,-1.1060260982863648,1,2,-1,natural,2025-07-19 17:37:323
Nurse_G._struthium,A,-2.3082140813271925,-2.3082140813271925,1,2,-1,natural,2025-07-19 17:37:323
H._squamatum,A,-1.8584667769246221,-1.8584667769246221,1,2,-1,natural,2025-07-19 17:37:323
S._viscosa,A,-2.2349125352895793,-2.2349125352895793,1,2,-1,natural,2025-07-19 17:37:323
C._hispanica,A,-2.5357157076699255,-2.5357157076699255,1,2,-1,natural,2025-07-19 17:37:323
G._struthium,A,-5.232787163364909,-5.232787163364909,1,2,-1,natural,2025-07-19 17:37:323
S._sediforme,A,-3.3780033181374924,-3.3780033181374924,1,2,-1,natural,2025-07-19 17:37:323
H._syriacum,A,-3.200618873444219,-3.200618873444219,1,2,-1,natural,2025-07-19 17:37:323
Other_species,A,-0.9037400121857906,-0.9037400121857906,1,2,-1,natural,2025-07-19 17:37:323
Nurse_S._viscosa,A,-2.444271582296382,-2.444271582296382,1,2,-1,restoration,2025-07-19 17:37:313
Nurse_G._struthium,A,-1.8308134727105265,-1.8308134727105265,1,2,-1,restoration,2025-07-19 17:37:313
H._squamatum,A,-4.20414060971823,-4.20414060971823,1,2,-1,restoration,2025-07-19 17:37:313
S._viscosa,A,-4.139092359684799,-4.139092359684799,1,2,-1,restoration,2025-07-19 17:37:313
C._hispanica,A,-5.943290668239733,-5.943290668239733,1,2,-1,restoration,2025-07-19 17:37:313
G._struthium,A,-0.9017033661053794,-0.9017033661053794,1,2,-1,restoration,2025-07-19 17:37:313
S._sediforme,A,-4.139627516855027,-4.139627516855027,1,2,-1,restoration,2025-07-19 17:37:313
H._syriacum,A,-4.105944469547718,-4.105944469547718,1,2,-1,restoration,2025-07-19 17:37:313
Other_species,A,-2.9954605771498697,-2.9954605771498697,1,2,-1,restoration,2025-07-19 17:37:313
Nurse_S._viscosa,A,-0.8422466223526617,-0.8422466223526617,1,2,-1,natural,2025-07-19 17:37:313
Nurse_G._struthium,A,-2.3541956059717895,-2.3541956059717895,1,2,-1,natural,2025-07-19 17:37:313
H._squamatum,A,-1.7417963902855518,-1.7417963902855518,1,2,-1,natural,2025-07-19 17:37:313
S._viscosa,A,-2.6562109132077087,-2.6562109132077087,1,2,-1,natural,2025-07-19 17:37:313
C._hispanica,A,-2.140526033742095,-2.140526033742095,1,2,-1,natural,2025-07-19 17:37:313
G._struthium,A,-4.911126746447215,-4.911126746447215,1,2,-1,natural,2025-07-19 17:37:313
S._sediforme,A,-3.5067743769110975,-3.5067743769110975,1,2,-1,natural,2025-07-19 17:37:313
H._syriacum,A,-3.7270715284410736,-3.7270715284410736,1,2,-1,natural,2025-07-19 17:37:313
Other_species,A,-0.8076161401009363,-0.8076161401009363,1,2,-1,natural,2025-07-19 17:37:313
Nurse_S._viscosa,A,-3.2694523121803063,-3.2694523121803063,1,2,-1,restoration,2025-07-19 17:37:303
Nurse_G._struthium,A,-2.4061861639264186,-2.4061861639264186,1,2,-1,restoration,2025-07-19 17:37:303
H._squamatum,A,-4.257006622120552,-4.257006622120552,1,2,-1,restoration,2025-07-19 17:37:303
S._viscosa,A,-4.539363343246103,-4.539363343246103,1,2,-1,restoration,2025-07-19 17:37:303
C._hispanica,A,-5.317276314285921,-5.317276314285921,1,2,-1,restoration,2025-07-19 17:37:303
G._struthium,A,-1.106007142246745,-1.106007142246745,1,2,-1,restoration,2025-07-19 17:37:303
S._sediforme,A,-3.908010295115184,-3.908010295115184,1,2,-1,restoration,2025-07-19 17:37:303
H._syriacum,A,-5.367848397718611,-5.367848397718611,1,2,-1,restoration,2025-07-19 17:37:303
Other_species,A,-3.039912981058662,-3.039912981058662,1,2,-1,restoration,2025-07-19 17:37:303
Nurse_S._viscosa,A,-1.0464502714813098,-1.0464502714813098,1,2,-1,natural,2025-07-19 17:37:303
Nurse_G._struthium,A,-2.2586138762224177,-2.2586138762224177,1,2,-1,natural,2025-07-19 17:37:303
H._squamatum,A,-1.8914649464599602,-1.8914649464599602,1,2,-1,natural,2025-07-19 17:37:303
S._viscosa,A,-2.5154002490584983,-2.5154002490584983,1,2,-1,natural,2025-07-19 17:37:303
C._hispanica,A,-2.3862054997719224,-2.3862054997719224,1,2,-1,natural,2025-07-19 17:37:303
G._struthium,A,-4.086025024956294,-4.086025024956294,1,2,-1,natural,2025-07-19 17:37:303
S._sediforme,A,-2.891493797826505,-2.891493797826505,1,2,-1,natural,2025-07-19 17:37:303
H._syriacum,A,-3.25155648591304,-3.25155648591304,1,2,-1,natural,2025-07-19 17:37:303
Other_species,A,-0.6930319391559232,-0.6930319391559232,1,2,-1,natural,2025-07-19 17:37:303
Nurse_S._viscosa,A,-2.1246316362448643,-2.1246316362448643,1,2,-1,restoration,2025-07-19 17:37:293
Nurse_G._struthium,A,-1.253089019569179,-1.253089019569179,1,2,-1,restoration,2025-07-19 17:37:293
H._squamatum,A,-4.712131545485213,-4.712131545485213,1,2,-1,restoration,2025-07-19 17:37:293
S._viscosa,A,-4.295744433420532,-4.295744433420532,1,2,-1,restoration,2025-07-19 17:37:293
C._hispanica,A,-6.13375462717542,-6.13375462717542,1,2,-1,restoration,2025-07-19 17:37:293
G._struthium,A,-0.45980752412212317,-0.45980752412212317,1,2,-1,restoration,2025-07-19 17:37:293
S._sediforme,A,-4.310071676935139,-4.310071676935139,1,2,-1,restoration,2025-07-19 17:37:293
H._syriacum,A,-4.741463259955773,-4.741463259955773,1,2,-1,restoration,2025-07-19 17:37:293
Other_species,A,-2.5530999438740656,-2.5530999438740656,1,2,-1,restoration,2025-07-19 17:37:293
Nurse_S._viscosa,A,-0.9210263545321052,-0.9210263545321052,1,2,-1,natural,2025-07-19 17:37:293
Nurse_G._struthium,A,-2.365665516119099,-2.365665516119099,1,2,-1,natural,2025-07-19 17:37:293
H._squamatum,A,-1.7551968042986315,-1.7551968042986315,1,2,-1,natural,2025-07-19 17:37:293
S._viscosa,A,-2.3874897555543777,-2.3874897555543777,1,2,-1,natural,2025-07-19 17:37:293
C._hispanica,A,-2.5377503978919016,-2.5377503978919016,1,2,-1,natural,2025-07-19 17:37:293
G._struthium,A,-4.659191733513299,-4.659191733513299,1,2,-1,natural,2025-07-19 17:37:293
S._sediforme,A,-3.9430937471432888,-3.9430937471432888,1,2,-1,natural,2025-07-19 17:37:293
H._syriacum,A,-3.6237741673051556,-3.6237741673051556,1,2,-1,natural,2025-07-19 17:37:293
Other_species,A,-0.5958403042804693,-0.5958403042804693,1,2,-1,natural,2025-07-19 17:37:293
Nurse_S._viscosa,A,-2.8218830798802235,-2.8218830798802235,1,2,-1,restoration,2025-07-19 17:37:283
Nurse_G._struthium,A,-1.1856608902758263,-1.1856608902758263,1,2,-1,restoration,2025-07-19 17:37:283
H._squamatum,A,-4.101852376945745,-4.101852376945745,1,2,-1,restoration,2025-07-19 17:37:283
S._viscosa,A,-5.289183074026501,-5.289183074026501,1,2,-1,restoration,2025-07-19 17:37:283
C._hispanica,A,-5.782988034560476,-5.782988034560476,1,2,-1,restoration,2025-07-19 17:37:283
G._struthium,A,-0.31115106274861226,-0.31115106274861226,1,2,-1,restoration,2025-07-19 17:37:283
S._sediforme,A,-4.224030922492472,-4.224030922492472,1,2,-1,restoration,2025-07-19 17:37:283
H._syriacum,A,-4.043008756249112,-4.043008756249112,1,2,-1,restoration,2025-07-19 17:37:283
Other_species,A,-2.569951648867024,-2.569951648867024,1,2,-1,restoration,2025-07-19 17:37:283
Nurse_S._viscosa,A,-1.0405656124101728,-1.0405656124101728,1,2,-1,natural,2025-07-19 17:37:283
Nurse_G._struthium,A,-2.0218496738402294,-2.0218496738402294,1,2,-1,natural,2025-07-19 17:37:283
H._squamatum,A,-1.7544676411840356,-1.7544676411840356,1,2,-1,natural,2025-07-19 17:37:283
S._viscosa,A,-2.260934476597787,-2.260934476597787,1,2,-1,natural,2025-07-19 17:37:283
C._hispanica,A,-2.443445367064275,-2.443445367064275,1,2,-1,natural,2025-07-19 17:37:283
G._struthium,A,-4.991100542536437,-4.991100542536437,1,2,-1,natural,2025-07-19 17:37:283
S._sediforme,A,-3.1123875395399994,-3.1123875395399994,1,2,-1,natural,2025-07-19 17:37:283
H._syriacum,A,-3.6737432968342705,-3.6737432968342705,1,2,-1,natural,2025-07-19 17:37:283
Other_species,A,-0.8150555452891879,-0.8150555452891879,1,2,-1,natural,2025-07-19 17:37:283
Nurse_S._viscosa,A,-2.6033896385503517,-2.6033896385503517,1,2,-1,restoration,2025-07-19 17:37:283
Nurse_G._struthium,A,-1.596815590891302,-1.596815590891302,1,2,-1,restoration,2025-07-19 17:37:283
H._squamatum,A,-4.460825330109003,-4.460825330109003,1,2,-1,restoration,2025-07-19 17:37:283
S._viscosa,A,-4.077400515609798,-4.077400515609798,1,2,-1,restoration,2025-07-19 17:37:283
C._hispanica,A,-5.4364043703018545,-5.4364043703018545,1,2,-1,restoration,2025-07-19 17:37:283
G._struthium,A,-0.5692870773965488,-0.5692870773965488,1,2,-1,restoration,2025-07-19 17:37:283
S._sediforme,A,-3.1326004056284944,-3.1326004056284944,1,2,-1,restoration,2025-07-19 17:37:283
H._syriacum,A,-4.394221402797628,-4.394221402797628,1,2,-1,restoration,2025-07-19 17:37:283
Other_species,A,-2.841896038881872,-2.841896038881872,1,2,-1,restoration,2025-07-19 17:37:283
Nurse_S._viscosa,A,-0.9419239714584802,-0.9419239714584802,1,2,-1,natural,2025-07-19 17:37:283
Nurse_G._struthium,A,-2.364249203462312,-2.364249203462312,1,2,-1,natural,2025-07-19 17:37:283
H._squamatum,A,-1.6399979222633845,-1.6399979222633845,1,2,-1,natural,2025-07-19 17:37:283
S._viscosa,A,-2.4267610445884933,-2.4267610445884933,1,2,-1,natural,2025-07-19 17:37:283
C._hispanica,A,-2.3468887401322718,-2.3468887401322718,1,2,-1,natural,2025-07-19 17:37:283
G._struthium,A,-4.712753188229281,-4.712753188229281,1,2,-1,natural,2025-07-19 17:37:283
S._sediforme,A,-3.2098061156639015,-3.2098061156639015,1,2,-1,natural,2025-07-19 17:37:283
H._syriacum,A,-3.621390073092569,-3.621390073092569,1,2,-1,natural,2025-07-19 17:37:283
Other_species,A,-0.6630089606469576,-0.6630089606469576,1,2,-1,natural,2025-07-19 17:37:283
Nurse_S._viscosa,A,-3.5140481390135325,-3.5140481390135325,1,2,-1,restoration,2025-07-19 17:37:273
Nurse_G._struthium,A,-2.02270804654865,-2.02270804654865,1,2,-1,restoration,2025-07-19 17:37:273
H._squamatum,A,-5.221824320626152,-5.221824320626152,1,2,-1,restoration,2025-07-19 17:37:273
S._viscosa,A,-5.295820548116569,-5.295820548116569,1,2,-1,restoration,2025-07-19 17:37:273
C._hispanica,A,-5.834501661593528,-5.834501661593528,1,2,-1,restoration,2025-07-19 17:37:273
G._struthium,A,-0.9360798744943983,-0.9360798744943983,1,2,-1,restoration,2025-07-19 17:37:273
S._sediforme,A,-6.063002606243215,-6.063002606243215,1,2,-1,restoration,2025-07-19 17:37:273
H._syriacum,A,-4.2935043106177995,-4.2935043106177995,1,2,-1,restoration,2025-07-19 17:37:273
Other_species,A,-2.975474288806728,-2.975474288806728,1,2,-1,restoration,2025-07-19 17:37:273
Nurse_S._viscosa,A,-0.8170257943362159,-0.8170257943362159,1,2,-1,natural,2025-07-19 17:37:273
Nurse_G._struthium,A,-2.4814466197024365,-2.4814466197024365,1,2,-1,natural,2025-07-19 17:37:273
H._squamatum,A,-1.7102136451716519,-1.7102136451716519,1,2,-1,natural,2025-07-19 17:37:273
S._viscosa,A,-2.274498557347184,-2.274498557347184,1,2,-1,natural,2025-07-19 17:37:273
C._hispanica,A,-2.4546415980951597,-2.4546415980951597,1,2,-1,natural,2025-07-19 17:37:273
G._struthium,A,-4.6622843445371736,-4.6622843445371736,1,2,-1,natural,2025-07-19 17:37:273
S._sediforme,A,-3.2786359616577125,-3.2786359616577125,1,2,-1,natural,2025-07-19 17:37:273
H._syriacum,A,-3.8248623729737394,-3.8248623729737394,1,2,-1,natural,2025-07-19 17:37:273
Other_species,A,-0.7972061143363277,-0.7972061143363277,1,2,-1,natural,2025-07-19 17:37:273
Nurse_S._viscosa,A,-3.9089462374985295,-3.9089462374985295,1,2,-1,restoration,2025-07-19 17:37:263
Nurse_G._struthium,A,-1.6839440797512828,-1.6839440797512828,1,2,-1,restoration,2025-07-19 17:37:263
H._squamatum,A,-4.450692898982366,-4.450692898982366,1,2,-1,restoration,2025-07-19 17:37:263
S._viscosa,A,-4.400590388005391,-4.400590388005391,1,2,-1,restoration,2025-07-19 17:37:263
C._hispanica,A,-4.747355346237599,-4.747355346237599,1,2,-1,restoration,2025-07-19 17:37:263
G._struthium,A,-0.7805503882131646,-0.7805503882131646,1,2,-1,restoration,2025-07-19 17:37:263
S._sediforme,A,-4.061088713758492,-4.061088713758492,1,2,-1,restoration,2025-07-19 17:37:263
H._syriacum,A,-4.035114448646324,-4.035114448646324,1,2,-1,restoration,2025-07-19 17:37:263
Other_species,A,-2.7795860987037977,-2.7795860987037977,1,2,-1,restoration,2025-07-19 17:37:263
Nurse_S._viscosa,A,-1.1190691631489904,-1.1190691631489904,1,2,-1,natural,2025-07-19 17:37:263
Nurse_G._struthium,A,-2.5974102483550574,-2.5974102483550574,1,2,-1,natural,2025-07-19 17:37:263
H._squamatum,A,-1.8889017272696396,-1.8889017272696396,1,2,-1,natural,2025-07-19 17:37:263
S._viscosa,A,-2.588505179820722,-2.588505179820722,1,2,-1,natural,2025-07-19 17:37:263
C._hispanica,A,-2.5061565444144014,-2.5061565444144014,1,2,-1,natural,2025-07-19 17:37:263
G._struthium,A,-4.573573820917691,-4.573573820917691,1,2,-1,natural,2025-07-19 17:37:263
S._sediforme,A,-3.6141538709771988,-3.6141538709771988,1,2,-1,natural,2025-07-19 17:37:263
H._syriacum,A,-3.78187234347374,-3.78187234347374,1,2,-1,natural,2025-07-19 17:37:263
Other_species,A,-0.8369136588418103,-0.8369136588418103,1,2,-1,natural,2025-07-19 17:37:263
Nurse_S._viscosa,A,-3.5473978292172803,-3.5473978292172803,1,2,-1,restoration,2025-07-19 17:37:253
Nurse_G._struthium,A,-1.706080441110097,-1.706080441110097,1,2,-1,restoration,2025-07-19 17:37:253
H._squamatum,A,-4.273477247134899,-4.273477247134899,1,2,-1,restoration,2025-07-19 17:37:253
S._viscosa,A,-4.489011197308265,-4.489011197308265,1,2,-1,restoration,2025-07-19 17:37:253
C._hispanica,A,-5.44630171516251,-5.44630171516251,1,2,-1,restoration,2025-07-19 17:37:253
G._struthium,A,-0.905597603506033,-0.905597603506033,1,2,-1,restoration,2025-07-19 17:37:253
S._sediforme,A,-4.276416108161945,-4.276416108161945,1,2,-1,restoration,2025-07-19 17:37:253
H._syriacum,A,-5.0852873542157875,-5.0852873542157875,1,2,-1,restoration,2025-07-19 17:37:253
Other_species,A,-2.820659828819775,-2.820659828819775,1,2,-1,restoration,2025-07-19 17:37:253
Nurse_S._viscosa,A,-0.98167849790833706,-0.98167849790833706,1,2,-1,natural,2025-07-19 17:37:253
Nurse_G._struthium,A,-2.302181354468579,-2.302181354468579,1,2,-1,natural,2025-07-19 17:37:253
H._squamatum,A,-1.6878164612717088,-1.6878164612717088,1,2,-1,natural,2025-07-19 17:37:253
S._viscosa,A,-2.4113206272499808,-2.4113206272499808,1,2,-1,natural,2025-07-19 17:37:253
C._hispanica,A,-2.3678373750038673,-2.3678373750038673,1,2,-1,natural,2025-07-19 17:37:253
G._struthium,A,-4.79409661184981,-4.79409661184981,1,2,-1,natural,2025-07-19 17:37:253
S._sediforme,A,-3.02493183925265,-3.02493183925265,1,2,-1,natural,2025-07-19 17:37:253
H._syriacum,A,-3.6336413897659843,-3.6336413897659843,1,2,-1,natural,2025-07-19 17:37:253
Other_species,A,-0.6864418689286199,-0.6864418689286199,1,2,-1,natural,2025-07-19 17:37:253
Nurse_S._viscosa,A,-2.4394444589763906,-2.4394444589763906,1,2,-1,restoration,2025-07-19 17:37:243
Nurse_G._struthium,A,-1.5464993475004567,-1.5464993475004567,1,2,-1,restoration,2025-07-19 17:37:243
H._squamatum,A,-4.896762658667349,-4.896762658667349,1,2,-1,restoration,2025-07-19 17:37:243
S._viscosa,A,-4.895372659111513,-4.895372659111513,1,2,-1,restoration,2025-07-19 17:37:243
C._hispanica,A,-7.922295203964887,-7.922295203964887,1,2,-1,restoration,2025-07-19 17:37:243
G._struthium,A,-0.32278045887882517,-0.32278045887882517,1,2,-1,restoration,2025-07-19 17:37:243
S._sediforme,A,-4.913246642106495,-4.913246642106495,1,2,-1,restoration,2025-07-19 17:37:243
H._syriacum,A,-3.581593727069454,-3.581593727069454,1,2,-1,restoration,2025-07-19 17:37:243
Other_species,A,-2.7856129683539392,-2.7856129683539392,1,2,-1,restoration,2025-07-19 17:37:243
Nurse_S._viscosa,A,-0.8967658346897671,-0.8967658346897671,1,2,-1,natural,2025-07-19 17:37:243
Nurse_G._struthium,A,-2.294887376306207,-2.294887376306207,1,2,-1,natural,2025-07-19 17:37:243
H._squamatum,A,-1.6573657672372972,-1.6573657672372972,1,2,-1,natural,2025-07-19 17:37:243
S._viscosa,A,-2.4789101800148217,-2.4789101800148217,1,2,-1,natural,2025-07-19 17:37:243
C._hispanica,A,-2.5163046199411485,-2.5163046199411485,1,2,-1,natural,2025-07-19 17:37:243
G._struthium,A,-4.176368312331531,-4.176368312331531,1,2,-1,natural,2025-07-19 17:37:243
S._sediforme,A,-3.329060715403446,-3.329060715403446,1,2,-1,natural,2025-07-19 17:37:243
H._syriacum,A,-3.361042182459534,-3.361042182459534,1,2,-1,natural,2025-07-19 17:37:243
Other_species,A,-0.6082963732354124,-0.6082963732354124,1,2,-1,natural,2025-07-19 17:37:243
Nurse_S._viscosa,A,-2.395016181861369,-2.395016181861369,1,2,-1,restoration,2025-07-19 17:37:233
Nurse_G._struthium,A,-1.4260424269283818,-1.4260424269283818,1,2,-1,restoration,2025-07-19 17:37:233
H._squamatum,A,-5.853339714308706,-5.853339714308706,1,2,-1,restoration,2025-07-19 17:37:233
S._viscosa,A,-4.502909819073479,-4.502909819073479,1,2,-1,restoration,2025-07-19 17:37:233
C._hispanica,A,-5.934914098805077,-5.934914098805077,1,2,-1,restoration,2025-07-19 17:37:233
G._struthium,A,-0.9729048039886469,-0.9729048039886469,1,2,-1,restoration,2025-07-19 17:37:233
S._sediforme,A,-3.833683859744744,-3.833683859744744,1,2,-1,restoration,2025-07-19 17:37:233
H._syriacum,A,-4.647815302145117,-4.647815302145117,1,2,-1,restoration,2025-07-19 17:37:233
Other_species,A,-2.761585457211755,-2.761585457211755,1,2,-1,restoration,2025-07-19 17:37:233
Nurse_S._viscosa,A,-0.9757340488857744,-0.9757340488857744,1,2,-1,natural,2025-07-19 17:37:233
Nurse_G._struthium,A,-2.267304938945151,-2.267304938945151,1,2,-1,natural,2025-07-19 17:37:233
H._squamatum,A,-1.737091427187089,-1.737091427187089,1,2,-1,natural,2025-07-19 17:37:233
S._viscosa,A,-2.4354858547848717,-2.4354858547848717,1,2,-1,natural,2025-07-19 17:37:233
C._hispanica,A,-2.409318579106811,-2.409318579106811,1,2,-1,natural,2025-07-19 17:37:233
G._struthium,A,-3.999614955151922,-3.999614955151922,1,2,-1,natural,2025-07-19 17:37:233
S._sediforme,A,-3.5872524965304433,-3.5872524965304433,1,2,-1,natural,2025-07-19 17:37:233
H._syriacum,A,-3.183400692840477,-3.183400692840477,1,2,-1,natural,2025-07-19 17:37:233
Other_species,A,-0.8603148708539319,-0.8603148708539319,1,2,-1,natural,2025-07-19 17:37:233
Nurse_S._viscosa,A,-3.020862397805119,-3.020862397805119,1,2,-1,restoration,2025-07-19 17:37:223
Nurse_G._struthium,A,-1.9107900845049255,-1.9107900845049255,1,2,-1,restoration,2025-07-19 17:37:223
H._squamatum,A,-4.748475314054263,-4.748475314054263,1,2,-1,restoration,2025-07-19 17:37:223
S._viscosa,A,-5.113921282816457,-5.113921282816457,1,2,-1,restoration,2025-07-19 17:37:223
C._hispanica,A,-4.895171029554006,-4.895171029554006,1,2,-1,restoration,2025-07-19 17:37:223
G._struthium,A,-0.4787006875165707,-0.4787006875165707,1,2,-1,restoration,2025-07-19 17:37:223
S._sediforme,A,-5.942908549880245,-5.942908549880245,1,2,-1,restoration,2025-07-19 17:37:223
H._syriacum,A,-4.219291886595941,-4.219291886595941,1,2,-1,restoration,2025-07-19 17:37:223
Other_species,A,-3.107633962837811,-3.107633962837811,1,2,-1,restoration,2025-07-19 17:37:223
Nurse_S._viscosa,A,-1.0703624188776377,-1.0703624188776377,1,2,-1,natural,2025-07-19 17:37:223
Nurse_G._struthium,A,-2.175680592671552,-2.175680592671552,1,2,-1,natural,2025-07-19 17:37:223
H._squamatum,A,-1.8885452922568844,-1.8885452922568844,1,2,-1,natural,2025-07-19 17:37:223
S._viscosa,A,-2.525692326398004,-2.525692326398004,1,2,-1,natural,2025-07-19 17:37:223
C._hispanica,A,-2.5584498312531325,-2.5584498312531325,1,2,-1,natural,2025-07-19 17:37:223
G._struthium,A,-5.156031329978758,-5.156031329978758,1,2,-1,natural,2025-07-19 17:37:223
S._sediforme,A,-3.5308915798444755,-3.5308915798444755,1,2,-1,natural,2025-07-19 17:37:223
H._syriacum,A,-3.6310116342017853,-3.6310116342017853,1,2,-1,natural,2025-07-19 17:37:223
Other_species,A,-0.7791736976631054,-0.7791736976631054,1,2,-1,natural,2025-07-19 17:37:223
Nurse_S._viscosa,A,-2.6144801990338773,-2.6144801990338773,1,2,-1,restoration,2025-07-19 17:37:213
Nurse_G._struthium,A,-1.6833200803909858,-1.6833200803909858,1,2,-1,restoration,2025-07-19 17:37:213
H._squamatum,A,-4.873250100071019,-4.873250100071019,1,2,-1,restoration,2025-07-19 17:37:213
S._viscosa,A,-5.436485551109436,-5.436485551109436,1,2,-1,restoration,2025-07-19 17:37:213
C._hispanica,A,-5.78122535445414,-5.78122535445414,1,2,-1,restoration,2025-07-19 17:37:213
G._struthium,A,-0.5685416189072229,-0.5685416189072229,1,2,-1,restoration,2025-07-19 17:37:213
S._sediforme,A,-3.886715159756012,-3.886715159756012,1,2,-1,restoration,2025-07-19 17:37:213
H._syriacum,A,-4.1249098650667335,-4.1249098650667335,1,2,-1,restoration,2025-07-19 17:37:213
Other_species,A,-2.523038785604513,-2.523038785604513,1,2,-1,restoration,2025-07-19 17:37:213
Nurse_S._viscosa,A,-1.0165064736874938,-1.0165064736874938,1,2,-1,natural,2025-07-19 17:37:213
Nurse_G._struthium,A,-2.3230006405440906,-2.3230006405440906,1,2,-1,natural,2025-07-19 17:37:213
H._squamatum,A,-1.8277495058951316,-1.8277495058951316,1,2,-1,natural,2025-07-19 17:37:213
S._viscosa,A,-2.527203101236019,-2.527203101236019,1,2,-1,natural,2025-07-19 17:37:213
C._hispanica,A,-2.924097169591688,-2.924097169591688,1,2,-1,natural,2025-07-19 17:37:213
G._struthium,A,-3.873651820964117,-3.873651820964117,1,2,-1,natural,2025-07-19 17:37:213
S._sediforme,A,-3.481510733321206,-3.481510733321206,1,2,-1,natural,2025-07-19 17:37:213
H._syriacum,A,-3.3441703657525954,-3.3441703657525954,1,2,-1,natural,2025-07-19 17:37:213
Other_species,A,-0.7435925251081935,-0.7435925251081935,1,2,-1,natural,2025-07-19 17:37:213
Nurse_S._viscosa,A,-3.2491974574688376,-3.2491974574688376,1,2,-1,restoration,2025-07-19 17:37:203
Nurse_G._struthium,A,-2.055101481103389,-2.055101481103389,1,2,-1,restoration,2025-07-19 17:37:203
H._squamatum,A,-3.8893458885359733,-3.8893458885359733,1,2,-1,restoration,2025-07-19 17:37:203
S._viscosa,A,-4.675755701118476,-4.675755701118476,1,2,-1,restoration,2025-07-19 17:37:203
C._hispanica,A,-4.6229507932963845,-4.6229507932963845,1,2,-1,restoration,2025-07-19 17:37:203
G._struthium,A,-0.8740385113501892,-0.8740385113501892,1,2,-1,restoration,2025-07-19 17:37:203
S._sediforme,A,-4.761192652171794,-4.761192652171794,1,2,-1,restoration,2025-07-19 17:37:203
H._syriacum,A,-5.63546662962989,-5.63546662962989,1,2,-1,restoration,2025-07-19 17:37:203
Other_species,A,-3.142159565440974,-3.142159565440974,1,2,-1,restoration,2025-07-19 17:37:203
Nurse_S._viscosa,A,-1.0556461068803076,-1.0556461068803076,1,2,-1,natural,2025-07-19 17:37:203
Nurse_G._struthium,A,-2.4222074236924604,-2.4222074236924604,1,2,-1,natural,2025-07-19 17:37:203
H._squamatum,A,-1.7625852123551733,-1.7625852123551733,1,2,-1,natural,2025-07-19 17:37:203
S._viscosa,A,-2.6063673105758105,-2.6063673105758105,1,2,-1,natural,2025-07-19 17:37:203
C._hispanica,A,-2.58521870240514,-2.58521870240514,1,2,-1,natural,2025-07-19 17:37:203
G._struthium,A,-4.712920390619694,-4.712920390619694,1,2,-1,natural,2025-07-19 17:37:203
S._sediforme,A,-3.2263065988032706,-3.2263065988032706,1,2,-1,natural,2025-07-19 17:37:203
H._syriacum,A,-3.714202073477175,-3.714202073477175,1,2,-1,natural,2025-07-19 17:37:203
Other_species,A,-0.8976830219497145,-0.8976830219497145,1,2,-1,natural,2025-07-19 17:37:203
Nurse_S._viscosa,A,-2.6666732449320985,-2.6666732449320985,1,2,-1,restoration,2025-07-19 17:37:193
Nurse_G._struthium,A,-1.6821249578801536,-1.6821249578801536,1,2,-1,restoration,2025-07-19 17:37:193
H._squamatum,A,-4.415139589070807,-4.415139589070807,1,2,-1,restoration,2025-07-19 17:37:193
S._viscosa,A,-3.6662591409910363,-3.6662591409910363,1,2,-1,restoration,2025-07-19 17:37:193
C._hispanica,A,-5.35882022880133,-5.35882022880133,1,2,-1,restoration,2025-07-19 17:37:193
G._struthium,A,-1.2064067827369824,-1.2064067827369824,1,2,-1,restoration,2025-07-19 17:37:193
S._sediforme,A,-4.6054449546300384,-4.6054449546300384,1,2,-1,restoration,2025-07-19 17:37:193
H._syriacum,A,-4.361895459023192,-4.361895459023192,1,2,-1,restoration,2025-07-19 17:37:193
Other_species,A,-2.5267472824076265,-2.5267472824076265,1,2,-1,restoration,2025-07-19 17:37:193
Nurse_S._viscosa,A,-1.1633055019806215,-1.1633055019806215,1,2,-1,natural,2025-07-19 17:37:193
Nurse_G._struthium,A,-2.7340881798989756,-2.7340881798989756,1,2,-1,natural,2025-07-19 17:37:193
H._squamatum,A,-1.8202972870719176,-1.8202972870719176,1,2,-1,natural,2025-07-19 17:37:193
S._viscosa,A,-2.503866535632594,-2.503866535632594,1,2,-1,natural,2025-07-19 17:37:193
C._hispanica,A,-2.8770855525613133,-2.8770855525613133,1,2,-1,natural,2025-07-19 17:37:193
G._struthium,A,-4.307163395139779,-4.307163395139779,1,2,-1,natural,2025-07-19 17:37:193
S._sediforme,A,-3.6338051844818913,-3.6338051844818913,1,2,-1,natural,2025-07-19 17:37:193
H._syriacum,A,-3.8244685164518346,-3.8244685164518346,1,2,-1,natural,2025-07-19 17:37:193
Other_species,A,-0.6466542181970749,-0.6466542181970749,1,2,-1,natural,2025-07-19 17:37:193
Nurse_S._viscosa,A,-2.9116535033314,-2.9116535033314,1,2,-1,restoration,2025-07-19 17:37:183
Nurse_G._struthium,A,-2.310323603641968,-2.310323603641968,1,2,-1,restoration,2025-07-19 17:37:183
H._squamatum,A,-4.738358787264713,-4.738358787264713,1,2,-1,restoration,2025-07-19 17:37:183
S._viscosa,A,-4.541124305466359,-4.541124305466359,1,2,-1,restoration,2025-07-19 17:37:183
C._hispanica,A,-6.816522769122136,-6.816522769122136,1,2,-1,restoration,2025-07-19 17:37:183
G._struthium,A,-1.3266957472021317,-1.3266957472021317,1,2,-1,restoration,2025-07-19 17:37:183
S._sediforme,A,-5.977150205645159,-5.977150205645159,1,2,-1,restoration,2025-07-19 17:37:183
H._syriacum,A,-5.284419522445119,-5.284419522445119,1,2,-1,restoration,2025-07-19 17:37:183
Other_species,A,-2.492205192713462,-2.492205192713462,1,2,-1,restoration,2025-07-19 17:37:183
Nurse_S._viscosa,A,-0.9149160955613888,-0.9149160955613888,1,2,-1,natural,2025-07-19 17:37:183
Nurse_G._struthium,A,-2.059999141423709,-2.059999141423709,1,2,-1,natural,2025-07-19 17:37:183
H._squamatum,A,-1.8314294486069336,-1.8314294486069336,1,2,-1,natural,2025-07-19 17:37:183
S._viscosa,A,-2.5123237871532242,-2.5123237871532242,1,2,-1,natural,2025-07-19 17:37:183
C._hispanica,A,-2.811266159363141,-2.811266159363141,1,2,-1,natural,2025-07-19 17:37:183
G._struthium,A,-4.546745132933885,-4.546745132933885,1,2,-1,natural,2025-07-19 17:37:183
S._sediforme,A,-3.2133553790706624,-3.2133553790706624,1,2,-1,natural,2025-07-19 17:37:183
H._syriacum,A,-2.970797053064588,-2.970797053064588,1,2,-1,natural,2025-07-19 17:37:183
Other_species,A,-0.7466817774363503,-0.7466817774363503,1,2,-1,natural,2025-07-19 17:37:183
Nurse_S._viscosa,A,-3.3290987298645374,-3.3290987298645374,1,2,-1,restoration,2025-07-19 17:37:183
Nurse_G._struthium,A,-1.7445452723754569,-1.7445452723754569,1,2,-1,restoration,2025-07-19 17:37:183
H._squamatum,A,-4.317504023482404,-4.317504023482404,1,2,-1,restoration,2025-07-19 17:37:183
S._viscosa,A,-3.9358096704765466,-3.9358096704765466,1,2,-1,restoration,2025-07-19 17:37:183
C._hispanica,A,-7.36117098781267,-7.36117098781267,1,2,-1,restoration,2025-07-19 17:37:183
G._struthium,A,-0.6676692962894274,-0.6676692962894274,1,2,-1,restoration,2025-07-19 17:37:183
S._sediforme,A,-3.402540606346116,-3.402540606346116,1,2,-1,restoration,2025-07-19 17:37:183
H._syriacum,A,-3.7613745047316915,-3.7613745047316915,1,2,-1,restoration,2025-07-19 17:37:183
Other_species,A,-2.742601094679995,-2.742601094679995,1,2,-1,restoration,2025-07-19 17:37:183
Nurse_S._viscosa,A,-1.333288542788994,-1.333288542788994,1,2,-1,natural,2025-07-19 17:37:183
Nurse_G._struthium,A,-2.337704885527476,-2.337704885527476,1,2,-1,natural,2025-07-19 17:37:183
H._squamatum,A,-1.780556044740664,-1.780556044740664,1,2,-1,natural,2025-07-19 17:37:183
S._viscosa,A,-2.5012045414866133,-2.5012045414866133,1,2,-1,natural,2025-07-19 17:37:183
C._hispanica,A,-2.686311311136933,-2.686311311136933,1,2,-1,natural,2025-07-19 17:37:183
G._struthium,A,-3.520979671786054,-3.520979671786054,1,2,-1,natural,2025-07-19 17:37:183
S._sediforme,A,-3.4320283639521665,-3.4320283639521665,1,2,-1,natural,2025-07-19 17:37:183
H._syriacum,A,-3.086939578711371,-3.086939578711371,1,2,-1,natural,2025-07-19 17:37:183
Other_species,A,-0.9565444335985415,-0.9565444335985415,1,2,-1,natural,2025-07-19 17:37:183
Nurse_S._viscosa,A,-3.097647728349372,-3.097647728349372,1,2,-1,restoration,2025-07-19 17:37:173
Nurse_G._struthium,A,-2.1806640497523766,-2.1806640497523766,1,2,-1,restoration,2025-07-19 17:37:173
H._squamatum,A,-4.322721037244385,-4.322721037244385,1,2,-1,restoration,2025-07-19 17:37:173
S._viscosa,A,-5.471200455538433,-5.471200455538433,1,2,-1,restoration,2025-07-19 17:37:173
C._hispanica,A,-7.1976606221980095,-7.1976606221980095,1,2,-1,restoration,2025-07-19 17:37:173
G._struthium,A,-1.2719745255116213,-1.2719745255116213,1,2,-1,restoration,2025-07-19 17:37:173
S._sediforme,A,-4.45082402210127,-4.45082402210127,1,2,-1,restoration,2025-07-19 17:37:173
H._syriacum,A,-4.606200944320683,-4.606200944320683,1,2,-1,restoration,2025-07-19 17:37:173
Other_species,A,-3.5412906047487502,-3.5412906047487502,1,2,-1,restoration,2025-07-19 17:37:173
Nurse_S._viscosa,A,-1.0072624246051292,-1.0072624246051292,1,2,-1,natural,2025-07-19 17:37:173
Nurse_G._struthium,A,-2.242017150386513,-2.242017150386513,1,2,-1,natural,2025-07-19 17:37:173
H._squamatum,A,-1.7359464570201468,-1.7359464570201468,1,2,-1,natural,2025-07-19 17:37:173
S._viscosa,A,-2.6260605064023133,-2.6260605064023133,1,2,-1,natural,2025-07-19 17:37:173
C._hispanica,A,-2.4476139400869843,-2.4476139400869843,1,2,-1,natural,2025-07-19 17:37:173
G._struthium,A,-4.394013035591708,-4.394013035591708,1,2,-1,natural,2025-07-19 17:37:173
S._sediforme,A,-3.4877558508231306,-3.4877558508231306,1,2,-1,natural,2025-07-19 17:37:173
H._syriacum,A,-3.824275606860581,-3.824275606860581,1,2,-1,natural,2025-07-19 17:37:173
Other_species,A,-1.1036446325588565,-1.1036446325588565,1,2,-1,natural,2025-07-19 17:37:173
Nurse_S._viscosa,A,-2.872996018225329,-2.872996018225329,1,2,-1,restoration,2025-07-19 17:37:163
Nurse_G._struthium,A,-1.0578418471588196,-1.0578418471588196,1,2,-1,restoration,2025-07-19 17:37:163
H._squamatum,A,-3.9640562976454676,-3.9640562976454676,1,2,-1,restoration,2025-07-19 17:37:163
S._viscosa,A,-3.6155905405856164,-3.6155905405856164,1,2,-1,restoration,2025-07-19 17:37:163
C._hispanica,A,-4.895385466955891,-4.895385466955891,1,2,-1,restoration,2025-07-19 17:37:163
G._struthium,A,-0.8566472241629902,-0.8566472241629902,1,2,-1,restoration,2025-07-19 17:37:163
S._sediforme,A,-3.6635664472052243,-3.6635664472052243,1,2,-1,restoration,2025-07-19 17:37:163
H._syriacum,A,-5.400939631485498,-5.400939631485498,1,2,-1,restoration,2025-07-19 17:37:163
Other_species,A,-2.7196609437927504,-2.7196609437927504,1,2,-1,restoration,2025-07-19 17:37:163
Nurse_S._viscosa,A,-0.9779197658748897,-0.9779197658748897,1,2,-1,natural,2025-07-19 17:37:163
Nurse_G._struthium,A,-2.429506476318782,-2.429506476318782,1,2,-1,natural,2025-07-19 17:37:163
H._squamatum,A,-1.7344993942500788,-1.7344993942500788,1,2,-1,natural,2025-07-19 17:37:163
S._viscosa,A,-2.5737700607118756,-2.5737700607118756,1,2,-1,natural,2025-07-19 17:37:163
C._hispanica,A,-2.4390772113005426,-2.4390772113005426,1,2,-1,natural,2025-07-19 17:37:163
G._struthium,A,-4.583292146780813,-4.583292146780813,1,2,-1,natural,2025-07-19 17:37:163
S._sediforme,A,-3.2548959533169266,-3.2548959533169266,1,2,-1,natural,2025-07-19 17:37:163
H._syriacum,A,-4.043216023626856,-4.043216023626856,1,2,-1,natural,2025-07-19 17:37:163
Other_species,A,-1.0734529244282045,-1.0734529244282045,1,2,-1,natural,2025-07-19 17:37:163
Nurse_S._viscosa,A,-2.0344990508111684,-2.0344990508111684,1,2,-1,restoration,2025-07-19 17:37:153
Nurse_G._struthium,A,-1.8417535508096998,-1.8417535508096998,1,2,-1,restoration,2025-07-19 17:37:153
H._squamatum,A,-4.972993494596516,-4.972993494596516,1,2,-1,restoration,2025-07-19 17:37:153
S._viscosa,A,-5.084198165336904,-5.084198165336904,1,2,-1,restoration,2025-07-19 17:37:153
C._hispanica,A,-4.31166309002465,-4.31166309002465,1,2,-1,restoration,2025-07-19 17:37:153
G._struthium,A,-0.2924658071330017,-0.2924658071330017,1,2,-1,restoration,2025-07-19 17:37:153
S._sediforme,A,-3.5020134769824147,-3.5020134769824147,1,2,-1,restoration,2025-07-19 17:37:153
H._syriacum,A,-3.845890126931381,-3.845890126931381,1,2,-1,restoration,2025-07-19 17:37:153
Other_species,A,-2.7490408296999496,-2.7490408296999496,1,2,-1,restoration,2025-07-19 17:37:153
Nurse_S._viscosa,A,-1.165217231194132,-1.165217231194132,1,2,-1,natural,2025-07-19 17:37:153
Nurse_G._struthium,A,-1.9979856413666817,-1.9979856413666817,1,2,-1,natural,2025-07-19 17:37:153
H._squamatum,A,-1.683920989231114,-1.683920989231114,1,2,-1,natural,2025-07-19 17:37:153
S._viscosa,A,-2.4760724741875255,-2.4760724741875255,1,2,-1,natural,2025-07-19 17:37:153
C._hispanica,A,-2.668277064758205,-2.668277064758205,1,2,-1,natural,2025-07-19 17:37:153
G._struthium,A,-4.121997792811335,-4.121997792811335,1,2,-1,natural,2025-07-19 17:37:153
S._sediforme,A,-3.4779156692219884,-3.4779156692219884,1,2,-1,natural,2025-07-19 17:37:153
H._syriacum,A,-3.7110436707546826,-3.7110436707546826,1,2,-1,natural,2025-07-19 17:37:153
Other_species,A,-0.7571971309947526,-0.7571971309947526,1,2,-1,natural,2025-07-19 17:37:153
Nurse_S._viscosa,A,-3.0562571408738357,-3.0562571408738357,1,2,-1,restoration,2025-07-19 17:37:153
Nurse_G._struthium,A,-2.2052386376295714,-2.2052386376295714,1,2,-1,restoration,2025-07-19 17:37:153
H._squamatum,A,-3.849801787744487,-3.849801787744487,1,2,-1,restoration,2025-07-19 17:37:153
S._viscosa,A,-5.376595200808065,-5.376595200808065,1,2,-1,restoration,2025-07-19 17:37:153
C._hispanica,A,-7.468831903699186,-7.468831903699186,1,2,-1,restoration,2025-07-19 17:37:153
G._struthium,A,-0.37775228040897474,-0.37775228040897474,1,2,-1,restoration,2025-07-19 17:37:153
S._sediforme,A,-4.306288149583854,-4.306288149583854,1,2,-1,restoration,2025-07-19 17:37:153
H._syriacum,A,-3.6763608851035263,-3.6763608851035263,1,2,-1,restoration,2025-07-19 17:37:153
Other_species,A,-2.757786847225462,-2.757786847225462,1,2,-1,restoration,2025-07-19 17:37:153
Nurse_S._viscosa,A,-1.115054181014486,-1.115054181014486,1,2,-1,natural,2025-07-19 17:37:153
Nurse_G._struthium,A,-2.190173003647946,-2.190173003647946,1,2,-1,natural,2025-07-19 17:37:153
H._squamatum,A,-1.657058716417531,-1.657058716417531,1,2,-1,natural,2025-07-19 17:37:153
S._viscosa,A,-2.5169242405902494,-2.5169242405902494,1,2,-1,natural,2025-07-19 17:37:153
C._hispanica,A,-2.159914820608319,-2.159914820608319,1,2,-1,natural,2025-07-19 17:37:153
G._struthium,A,-5.812563130042934,-5.812563130042934,1,2,-1,natural,2025-07-19 17:37:153
S._sediforme,A,-2.9203198232982412,-2.9203198232982412,1,2,-1,natural,2025-07-19 17:37:153
H._syriacum,A,-3.1881235925708262,-3.1881235925708262,1,2,-1,natural,2025-07-19 17:37:153
Other_species,A,-0.8182572173622259,-0.8182572173622259,1,2,-1,natural,2025-07-19 17:37:153
Nurse_S._viscosa,A,-2.9254344631292266,-2.9254344631292266,1,2,-1,restoration,2025-07-19 17:37:143
Nurse_G._struthium,A,-1.7274653227080181,-1.7274653227080181,1,2,-1,restoration,2025-07-19 17:37:143
H._squamatum,A,-4.932511744807766,-4.932511744807766,1,2,-1,restoration,2025-07-19 17:37:143
S._viscosa,A,-4.879940179341297,-4.879940179341297,1,2,-1,restoration,2025-07-19 17:37:143
C._hispanica,A,-7.156567388699837,-7.156567388699837,1,2,-1,restoration,2025-07-19 17:37:143
G._struthium,A,-0.8564283445085289,-0.8564283445085289,1,2,-1,restoration,2025-07-19 17:37:143
S._sediforme,A,-4.2611916543121975,-4.2611916543121975,1,2,-1,restoration,2025-07-19 17:37:143
H._syriacum,A,-4.810933157357165,-4.810933157357165,1,2,-1,restoration,2025-07-19 17:37:143
Other_species,A,-2.593265874323307,-2.593265874323307,1,2,-1,restoration,2025-07-19 17:37:143
Nurse_S._viscosa,A,-1.142235916328683,-1.142235916328683,1,2,-1,natural,2025-07-19 17:37:143
Nurse_G._struthium,A,-2.3095583246651668,-2.3095583246651668,1,2,-1,natural,2025-07-19 17:37:143
H._squamatum,A,-1.8579037799142675,-1.8579037799142675,1,2,-1,natural,2025-07-19 17:37:143
S._viscosa,A,-2.5232225896381815,-2.5232225896381815,1,2,-1,natural,2025-07-19 17:37:143
C._hispanica,A,-2.3072976499597715,-2.3072976499597715,1,2,-1,natural,2025-07-19 17:37:143
G._struthium,A,-4.030359656583592,-4.030359656583592,1,2,-1,natural,2025-07-19 17:37:143
S._sediforme,A,-3.3263287935538357,-3.3263287935538357,1,2,-1,natural,2025-07-19 17:37:143
H._syriacum,A,-3.236903950488261,-3.236903950488261,1,2,-1,natural,2025-07-19 17:37:143
Other_species,A,-0.97381984404581,-0.97381984404581,1,2,-1,natural,2025-07-19 17:37:143
Nurse_S._viscosa,A,-2.7045262966697794,-2.7045262966697794,1,2,-1,restoration,2025-07-19 17:37:133
Nurse_G._struthium,A,-2.472291682441567,-2.472291682441567,1,2,-1,restoration,2025-07-19 17:37:133
H._squamatum,A,-4.256485584250139,-4.256485584250139,1,2,-1,restoration,2025-07-19 17:37:133
S._viscosa,A,-3.9852486661053423,-3.9852486661053423,1,2,-1,restoration,2025-07-19 17:37:133
C._hispanica,A,-5.947314854730779,-5.947314854730779,1,2,-1,restoration,2025-07-19 17:37:133
G._struthium,A,-1.5864956560135852,-1.5864956560135852,1,2,-1,restoration,2025-07-19 17:37:133
S._sediforme,A,-3.703755204837841,-3.703755204837841,1,2,-1,restoration,2025-07-19 17:37:133
H._syriacum,A,-4.61317488535221,-4.61317488535221,1,2,-1,restoration,2025-07-19 17:37:133
Other_species,A,-3.6257644743494595,-3.6257644743494595,1,2,-1,restoration,2025-07-19 17:37:133
Nurse_S._viscosa,A,-1.0926632160222378,-1.0926632160222378,1,2,-1,natural,2025-07-19 17:37:133
Nurse_G._struthium,A,-2.1343726026940346,-2.1343726026940346,1,2,-1,natural,2025-07-19 17:37:133
H._squamatum,A,-1.776688912663309,-1.776688912663309,1,2,-1,natural,2025-07-19 17:37:133
S._viscosa,A,-2.6238514137753675,-2.6238514137753675,1,2,-1,natural,2025-07-19 17:37:133
C._hispanica,A,-2.532517348374572,-2.532517348374572,1,2,-1,natural,2025-07-19 17:37:133
G._struthium,A,-4.605176050439564,-4.605176050439564,1,2,-1,natural,2025-07-19 17:37:133
S._sediforme,A,-3.334735351323066,-3.334735351323066,1,2,-1,natural,2025-07-19 17:37:133
H._syriacum,A,-4.230633789557703,-4.230633789557703,1,2,-1,natural,2025-07-19 17:37:133
Other_species,A,-0.8834783105570092,-0.8834783105570092,1,2,-1,natural,2025-07-19 17:37:133
Nurse_S._viscosa,A,-2.184857847133199,-2.184857847133199,1,2,-1,restoration,2025-07-19 17:37:133
Nurse_G._struthium,A,-1.6568077356526485,-1.6568077356526485,1,2,-1,restoration,2025-07-19 17:37:133
H._squamatum,A,-4.029592643543073,-4.029592643543073,1,2,-1,restoration,2025-07-19 17:37:133
S._viscosa,A,-4.297038306844996,-4.297038306844996,1,2,-1,restoration,2025-07-19 17:37:133
C._hispanica,A,-6.684244235447411,-6.684244235447411,1,2,-1,restoration,2025-07-19 17:37:133
G._struthium,A,-0.9170325290096438,-0.9170325290096438,1,2,-1,restoration,2025-07-19 17:37:133
S._sediforme,A,-3.424465734768917,-3.424465734768917,1,2,-1,restoration,2025-07-19 17:37:133
H._syriacum,A,-4.933216443649887,-4.933216443649887,1,2,-1,restoration,2025-07-19 17:37:133
Other_species,A,-2.712115566800677,-2.712115566800677,1,2,-1,restoration,2025-07-19 17:37:133
Nurse_S._viscosa,A,-0.7585409998652022,-0.7585409998652022,1,2,-1,natural,2025-07-19 17:37:133
Nurse_G._struthium,A,-1.924960388512308,-1.924960388512308,1,2,-1,natural,2025-07-19 17:37:133
H._squamatum,A,-1.7528363790638637,-1.7528363790638637,1,2,-1,natural,2025-07-19 17:37:133
S._viscosa,A,-2.672325143675523,-2.672325143675523,1,2,-1,natural,2025-07-19 17:37:133
C._hispanica,A,-2.502042223212918,-2.502042223212918,1,2,-1,natural,2025-07-19 17:37:133
G._struthium,A,-4.826577651126863,-4.826577651126863,1,2,-1,natural,2025-07-19 17:37:133
S._sediforme,A,-3.305972689667721,-3.305972689667721,1,2,-1,natural,2025-07-19 17:37:133
H._syriacum,A,-3.6636386857886842,-3.6636386857886842,1,2,-1,natural,2025-07-19 17:37:133
Other_species,A,-0.6186226121755332,-0.6186226121755332,1,2,-1,natural,2025-07-19 17:37:133
Nurse_S._viscosa,A,-2.835713809875604,-2.835713809875604,1,2,-1,restoration,2025-07-19 17:37:123
Nurse_G._struthium,A,-1.7365625875765778,-1.7365625875765778,1,2,-1,restoration,2025-07-19 17:37:123
H._squamatum,A,-4.328363003641585,-4.328363003641585,1,2,-1,restoration,2025-07-19 17:37:123
S._viscosa,A,-3.2238754743843367,-3.2238754743843367,1,2,-1,restoration,2025-07-19 17:37:123
C._hispanica,A,-6.656349381194001,-6.656349381194001,1,2,-1,restoration,2025-07-19 17:37:123
G._struthium,A,-1.2351510325857695,-1.2351510325857695,1,2,-1,restoration,2025-07-19 17:37:123
S._sediforme,A,-3.8856405696427374,-3.8856405696427374,1,2,-1,restoration,2025-07-19 17:37:123
H._syriacum,A,-4.269658086848194,-4.269658086848194,1,2,-1,restoration,2025-07-19 17:37:123
Other_species,A,-2.7411782805706912,-2.7411782805706912,1,2,-1,restoration,2025-07-19 17:37:123
Nurse_S._viscosa,A,-1.1991479187532124,-1.1991479187532124,1,2,-1,natural,2025-07-19 17:37:123
Nurse_G._struthium,A,-2.580069989940025,-2.580069989940025,1,2,-1,natural,2025-07-19 17:37:123
H._squamatum,A,-1.92359534815779,-1.92359534815779,1,2,-1,natural,2025-07-19 17:37:123
S._viscosa,A,-2.5813429120746076,-2.5813429120746076,1,2,-1,natural,2025-07-19 17:37:123
C._hispanica,A,-2.5657818247926523,-2.5657818247926523,1,2,-1,natural,2025-07-19 17:37:123
G._struthium,A,-4.096077482016402,-4.096077482016402,1,2,-1,natural,2025-07-19 17:37:123
S._sediforme,A,-3.0762782025341395,-3.0762782025341395,1,2,-1,natural,2025-07-19 17:37:123
H._syriacum,A,-3.564927282096318,-3.564927282096318,1,2,-1,natural,2025-07-19 17:37:123
Other_species,A,-0.8737087765092502,-0.8737087765092502,1,2,-1,natural,2025-07-19 17:37:123
Nurse_S._viscosa,A,-2.8081128681029903,-2.8081128681029903,1,2,-1,restoration,2025-07-19 17:37:113
Nurse_G._struthium,A,-1.4734891682231361,-1.4734891682231361,1,2,-1,restoration,2025-07-19 17:37:113
H._squamatum,A,-4.558655884727706,-4.558655884727706,1,2,-1,restoration,2025-07-19 17:37:113
S._viscosa,A,-4.117633396227039,-4.117633396227039,1,2,-1,restoration,2025-07-19 17:37:113
C._hispanica,A,-6.498302086378182,-6.498302086378182,1,2,-1,restoration,2025-07-19 17:37:113
G._struthium,A,-0.7258095759329511,-0.7258095759329511,1,2,-1,restoration,2025-07-19 17:37:113
S._sediforme,A,-3.4901905224134593,-3.4901905224134593,1,2,-1,restoration,2025-07-19 17:37:113
H._syriacum,A,-5.304062592630653,-5.304062592630653,1,2,-1,restoration,2025-07-19 17:37:113
Other_species,A,-3.0577942638389897,-3.0577942638389897,1,2,-1,restoration,2025-07-19 17:37:113
Nurse_S._viscosa,A,-1.0554209873981197,-1.0554209873981197,1,2,-1,natural,2025-07-19 17:37:113
Nurse_G._struthium,A,-2.2950829000899065,-2.2950829000899065,1,2,-1,natural,2025-07-19 17:37:113
H._squamatum,A,-1.9383429034011936,-1.9383429034011936,1,2,-1,natural,2025-07-19 17:37:113
S._viscosa,A,-2.6330854533577583,-2.6330854533577583,1,2,-1,natural,2025-07-19 17:37:113
C._hispanica,A,-2.767590900280307,-2.767590900280307,1,2,-1,natural,2025-07-19 17:37:113
G._struthium,A,-4.82607626734631,-4.82607626734631,1,2,-1,natural,2025-07-19 17:37:113
S._sediforme,A,-3.3155996847042974,-3.3155996847042974,1,2,-1,natural,2025-07-19 17:37:113
H._syriacum,A,-3.5853127052577536,-3.5853127052577536,1,2,-1,natural,2025-07-19 17:37:113
Other_species,A,-0.891267303615982,-0.891267303615982,1,2,-1,natural,2025-07-19 17:37:113
Nurse_S._viscosa,A,-3.326682580208416,-3.326682580208416,1,2,-1,restoration,2025-07-19 17:37:113
Nurse_G._struthium,A,-1.6282681146505946,-1.6282681146505946,1,2,-1,restoration,2025-07-19 17:37:113
H._squamatum,A,-4.541047454326234,-4.541047454326234,1,2,-1,restoration,2025-07-19 17:37:113
S._viscosa,A,-4.7702511999727175,-4.7702511999727175,1,2,-1,restoration,2025-07-19 17:37:113
C._hispanica,A,-5.16983700201373,-5.16983700201373,1,2,-1,restoration,2025-07-19 17:37:113
G._struthium,A,-0.5099337433148228,-0.5099337433148228,1,2,-1,restoration,2025-07-19 17:37:113
S._sediforme,A,-5.054450673241583,-5.054450673241583,1,2,-1,restoration,2025-07-19 17:37:113
H._syriacum,A,-3.634285923274534,-3.634285923274534,1,2,-1,restoration,2025-07-19 17:37:113
Other_species,A,-3.4190463716496273,-3.4190463716496273,1,2,-1,restoration,2025-07-19 17:37:113
Nurse_S._viscosa,A,-0.9413736821313398,-0.9413736821313398,1,2,-1,natural,2025-07-19 17:37:113
Nurse_G._struthium,A,-2.1144809941036407,-2.1144809941036407,1,2,-1,natural,2025-07-19 17:37:113
H._squamatum,A,-1.5852671194608392,-1.5852671194608392,1,2,-1,natural,2025-07-19 17:37:113
S._viscosa,A,-2.4970579362596053,-2.4970579362596053,1,2,-1,natural,2025-07-19 17:37:113
C._hispanica,A,-2.726376073152842,-2.726376073152842,1,2,-1,natural,2025-07-19 17:37:113
G._struthium,A,-4.624367473606131,-4.624367473606131,1,2,-1,natural,2025-07-19 17:37:113
S._sediforme,A,-3.7199457415320443,-3.7199457415320443,1,2,-1,natural,2025-07-19 17:37:113
H._syriacum,A,-3.5209972647265007,-3.5209972647265007,1,2,-1,natural,2025-07-19 17:37:113
Other_species,A,-0.865830726173541,-0.865830726173541,1,2,-1,natural,2025-07-19 17:37:113
Nurse_S._viscosa,A,-2.8748986235418483,-2.8748986235418483,1,2,-1,restoration,2025-07-19 17:37:103
Nurse_G._struthium,A,-1.822935006165019,-1.822935006165019,1,2,-1,restoration,2025-07-19 17:37:103
H._squamatum,A,-5.079674450173732,-5.079674450173732,1,2,-1,restoration,2025-07-19 17:37:103
S._viscosa,A,-4.217576883800817,-4.217576883800817,1,2,-1,restoration,2025-07-19 17:37:103
C._hispanica,A,-6.011580664404363,-6.011580664404363,1,2,-1,restoration,2025-07-19 17:37:103
G._struthium,A,-1.0563346110905785,-1.0563346110905785,1,2,-1,restoration,2025-07-19 17:37:103
S._sediforme,A,-3.498485533590211,-3.498485533590211,1,2,-1,restoration,2025-07-19 17:37:103
H._syriacum,A,-6.255006233676563,-6.255006233676563,1,2,-1,restoration,2025-07-19 17:37:103
Other_species,A,-2.719451321415741,-2.719451321415741,1,2,-1,restoration,2025-07-19 17:37:103
Nurse_S._viscosa,A,-1.200945732871458,-1.200945732871458,1,2,-1,natural,2025-07-19 17:37:103
Nurse_G._struthium,A,-2.135330285624042,-2.135330285624042,1,2,-1,natural,2025-07-19 17:37:103
H._squamatum,A,-1.7851291802931553,-1.7851291802931553,1,2,-1,natural,2025-07-19 17:37:103
S._viscosa,A,-2.5795700052075086,-2.5795700052075086,1,2,-1,natural,2025-07-19 17:37:103
C._hispanica,A,-2.5271759697637584,-2.5271759697637584,1,2,-1,natural,2025-07-19 17:37:103
G._struthium,A,-4.371813833800094,-4.371813833800094,1,2,-1,natural,2025-07-19 17:37:103
S._sediforme,A,-4.000184667126739,-4.000184667126739,1,2,-1,natural,2025-07-19 17:37:103
H._syriacum,A,-3.130594873628651,-3.130594873628651,1,2,-1,natural,2025-07-19 17:37:103
Other_species,A,-0.63694757146777925,-0.63694757146777925,1,2,-1,natural,2025-07-19 17:37:103
Nurse_S._viscosa,A,-2.939631316357368,-2.939631316357368,1,2,-1,restoration,2025-07-19 17:37:093
Nurse_G._struthium,A,-1.5864750946153177,-1.5864750946153177,1,2,-1,restoration,2025-07-19 17:37:093
H._squamatum,A,-4.361893076473798,-4.361893076473798,1,2,-1,restoration,2025-07-19 17:37:093
S._viscosa,A,-3.9732557431948954,-3.9732557431948954,1,2,-1,restoration,2025-07-19 17:37:093
C._hispanica,A,-6.664267726856108,-6.664267726856108,1,2,-1,restoration,2025-07-19 17:37:093
G._struthium,A,-1.2143977329472677,-1.2143977329472677,1,2,-1,restoration,2025-07-19 17:37:093
S._sediforme,A,-3.682397297888419,-3.682397297888419,1,2,-1,restoration,2025-07-19 17:37:093
H._syriacum,A,-5.214146760472189,-5.214146760472189,1,2,-1,restoration,2025-07-19 17:37:093
Other_species,A,-3.16682301084927,-3.16682301084927,1,2,-1,restoration,2025-07-19 17:37:093
Nurse_S._viscosa,A,-0.9136737320763062,-0.9136737320763062,1,2,-1,natural,2025-07-19 17:37:093
Nurse_G._struthium,A,-2.3647469619374273,-2.3647469619374273,1,2,-1,natural,2025-07-19 17:37:093
H._squamatum,A,-1.7586628877195236,-1.7586628877195236,1,2,-1,natural,2025-07-19 17:37:093
S._viscosa,A,-2.662451609865269,-2.662451609865269,1,2,-1,natural,2025-07-19 17:37:093
C._hispanica,A,-2.539850034728934,-2.539850034728934,1,2,-1,natural,2025-07-19 17:37:093
G._struthium,A,-4.39428890505006,-4.39428890505006,1,2,-1,natural,2025-07-19 17:37:093
S._sediforme,A,-3.5562721662603205,-3.5562721662603205,1,2,-1,natural,2025-07-19 17:37:093
H._syriacum,A,-3.55357334999135,-3.55357334999135,1,2,-1,natural,2025-07-19 17:37:093
Other_species,A,-0.7248359362773942,-0.7248359362773942,1,2,-1,natural,2025-07-19 17:37:093
Nurse_S._viscosa,A,-2.712713782692974,-2.712713782692974,1,2,-1,restoration,2025-07-19 17:37:093
Nurse_G._struthium,A,-1.1916062689306441,-1.1916062689306441,1,2,-1,restoration,2025-07-19 17:37:093
H._squamatum,A,-4.459170811329043,-4.459170811329043,1,2,-1,restoration,2025-07-19 17:37:093
S._viscosa,A,-3.484011344840128,-3.484011344840128,1,2,-1,restoration,2025-07-19 17:37:093
C._hispanica,A,-5.854418817205772,-5.854418817205772,1,2,-1,restoration,2025-07-19 17:37:093
G._struthium,A,-0.3679282037095473,-0.3679282037095473,1,2,-1,restoration,2025-07-19 17:37:093
S._sediforme,A,-3.7249373904222614,-3.7249373904222614,1,2,-1,restoration,2025-07-19 17:37:093
H._syriacum,A,-4.331292085268258,-4.331292085268258,1,2,-1,restoration,2025-07-19 17:37:093
Other_species,A,-2.224268962400128,-2.224268962400128,1,2,-1,restoration,2025-07-19 17:37:093
Nurse_S._viscosa,A,-0.7879315522347515,-0.7879315522347515,1,2,-1,natural,2025-07-19 17:37:093
Nurse_G._struthium,A,-2.3560994178549706,-2.3560994178549706,1,2,-1,natural,2025-07-19 17:37:093
H._squamatum,A,-1.5644193778020643,-1.5644193778020643,1,2,-1,natural,2025-07-19 17:37:093
S._viscosa,A,-2.85728461779029,-2.85728461779029,1,2,-1,natural,2025-07-19 17:37:093
C._hispanica,A,-2.4026049176268054,-2.4026049176268054,1,2,-1,natural,2025-07-19 17:37:093
G._struthium,A,-4.68757026888181,-4.68757026888181,1,2,-1,natural,2025-07-19 17:37:093
S._sediforme,A,-3.3792019059626615,-3.3792019059626615,1,2,-1,natural,2025-07-19 17:37:093
H._syriacum,A,-3.241971768291508,-3.241971768291508,1,2,-1,natural,2025-07-19 17:37:093
Other_species,A,-0.7534506444674388,-0.7534506444674388,1,2,-1,natural,2025-07-19 17:37:093
Nurse_S._viscosa,A,-2.716812097616058,-2.716812097616058,1,2,-1,restoration,2025-07-19 17:37:083
Nurse_G._struthium,A,-2.139219267296512,-2.139219267296512,1,2,-1,restoration,2025-07-19 17:37:083
H._squamatum,A,-4.34664924845738,-4.34664924845738,1,2,-1,restoration,2025-07-19 17:37:083
S._viscosa,A,-3.89432989260957,-3.89432989260957,1,2,-1,restoration,2025-07-19 17:37:083
C._hispanica,A,-7.140122598444746,-7.140122598444746,1,2,-1,restoration,2025-07-19 17:37:083
G._struthium,A,-1.0671568636574538,-1.0671568636574538,1,2,-1,restoration,2025-07-19 17:37:083
S._sediforme,A,-3.7805594913604446,-3.7805594913604446,1,2,-1,restoration,2025-07-19 17:37:083
H._syriacum,A,-5.133275167626504,-5.133275167626504,1,2,-1,restoration,2025-07-19 17:37:083
Other_species,A,-2.83226751166701,-2.83226751166701,1,2,-1,restoration,2025-07-19 17:37:083
Nurse_S._viscosa,A,-1.0263000284095205,-1.0263000284095205,1,2,-1,natural,2025-07-19 17:37:083
Nurse_G._struthium,A,-2.275223269574132,-2.275223269574132,1,2,-1,natural,2025-07-19 17:37:083
H._squamatum,A,-1.5764914893817517,-1.5764914893817517,1,2,-1,natural,2025-07-19 17:37:083
S._viscosa,A,-2.7857891987235166,-2.7857891987235166,1,2,-1,natural,2025-07-19 17:37:083
C._hispanica,A,-2.5478865674397095,-2.5478865674397095,1,2,-1,natural,2025-07-19 17:37:083
G._struthium,A,-4.376147232962514,-4.376147232962514,1,2,-1,natural,2025-07-19 17:37:083
S._sediforme,A,-3.4389630133666547,-3.4389630133666547,1,2,-1,natural,2025-07-19 17:37:083
H._syriacum,A,-3.466823109206441,-3.466823109206441,1,2,-1,natural,2025-07-19 17:37:083
Other_species,A,-0.6674528899539395,-0.6674528899539395,1,2,-1,natural,2025-07-19 17:37:083
Nurse_S._viscosa,A,-3.2902047089073156,-3.2902047089073156,1,2,-1,restoration,2025-07-19 17:37:073
Nurse_G._struthium,A,-2.1021620460643167,-2.1021620460643167,1,2,-1,restoration,2025-07-19 17:37:073
H._squamatum,A,-3.6001553696684048,-3.6001553696684048,1,2,-1,restoration,2025-07-19 17:37:073
S._viscosa,A,-4.250034476163502,-4.250034476163502,1,2,-1,restoration,2025-07-19 17:37:073
C._hispanica,A,-5.290652991762441,-5.290652991762441,1,2,-1,restoration,2025-07-19 17:37:073
G._struthium,A,-1.0364417754873863,-1.0364417754873863,1,2,-1,restoration,2025-07-19 17:37:073
S._sediforme,A,-4.427801110687157,-4.427801110687157,1,2,-1,restoration,2025-07-19 17:37:073
H._syriacum,A,-5.491769151888462,-5.491769151888462,1,2,-1,restoration,2025-07-19 17:37:073
Other_species,A,-2.86301498413126,-2.86301498413126,1,2,-1,restoration,2025-07-19 17:37:073
Nurse_S._viscosa,A,-1.041342063861739,-1.041342063861739,1,2,-1,natural,2025-07-19 17:37:073
Nurse_G._struthium,A,-2.315774260894479,-2.315774260894479,1,2,-1,natural,2025-07-19 17:37:073
H._squamatum,A,-1.683289386473187,-1.683289386473187,1,2,-1,natural,2025-07-19 17:37:073
S._viscosa,A,-2.3629691870072977,-2.3629691870072977,1,2,-1,natural,2025-07-19 17:37:073
C._hispanica,A,-2.556831780337568,-2.556831780337568,1,2,-1,natural,2025-07-19 17:37:073
G._struthium,A,-4.184918544705557,-4.184918544705557,1,2,-1,natural,2025-07-19 17:37:073
S._sediforme,A,-3.092359202657559,-3.092359202657559,1,2,-1,natural,2025-07-19 17:37:073
H._syriacum,A,-3.4633404643651082,-3.4633404643651082,1,2,-1,natural,2025-07-19 17:37:073
Other_species,A,-0.6606881472100833,-0.6606881472100833,1,2,-1,natural,2025-07-19 17:37:073
Nurse_S._viscosa,A,-2.594580676062548,-2.594580676062548,1,2,-1,restoration,2025-07-19 17:37:073
Nurse_G._struthium,A,-1.5660717194088325,-1.5660717194088325,1,2,-1,restoration,2025-07-19 17:37:073
H._squamatum,A,-5.224027809407795,-5.224027809407795,1,2,-1,restoration,2025-07-19 17:37:073
S._viscosa,A,-4.187943769210386,-4.187943769210386,1,2,-1,restoration,2025-07-19 17:37:073
C._hispanica,A,-6.6662993698077795,-6.6662993698077795,1,2,-1,restoration,2025-07-19 17:37:073
G._struthium,A,-0.9402012888631983,-0.9402012888631983,1,2,-1,restoration,2025-07-19 17:37:073
S._sediforme,A,-3.4613861718598833,-3.4613861718598833,1,2,-1,restoration,2025-07-19 17:37:073
H._syriacum,A,-5.016530198969979,-5.016530198969979,1,2,-1,restoration,2025-07-19 17:37:073
Other_species,A,-2.8254243591843604,-2.8254243591843604,1,2,-1,restoration,2025-07-19 17:37:073
Nurse_S._viscosa,A,-1.0600181484989752,-1.0600181484989752,1,2,-1,natural,2025-07-19 17:37:073
Nurse_G._struthium,A,-2.041612934761725,-2.041612934761725,1,2,-1,natural,2025-07-19 17:37:073
H._squamatum,A,-1.7327892888131267,-1.7327892888131267,1,2,-1,natural,2025-07-19 17:37:073
S._viscosa,A,-2.5660965289141995,-2.5660965289141995,1,2,-1,natural,2025-07-19 17:37:073
C._hispanica,A,-2.472043083524723,-2.472043083524723,1,2,-1,natural,2025-07-19 17:37:073
G._struthium,A,-3.8665695912755185,-3.8665695912755185,1,2,-1,natural,2025-07-19 17:37:073
S._sediforme,A,-3.052797609946677,-3.052797609946677,1,2,-1,natural,2025-07-19 17:37:073
H._syriacum,A,-3.514222472308,-3.514222472308,1,2,-1,natural,2025-07-19 17:37:073
Other_species,A,-0.646398445777135,-0.646398445777135,1,2,-1,natural,2025-07-19 17:37:073
Nurse_S._viscosa,A,-2.9513672784033615,-2.9513672784033615,1,2,-1,restoration,2025-07-19 17:37:063
Nurse_G._struthium,A,-1.940436345966767,-1.940436345966767,1,2,-1,restoration,2025-07-19 17:37:063
H._squamatum,A,-5.129085047637474,-5.129085047637474,1,2,-1,restoration,2025-07-19 17:37:063
S._viscosa,A,-4.1745279384627985,-4.1745279384627985,1,2,-1,restoration,2025-07-19 17:37:063
C._hispanica,A,-5.198418987001579,-5.198418987001579,1,2,-1,restoration,2025-07-19 17:37:063
G._struthium,A,-0.9980592000848767,-0.9980592000848767,1,2,-1,restoration,2025-07-19 17:37:063
S._sediforme,A,-4.165933502391602,-4.165933502391602,1,2,-1,restoration,2025-07-19 17:37:063
H._syriacum,A,-4.916908912953003,-4.916908912953003,1,2,-1,restoration,2025-07-19 17:37:063
Other_species,A,-2.608798198539399,-2.608798198539399,1,2,-1,restoration,2025-07-19 17:37:063
Nurse_S._viscosa,A,-1.1493154473539107,-1.1493154473539107,1,2,-1,natural,2025-07-19 17:37:063
Nurse_G._struthium,A,-2.318650223608213,-2.318650223608213,1,2,-1,natural,2025-07-19 17:37:063
H._squamatum,A,-1.8183300842264,-1.8183300842264,1,2,-1,natural,2025-07-19 17:37:063
S._viscosa,A,-2.787244941832224,-2.787244941832224,1,2,-1,natural,2025-07-19 17:37:063
C._hispanica,A,-2.619077161596525,-2.619077161596525,1,2,-1,natural,2025-07-19 17:37:063
G._struthium,A,-5.767935160962034,-5.767935160962034,1,2,-1,natural,2025-07-19 17:37:063
S._sediforme,A,-3.88285105200766,-3.88285105200766,1,2,-1,natural,2025-07-19 17:37:063
H._syriacum,A,-3.559947230898117,-3.559947230898117,1,2,-1,natural,2025-07-19 17:37:063
Other_species,A,-0.8968722810741406,-0.8968722810741406,1,2,-1,natural,2025-07-19 17:37:063
Nurse_S._viscosa,A,-3.1236120361402397,-3.1236120361402397,1,2,-1,restoration,2025-07-19 17:37:053
Nurse_G._struthium,A,-2.607963910599698,-2.607963910599698,1,2,-1,restoration,2025-07-19 17:37:053
H._squamatum,A,-3.848762264834599,-3.848762264834599,1,2,-1,restoration,2025-07-19 17:37:053
S._viscosa,A,-3.3034874298175665,-3.3034874298175665,1,2,-1,restoration,2025-07-19 17:37:053
C._hispanica,A,-7.651718790019931,-7.651718790019931,1,2,-1,restoration,2025-07-19 17:37:053
G._struthium,A,-1.0746700269202285,-1.0746700269202285,1,2,-1,restoration,2025-07-19 17:37:053
S._sediforme,A,-4.018563370257941,-4.018563370257941,1,2,-1,restoration,2025-07-19 17:37:053
H._syriacum,A,-5.023933277450633,-5.023933277450633,1,2,-1,restoration,2025-07-19 17:37:053
Other_species,A,-2.926962768123676,-2.926962768123676,1,2,-1,restoration,2025-07-19 17:37:053
Nurse_S._viscosa,A,-1.1358591984310396,-1.1358591984310396,1,2,-1,natural,2025-07-19 17:37:053
Nurse_G._struthium,A,-2.430937271000216,-2.430937271000216,1,2,-1,natural,2025-07-19 17:37:053
H._squamatum,A,-1.8319617920774063,-1.8319617920774063,1,2,-1,natural,2025-07-19 17:37:053
S._viscosa,A,-2.4539014296121224,-2.4539014296121224,1,2,-1,natural,2025-07-19 17:37:053
C._hispanica,A,-2.7496939466526644,-2.7496939466526644,1,2,-1,natural,2025-07-19 17:37:053
G._struthium,A,-3.8944888726133073,-3.8944888726133073,1,2,-1,natural,2025-07-19 17:37:053
S._sediforme,A,-3.378605656834619,-3.378605656834619,1,2,-1,natural,2025-07-19 17:37:053
H._syriacum,A,-4.0717929647280275,-4.0717929647280275,1,2,-1,natural,2025-07-19 17:37:053
Other_species,A,-0.9054637200683765,-0.9054637200683765,1,2,-1,natural,2025-07-19 17:37:053
Nurse_S._viscosa,A,-2.120264147094771,-2.120264147094771,1,2,-1,restoration,2025-07-19 17:37:053
Nurse_G._struthium,A,-1.6740903956334086,-1.6740903956334086,1,2,-1,restoration,2025-07-19 17:37:053
H._squamatum,A,-4.885756142018576,-4.885756142018576,1,2,-1,restoration,2025-07-19 17:37:053
S._viscosa,A,-3.664448859714338,-3.664448859714338,1,2,-1,restoration,2025-07-19 17:37:053
C._hispanica,A,-5.784869820977455,-5.784869820977455,1,2,-1,restoration,2025-07-19 17:37:053
G._struthium,A,-0.30657595972250506,-0.30657595972250506,1,2,-1,restoration,2025-07-19 17:37:053
S._sediforme,A,-3.565056989849813,-3.565056989849813,1,2,-1,restoration,2025-07-19 17:37:053
H._syriacum,A,-3.3355766553815713,-3.3355766553815713,1,2,-1,restoration,2025-07-19 17:37:053
Other_species,A,-2.66553760280888,-2.66553760280888,1,2,-1,restoration,2025-07-19 17:37:053
Nurse_S._viscosa,A,-1.0159678116226405,-1.0159678116226405,1,2,-1,natural,2025-07-19 17:37:053
Nurse_G._struthium,A,-2.3311483861603164,-2.3311483861603164,1,2,-1,natural,2025-07-19 17:37:053
H._squamatum,A,-1.858226182643733,-1.858226182643733,1,2,-1,natural,2025-07-19 17:37:053
S._viscosa,A,-2.6254448679062854,-2.6254448679062854,1,2,-1,natural,2025-07-19 17:37:053
C._hispanica,A,-2.523492635919796,-2.523492635919796,1,2,-1,natural,2025-07-19 17:37:053
G._struthium,A,-4.746063047220044,-4.746063047220044,1,2,-1,natural,2025-07-19 17:37:053
S._sediforme,A,-3.406298041523719,-3.406298041523719,1,2,-1,natural,2025-07-19 17:37:053
H._syriacum,A,-3.5746127164386476,-3.5746127164386476,1,2,-1,natural,2025-07-19 17:37:053
Other_species,A,-0.8662648099509673,-0.8662648099509673,1,2,-1,natural,2025-07-19 17:37:053
Nurse_S._viscosa,A,-3.151463442088768,-3.151463442088768,1,2,-1,restoration,2025-07-19 17:37:043
Nurse_G._struthium,A,-2.3820641219192478,-2.3820641219192478,1,2,-1,restoration,2025-07-19 17:37:043
H._squamatum,A,-4.799812792752255,-4.799812792752255,1,2,-1,restoration,2025-07-19 17:37:043
S._viscosa,A,-4.512175960343694,-4.512175960343694,1,2,-1,restoration,2025-07-19 17:37:043
C._hispanica,A,-7.203963689819858,-7.203963689819858,1,2,-1,restoration,2025-07-19 17:37:043
G._struthium,A,-1.1832502721171925,-1.1832502721171925,1,2,-1,restoration,2025-07-19 17:37:043
S._sediforme,A,-4.9195100456744285,-4.9195100456744285,1,2,-1,restoration,2025-07-19 17:37:043
H._syriacum,A,-3.771269140693705,-3.771269140693705,1,2,-1,restoration,2025-07-19 17:37:043
Other_species,A,-2.989479166307707,-2.989479166307707,1,2,-1,restoration,2025-07-19 17:37:043
Nurse_S._viscosa,A,-0.8816152616260985,-0.8816152616260985,1,2,-1,natural,2025-07-19 17:37:043
Nurse_G._struthium,A,-2.2549514170332285,-2.2549514170332285,1,2,-1,natural,2025-07-19 17:37:043
H._squamatum,A,-1.601849333970982,-1.601849333970982,1,2,-1,natural,2025-07-19 17:37:043
S._viscosa,A,-2.638104456600334,-2.638104456600334,1,2,-1,natural,2025-07-19 17:37:043
C._hispanica,A,-2.412171574015095,-2.412171574015095,1,2,-1,natural,2025-07-19 17:37:043
G._struthium,A,-4.648637864732296,-4.648637864732296,1,2,-1,natural,2025-07-19 17:37:043
S._sediforme,A,-3.7081880715846682,-3.7081880715846682,1,2,-1,natural,2025-07-19 17:37:043
H._syriacum,A,-3.5303616912020472,-3.5303616912020472,1,2,-1,natural,2025-07-19 17:37:043
Other_species,A,-0.744379010316483,-0.744379010316483,1,2,-1,natural,2025-07-19 17:37:043
Nurse_S._viscosa,A,-2.4171087180998754,-2.4171087180998754,1,2,-1,restoration,2025-07-19 17:37:033
Nurse_G._struthium,A,-1.454963192124234,-1.454963192124234,1,2,-1,restoration,2025-07-19 17:37:033
H._squamatum,A,-5.550295260736143,-5.550295260736143,1,2,-1,restoration,2025-07-19 17:37:033
S._viscosa,A,-4.762746101251273,-4.762746101251273,1,2,-1,restoration,2025-07-19 17:37:033
C._hispanica,A,-5.834971869203948,-5.834971869203948,1,2,-1,restoration,2025-07-19 17:37:033
G._struthium,A,-0.480365963117345,-0.480365963117345,1,2,-1,restoration,2025-07-19 17:37:033
S._sediforme,A,-4.00247648117752,-4.00247648117752,1,2,-1,restoration,2025-07-19 17:37:033
H._syriacum,A,-4.074038946525616,-4.074038946525616,1,2,-1,restoration,2025-07-19 17:37:033
Other_species,A,-2.675178981208108,-2.675178981208108,1,2,-1,restoration,2025-07-19 17:37:033
Nurse_S._viscosa,A,-1.1395999606599054,-1.1395999606599054,1,2,-1,natural,2025-07-19 17:37:033
Nurse_G._struthium,A,-2.076923153374632,-2.076923153374632,1,2,-1,natural,2025-07-19 17:37:033
H._squamatum,A,-1.7211915719524133,-1.7211915719524133,1,2,-1,natural,2025-07-19 17:37:033
S._viscosa,A,-2.3767924927779815,-2.3767924927779815,1,2,-1,natural,2025-07-19 17:37:033
C._hispanica,A,-2.535401159481743,-2.535401159481743,1,2,-1,natural,2025-07-19 17:37:033
G._struthium,A,-3.866085778443104,-3.866085778443104,1,2,-1,natural,2025-07-19 17:37:033
S._sediforme,A,-3.4095617832389555,-3.4095617832389555,1,2,-1,natural,2025-07-19 17:37:033
H._syriacum,A,-3.5789646758265334,-3.5789646758265334,1,2,-1,natural,2025-07-19 17:37:033
Other_species,A,-0.7321581151616741,-0.7321581151616741,1,2,-1,natural,2025-07-19 17:37:033
Nurse_S._viscosa,A,-3.5150126452118147,-3.5150126452118147,1,2,-1,restoration,2025-07-19 17:37:023
Nurse_G._struthium,A,-2.048854772059565,-2.048854772059565,1,2,-1,restoration,2025-07-19 17:37:023
H._squamatum,A,-5.352725161283838,-5.352725161283838,1,2,-1,restoration,2025-07-19 17:37:023
S._viscosa,A,-4.463751981236483,-4.463751981236483,1,2,-1,restoration,2025-07-19 17:37:023
C._hispanica,A,-9.175675344214527,-9.175675344214527,1,2,-1,restoration,2025-07-19 17:37:023
G._struthium,A,-0.7866489440857163,-0.7866489440857163,1,2,-1,restoration,2025-07-19 17:37:023
S._sediforme,A,-3.922067749306823,-3.922067749306823,1,2,-1,restoration,2025-07-19 17:37:023
H._syriacum,A,-3.989825044528822,-3.989825044528822,1,2,-1,restoration,2025-07-19 17:37:023
Other_species,A,-2.631839715406777,-2.631839715406777,1,2,-1,restoration,2025-07-19 17:37:023
Nurse_S._viscosa,A,-0.8446775525015723,-0.8446775525015723,1,2,-1,natural,2025-07-19 17:37:023
Nurse_G._struthium,A,-2.503106755548845,-2.503106755548845,1,2,-1,natural,2025-07-19 17:37:023
H._squamatum,A,-1.5390002179345705,-1.5390002179345705,1,2,-1,natural,2025-07-19 17:37:023
S._viscosa,A,-2.6861168395838644,-2.6861168395838644,1,2,-1,natural,2025-07-19 17:37:023
C._hispanica,A,-2.3177574387144984,-2.3177574387144984,1,2,-1,natural,2025-07-19 17:37:023
G._struthium,A,-4.671715626263653,-4.671715626263653,1,2,-1,natural,2025-07-19 17:37:023
S._sediforme,A,-3.0990138659054676,-3.0990138659054676,1,2,-1,natural,2025-07-19 17:37:023
H._syriacum,A,-2.9884538300433654,-2.9884538300433654,1,2,-1,natural,2025-07-19 17:37:023
Other_species,A,-0.6597725156332198,-0.6597725156332198,1,2,-1,natural,2025-07-19 17:37:023
Nurse_S._viscosa,A,-2.421799482838571,-2.421799482838571,1,2,-1,restoration,2025-07-19 17:37:023
Nurse_G._struthium,A,-1.6348384712565567,-1.6348384712565567,1,2,-1,restoration,2025-07-19 17:37:023
H._squamatum,A,-4.434676183819427,-4.434676183819427,1,2,-1,restoration,2025-07-19 17:37:023
S._viscosa,A,-3.1887327558561744,-3.1887327558561744,1,2,-1,restoration,2025-07-19 17:37:023
C._hispanica,A,-5.599368403803807,-5.599368403803807,1,2,-1,restoration,2025-07-19 17:37:023
G._struthium,A,-0.4256711200866418,-0.4256711200866418,1,2,-1,restoration,2025-07-19 17:37:023
S._sediforme,A,-4.4333386384610165,-4.4333386384610165,1,2,-1,restoration,2025-07-19 17:37:023
H._syriacum,A,-3.424162185236013,-3.424162185236013,1,2,-1,restoration,2025-07-19 17:37:023
Other_species,A,-2.272671138130011,-2.272671138130011,1,2,-1,restoration,2025-07-19 17:37:023
Nurse_S._viscosa,A,-1.0588251138705465,-1.0588251138705465,1,2,-1,natural,2025-07-19 17:37:023
Nurse_G._struthium,A,-2.1432151128158337,-2.1432151128158337,1,2,-1,natural,2025-07-19 17:37:023
H._squamatum,A,-1.9659652376144494,-1.9659652376144494,1,2,-1,natural,2025-07-19 17:37:023
S._viscosa,A,-2.3518052905464946,-2.3518052905464946,1,2,-1,natural,2025-07-19 17:37:023
C._hispanica,A,-2.5554492179237016,-2.5554492179237016,1,2,-1,natural,2025-07-19 17:37:023
G._struthium,A,-3.8104996679626186,-3.8104996679626186,1,2,-1,natural,2025-07-19 17:37:023
S._sediforme,A,-3.5940607160297824,-3.5940607160297824,1,2,-1,natural,2025-07-19 17:37:023
H._syriacum,A,-3.5766592548867155,-3.5766592548867155,1,2,-1,natural,2025-07-19 17:37:023
Other_species,A,-0.7902060468914262,-0.7902060468914262,1,2,-1,natural,2025-07-19 17:37:023
Nurse_S._viscosa,A,-3.163092398636244,-3.163092398636244,1,2,-1,restoration,2025-07-19 17:37:013
Nurse_G._struthium,A,-2.4741299685228944,-2.4741299685228944,1,2,-1,restoration,2025-07-19 17:37:013
H._squamatum,A,-4.131324111001288,-4.131324111001288,1,2,-1,restoration,2025-07-19 17:37:013
S._viscosa,A,-4.997815462085148,-4.997815462085148,1,2,-1,restoration,2025-07-19 17:37:013
C._hispanica,A,-6.34668837489713,-6.34668837489713,1,2,-1,restoration,2025-07-19 17:37:013
G._struthium,A,-1.33741143694681,-1.33741143694681,1,2,-1,restoration,2025-07-19 17:37:013
S._sediforme,A,-3.875163666764714,-3.875163666764714,1,2,-1,restoration,2025-07-19 17:37:013
H._syriacum,A,-5.3034469221282405,-5.3034469221282405,1,2,-1,restoration,2025-07-19 17:37:013
Other_species,A,-3.0780763090730825,-3.0780763090730825,1,2,-1,restoration,2025-07-19 17:37:013
Nurse_S._viscosa,A,-1.1824601049001697,-1.1824601049001697,1,2,-1,natural,2025-07-19 17:37:013
Nurse_G._struthium,A,-2.3697975571699117,-2.3697975571699117,1,2,-1,natural,2025-07-19 17:37:013
H._squamatum,A,-1.7974133346859364,-1.7974133346859364,1,2,-1,natural,2025-07-19 17:37:013
S._viscosa,A,-2.7910745718000687,-2.7910745718000687,1,2,-1,natural,2025-07-19 17:37:013
C._hispanica,A,-2.7240663720311353,-2.7240663720311353,1,2,-1,natural,2025-07-19 17:37:013
G._struthium,A,-4.200290125062644,-4.200290125062644,1,2,-1,natural,2025-07-19 17:37:013
S._sediforme,A,-2.9722897981039393,-2.9722897981039393,1,2,-1,natural,2025-07-19 17:37:013
H._syriacum,A,-3.9080265069146853,-3.9080265069146853,1,2,-1,natural,2025-07-19 17:37:013
Other_species,A,-0.9109294413898413,-0.9109294413898413,1,2,-1,natural,2025-07-19 17:37:013
Nurse_S._viscosa,A,-2.9998551870316432,-2.9998551870316432,1,2,-1,restoration,2025-07-19 17:37:003
Nurse_G._struthium,A,-2.1093414909863193,-2.1093414909863193,1,2,-1,restoration,2025-07-19 17:37:003
H._squamatum,A,-5.061854654219948,-5.061854654219948,1,2,-1,restoration,2025-07-19 17:37:003
S._viscosa,A,-4.01212091279485,-4.01212091279485,1,2,-1,restoration,2025-07-19 17:37:003
C._hispanica,A,-6.4676246275368525,-6.4676246275368525,1,2,-1,restoration,2025-07-19 17:37:003
G._struthium,A,-0.6642102485631087,-0.6642102485631087,1,2,-1,restoration,2025-07-19 17:37:003
S._sediforme,A,-4.00872753924557,-4.00872753924557,1,2,-1,restoration,2025-07-19 17:37:003
H._syriacum,A,-4.61089211399871,-4.61089211399871,1,2,-1,restoration,2025-07-19 17:37:003
Other_species,A,-2.828085051196595,-2.828085051196595,1,2,-1,restoration,2025-07-19 17:37:003
Nurse_S._viscosa,A,-1.0457223588293756,-1.0457223588293756,1,2,-1,natural,2025-07-19 17:37:003
Nurse_G._struthium,A,-2.1344543030941305,-2.1344543030941305,1,2,-1,natural,2025-07-19 17:37:003
H._squamatum,A,-1.4619169377840526,-1.4619169377840526,1,2,-1,natural,2025-07-19 17:37:003
S._viscosa,A,-2.6756991308047473,-2.6756991308047473,1,2,-1,natural,2025-07-19 17:37:003
C._hispanica,A,-2.627500897368256,-2.627500897368256,1,2,-1,natural,2025-07-19 17:37:003
G._struthium,A,-3.847820979140054,-3.847820979140054,1,2,-1,natural,2025-07-19 17:37:003
S._sediforme,A,-3.0444255246150265,-3.0444255246150265,1,2,-1,natural,2025-07-19 17:37:003
H._syriacum,A,-3.387732668207555,-3.387732668207555,1,2,-1,natural,2025-07-19 17:37:003
Other_species,A,-0.9816407486108744,-0.9816407486108744,1,2,-1,natural,2025-07-19 17:37:003
Nurse_S._viscosa,A,-3.2562467520454885,-3.2562467520454885,1,2,-1,restoration,2025-07-19 17:36:593
Nurse_G._struthium,A,-2.1223546926082264,-2.1223546926082264,1,2,-1,restoration,2025-07-19 17:36:593
H._squamatum,A,-4.226828553961666,-4.226828553961666,1,2,-1,restoration,2025-07-19 17:36:593
S._viscosa,A,-3.527588488333398,-3.527588488333398,1,2,-1,restoration,2025-07-19 17:36:593
C._hispanica,A,-7.148255255079971,-7.148255255079971,1,2,-1,restoration,2025-07-19 17:36:593
G._struthium,A,-0.831279550399215,-0.831279550399215,1,2,-1,restoration,2025-07-19 17:36:593
S._sediforme,A,-4.478592444378691,-4.478592444378691,1,2,-1,restoration,2025-07-19 17:36:593
H._syriacum,A,-4.887986535346515,-4.887986535346515,1,2,-1,restoration,2025-07-19 17:36:593
Other_species,A,-2.6079931012064295,-2.6079931012064295,1,2,-1,restoration,2025-07-19 17:36:593
Nurse_S._viscosa,A,-1.0337808753625375,-1.0337808753625375,1,2,-1,natural,2025-07-19 17:36:593
Nurse_G._struthium,A,-2.319751610555417,-2.319751610555417,1,2,-1,natural,2025-07-19 17:36:593
H._squamatum,A,-1.5663934945479598,-1.5663934945479598,1,2,-1,natural,2025-07-19 17:36:593
S._viscosa,A,-2.8340812998968845,-2.8340812998968845,1,2,-1,natural,2025-07-19 17:36:593
C._hispanica,A,-2.383169123118695,-2.383169123118695,1,2,-1,natural,2025-07-19 17:36:593
G._struthium,A,-5.052843941022442,-5.052843941022442,1,2,-1,natural,2025-07-19 17:36:593
S._sediforme,A,-3.0206156020648383,-3.0206156020648383,1,2,-1,natural,2025-07-19 17:36:593
H._syriacum,A,-3.5441023942060945,-3.5441023942060945,1,2,-1,natural,2025-07-19 17:36:593
Other_species,A,-0.7951087389074232,-0.7951087389074232,1,2,-1,natural,2025-07-19 17:36:593
Nurse_S._viscosa,A,-3.9132660748315486,-3.9132660748315486,1,2,-1,restoration,2025-07-19 17:36:593
Nurse_G._struthium,A,-2.273215582175116,-2.273215582175116,1,2,-1,restoration,2025-07-19 17:36:593
H._squamatum,A,-4.180102883295295,-4.180102883295295,1,2,-1,restoration,2025-07-19 17:36:593
S._viscosa,A,-5.447272019118539,-5.447272019118539,1,2,-1,restoration,2025-07-19 17:36:593
C._hispanica,A,-5.9699447609634,-5.9699447609634,1,2,-1,restoration,2025-07-19 17:36:593
G._struthium,A,-1.1908452890960437,-1.1908452890960437,1,2,-1,restoration,2025-07-19 17:36:593
S._sediforme,A,-4.434262168755273,-4.434262168755273,1,2,-1,restoration,2025-07-19 17:36:593
H._syriacum,A,-4.914790331117563,-4.914790331117563,1,2,-1,restoration,2025-07-19 17:36:593
Other_species,A,-3.1457042783503906,-3.1457042783503906,1,2,-1,restoration,2025-07-19 17:36:593
Nurse_S._viscosa,A,-0.9528889602550893,-0.9528889602550893,1,2,-1,natural,2025-07-19 17:36:593
Nurse_G._struthium,A,-2.1839559558733033,-2.1839559558733033,1,2,-1,natural,2025-07-19 17:36:593
H._squamatum,A,-1.7178947464262904,-1.7178947464262904,1,2,-1,natural,2025-07-19 17:36:593
S._viscosa,A,-2.5441492078848897,-2.5441492078848897,1,2,-1,natural,2025-07-19 17:36:593
C._hispanica,A,-2.5932441252774243,-2.5932441252774243,1,2,-1,natural,2025-07-19 17:36:593
G._struthium,A,-5.118914354435752,-5.118914354435752,1,2,-1,natural,2025-07-19 17:36:593
S._sediforme,A,-2.9479262262111128,-2.9479262262111128,1,2,-1,natural,2025-07-19 17:36:593
H._syriacum,A,-3.3670125380346336,-3.3670125380346336,1,2,-1,natural,2025-07-19 17:36:593
Other_species,A,-0.8967096519371751,-0.8967096519371751,1,2,-1,natural,2025-07-19 17:36:593
Nurse_S._viscosa,A,-3.2130590239171406,-3.2130590239171406,1,2,-1,restoration,2025-07-19 17:36:583
Nurse_G._struthium,A,-2.004806577778924,-2.004806577778924,1,2,-1,restoration,2025-07-19 17:36:583
H._squamatum,A,-5.279561565069491,-5.279561565069491,1,2,-1,restoration,2025-07-19 17:36:583
S._viscosa,A,-4.141221452530041,-4.141221452530041,1,2,-1,restoration,2025-07-19 17:36:583
C._hispanica,A,-7.032491871589274,-7.032491871589274,1,2,-1,restoration,2025-07-19 17:36:583
G._struthium,A,-1.2000813018809755,-1.2000813018809755,1,2,-1,restoration,2025-07-19 17:36:583
S._sediforme,A,-4.659165821324587,-4.659165821324587,1,2,-1,restoration,2025-07-19 17:36:583
H._syriacum,A,-5.097602696697857,-5.097602696697857,1,2,-1,restoration,2025-07-19 17:36:583
Other_species,A,-2.6077981006029414,-2.6077981006029414,1,2,-1,restoration,2025-07-19 17:36:583
Nurse_S._viscosa,A,-0.8870823206393359,-0.8870823206393359,1,2,-1,natural,2025-07-19 17:36:583
Nurse_G._struthium,A,-2.1041205761307893,-2.1041205761307893,1,2,-1,natural,2025-07-19 17:36:583
H._squamatum,A,-1.4007418887187049,-1.4007418887187049,1,2,-1,natural,2025-07-19 17:36:583
S._viscosa,A,-2.557798692652656,-2.557798692652656,1,2,-1,natural,2025-07-19 17:36:583
C._hispanica,A,-2.3466350013558963,-2.3466350013558963,1,2,-1,natural,2025-07-19 17:36:583
G._struthium,A,-4.397612505797092,-4.397612505797092,1,2,-1,natural,2025-07-19 17:36:583
S._sediforme,A,-2.8272543326952073,-2.8272543326952073,1,2,-1,natural,2025-07-19 17:36:583
H._syriacum,A,-3.6894894492125316,-3.6894894492125316,1,2,-1,natural,2025-07-19 17:36:583
Other_species,A,-0.6024869502878064,-0.6024869502878064,1,2,-1,natural,2025-07-19 17:36:583
Nurse_S._viscosa,A,-2.5881892315289785,-2.5881892315289785,1,2,-1,restoration,2025-07-19 17:36:573
Nurse_G._struthium,A,-1.663176428368579,-1.663176428368579,1,2,-1,restoration,2025-07-19 17:36:573
H._squamatum,A,-5.145166217716908,-5.145166217716908,1,2,-1,restoration,2025-07-19 17:36:573
S._viscosa,A,-3.8859639478425336,-3.8859639478425336,1,2,-1,restoration,2025-07-19 17:36:573
C._hispanica,A,-6.840780655863615,-6.840780655863615,1,2,-1,restoration,2025-07-19 17:36:573
G._struthium,A,-1.0412620283451928,-1.0412620283451928,1,2,-1,restoration,2025-07-19 17:36:573
S._sediforme,A,-3.7507859485830037,-3.7507859485830037,1,2,-1,restoration,2025-07-19 17:36:573
H._syriacum,A,-4.688348166624881,-4.688348166624881,1,2,-1,restoration,2025-07-19 17:36:573
Other_species,A,-2.4997249452677237,-2.4997249452677237,1,2,-1,restoration,2025-07-19 17:36:573
Nurse_S._viscosa,A,-0.9700278347351822,-0.9700278347351822,1,2,-1,natural,2025-07-19 17:36:573
Nurse_G._struthium,A,-1.8734561132281309,-1.8734561132281309,1,2,-1,natural,2025-07-19 17:36:573
H._squamatum,A,-1.737081571410778,-1.737081571410778,1,2,-1,natural,2025-07-19 17:36:573
S._viscosa,A,-2.577242276632523,-2.577242276632523,1,2,-1,natural,2025-07-19 17:36:573
C._hispanica,A,-2.3724852001135703,-2.3724852001135703,1,2,-1,natural,2025-07-19 17:36:573
G._struthium,A,-5.322966850159809,-5.322966850159809,1,2,-1,natural,2025-07-19 17:36:573
S._sediforme,A,-3.0131717879070345,-3.0131717879070345,1,2,-1,natural,2025-07-19 17:36:573
H._syriacum,A,-3.5415693025600743,-3.5415693025600743,1,2,-1,natural,2025-07-19 17:36:573
Other_species,A,-0.6629572701596051,-0.6629572701596051,1,2,-1,natural,2025-07-19 17:36:573
Nurse_S._viscosa,A,-2.5605296272359666,-2.5605296272359666,1,2,-1,restoration,2025-07-19 17:36:563
Nurse_G._struthium,A,-1.7119291063615634,-1.7119291063615634,1,2,-1,restoration,2025-07-19 17:36:563
H._squamatum,A,-4.690610068096857,-4.690610068096857,1,2,-1,restoration,2025-07-19 17:36:563
S._viscosa,A,-4.37036817185609,-4.37036817185609,1,2,-1,restoration,2025-07-19 17:36:563
C._hispanica,A,-7.6098956414000245,-7.6098956414000245,1,2,-1,restoration,2025-07-19 17:36:563
G._struthium,A,-0.8186652315560617,-0.8186652315560617,1,2,-1,restoration,2025-07-19 17:36:563
S._sediforme,A,-3.7019842547876665,-3.7019842547876665,1,2,-1,restoration,2025-07-19 17:36:563
H._syriacum,A,-4.813830935694529,-4.813830935694529,1,2,-1,restoration,2025-07-19 17:36:563
Other_species,A,-2.7837911046073276,-2.7837911046073276,1,2,-1,restoration,2025-07-19 17:36:563
Nurse_S._viscosa,A,-0.8419290232238223,-0.8419290232238223,1,2,-1,natural,2025-07-19 17:36:563
Nurse_G._struthium,A,-2.2725676947134543,-2.2725676947134543,1,2,-1,natural,2025-07-19 17:36:563
H._squamatum,A,-1.563181154464945,-1.563181154464945,1,2,-1,natural,2025-07-19 17:36:563
S._viscosa,A,-2.533580359784958,-2.533580359784958,1,2,-1,natural,2025-07-19 17:36:563
C._hispanica,A,-2.7128786746598648,-2.7128786746598648,1,2,-1,natural,2025-07-19 17:36:563
G._struthium,A,-4.631352733016922,-4.631352733016922,1,2,-1,natural,2025-07-19 17:36:563
S._sediforme,A,-2.9965892015191122,-2.9965892015191122,1,2,-1,natural,2025-07-19 17:36:563
H._syriacum,A,-3.45084372846574,-3.45084372846574,1,2,-1,natural,2025-07-19 17:36:563
Other_species,A,-0.8026309340660129,-0.8026309340660129,1,2,-1,natural,2025-07-19 17:36:563
Nurse_S._viscosa,A,-3.708302201668013,-3.708302201668013,1,2,-1,restoration,2025-07-19 17:36:563
Nurse_G._struthium,A,-2.2106310599205834,-2.2106310599205834,1,2,-1,restoration,2025-07-19 17:36:563
H._squamatum,A,-4.490801148194152,-4.490801148194152,1,2,-1,restoration,2025-07-19 17:36:563
S._viscosa,A,-4.1945151711870325,-4.1945151711870325,1,2,-1,restoration,2025-07-19 17:36:563
C._hispanica,A,-6.04280607046167,-6.04280607046167,1,2,-1,restoration,2025-07-19 17:36:563
G._struthium,A,-1.0916705272101035,-1.0916705272101035,1,2,-1,restoration,2025-07-19 17:36:563
S._sediforme,A,-3.8125850129485,-3.8125850129485,1,2,-1,restoration,2025-07-19 17:36:563
H._syriacum,A,-4.911589383379278,-4.911589383379278,1,2,-1,restoration,2025-07-19 17:36:563
Other_species,A,-2.8096308302822126,-2.8096308302822126,1,2,-1,restoration,2025-07-19 17:36:563
Nurse_S._viscosa,A,-0.7589805101151973,-0.7589805101151973,1,2,-1,natural,2025-07-19 17:36:563
Nurse_G._struthium,A,-2.234773045608483,-2.234773045608483,1,2,-1,natural,2025-07-19 17:36:563
H._squamatum,A,-1.7331952149035121,-1.7331952149035121,1,2,-1,natural,2025-07-19 17:36:563
S._viscosa,A,-2.24527398707897,-2.24527398707897,1,2,-1,natural,2025-07-19 17:36:563
C._hispanica,A,-2.4778538666122243,-2.4778538666122243,1,2,-1,natural,2025-07-19 17:36:563
G._struthium,A,-4.595396404083943,-4.595396404083943,1,2,-1,natural,2025-07-19 17:36:563
S._sediforme,A,-3.4137473675683014,-3.4137473675683014,1,2,-1,natural,2025-07-19 17:36:563
H._syriacum,A,-3.5485283660828304,-3.5485283660828304,1,2,-1,natural,2025-07-19 17:36:563
Other_species,A,-0.543878284083872,-0.543878284083872,1,2,-1,natural,2025-07-19 17:36:563
Nurse_S._viscosa,A,-2.833335925049496,-2.833335925049496,1,2,-1,restoration,2025-07-19 17:36:553
Nurse_G._struthium,A,-2.082377824081405,-2.082377824081405,1,2,-1,restoration,2025-07-19 17:36:553
H._squamatum,A,-4.146706072836542,-4.146706072836542,1,2,-1,restoration,2025-07-19 17:36:553
S._viscosa,A,-4.2090196515413885,-4.2090196515413885,1,2,-1,restoration,2025-07-19 17:36:553
C._hispanica,A,-4.25365978272326,-4.25365978272326,1,2,-1,restoration,2025-07-19 17:36:553
G._struthium,A,-0.6706602785386049,-0.6706602785386049,1,2,-1,restoration,2025-07-19 17:36:553
S._sediforme,A,-3.7384522471543846,-3.7384522471543846,1,2,-1,restoration,2025-07-19 17:36:553
H._syriacum,A,-4.471011678892707,-4.471011678892707,1,2,-1,restoration,2025-07-19 17:36:553
Other_species,A,-2.8390660296718924,-2.8390660296718924,1,2,-1,restoration,2025-07-19 17:36:553
Nurse_S._viscosa,A,-0.8871789803316634,-0.8871789803316634,1,2,-1,natural,2025-07-19 17:36:553
Nurse_G._struthium,A,-2.014096597827756,-2.014096597827756,1,2,-1,natural,2025-07-19 17:36:553
H._squamatum,A,-1.57975739728251,-1.57975739728251,1,2,-1,natural,2025-07-19 17:36:553
S._viscosa,A,-2.515426059163387,-2.515426059163387,1,2,-1,natural,2025-07-19 17:36:553
C._hispanica,A,-2.678268860562962,-2.678268860562962,1,2,-1,natural,2025-07-19 17:36:553
G._struthium,A,-4.474975842559218,-4.474975842559218,1,2,-1,natural,2025-07-19 17:36:553
S._sediforme,A,-3.5425034468283703,-3.5425034468283703,1,2,-1,natural,2025-07-19 17:36:553
H._syriacum,A,-3.6620701918181147,-3.6620701918181147,1,2,-1,natural,2025-07-19 17:36:553
Other_species,A,-0.7893625767354905,-0.7893625767354905,1,2,-1,natural,2025-07-19 17:36:553
Nurse_S._viscosa,A,-1.9603739457957465,-1.9603739457957465,1,2,-1,restoration,2025-07-19 17:36:543
Nurse_G._struthium,A,-1.3176098510135998,-1.3176098510135998,1,2,-1,restoration,2025-07-19 17:36:543
H._squamatum,A,-4.103559661845661,-4.103559661845661,1,2,-1,restoration,2025-07-19 17:36:543
S._viscosa,A,-3.6188755171962153,-3.6188755171962153,1,2,-1,restoration,2025-07-19 17:36:543
C._hispanica,A,-5.4503687517687505,-5.4503687517687505,1,2,-1,restoration,2025-07-19 17:36:543
G._struthium,A,-0.2455815576110107,-0.2455815576110107,1,2,-1,restoration,2025-07-19 17:36:543
S._sediforme,A,-3.9461353380961532,-3.9461353380961532,1,2,-1,restoration,2025-07-19 17:36:543
H._syriacum,A,-3.268575225674535,-3.268575225674535,1,2,-1,restoration,2025-07-19 17:36:543
Other_species,A,-2.2705066157466276,-2.2705066157466276,1,2,-1,restoration,2025-07-19 17:36:543
Nurse_S._viscosa,A,-0.925096124686283,-0.925096124686283,1,2,-1,natural,2025-07-19 17:36:543
Nurse_G._struthium,A,-2.0940761842543374,-2.0940761842543374,1,2,-1,natural,2025-07-19 17:36:543
H._squamatum,A,-1.492810302189965,-1.492810302189965,1,2,-1,natural,2025-07-19 17:36:543
S._viscosa,A,-2.638080925503514,-2.638080925503514,1,2,-1,natural,2025-07-19 17:36:543
C._hispanica,A,-2.5403712719611624,-2.5403712719611624,1,2,-1,natural,2025-07-19 17:36:543
G._struthium,A,-4.250437283793214,-4.250437283793214,1,2,-1,natural,2025-07-19 17:36:543
S._sediforme,A,-2.5346801158458834,-2.5346801158458834,1,2,-1,natural,2025-07-19 17:36:543
H._syriacum,A,-3.0961260308409417,-3.0961260308409417,1,2,-1,natural,2025-07-19 17:36:543
Other_species,A,-0.6333706920274351,-0.6333706920274351,1,2,-1,natural,2025-07-19 17:36:543
Nurse_S._viscosa,A,-3.1520319700211865,-3.1520319700211865,1,2,-1,restoration,2025-07-19 17:36:543
Nurse_G._struthium,A,-2.229819941095893,-2.229819941095893,1,2,-1,restoration,2025-07-19 17:36:543
H._squamatum,A,-3.491885241578447,-3.491885241578447,1,2,-1,restoration,2025-07-19 17:36:543
S._viscosa,A,-4.9713375087876726,-4.9713375087876726,1,2,-1,restoration,2025-07-19 17:36:543
C._hispanica,A,-5.622617905452844,-5.622617905452844,1,2,-1,restoration,2025-07-19 17:36:543
G._struthium,A,-0.7694943174827307,-0.7694943174827307,1,2,-1,restoration,2025-07-19 17:36:543
S._sediforme,A,-3.8498014422319233,-3.8498014422319233,1,2,-1,restoration,2025-07-19 17:36:543
H._syriacum,A,-4.398453420249453,-4.398453420249453,1,2,-1,restoration,2025-07-19 17:36:543
Other_species,A,-3.1266121852478035,-3.1266121852478035,1,2,-1,restoration,2025-07-19 17:36:543
Nurse_S._viscosa,A,-0.92246671804267,-0.92246671804267,1,2,-1,natural,2025-07-19 17:36:543
Nurse_G._struthium,A,-2.0860997465333635,-2.0860997465333635,1,2,-1,natural,2025-07-19 17:36:543
H._squamatum,A,-1.5743015698803082,-1.5743015698803082,1,2,-1,natural,2025-07-19 17:36:543
S._viscosa,A,-2.5894212038724893,-2.5894212038724893,1,2,-1,natural,2025-07-19 17:36:543
C._hispanica,A,-2.4064879060678934,-2.4064879060678934,1,2,-1,natural,2025-07-19 17:36:543
G._struthium,A,-4.95027976398345,-4.95027976398345,1,2,-1,natural,2025-07-19 17:36:543
S._sediforme,A,-3.392334701866743,-3.392334701866743,1,2,-1,natural,2025-07-19 17:36:543
H._syriacum,A,-3.299139476275868,-3.299139476275868,1,2,-1,natural,2025-07-19 17:36:543
Other_species,A,-0.7423138487983202,-0.7423138487983202,1,2,-1,natural,2025-07-19 17:36:543
Nurse_S._viscosa,A,-2.19115728376198,-2.19115728376198,1,2,-1,restoration,2025-07-19 17:36:533
Nurse_G._struthium,A,-1.5781198292335223,-1.5781198292335223,1,2,-1,restoration,2025-07-19 17:36:533
H._squamatum,A,-4.462456910345127,-4.462456910345127,1,2,-1,restoration,2025-07-19 17:36:533
S._viscosa,A,-4.6665522743256895,-4.6665522743256895,1,2,-1,restoration,2025-07-19 17:36:533
C._hispanica,A,-7.441307029304234,-7.441307029304234,1,2,-1,restoration,2025-07-19 17:36:533
G._struthium,A,-0.5287378032724565,-0.5287378032724565,1,2,-1,restoration,2025-07-19 17:36:533
S._sediforme,A,-3.4673584210011112,-3.4673584210011112,1,2,-1,restoration,2025-07-19 17:36:533
H._syriacum,A,-4.852640624246788,-4.852640624246788,1,2,-1,restoration,2025-07-19 17:36:533
Other_species,A,-2.430084657769823,-2.430084657769823,1,2,-1,restoration,2025-07-19 17:36:533
Nurse_S._viscosa,A,-0.8221268437871357,-0.8221268437871357,1,2,-1,natural,2025-07-19 17:36:533
Nurse_G._struthium,A,-2.4694075729681653,-2.4694075729681653,1,2,-1,natural,2025-07-19 17:36:533
H._squamatum,A,-1.722390247285487,-1.722390247285487,1,2,-1,natural,2025-07-19 17:36:533
S._viscosa,A,-2.288361004722483,-2.288361004722483,1,2,-1,natural,2025-07-19 17:36:533
C._hispanica,A,-2.709584582144217,-2.709584582144217,1,2,-1,natural,2025-07-19 17:36:533
G._struthium,A,-4.897742783060203,-4.897742783060203,1,2,-1,natural,2025-07-19 17:36:533
S._sediforme,A,-3.5578472291279857,-3.5578472291279857,1,2,-1,natural,2025-07-19 17:36:533
H._syriacum,A,-3.8704357791306023,-3.8704357791306023,1,2,-1,natural,2025-07-19 17:36:533
Other_species,A,-0.7916363652972775,-0.7916363652972775,1,2,-1,natural,2025-07-19 17:36:533
Nurse_S._viscosa,A,-2.612129227215676,-2.612129227215676,1,2,-1,restoration,2025-07-19 17:36:523
Nurse_G._struthium,A,-1.593658266784729,-1.593658266784729,1,2,-1,restoration,2025-07-19 17:36:523
H._squamatum,A,-4.05380977493651,-4.05380977493651,1,2,-1,restoration,2025-07-19 17:36:523
S._viscosa,A,-4.354558621760691,-4.354558621760691,1,2,-1,restoration,2025-07-19 17:36:523
C._hispanica,A,-6.398256524604048,-6.398256524604048,1,2,-1,restoration,2025-07-19 17:36:523
G._struthium,A,-0.7933405787195934,-0.7933405787195934,1,2,-1,restoration,2025-07-19 17:36:523
S._sediforme,A,-3.2362743449826534,-3.2362743449826534,1,2,-1,restoration,2025-07-19 17:36:523
H._syriacum,A,-5.849433188610268,-5.849433188610268,1,2,-1,restoration,2025-07-19 17:36:523
Other_species,A,-2.8686342499796535,-2.8686342499796535,1,2,-1,restoration,2025-07-19 17:36:523
Nurse_S._viscosa,A,-0.8669917506280018,-0.8669917506280018,1,2,-1,natural,2025-07-19 17:36:523
Nurse_G._struthium,A,-2.278463053857315,-2.278463053857315,1,2,-1,natural,2025-07-19 17:36:523
H._squamatum,A,-1.6564459458507774,-1.6564459458507774,1,2,-1,natural,2025-07-19 17:36:523
S._viscosa,A,-2.6853838516942528,-2.6853838516942528,1,2,-1,natural,2025-07-19 17:36:523
C._hispanica,A,-2.4078276621664934,-2.4078276621664934,1,2,-1,natural,2025-07-19 17:36:523
G._struthium,A,-4.402769592346234,-4.402769592346234,1,2,-1,natural,2025-07-19 17:36:523
S._sediforme,A,-3.0334034775409644,-3.0334034775409644,1,2,-1,natural,2025-07-19 17:36:523
H._syriacum,A,-3.521549241591969,-3.521549241591969,1,2,-1,natural,2025-07-19 17:36:523
Other_species,A,-0.7804444272647881,-0.7804444272647881,1,2,-1,natural,2025-07-19 17:36:523
Nurse_S._viscosa,A,-2.4458857338330504,-2.4458857338330504,1,2,-1,restoration,2025-07-19 17:36:513
Nurse_G._struthium,A,-1.7202448418986445,-1.7202448418986445,1,2,-1,restoration,2025-07-19 17:36:513
H._squamatum,A,-5.57498812819858,-5.57498812819858,1,2,-1,restoration,2025-07-19 17:36:513
S._viscosa,A,-4.057646228101407,-4.057646228101407,1,2,-1,restoration,2025-07-19 17:36:513
C._hispanica,A,-6.564838381291811,-6.564838381291811,1,2,-1,restoration,2025-07-19 17:36:513
G._struthium,A,-0.7348094488478001,-0.7348094488478001,1,2,-1,restoration,2025-07-19 17:36:513
S._sediforme,A,-4.712049458286495,-4.712049458286495,1,2,-1,restoration,2025-07-19 17:36:513
H._syriacum,A,-3.9716107968679335,-3.9716107968679335,1,2,-1,restoration,2025-07-19 17:36:513
Other_species,A,-2.3252895132142886,-2.3252895132142886,1,2,-1,restoration,2025-07-19 17:36:513
Nurse_S._viscosa,A,-0.9986159719441702,-0.9986159719441702,1,2,-1,natural,2025-07-19 17:36:513
Nurse_G._struthium,A,-1.9927535932768483,-1.9927535932768483,1,2,-1,natural,2025-07-19 17:36:513
H._squamatum,A,-1.866079801314986,-1.866079801314986,1,2,-1,natural,2025-07-19 17:36:513
S._viscosa,A,-2.492759535304977,-2.492759535304977,1,2,-1,natural,2025-07-19 17:36:513
C._hispanica,A,-2.2713813242848686,-2.2713813242848686,1,2,-1,natural,2025-07-19 17:36:513
G._struthium,A,-4.266032818190431,-4.266032818190431,1,2,-1,natural,2025-07-19 17:36:513
S._sediforme,A,-3.29372459301767,-3.29372459301767,1,2,-1,natural,2025-07-19 17:36:513
H._syriacum,A,-3.167355645337964,-3.167355645337964,1,2,-1,natural,2025-07-19 17:36:513
Other_species,A,-0.4587426639110956,-0.4587426639110956,1,2,-1,natural,2025-07-19 17:36:513
Nurse_S._viscosa,A,-2.290664154789133,-2.290664154789133,1,2,-1,restoration,2025-07-19 17:36:513
Nurse_G._struthium,A,-2.0454082907897284,-2.0454082907897284,1,2,-1,restoration,2025-07-19 17:36:513
H._squamatum,A,-4.059953305258185,-4.059953305258185,1,2,-1,restoration,2025-07-19 17:36:513
S._viscosa,A,-3.8328540389081267,-3.8328540389081267,1,2,-1,restoration,2025-07-19 17:36:513
C._hispanica,A,-7.553630404306401,-7.553630404306401,1,2,-1,restoration,2025-07-19 17:36:513
G._struthium,A,-0.9544788771279807,-0.9544788771279807,1,2,-1,restoration,2025-07-19 17:36:513
S._sediforme,A,-3.3220539017154205,-3.3220539017154205,1,2,-1,restoration,2025-07-19 17:36:513
H._syriacum,A,-4.549775597106903,-4.549775597106903,1,2,-1,restoration,2025-07-19 17:36:513
Other_species,A,-3.419200888053879,-3.419200888053879,1,2,-1,restoration,2025-07-19 17:36:513
Nurse_S._viscosa,A,-0.9167937709271566,-0.9167937709271566,1,2,-1,natural,2025-07-19 17:36:513
Nurse_G._struthium,A,-2.5596384459233756,-2.5596384459233756,1,2,-1,natural,2025-07-19 17:36:513
H._squamatum,A,-1.634060614994997,-1.634060614994997,1,2,-1,natural,2025-07-19 17:36:513
S._viscosa,A,-2.618107387533349,-2.618107387533349,1,2,-1,natural,2025-07-19 17:36:513
C._hispanica,A,-2.3997032723525322,-2.3997032723525322,1,2,-1,natural,2025-07-19 17:36:513
G._struthium,A,-4.438187278814607,-4.438187278814607,1,2,-1,natural,2025-07-19 17:36:513
S._sediforme,A,-3.4575859978554373,-3.4575859978554373,1,2,-1,natural,2025-07-19 17:36:513
H._syriacum,A,-3.459239031576038,-3.459239031576038,1,2,-1,natural,2025-07-19 17:36:513
Other_species,A,-0.9285045762343745,-0.9285045762343745,1,2,-1,natural,2025-07-19 17:36:513
Nurse_S._viscosa,A,-3.037987984343912,-3.037987984343912,1,2,-1,restoration,2025-07-19 17:36:503
Nurse_G._struthium,A,-1.4976813057795482,-1.4976813057795482,1,2,-1,restoration,2025-07-19 17:36:503
H._squamatum,A,-4.161692615430149,-4.161692615430149,1,2,-1,restoration,2025-07-19 17:36:503
S._viscosa,A,-5.531605773326704,-5.531605773326704,1,2,-1,restoration,2025-07-19 17:36:503
C._hispanica,A,-5.507575216737407,-5.507575216737407,1,2,-1,restoration,2025-07-19 17:36:503
G._struthium,A,-0.36650599939864165,-0.36650599939864165,1,2,-1,restoration,2025-07-19 17:36:503
S._sediforme,A,-4.197967554170634,-4.197967554170634,1,2,-1,restoration,2025-07-19 17:36:503
H._syriacum,A,-4.72942056975342,-4.72942056975342,1,2,-1,restoration,2025-07-19 17:36:503
Other_species,A,-2.778773248552124,-2.778773248552124,1,2,-1,restoration,2025-07-19 17:36:503
Nurse_S._viscosa,A,-0.7445566145849614,-0.7445566145849614,1,2,-1,natural,2025-07-19 17:36:503
Nurse_G._struthium,A,-2.204138730409323,-2.204138730409323,1,2,-1,natural,2025-07-19 17:36:503
H._squamatum,A,-1.6165995419764585,-1.6165995419764585,1,2,-1,natural,2025-07-19 17:36:503
S._viscosa,A,-2.6137111909727264,-2.6137111909727264,1,2,-1,natural,2025-07-19 17:36:503
C._hispanica,A,-2.2457598052948,-2.2457598052948,1,2,-1,natural,2025-07-19 17:36:503
G._struthium,A,-5.1854099842038766,-5.1854099842038766,1,2,-1,natural,2025-07-19 17:36:503
S._sediforme,A,-2.809261473960508,-2.809261473960508,1,2,-1,natural,2025-07-19 17:36:503
H._syriacum,A,-3.4168028166385622,-3.4168028166385622,1,2,-1,natural,2025-07-19 17:36:503
Other_species,A,-0.682368720143928,-0.682368720143928,1,2,-1,natural,2025-07-19 17:36:503
Nurse_S._viscosa,A,-1.7236372148170205,-1.7236372148170205,1,2,-1,restoration,2025-07-19 17:36:493
Nurse_G._struthium,A,-1.497968289768977,-1.497968289768977,1,2,-1,restoration,2025-07-19 17:36:493
H._squamatum,A,-4.853343513165929,-4.853343513165929,1,2,-1,restoration,2025-07-19 17:36:493
S._viscosa,A,-4.258575334935152,-4.258575334935152,1,2,-1,restoration,2025-07-19 17:36:493
C._hispanica,A,-6.633604636352041,-6.633604636352041,1,2,-1,restoration,2025-07-19 17:36:493
G._struthium,A,-0.3853078792382984,-0.3853078792382984,1,2,-1,restoration,2025-07-19 17:36:493
S._sediforme,A,-3.0979694114961087,-3.0979694114961087,1,2,-1,restoration,2025-07-19 17:36:493
H._syriacum,A,-4.331569203084687,-4.331569203084687,1,2,-1,restoration,2025-07-19 17:36:493
Other_species,A,-2.4203199867147682,-2.4203199867147682,1,2,-1,restoration,2025-07-19 17:36:493
Nurse_S._viscosa,A,-0.6083676342757587,-0.6083676342757587,1,2,-1,natural,2025-07-19 17:36:493
Nurse_G._struthium,A,-2.53880163054694,-2.53880163054694,1,2,-1,natural,2025-07-19 17:36:493
H._squamatum,A,-1.7405238744929632,-1.7405238744929632,1,2,-1,natural,2025-07-19 17:36:493
S._viscosa,A,-2.6808379097227277,-2.6808379097227277,1,2,-1,natural,2025-07-19 17:36:493
C._hispanica,A,-2.274634330220962,-2.274634330220962,1,2,-1,natural,2025-07-19 17:36:493
G._struthium,A,-3.9114705937034713,-3.9114705937034713,1,2,-1,natural,2025-07-19 17:36:493
S._sediforme,A,-3.4266099403120167,-3.4266099403120167,1,2,-1,natural,2025-07-19 17:36:493
H._syriacum,A,-3.5669364146500846,-3.5669364146500846,1,2,-1,natural,2025-07-19 17:36:493
Other_species,A,-0.7199450369297262,-0.7199450369297262,1,2,-1,natural,2025-07-19 17:36:493
Nurse_S._viscosa,A,-2.3282464319357294,-2.3282464319357294,1,2,-1,restoration,2025-07-19 17:36:493
Nurse_G._struthium,A,-1.3278360528188153,-1.3278360528188153,1,2,-1,restoration,2025-07-19 17:36:493
H._squamatum,A,-4.6792778559339805,-4.6792778559339805,1,2,-1,restoration,2025-07-19 17:36:493
S._viscosa,A,-3.718910031283629,-3.718910031283629,1,2,-1,restoration,2025-07-19 17:36:493
C._hispanica,A,-5.8058806719383895,-5.8058806719383895,1,2,-1,restoration,2025-07-19 17:36:493
G._struthium,A,-0.49208799084470367,-0.49208799084470367,1,2,-1,restoration,2025-07-19 17:36:493
S._sediforme,A,-3.7231174781460283,-3.7231174781460283,1,2,-1,restoration,2025-07-19 17:36:493
H._syriacum,A,-5.254186591598835,-5.254186591598835,1,2,-1,restoration,2025-07-19 17:36:493
Other_species,A,-2.4158503685858346,-2.4158503685858346,1,2,-1,restoration,2025-07-19 17:36:493
Nurse_S._viscosa,A,-1.0684577199266023,-1.0684577199266023,1,2,-1,natural,2025-07-19 17:36:493
Nurse_G._struthium,A,-2.272255617029622,-2.272255617029622,1,2,-1,natural,2025-07-19 17:36:493
H._squamatum,A,-1.8228971718146088,-1.8228971718146088,1,2,-1,natural,2025-07-19 17:36:493
S._viscosa,A,-2.3785077994785198,-2.3785077994785198,1,2,-1,natural,2025-07-19 17:36:493
C._hispanica,A,-2.3946725827068938,-2.3946725827068938,1,2,-1,natural,2025-07-19 17:36:493
G._struthium,A,-4.447782216488684,-4.447782216488684,1,2,-1,natural,2025-07-19 17:36:493
S._sediforme,A,-3.8592050112381564,-3.8592050112381564,1,2,-1,natural,2025-07-19 17:36:493
H._syriacum,A,-3.4083249814435477,-3.4083249814435477,1,2,-1,natural,2025-07-19 17:36:493
Other_species,A,-0.7789621555652874,-0.7789621555652874,1,2,-1,natural,2025-07-19 17:36:493
Nurse_S._viscosa,A,-2.2815388083196573,-2.2815388083196573,1,2,-1,restoration,2025-07-19 17:36:483
Nurse_G._struthium,A,-1.3918448317701948,-1.3918448317701948,1,2,-1,restoration,2025-07-19 17:36:483
H._squamatum,A,-4.323565779802375,-4.323565779802375,1,2,-1,restoration,2025-07-19 17:36:483
S._viscosa,A,-4.331285475004692,-4.331285475004692,1,2,-1,restoration,2025-07-19 17:36:483
C._hispanica,A,-5.631868916242186,-5.631868916242186,1,2,-1,restoration,2025-07-19 17:36:483
G._struthium,A,-0.710142317741131,-0.710142317741131,1,2,-1,restoration,2025-07-19 17:36:483
S._sediforme,A,-3.9844261302723303,-3.9844261302723303,1,2,-1,restoration,2025-07-19 17:36:483
H._syriacum,A,-5.123853239405019,-5.123853239405019,1,2,-1,restoration,2025-07-19 17:36:483
Other_species,A,-2.666853601151732,-2.666853601151732,1,2,-1,restoration,2025-07-19 17:36:483
Nurse_S._viscosa,A,-0.9379366233345643,-0.9379366233345643,1,2,-1,natural,2025-07-19 17:36:483
Nurse_G._struthium,A,-2.141359837975341,-2.141359837975341,1,2,-1,natural,2025-07-19 17:36:483
H._squamatum,A,-1.7896394043342096,-1.7896394043342096,1,2,-1,natural,2025-07-19 17:36:483
S._viscosa,A,-2.9164004502806113,-2.9164004502806113,1,2,-1,natural,2025-07-19 17:36:483
C._hispanica,A,-2.744682963532665,-2.744682963532665,1,2,-1,natural,2025-07-19 17:36:483
G._struthium,A,-4.1856753365146675,-4.1856753365146675,1,2,-1,natural,2025-07-19 17:36:483
S._sediforme,A,-3.625322350059469,-3.625322350059469,1,2,-1,natural,2025-07-19 17:36:483
H._syriacum,A,-3.226218170938885,-3.226218170938885,1,2,-1,natural,2025-07-19 17:36:483
Other_species,A,-0.9470738148574149,-0.9470738148574149,1,2,-1,natural,2025-07-19 17:36:483
Nurse_S._viscosa,A,-3.799474115380152,-3.799474115380152,1,2,-1,restoration,2025-07-19 17:36:473
Nurse_G._struthium,A,-1.8579586931778629,-1.8579586931778629,1,2,-1,restoration,2025-07-19 17:36:473
H._squamatum,A,-5.324822505064698,-5.324822505064698,1,2,-1,restoration,2025-07-19 17:36:473
S._viscosa,A,-3.6016040198889385,-3.6016040198889385,1,2,-1,restoration,2025-07-19 17:36:473
C._hispanica,A,-5.507049337289768,-5.507049337289768,1,2,-1,restoration,2025-07-19 17:36:473
G._struthium,A,-1.267304570375953,-1.267304570375953,1,2,-1,restoration,2025-07-19 17:36:473
S._sediforme,A,-4.775849936167137,-4.775849936167137,1,2,-1,restoration,2025-07-19 17:36:473
H._syriacum,A,-4.0453369487757085,-4.0453369487757085,1,2,-1,restoration,2025-07-19 17:36:473
Other_species,A,-2.8701778037431542,-2.8701778037431542,1,2,-1,restoration,2025-07-19 17:36:473
Nurse_S._viscosa,A,-1.174771850441217,-1.174771850441217,1,2,-1,natural,2025-07-19 17:36:473
Nurse_G._struthium,A,-2.4047813334170387,-2.4047813334170387,1,2,-1,natural,2025-07-19 17:36:473
H._squamatum,A,-2.03754983293971,-2.03754983293971,1,2,-1,natural,2025-07-19 17:36:473
S._viscosa,A,-2.6317624095139402,-2.6317624095139402,1,2,-1,natural,2025-07-19 17:36:473
C._hispanica,A,-2.562378084096653,-2.562378084096653,1,2,-1,natural,2025-07-19 17:36:473
G._struthium,A,-4.812286127059272,-4.812286127059272,1,2,-1,natural,2025-07-19 17:36:473
S._sediforme,A,-3.3914462373300416,-3.3914462373300416,1,2,-1,natural,2025-07-19 17:36:473
H._syriacum,A,-3.2761884909396963,-3.2761884909396963,1,2,-1,natural,2025-07-19 17:36:473
Other_species,A,-0.9782183648301778,-0.9782183648301778,1,2,-1,natural,2025-07-19 17:36:473
Nurse_S._viscosa,A,-2.8372109398518455,-2.8372109398518455,1,2,-1,restoration,2025-07-19 17:36:473
Nurse_G._struthium,A,-1.904505293307028,-1.904505293307028,1,2,-1,restoration,2025-07-19 17:36:473
H._squamatum,A,-4.26560573725014,-4.26560573725014,1,2,-1,restoration,2025-07-19 17:36:473
S._viscosa,A,-4.4357909272970915,-4.4357909272970915,1,2,-1,restoration,2025-07-19 17:36:473
C._hispanica,A,-5.094068675015846,-5.094068675015846,1,2,-1,restoration,2025-07-19 17:36:473
G._struthium,A,-0.9034948212767633,-0.9034948212767633,1,2,-1,restoration,2025-07-19 17:36:473
S._sediforme,A,-4.876773601456274,-4.876773601456274,1,2,-1,restoration,2025-07-19 17:36:473
H._syriacum,A,-5.088926361709928,-5.088926361709928,1,2,-1,restoration,2025-07-19 17:36:473
Other_species,A,-2.919069616693226,-2.919069616693226,1,2,-1,restoration,2025-07-19 17:36:473
Nurse_S._viscosa,A,-0.704370220350002,-0.704370220350002,1,2,-1,natural,2025-07-19 17:36:473
Nurse_G._struthium,A,-2.1516613287220605,-2.1516613287220605,1,2,-1,natural,2025-07-19 17:36:473
H._squamatum,A,-1.6765109967818235,-1.6765109967818235,1,2,-1,natural,2025-07-19 17:36:473
S._viscosa,A,-2.305154410905512,-2.305154410905512,1,2,-1,natural,2025-07-19 17:36:473
C._hispanica,A,-2.3977966812707083,-2.3977966812707083,1,2,-1,natural,2025-07-19 17:36:473
G._struthium,A,-3.95999482873915,-3.95999482873915,1,2,-1,natural,2025-07-19 17:36:473
S._sediforme,A,-3.5445523854139354,-3.5445523854139354,1,2,-1,natural,2025-07-19 17:36:473
H._syriacum,A,-3.46570291874988,-3.46570291874988,1,2,-1,natural,2025-07-19 17:36:473
Other_species,A,-0.49793567547362505,-0.49793567547362505,1,2,-1,natural,2025-07-19 17:36:473
Nurse_S._viscosa,A,-3.183443973119178,-3.183443973119178,1,2,-1,restoration,2025-07-19 17:36:463
Nurse_G._struthium,A,-3.293755446886698,-3.293755446886698,1,2,-1,restoration,2025-07-19 17:36:463
H._squamatum,A,-5.5078566104435245,-5.5078566104435245,1,2,-1,restoration,2025-07-19 17:36:463
S._viscosa,A,-4.014671556600164,-4.014671556600164,1,2,-1,restoration,2025-07-19 17:36:463
C._hispanica,A,-8.294416015055633,-8.294416015055633,1,2,-1,restoration,2025-07-19 17:36:463
G._struthium,A,-1.814610160363586,-1.814610160363586,1,2,-1,restoration,2025-07-19 17:36:463
S._sediforme,A,-3.498905088472572,-3.498905088472572,1,2,-1,restoration,2025-07-19 17:36:463
H._syriacum,A,-6.862416642895318,-6.862416642895318,1,2,-1,restoration,2025-07-19 17:36:463
Other_species,A,-3.0269378218803698,-3.0269378218803698,1,2,-1,restoration,2025-07-19 17:36:463
Nurse_S._viscosa,A,-1.0181211456639947,-1.0181211456639947,1,2,-1,natural,2025-07-19 17:36:463
Nurse_G._struthium,A,-2.2393785454953155,-2.2393785454953155,1,2,-1,natural,2025-07-19 17:36:463
H._squamatum,A,-1.6409297878781561,-1.6409297878781561,1,2,-1,natural,2025-07-19 17:36:463
S._viscosa,A,-2.777018230251606,-2.777018230251606,1,2,-1,natural,2025-07-19 17:36:463
C._hispanica,A,-2.3478521614198438,-2.3478521614198438,1,2,-1,natural,2025-07-19 17:36:463
G._struthium,A,-5.265557776083198,-5.265557776083198,1,2,-1,natural,2025-07-19 17:36:463
S._sediforme,A,-2.6813199987580183,-2.6813199987580183,1,2,-1,natural,2025-07-19 17:36:463
H._syriacum,A,-3.522239977099345,-3.522239977099345,1,2,-1,natural,2025-07-19 17:36:463
Other_species,A,-0.7484087824353491,-0.7484087824353491,1,2,-1,natural,2025-07-19 17:36:463
Nurse_S._viscosa,A,-2.90932776811268,-2.90932776811268,1,2,-1,restoration,2025-07-19 17:36:453
Nurse_G._struthium,A,-2.112863551381559,-2.112863551381559,1,2,-1,restoration,2025-07-19 17:36:453
H._squamatum,A,-4.70613804522394,-4.70613804522394,1,2,-1,restoration,2025-07-19 17:36:453
S._viscosa,A,-5.325543411446936,-5.325543411446936,1,2,-1,restoration,2025-07-19 17:36:453
C._hispanica,A,-6.823849401758427,-6.823849401758427,1,2,-1,restoration,2025-07-19 17:36:453
G._struthium,A,-1.1297941473013526,-1.1297941473013526,1,2,-1,restoration,2025-07-19 17:36:453
S._sediforme,A,-4.200727327285555,-4.200727327285555,1,2,-1,restoration,2025-07-19 17:36:453
H._syriacum,A,-5.2417026950180565,-5.2417026950180565,1,2,-1,restoration,2025-07-19 17:36:453
Other_species,A,-2.9894610121304592,-2.9894610121304592,1,2,-1,restoration,2025-07-19 17:36:453
Nurse_S._viscosa,A,-0.677800693181315,-0.677800693181315,1,2,-1,natural,2025-07-19 17:36:453
Nurse_G._struthium,A,-2.107958439662052,-2.107958439662052,1,2,-1,natural,2025-07-19 17:36:453
H._squamatum,A,-1.3164677465071914,-1.3164677465071914,1,2,-1,natural,2025-07-19 17:36:453
S._viscosa,A,-2.592217181921313,-2.592217181921313,1,2,-1,natural,2025-07-19 17:36:453
C._hispanica,A,-2.3788623552307198,-2.3788623552307198,1,2,-1,natural,2025-07-19 17:36:453
G._struthium,A,-4.171399785824824,-4.171399785824824,1,2,-1,natural,2025-07-19 17:36:453
S._sediforme,A,-3.231051921316508,-3.231051921316508,1,2,-1,natural,2025-07-19 17:36:453
H._syriacum,A,-3.8193689741405183,-3.8193689741405183,1,2,-1,natural,2025-07-19 17:36:453
Other_species,A,-0.7761014369883097,-0.7761014369883097,1,2,-1,natural,2025-07-19 17:36:453
Nurse_S._viscosa,A,-2.876118392771263,-2.876118392771263,1,2,-1,restoration,2025-07-19 17:36:443
Nurse_G._struthium,A,-1.8338357150229154,-1.8338357150229154,1,2,-1,restoration,2025-07-19 17:36:443
H._squamatum,A,-3.8908115361031803,-3.8908115361031803,1,2,-1,restoration,2025-07-19 17:36:443
S._viscosa,A,-4.3464184255802385,-4.3464184255802385,1,2,-1,restoration,2025-07-19 17:36:443
C._hispanica,A,-5.3953914123342015,-5.3953914123342015,1,2,-1,restoration,2025-07-19 17:36:443
G._struthium,A,-0.7098691867765393,-0.7098691867765393,1,2,-1,restoration,2025-07-19 17:36:443
S._sediforme,A,-4.346412511641595,-4.346412511641595,1,2,-1,restoration,2025-07-19 17:36:443
H._syriacum,A,-4.5146644446381865,-4.5146644446381865,1,2,-1,restoration,2025-07-19 17:36:443
Other_species,A,-2.0878777304334895,-2.0878777304334895,1,2,-1,restoration,2025-07-19 17:36:443
Nurse_S._viscosa,A,-1.0184642384651834,-1.0184642384651834,1,2,-1,natural,2025-07-19 17:36:443
Nurse_G._struthium,A,-2.1731799753214918,-2.1731799753214918,1,2,-1,natural,2025-07-19 17:36:443
H._squamatum,A,-1.9218185616491672,-1.9218185616491672,1,2,-1,natural,2025-07-19 17:36:443
S._viscosa,A,-2.3873405631819393,-2.3873405631819393,1,2,-1,natural,2025-07-19 17:36:443
C._hispanica,A,-2.74718766020702,-2.74718766020702,1,2,-1,natural,2025-07-19 17:36:443
G._struthium,A,-5.155828629655928,-5.155828629655928,1,2,-1,natural,2025-07-19 17:36:443
S._sediforme,A,-3.4346572044146337,-3.4346572044146337,1,2,-1,natural,2025-07-19 17:36:443
H._syriacum,A,-3.901876199211477,-3.901876199211477,1,2,-1,natural,2025-07-19 17:36:443
Other_species,A,-0.7928003893943459,-0.7928003893943459,1,2,-1,natural,2025-07-19 17:36:443
Nurse_S._viscosa,A,-2.4359885582502114,-2.4359885582502114,1,2,-1,restoration,2025-07-19 17:36:443
Nurse_G._struthium,A,-2.2532494696375727,-2.2532494696375727,1,2,-1,restoration,2025-07-19 17:36:443
H._squamatum,A,-5.046079711105119,-5.046079711105119,1,2,-1,restoration,2025-07-19 17:36:443
S._viscosa,A,-4.299912472379834,-4.299912472379834,1,2,-1,restoration,2025-07-19 17:36:443
C._hispanica,A,-5.84076789599585,-5.84076789599585,1,2,-1,restoration,2025-07-19 17:36:443
G._struthium,A,-1.2829599028282523,-1.2829599028282523,1,2,-1,restoration,2025-07-19 17:36:443
S._sediforme,A,-4.146399550918778,-4.146399550918778,1,2,-1,restoration,2025-07-19 17:36:443
H._syriacum,A,-5.234749477321323,-5.234749477321323,1,2,-1,restoration,2025-07-19 17:36:443
Other_species,A,-3.0773107670939437,-3.0773107670939437,1,2,-1,restoration,2025-07-19 17:36:443
Nurse_S._viscosa,A,-1.2181199899823074,-1.2181199899823074,1,2,-1,natural,2025-07-19 17:36:443
Nurse_G._struthium,A,-2.2506742522706826,-2.2506742522706826,1,2,-1,natural,2025-07-19 17:36:443
H._squamatum,A,-1.8702074695952597,-1.8702074695952597,1,2,-1,natural,2025-07-19 17:36:443
S._viscosa,A,-2.601662233909184,-2.601662233909184,1,2,-1,natural,2025-07-19 17:36:443
C._hispanica,A,-2.6013752740054303,-2.6013752740054303,1,2,-1,natural,2025-07-19 17:36:443
G._struthium,A,-4.852668402197572,-4.852668402197572,1,2,-1,natural,2025-07-19 17:36:443
S._sediforme,A,-3.539313266147809,-3.539313266147809,1,2,-1,natural,2025-07-19 17:36:443
H._syriacum,A,-3.789355855243256,-3.789355855243256,1,2,-1,natural,2025-07-19 17:36:443
Other_species,A,-0.8325125054451469,-0.8325125054451469,1,2,-1,natural,2025-07-19 17:36:443
Nurse_S._viscosa,A,-3.47042551714681,-3.47042551714681,1,2,-1,restoration,2025-07-19 17:36:433
Nurse_G._struthium,A,-1.4503711400866373,-1.4503711400866373,1,2,-1,restoration,2025-07-19 17:36:433
H._squamatum,A,-4.749112939123815,-4.749112939123815,1,2,-1,restoration,2025-07-19 17:36:433
S._viscosa,A,-4.44791991924017,-4.44791991924017,1,2,-1,restoration,2025-07-19 17:36:433
C._hispanica,A,-5.286606305457988,-5.286606305457988,1,2,-1,restoration,2025-07-19 17:36:433
G._struthium,A,-0.7725500168104676,-0.7725500168104676,1,2,-1,restoration,2025-07-19 17:36:433
S._sediforme,A,-3.9584350362622875,-3.9584350362622875,1,2,-1,restoration,2025-07-19 17:36:433
H._syriacum,A,-4.182782973422787,-4.182782973422787,1,2,-1,restoration,2025-07-19 17:36:433
Other_species,A,-2.9280704991302633,-2.9280704991302633,1,2,-1,restoration,2025-07-19 17:36:433
Nurse_S._viscosa,A,-1.0664843337615943,-1.0664843337615943,1,2,-1,natural,2025-07-19 17:36:433
Nurse_G._struthium,A,-2.1109080928133443,-2.1109080928133443,1,2,-1,natural,2025-07-19 17:36:433
H._squamatum,A,-1.740635493626387,-1.740635493626387,1,2,-1,natural,2025-07-19 17:36:433
S._viscosa,A,-2.4349910832047654,-2.4349910832047654,1,2,-1,natural,2025-07-19 17:36:433
C._hispanica,A,-2.603234714870981,-2.603234714870981,1,2,-1,natural,2025-07-19 17:36:433
G._struthium,A,-4.366856798481657,-4.366856798481657,1,2,-1,natural,2025-07-19 17:36:433
S._sediforme,A,-3.383685284769237,-3.383685284769237,1,2,-1,natural,2025-07-19 17:36:433
H._syriacum,A,-3.742827744561749,-3.742827744561749,1,2,-1,natural,2025-07-19 17:36:433
Other_species,A,-0.7692541101552102,-0.7692541101552102,1,2,-1,natural,2025-07-19 17:36:433
Nurse_S._viscosa,A,-4.381529037590571,-4.381529037590571,1,2,-1,restoration,2025-07-19 17:36:433
Nurse_G._struthium,A,-2.4092667921332422,-2.4092667921332422,1,2,-1,restoration,2025-07-19 17:36:433
H._squamatum,A,-4.3378144708933215,-4.3378144708933215,1,2,-1,restoration,2025-07-19 17:36:433
S._viscosa,A,-5.010755252337096,-5.010755252337096,1,2,-1,restoration,2025-07-19 17:36:433
C._hispanica,A,-7.353032897377595,-7.353032897377595,1,2,-1,restoration,2025-07-19 17:36:433
G._struthium,A,-1.6001994639595756,-1.6001994639595756,1,2,-1,restoration,2025-07-19 17:36:433
S._sediforme,A,-5.002329156724035,-5.002329156724035,1,2,-1,restoration,2025-07-19 17:36:433
H._syriacum,A,-8.60488494087746,-8.60488494087746,1,2,-1,restoration,2025-07-19 17:36:433
Other_species,A,-3.064840423433829,-3.064840423433829,1,2,-1,restoration,2025-07-19 17:36:433
Nurse_S._viscosa,A,-0.8769222583870446,-0.8769222583870446,1,2,-1,natural,2025-07-19 17:36:433
Nurse_G._struthium,A,-1.9364955374220323,-1.9364955374220323,1,2,-1,natural,2025-07-19 17:36:433
H._squamatum,A,-1.6606784138958015,-1.6606784138958015,1,2,-1,natural,2025-07-19 17:36:433
S._viscosa,A,-2.5352276335104658,-2.5352276335104658,1,2,-1,natural,2025-07-19 17:36:433
C._hispanica,A,-2.451753399199963,-2.451753399199963,1,2,-1,natural,2025-07-19 17:36:433
G._struthium,A,-5.088287179484951,-5.088287179484951,1,2,-1,natural,2025-07-19 17:36:433
S._sediforme,A,-3.022572452893295,-3.022572452893295,1,2,-1,natural,2025-07-19 17:36:433
H._syriacum,A,-3.3680053796701706,-3.3680053796701706,1,2,-1,natural,2025-07-19 17:36:433
Other_species,A,-0.591996177281218,-0.591996177281218,1,2,-1,natural,2025-07-19 17:36:433
Nurse_S._viscosa,A,-2.3287278212067215,-2.3287278212067215,1,2,-1,restoration,2025-07-19 17:36:423
Nurse_G._struthium,A,-2.300067554774725,-2.300067554774725,1,2,-1,restoration,2025-07-19 17:36:423
H._squamatum,A,-4.207856453494663,-4.207856453494663,1,2,-1,restoration,2025-07-19 17:36:423
S._viscosa,A,-5.497313907648343,-5.497313907648343,1,2,-1,restoration,2025-07-19 17:36:423
C._hispanica,A,-6.040243907177182,-6.040243907177182,1,2,-1,restoration,2025-07-19 17:36:423
G._struthium,A,-0.4694178588024819,-0.4694178588024819,1,2,-1,restoration,2025-07-19 17:36:423
S._sediforme,A,-3.3840793938742584,-3.3840793938742584,1,2,-1,restoration,2025-07-19 17:36:423
H._syriacum,A,-4.650357723958554,-4.650357723958554,1,2,-1,restoration,2025-07-19 17:36:423
Other_species,A,-3.829479147223981,-3.829479147223981,1,2,-1,restoration,2025-07-19 17:36:423
Nurse_S._viscosa,A,-0.9641993595764164,-0.9641993595764164,1,2,-1,natural,2025-07-19 17:36:423
Nurse_G._struthium,A,-2.5563048398603105,-2.5563048398603105,1,2,-1,natural,2025-07-19 17:36:423
H._squamatum,A,-1.597269211916835,-1.597269211916835,1,2,-1,natural,2025-07-19 17:36:423
S._viscosa,A,-2.355870218721525,-2.355870218721525,1,2,-1,natural,2025-07-19 17:36:423
C._hispanica,A,-2.479121064649903,-2.479121064649903,1,2,-1,natural,2025-07-19 17:36:423
G._struthium,A,-4.646013061117546,-4.646013061117546,1,2,-1,natural,2025-07-19 17:36:423
S._sediforme,A,-3.6877811774551823,-3.6877811774551823,1,2,-1,natural,2025-07-19 17:36:423
H._syriacum,A,-4.007344403391481,-4.007344403391481,1,2,-1,natural,2025-07-19 17:36:423
Other_species,A,-0.9613628155503596,-0.9613628155503596,1,2,-1,natural,2025-07-19 17:36:423
Nurse_S._viscosa,A,-3.435446022849706,-3.435446022849706,1,2,-1,restoration,2025-07-19 17:36:413
Nurse_G._struthium,A,-2.031826612891857,-2.031826612891857,1,2,-1,restoration,2025-07-19 17:36:413
H._squamatum,A,-3.84860546686242,-3.84860546686242,1,2,-1,restoration,2025-07-19 17:36:413
S._viscosa,A,-4.165157946141304,-4.165157946141304,1,2,-1,restoration,2025-07-19 17:36:413
C._hispanica,A,-5.47638973490151,-5.47638973490151,1,2,-1,restoration,2025-07-19 17:36:413
G._struthium,A,-0.6250002291780574,-0.6250002291780574,1,2,-1,restoration,2025-07-19 17:36:413
S._sediforme,A,-4.107243825266396,-4.107243825266396,1,2,-1,restoration,2025-07-19 17:36:413
H._syriacum,A,-3.291198544628526,-3.291198544628526,1,2,-1,restoration,2025-07-19 17:36:413
Other_species,A,-3.026582964842244,-3.026582964842244,1,2,-1,restoration,2025-07-19 17:36:413
Nurse_S._viscosa,A,-0.9748446589742965,-0.9748446589742965,1,2,-1,natural,2025-07-19 17:36:413
Nurse_G._struthium,A,-2.291891138812512,-2.291891138812512,1,2,-1,natural,2025-07-19 17:36:413
H._squamatum,A,-1.7950099081410937,-1.7950099081410937,1,2,-1,natural,2025-07-19 17:36:413
S._viscosa,A,-2.4616291535709744,-2.4616291535709744,1,2,-1,natural,2025-07-19 17:36:413
C._hispanica,A,-2.5631943034700115,-2.5631943034700115,1,2,-1,natural,2025-07-19 17:36:413
G._struthium,A,-4.153707915017179,-4.153707915017179,1,2,-1,natural,2025-07-19 17:36:413
S._sediforme,A,-2.849231032406094,-2.849231032406094,1,2,-1,natural,2025-07-19 17:36:413
H._syriacum,A,-3.3288849304171673,-3.3288849304171673,1,2,-1,natural,2025-07-19 17:36:413
Other_species,A,-0.9074804367247705,-0.9074804367247705,1,2,-1,natural,2025-07-19 17:36:413
Nurse_S._viscosa,A,-3.118204280003256,-3.118204280003256,1,2,-1,restoration,2025-07-19 17:36:403
Nurse_G._struthium,A,-2.8200782276559706,-2.8200782276559706,1,2,-1,restoration,2025-07-19 17:36:403
H._squamatum,A,-4.171371833160673,-4.171371833160673,1,2,-1,restoration,2025-07-19 17:36:403
S._viscosa,A,-4.212434792258236,-4.212434792258236,1,2,-1,restoration,2025-07-19 17:36:403
C._hispanica,A,-5.520703263789279,-5.520703263789279,1,2,-1,restoration,2025-07-19 17:36:403
G._struthium,A,-1.484697642866344,-1.484697642866344,1,2,-1,restoration,2025-07-19 17:36:403
S._sediforme,A,-5.977611722624452,-5.977611722624452,1,2,-1,restoration,2025-07-19 17:36:403
H._syriacum,A,-3.87840612476997,-3.87840612476997,1,2,-1,restoration,2025-07-19 17:36:403
Other_species,A,-3.323665126201645,-3.323665126201645,1,2,-1,restoration,2025-07-19 17:36:403
Nurse_S._viscosa,A,-1.0394040212792495,-1.0394040212792495,1,2,-1,natural,2025-07-19 17:36:403
Nurse_G._struthium,A,-2.4666151262792027,-2.4666151262792027,1,2,-1,natural,2025-07-19 17:36:403
H._squamatum,A,-1.5719176614253834,-1.5719176614253834,1,2,-1,natural,2025-07-19 17:36:403
S._viscosa,A,-2.5792561679363604,-2.5792561679363604,1,2,-1,natural,2025-07-19 17:36:403
C._hispanica,A,-2.2912166474182842,-2.2912166474182842,1,2,-1,natural,2025-07-19 17:36:403
G._struthium,A,-3.9749796830713975,-3.9749796830713975,1,2,-1,natural,2025-07-19 17:36:403
S._sediforme,A,-3.3099299919030383,-3.3099299919030383,1,2,-1,natural,2025-07-19 17:36:403
H._syriacum,A,-3.8407534941376666,-3.8407534941376666,1,2,-1,natural,2025-07-19 17:36:403
Other_species,A,-0.8200637011574946,-0.8200637011574946,1,2,-1,natural,2025-07-19 17:36:403
Nurse_S._viscosa,A,-3.5033173807396025,-3.5033173807396025,1,2,-1,restoration,2025-07-19 17:36:393
Nurse_G._struthium,A,-2.179105945279541,-2.179105945279541,1,2,-1,restoration,2025-07-19 17:36:393
H._squamatum,A,-4.5834900456727725,-4.5834900456727725,1,2,-1,restoration,2025-07-19 17:36:393
S._viscosa,A,-3.684616429232881,-3.684616429232881,1,2,-1,restoration,2025-07-19 17:36:393
C._hispanica,A,-5.011130278973435,-5.011130278973435,1,2,-1,restoration,2025-07-19 17:36:393
G._struthium,A,-1.3988347674499668,-1.3988347674499668,1,2,-1,restoration,2025-07-19 17:36:393
S._sediforme,A,-4.330627199713022,-4.330627199713022,1,2,-1,restoration,2025-07-19 17:36:393
H._syriacum,A,-5.005942386318658,-5.005942386318658,1,2,-1,restoration,2025-07-19 17:36:393
Other_species,A,-2.998391512655895,-2.998391512655895,1,2,-1,restoration,2025-07-19 17:36:393
Nurse_S._viscosa,A,-0.9250231627532417,-0.9250231627532417,1,2,-1,natural,2025-07-19 17:36:393
Nurse_G._struthium,A,-2.483085444233868,-2.483085444233868,1,2,-1,natural,2025-07-19 17:36:393
H._squamatum,A,-1.5637072663022282,-1.5637072663022282,1,2,-1,natural,2025-07-19 17:36:393
S._viscosa,A,-2.5311099765135,-2.5311099765135,1,2,-1,natural,2025-07-19 17:36:393
C._hispanica,A,-2.546078238251975,-2.546078238251975,1,2,-1,natural,2025-07-19 17:36:393
G._struthium,A,-4.237536565417083,-4.237536565417083,1,2,-1,natural,2025-07-19 17:36:393
S._sediforme,A,-3.40579696232007,-3.40579696232007,1,2,-1,natural,2025-07-19 17:36:393
H._syriacum,A,-3.8181887133523764,-3.8181887133523764,1,2,-1,natural,2025-07-19 17:36:393
Other_species,A,-0.6820191708708303,-0.6820191708708303,1,2,-1,natural,2025-07-19 17:36:393
Nurse_S._viscosa,A,-4.052257206133485,-4.052257206133485,1,2,-1,restoration,2025-07-19 17:36:393
Nurse_G._struthium,A,-2.0105800857881717,-2.0105800857881717,1,2,-1,restoration,2025-07-19 17:36:393
H._squamatum,A,-4.392881183976862,-4.392881183976862,1,2,-1,restoration,2025-07-19 17:36:393
S._viscosa,A,-4.021022608365379,-4.021022608365379,1,2,-1,restoration,2025-07-19 17:36:393
C._hispanica,A,-5.1636932056401,-5.1636932056401,1,2,-1,restoration,2025-07-19 17:36:393
G._struthium,A,-1.1435521046882118,-1.1435521046882118,1,2,-1,restoration,2025-07-19 17:36:393
S._sediforme,A,-4.150838713183826,-4.150838713183826,1,2,-1,restoration,2025-07-19 17:36:393
H._syriacum,A,-3.874426802412819,-3.874426802412819,1,2,-1,restoration,2025-07-19 17:36:393
Other_species,A,-3.3354580380973724,-3.3354580380973724,1,2,-1,restoration,2025-07-19 17:36:393
Nurse_S._viscosa,A,-0.7168129694371691,-0.7168129694371691,1,2,-1,natural,2025-07-19 17:36:393
Nurse_G._struthium,A,-2.369822764289025,-2.369822764289025,1,2,-1,natural,2025-07-19 17:36:393
H._squamatum,A,-1.3751737641190815,-1.3751737641190815,1,2,-1,natural,2025-07-19 17:36:393
S._viscosa,A,-2.640353696915982,-2.640353696915982,1,2,-1,natural,2025-07-19 17:36:393
C._hispanica,A,-2.5292401256661687,-2.5292401256661687,1,2,-1,natural,2025-07-19 17:36:393
G._struthium,A,-3.612059637245174,-3.612059637245174,1,2,-1,natural,2025-07-19 17:36:393
S._sediforme,A,-3.3177001433828393,-3.3177001433828393,1,2,-1,natural,2025-07-19 17:36:393
H._syriacum,A,-3.4956314685881154,-3.4956314685881154,1,2,-1,natural,2025-07-19 17:36:393
Other_species,A,-0.712342031705693,-0.712342031705693,1,2,-1,natural,2025-07-19 17:36:393
Nurse_S._viscosa,A,-3.1920349296781607,-3.1920349296781607,1,2,-1,restoration,2025-07-19 17:36:383
Nurse_G._struthium,A,-2.750366848009325,-2.750366848009325,1,2,-1,restoration,2025-07-19 17:36:383
H._squamatum,A,-4.687304866779232,-4.687304866779232,1,2,-1,restoration,2025-07-19 17:36:383
S._viscosa,A,-3.9373262660442654,-3.9373262660442654,1,2,-1,restoration,2025-07-19 17:36:383
C._hispanica,A,-7.449089908972138,-7.449089908972138,1,2,-1,restoration,2025-07-19 17:36:383
G._struthium,A,-1.7989654956218863,-1.7989654956218863,1,2,-1,restoration,2025-07-19 17:36:383
S._sediforme,A,-4.259293781582793,-4.259293781582793,1,2,-1,restoration,2025-07-19 17:36:383
H._syriacum,A,-5.903841698205299,-5.903841698205299,1,2,-1,restoration,2025-07-19 17:36:383
Other_species,A,-3.291176875598238,-3.291176875598238,1,2,-1,restoration,2025-07-19 17:36:383
Nurse_S._viscosa,A,-1.0767215248411546,-1.0767215248411546,1,2,-1,natural,2025-07-19 17:36:383
Nurse_G._struthium,A,-2.4582817003730324,-2.4582817003730324,1,2,-1,natural,2025-07-19 17:36:383
H._squamatum,A,-1.6476070529114006,-1.6476070529114006,1,2,-1,natural,2025-07-19 17:36:383
S._viscosa,A,-2.8506856388746185,-2.8506856388746185,1,2,-1,natural,2025-07-19 17:36:383
C._hispanica,A,-2.6709909706547985,-2.6709909706547985,1,2,-1,natural,2025-07-19 17:36:383
G._struthium,A,-5.279580890374366,-5.279580890374366,1,2,-1,natural,2025-07-19 17:36:383
S._sediforme,A,-3.372694927257855,-3.372694927257855,1,2,-1,natural,2025-07-19 17:36:383
H._syriacum,A,-3.517294466334061,-3.517294466334061,1,2,-1,natural,2025-07-19 17:36:383
Other_species,A,-0.8457952505491715,-0.8457952505491715,1,2,-1,natural,2025-07-19 17:36:383
Nurse_S._viscosa,A,-3.105157901156844,-3.105157901156844,1,2,-1,restoration,2025-07-19 17:36:383
Nurse_G._struthium,A,-2.643102741038695,-2.643102741038695,1,2,-1,restoration,2025-07-19 17:36:383
H._squamatum,A,-4.03350672203243,-4.03350672203243,1,2,-1,restoration,2025-07-19 17:36:383
S._viscosa,A,-4.059976523543053,-4.059976523543053,1,2,-1,restoration,2025-07-19 17:36:383
C._hispanica,A,-7.4797856455078415,-7.4797856455078415,1,2,-1,restoration,2025-07-19 17:36:383
G._struthium,A,-1.3015197451583844,-1.3015197451583844,1,2,-1,restoration,2025-07-19 17:36:383
S._sediforme,A,-4.078556807177646,-4.078556807177646,1,2,-1,restoration,2025-07-19 17:36:383
H._syriacum,A,-4.836623562840627,-4.836623562840627,1,2,-1,restoration,2025-07-19 17:36:383
Other_species,A,-2.6596355369679636,-2.6596355369679636,1,2,-1,restoration,2025-07-19 17:36:383
Nurse_S._viscosa,A,-0.9342157054297655,-0.9342157054297655,1,2,-1,natural,2025-07-19 17:36:383
Nurse_G._struthium,A,-2.3293260266486877,-2.3293260266486877,1,2,-1,natural,2025-07-19 17:36:383
H._squamatum,A,-1.531137442148548,-1.531137442148548,1,2,-1,natural,2025-07-19 17:36:383
S._viscosa,A,-2.4732098419570154,-2.4732098419570154,1,2,-1,natural,2025-07-19 17:36:383
C._hispanica,A,-2.4165278623669666,-2.4165278623669666,1,2,-1,natural,2025-07-19 17:36:383
G._struthium,A,-4.355264469114668,-4.355264469114668,1,2,-1,natural,2025-07-19 17:36:383
S._sediforme,A,-3.014014452792324,-3.014014452792324,1,2,-1,natural,2025-07-19 17:36:383
H._syriacum,A,-3.4391422332804327,-3.4391422332804327,1,2,-1,natural,2025-07-19 17:36:383
Other_species,A,-0.9062306356629389,-0.9062306356629389,1,2,-1,natural,2025-07-19 17:36:383
Nurse_S._viscosa,A,-3.20753743967358,-3.20753743967358,1,2,-1,restoration,2025-07-19 17:36:373
Nurse_G._struthium,A,-1.9353223900127874,-1.9353223900127874,1,2,-1,restoration,2025-07-19 17:36:373
H._squamatum,A,-5.226407727105513,-5.226407727105513,1,2,-1,restoration,2025-07-19 17:36:373
S._viscosa,A,-4.607777266189608,-4.607777266189608,1,2,-1,restoration,2025-07-19 17:36:373
C._hispanica,A,-7.543752790229202,-7.543752790229202,1,2,-1,restoration,2025-07-19 17:36:373
G._struthium,A,-0.6525216509250972,-0.6525216509250972,1,2,-1,restoration,2025-07-19 17:36:373
S._sediforme,A,-3.3254387234516662,-3.3254387234516662,1,2,-1,restoration,2025-07-19 17:36:373
H._syriacum,A,-4.516257306788651,-4.516257306788651,1,2,-1,restoration,2025-07-19 17:36:373
Other_species,A,-3.060893123799586,-3.060893123799586,1,2,-1,restoration,2025-07-19 17:36:373
Nurse_S._viscosa,A,-1.1687485548713776,-1.1687485548713776,1,2,-1,natural,2025-07-19 17:36:373
Nurse_G._struthium,A,-2.066385278507366,-2.066385278507366,1,2,-1,natural,2025-07-19 17:36:373
H._squamatum,A,-1.7324849107466986,-1.7324849107466986,1,2,-1,natural,2025-07-19 17:36:373
S._viscosa,A,-2.5606166292352373,-2.5606166292352373,1,2,-1,natural,2025-07-19 17:36:373
C._hispanica,A,-2.702887710725694,-2.702887710725694,1,2,-1,natural,2025-07-19 17:36:373
G._struthium,A,-4.53179988005765,-4.53179988005765,1,2,-1,natural,2025-07-19 17:36:373
S._sediforme,A,-3.403667827676496,-3.403667827676496,1,2,-1,natural,2025-07-19 17:36:373
H._syriacum,A,-3.5072588937307336,-3.5072588937307336,1,2,-1,natural,2025-07-19 17:36:373
Other_species,A,-0.7376990898232207,-0.7376990898232207,1,2,-1,natural,2025-07-19 17:36:373
Nurse_S._viscosa,A,-3.0942292452036226,-3.0942292452036226,1,2,-1,restoration,2025-07-19 17:36:363
Nurse_G._struthium,A,-1.890938631607159,-1.890938631607159,1,2,-1,restoration,2025-07-19 17:36:363
H._squamatum,A,-5.278159074027286,-5.278159074027286,1,2,-1,restoration,2025-07-19 17:36:363
S._viscosa,A,-3.9334460168242087,-3.9334460168242087,1,2,-1,restoration,2025-07-19 17:36:363
C._hispanica,A,-6.954558252172033,-6.954558252172033,1,2,-1,restoration,2025-07-19 17:36:363
G._struthium,A,-0.9715675325663782,-0.9715675325663782,1,2,-1,restoration,2025-07-19 17:36:363
S._sediforme,A,-3.3425963022214735,-3.3425963022214735,1,2,-1,restoration,2025-07-19 17:36:363
H._syriacum,A,-6.854437305100492,-6.854437305100492,1,2,-1,restoration,2025-07-19 17:36:363
Other_species,A,-2.64013864490272,-2.64013864490272,1,2,-1,restoration,2025-07-19 17:36:363
Nurse_S._viscosa,A,-1.0505248218699248,-1.0505248218699248,1,2,-1,natural,2025-07-19 17:36:363
Nurse_G._struthium,A,-2.218322472933691,-2.218322472933691,1,2,-1,natural,2025-07-19 17:36:363
H._squamatum,A,-1.6083249870070584,-1.6083249870070584,1,2,-1,natural,2025-07-19 17:36:363
S._viscosa,A,-2.5519605132052936,-2.5519605132052936,1,2,-1,natural,2025-07-19 17:36:363
C._hispanica,A,-2.6363107945867927,-2.6363107945867927,1,2,-1,natural,2025-07-19 17:36:363
G._struthium,A,-5.63307160421822,-5.63307160421822,1,2,-1,natural,2025-07-19 17:36:363
S._sediforme,A,-3.026913762765495,-3.026913762765495,1,2,-1,natural,2025-07-19 17:36:363
H._syriacum,A,-3.3169759523929305,-3.3169759523929305,1,2,-1,natural,2025-07-19 17:36:363
Other_species,A,-1.0043072835375169,-1.0043072835375169,1,2,-1,natural,2025-07-19 17:36:363
Nurse_S._viscosa,A,-2.202925514001701,-2.202925514001701,1,2,-1,restoration,2025-07-19 17:36:353
Nurse_G._struthium,A,-1.4180116938660132,-1.4180116938660132,1,2,-1,restoration,2025-07-19 17:36:353
H._squamatum,A,-4.7847517086779074,-4.7847517086779074,1,2,-1,restoration,2025-07-19 17:36:353
S._viscosa,A,-4.61061196597178,-4.61061196597178,1,2,-1,restoration,2025-07-19 17:36:353
C._hispanica,A,-6.377079396260124,-6.377079396260124,1,2,-1,restoration,2025-07-19 17:36:353
G._struthium,A,-0.6419758986978396,-0.6419758986978396,1,2,-1,restoration,2025-07-19 17:36:353
S._sediforme,A,-3.8066244857555,-3.8066244857555,1,2,-1,restoration,2025-07-19 17:36:353
H._syriacum,A,-4.204111460675621,-4.204111460675621,1,2,-1,restoration,2025-07-19 17:36:353
Other_species,A,-3.01216740642883,-3.01216740642883,1,2,-1,restoration,2025-07-19 17:36:353
Nurse_S._viscosa,A,-0.8196185979957542,-0.8196185979957542,1,2,-1,natural,2025-07-19 17:36:353
Nurse_G._struthium,A,-2.1854241035780246,-2.1854241035780246,1,2,-1,natural,2025-07-19 17:36:353
H._squamatum,A,-1.583790757354773,-1.583790757354773,1,2,-1,natural,2025-07-19 17:36:353
S._viscosa,A,-2.5496253010952827,-2.5496253010952827,1,2,-1,natural,2025-07-19 17:36:353
C._hispanica,A,-2.536275044210558,-2.536275044210558,1,2,-1,natural,2025-07-19 17:36:353
G._struthium,A,-4.584144537014646,-4.584144537014646,1,2,-1,natural,2025-07-19 17:36:353
S._sediforme,A,-2.772278363203899,-2.772278363203899,1,2,-1,natural,2025-07-19 17:36:353
H._syriacum,A,-3.270904778173147,-3.270904778173147,1,2,-1,natural,2025-07-19 17:36:353
Other_species,A,-0.8476490045353523,-0.8476490045353523,1,2,-1,natural,2025-07-19 17:36:353
Nurse_S._viscosa,A,-3.3778357211751757,-3.3778357211751757,1,2,-1,restoration,2025-07-19 17:36:343
Nurse_G._struthium,A,-1.911191217952722,-1.911191217952722,1,2,-1,restoration,2025-07-19 17:36:343
H._squamatum,A,-3.9862230701350154,-3.9862230701350154,1,2,-1,restoration,2025-07-19 17:36:343
S._viscosa,A,-4.192268678536524,-4.192268678536524,1,2,-1,restoration,2025-07-19 17:36:343
C._hispanica,A,-6.108912928613344,-6.108912928613344,1,2,-1,restoration,2025-07-19 17:36:343
G._struthium,A,-1.275913939550764,-1.275913939550764,1,2,-1,restoration,2025-07-19 17:36:343
S._sediforme,A,-4.193977172022495,-4.193977172022495,1,2,-1,restoration,2025-07-19 17:36:343
H._syriacum,A,-4.831483735881382,-4.831483735881382,1,2,-1,restoration,2025-07-19 17:36:343
Other_species,A,-3.1108305846472963,-3.1108305846472963,1,2,-1,restoration,2025-07-19 17:36:343
Nurse_S._viscosa,A,-1.1504599128777282,-1.1504599128777282,1,2,-1,natural,2025-07-19 17:36:343
Nurse_G._struthium,A,-2.2915660827322095,-2.2915660827322095,1,2,-1,natural,2025-07-19 17:36:343
H._squamatum,A,-1.8620064161494485,-1.8620064161494485,1,2,-1,natural,2025-07-19 17:36:343
S._viscosa,A,-2.3606648839662046,-2.3606648839662046,1,2,-1,natural,2025-07-19 17:36:343
C._hispanica,A,-2.3669519462657775,-2.3669519462657775,1,2,-1,natural,2025-07-19 17:36:343
G._struthium,A,-4.876814112425756,-4.876814112425756,1,2,-1,natural,2025-07-19 17:36:343
S._sediforme,A,-3.4837331806052325,-3.4837331806052325,1,2,-1,natural,2025-07-19 17:36:343
H._syriacum,A,-3.6612279377636194,-3.6612279377636194,1,2,-1,natural,2025-07-19 17:36:343
Other_species,A,-0.8413683383710843,-0.8413683383710843,1,2,-1,natural,2025-07-19 17:36:343
Nurse_S._viscosa,A,-3.784488407748801,-3.784488407748801,1,2,-1,restoration,2025-07-19 17:36:343
Nurse_G._struthium,A,-2.185893612181178,-2.185893612181178,1,2,-1,restoration,2025-07-19 17:36:343
H._squamatum,A,-5.132767120626427,-5.132767120626427,1,2,-1,restoration,2025-07-19 17:36:343
S._viscosa,A,-4.81802605970961,-4.81802605970961,1,2,-1,restoration,2025-07-19 17:36:343
C._hispanica,A,-6.841173719092401,-6.841173719092401,1,2,-1,restoration,2025-07-19 17:36:343
G._struthium,A,-1.6953940170321238,-1.6953940170321238,1,2,-1,restoration,2025-07-19 17:36:343
S._sediforme,A,-5.217148566817524,-5.217148566817524,1,2,-1,restoration,2025-07-19 17:36:343
H._syriacum,A,-5.824115311101512,-5.824115311101512,1,2,-1,restoration,2025-07-19 17:36:343
Other_species,A,-3.0582922946524085,-3.0582922946524085,1,2,-1,restoration,2025-07-19 17:36:343
Nurse_S._viscosa,A,-0.9748332065619164,-0.9748332065619164,1,2,-1,natural,2025-07-19 17:36:343
Nurse_G._struthium,A,-2.4456082426904935,-2.4456082426904935,1,2,-1,natural,2025-07-19 17:36:343
H._squamatum,A,-1.7779115291312735,-1.7779115291312735,1,2,-1,natural,2025-07-19 17:36:343
S._viscosa,A,-2.587675331942548,-2.587675331942548,1,2,-1,natural,2025-07-19 17:36:343
C._hispanica,A,-2.3534720072475763,-2.3534720072475763,1,2,-1,natural,2025-07-19 17:36:343
G._struthium,A,-4.427864604476748,-4.427864604476748,1,2,-1,natural,2025-07-19 17:36:343
S._sediforme,A,-3.1695632084807768,-3.1695632084807768,1,2,-1,natural,2025-07-19 17:36:343
H._syriacum,A,-3.21117538482267,-3.21117538482267,1,2,-1,natural,2025-07-19 17:36:343
Other_species,A,-1.0944916141592569,-1.0944916141592569,1,2,-1,natural,2025-07-19 17:36:343
Nurse_S._viscosa,A,-2.5075977270219654,-2.5075977270219654,1,2,-1,restoration,2025-07-19 17:36:333
Nurse_G._struthium,A,-1.96377634245076,-1.96377634245076,1,2,-1,restoration,2025-07-19 17:36:333
H._squamatum,A,-3.866161441673348,-3.866161441673348,1,2,-1,restoration,2025-07-19 17:36:333
S._viscosa,A,-4.711764495227302,-4.711764495227302,1,2,-1,restoration,2025-07-19 17:36:333
C._hispanica,A,-7.1389865907619585,-7.1389865907619585,1,2,-1,restoration,2025-07-19 17:36:333
G._struthium,A,-0.6704933498202009,-0.6704933498202009,1,2,-1,restoration,2025-07-19 17:36:333
S._sediforme,A,-3.5403819716878995,-3.5403819716878995,1,2,-1,restoration,2025-07-19 17:36:333
H._syriacum,A,-3.9675825540901606,-3.9675825540901606,1,2,-1,restoration,2025-07-19 17:36:333
Other_species,A,-3.297557925730565,-3.297557925730565,1,2,-1,restoration,2025-07-19 17:36:333
Nurse_S._viscosa,A,-1.0227437781695747,-1.0227437781695747,1,2,-1,natural,2025-07-19 17:36:333
Nurse_G._struthium,A,-2.0919417138986978,-2.0919417138986978,1,2,-1,natural,2025-07-19 17:36:333
H._squamatum,A,-1.6623604559647323,-1.6623604559647323,1,2,-1,natural,2025-07-19 17:36:333
S._viscosa,A,-2.488739275200814,-2.488739275200814,1,2,-1,natural,2025-07-19 17:36:333
C._hispanica,A,-2.536687497649262,-2.536687497649262,1,2,-1,natural,2025-07-19 17:36:333
G._struthium,A,-4.402601787805991,-4.402601787805991,1,2,-1,natural,2025-07-19 17:36:333
S._sediforme,A,-3.358890359380604,-3.358890359380604,1,2,-1,natural,2025-07-19 17:36:333
H._syriacum,A,-3.3262187904476472,-3.3262187904476472,1,2,-1,natural,2025-07-19 17:36:333
Other_species,A,-0.8352459228792423,-0.8352459228792423,1,2,-1,natural,2025-07-19 17:36:333
Nurse_S._viscosa,A,-3.601760085800343,-3.601760085800343,1,2,-1,restoration,2025-07-19 17:36:323
Nurse_G._struthium,A,-2.320802905692521,-2.320802905692521,1,2,-1,restoration,2025-07-19 17:36:323
H._squamatum,A,-5.3568811199915904,-5.3568811199915904,1,2,-1,restoration,2025-07-19 17:36:323
S._viscosa,A,-5.581490090400097,-5.581490090400097,1,2,-1,restoration,2025-07-19 17:36:323
C._hispanica,A,-6.694521453614722,-6.694521453614722,1,2,-1,restoration,2025-07-19 17:36:323
G._struthium,A,-1.2813192392871233,-1.2813192392871233,1,2,-1,restoration,2025-07-19 17:36:323
S._sediforme,A,-3.6949736642101323,-3.6949736642101323,1,2,-1,restoration,2025-07-19 17:36:323
H._syriacum,A,-4.82849326738172,-4.82849326738172,1,2,-1,restoration,2025-07-19 17:36:323
Other_species,A,-3.286536630313196,-3.286536630313196,1,2,-1,restoration,2025-07-19 17:36:323
Nurse_S._viscosa,A,-0.9895326596951901,-0.9895326596951901,1,2,-1,natural,2025-07-19 17:36:323
Nurse_G._struthium,A,-2.2757064190721286,-2.2757064190721286,1,2,-1,natural,2025-07-19 17:36:323
H._squamatum,A,-1.542654598476235,-1.542654598476235,1,2,-1,natural,2025-07-19 17:36:323
S._viscosa,A,-2.77919723184546,-2.77919723184546,1,2,-1,natural,2025-07-19 17:36:323
C._hispanica,A,-2.2940528665259614,-2.2940528665259614,1,2,-1,natural,2025-07-19 17:36:323
G._struthium,A,-4.558368849080798,-4.558368849080798,1,2,-1,natural,2025-07-19 17:36:323
S._sediforme,A,-3.345310077896854,-3.345310077896854,1,2,-1,natural,2025-07-19 17:36:323
H._syriacum,A,-3.790543608967527,-3.790543608967527,1,2,-1,natural,2025-07-19 17:36:323
Other_species,A,-0.7180334574440492,-0.7180334574440492,1,2,-1,natural,2025-07-19 17:36:323
Nurse_S._viscosa,A,-2.708791111228237,-2.708791111228237,1,2,-1,restoration,2025-07-19 17:36:313
Nurse_G._struthium,A,-2.1372118098903026,-2.1372118098903026,1,2,-1,restoration,2025-07-19 17:36:313
H._squamatum,A,-5.231680337359904,-5.231680337359904,1,2,-1,restoration,2025-07-19 17:36:313
S._viscosa,A,-3.215841446132393,-3.215841446132393,1,2,-1,restoration,2025-07-19 17:36:313
C._hispanica,A,-6.1362463125418465,-6.1362463125418465,1,2,-1,restoration,2025-07-19 17:36:313
G._struthium,A,-0.8236558610813313,-0.8236558610813313,1,2,-1,restoration,2025-07-19 17:36:313
S._sediforme,A,-3.448268172975007,-3.448268172975007,1,2,-1,restoration,2025-07-19 17:36:313
H._syriacum,A,-3.8354465292903615,-3.8354465292903615,1,2,-1,restoration,2025-07-19 17:36:313
Other_species,A,-2.811262274669764,-2.811262274669764,1,2,-1,restoration,2025-07-19 17:36:313
Nurse_S._viscosa,A,-0.9706619032190127,-0.9706619032190127,1,2,-1,natural,2025-07-19 17:36:313
Nurse_G._struthium,A,-2.4453657335672054,-2.4453657335672054,1,2,-1,natural,2025-07-19 17:36:313
H._squamatum,A,-1.7653670903917242,-1.7653670903917242,1,2,-1,natural,2025-07-19 17:36:313
S._viscosa,A,-2.5068124749295624,-2.5068124749295624,1,2,-1,natural,2025-07-19 17:36:313
C._hispanica,A,-2.5694321807629317,-2.5694321807629317,1,2,-1,natural,2025-07-19 17:36:313
G._struthium,A,-4.24570022714482,-4.24570022714482,1,2,-1,natural,2025-07-19 17:36:313
S._sediforme,A,-3.1699423307674848,-3.1699423307674848,1,2,-1,natural,2025-07-19 17:36:313
H._syriacum,A,-3.131534370010772,-3.131534370010772,1,2,-1,natural,2025-07-19 17:36:313
Other_species,A,-0.6186361984568685,-0.6186361984568685,1,2,-1,natural,2025-07-19 17:36:313
Nurse_S._viscosa,A,-2.832188851305964,-2.832188851305964,1,2,-1,restoration,2025-07-19 17:36:303
Nurse_G._struthium,A,-2.5295388033175046,-2.5295388033175046,1,2,-1,restoration,2025-07-19 17:36:303
H._squamatum,A,-5.589397821532953,-5.589397821532953,1,2,-1,restoration,2025-07-19 17:36:303
S._viscosa,A,-3.789914177533707,-3.789914177533707,1,2,-1,restoration,2025-07-19 17:36:303
C._hispanica,A,-4.619659827053405,-4.619659827053405,1,2,-1,restoration,2025-07-19 17:36:303
G._struthium,A,-1.2567323373316655,-1.2567323373316655,1,2,-1,restoration,2025-07-19 17:36:303
S._sediforme,A,-4.033493105630748,-4.033493105630748,1,2,-1,restoration,2025-07-19 17:36:303
H._syriacum,A,-6.971287268521873,-6.971287268521873,1,2,-1,restoration,2025-07-19 17:36:303
Other_species,A,-2.8783111867839075,-2.8783111867839075,1,2,-1,restoration,2025-07-19 17:36:303
Nurse_S._viscosa,A,-1.0686958827562965,-1.0686958827562965,1,2,-1,natural,2025-07-19 17:36:303
Nurse_G._struthium,A,-2.4511457510449426,-2.4511457510449426,1,2,-1,natural,2025-07-19 17:36:303
H._squamatum,A,-1.7294432578677479,-1.7294432578677479,1,2,-1,natural,2025-07-19 17:36:303
S._viscosa,A,-2.619222028513949,-2.619222028513949,1,2,-1,natural,2025-07-19 17:36:303
C._hispanica,A,-2.3908319552158797,-2.3908319552158797,1,2,-1,natural,2025-07-19 17:36:303
G._struthium,A,-5.5295304298883785,-5.5295304298883785,1,2,-1,natural,2025-07-19 17:36:303
S._sediforme,A,-3.4685325736058137,-3.4685325736058137,1,2,-1,natural,2025-07-19 17:36:303
H._syriacum,A,-3.137613112434824,-3.137613112434824,1,2,-1,natural,2025-07-19 17:36:303
Other_species,A,-0.6832575808129288,-0.6832575808129288,1,2,-1,natural,2025-07-19 17:36:303
Nurse_S._viscosa,A,-3.1584408493994953,-3.1584408493994953,1,2,-1,restoration,2025-07-19 17:36:293
Nurse_G._struthium,A,-2.437372924346916,-2.437372924346916,1,2,-1,restoration,2025-07-19 17:36:293
H._squamatum,A,-4.974474077884103,-4.974474077884103,1,2,-1,restoration,2025-07-19 17:36:293
S._viscosa,A,-4.566375944015812,-4.566375944015812,1,2,-1,restoration,2025-07-19 17:36:293
C._hispanica,A,-6.10239937114265,-6.10239937114265,1,2,-1,restoration,2025-07-19 17:36:293
G._struthium,A,-1.2944854507080772,-1.2944854507080772,1,2,-1,restoration,2025-07-19 17:36:293
S._sediforme,A,-4.5979557835966185,-4.5979557835966185,1,2,-1,restoration,2025-07-19 17:36:293
H._syriacum,A,-4.199661970780888,-4.199661970780888,1,2,-1,restoration,2025-07-19 17:36:293
Other_species,A,-3.1567992469926582,-3.1567992469926582,1,2,-1,restoration,2025-07-19 17:36:293
Nurse_S._viscosa,A,-0.7429283945412879,-0.7429283945412879,1,2,-1,natural,2025-07-19 17:36:293
Nurse_G._struthium,A,-2.278594955228494,-2.278594955228494,1,2,-1,natural,2025-07-19 17:36:293
H._squamatum,A,-1.7242164194209542,-1.7242164194209542,1,2,-1,natural,2025-07-19 17:36:293
S._viscosa,A,-2.6328164287222253,-2.6328164287222253,1,2,-1,natural,2025-07-19 17:36:293
C._hispanica,A,-2.4816763415195453,-2.4816763415195453,1,2,-1,natural,2025-07-19 17:36:293
G._struthium,A,-4.558681026183699,-4.558681026183699,1,2,-1,natural,2025-07-19 17:36:293
S._sediforme,A,-3.574560202934984,-3.574560202934984,1,2,-1,natural,2025-07-19 17:36:293
H._syriacum,A,-3.1922602835858624,-3.1922602835858624,1,2,-1,natural,2025-07-19 17:36:293
Other_species,A,-0.7884458532141712,-0.7884458532141712,1,2,-1,natural,2025-07-19 17:36:293
Nurse_S._viscosa,A,-2.5677097348029934,-2.5677097348029934,1,2,-1,restoration,2025-07-19 17:36:283
Nurse_G._struthium,A,-2.517270165695888,-2.517270165695888,1,2,-1,restoration,2025-07-19 17:36:283
H._squamatum,A,-4.061957071333188,-4.061957071333188,1,2,-1,restoration,2025-07-19 17:36:283
S._viscosa,A,-4.014044334429538,-4.014044334429538,1,2,-1,restoration,2025-07-19 17:36:283
C._hispanica,A,-4.21206842410995,-4.21206842410995,1,2,-1,restoration,2025-07-19 17:36:283
G._struthium,A,-0.803574426247845,-0.803574426247845,1,2,-1,restoration,2025-07-19 17:36:283
S._sediforme,A,-4.603231233095822,-4.603231233095822,1,2,-1,restoration,2025-07-19 17:36:283
H._syriacum,A,-4.690699785606083,-4.690699785606083,1,2,-1,restoration,2025-07-19 17:36:283
Other_species,A,-2.9177146691157163,-2.9177146691157163,1,2,-1,restoration,2025-07-19 17:36:283
Nurse_S._viscosa,A,-0.929321938442297,-0.929321938442297,1,2,-1,natural,2025-07-19 17:36:283
Nurse_G._struthium,A,-2.425935324654863,-2.425935324654863,1,2,-1,natural,2025-07-19 17:36:283
H._squamatum,A,-1.7829902038776286,-1.7829902038776286,1,2,-1,natural,2025-07-19 17:36:283
S._viscosa,A,-2.3395430952337812,-2.3395430952337812,1,2,-1,natural,2025-07-19 17:36:283
C._hispanica,A,-2.2232721474420916,-2.2232721474420916,1,2,-1,natural,2025-07-19 17:36:283
G._struthium,A,-4.08112809550631,-4.08112809550631,1,2,-1,natural,2025-07-19 17:36:283
S._sediforme,A,-3.2883502780825924,-3.2883502780825924,1,2,-1,natural,2025-07-19 17:36:283
H._syriacum,A,-3.16019791736488,-3.16019791736488,1,2,-1,natural,2025-07-19 17:36:283
Other_species,A,-0.8074424760140941,-0.8074424760140941,1,2,-1,natural,2025-07-19 17:36:283
Nurse_S._viscosa,A,-3.0645634485112407,-3.0645634485112407,1,2,-1,restoration,2025-07-19 17:36:283
Nurse_G._struthium,A,-1.3449356517756457,-1.3449356517756457,1,2,-1,restoration,2025-07-19 17:36:283
H._squamatum,A,-3.5283321894333715,-3.5283321894333715,1,2,-1,restoration,2025-07-19 17:36:283
S._viscosa,A,-3.565564863510318,-3.565564863510318,1,2,-1,restoration,2025-07-19 17:36:283
C._hispanica,A,-8.618317925339655,-8.618317925339655,1,2,-1,restoration,2025-07-19 17:36:283
G._struthium,A,-0.5381224279551703,-0.5381224279551703,1,2,-1,restoration,2025-07-19 17:36:283
S._sediforme,A,-3.6447791532980593,-3.6447791532980593,1,2,-1,restoration,2025-07-19 17:36:283
H._syriacum,A,-3.6638428707459907,-3.6638428707459907,1,2,-1,restoration,2025-07-19 17:36:283
Other_species,A,-2.7628289396881076,-2.7628289396881076,1,2,-1,restoration,2025-07-19 17:36:283
Nurse_S._viscosa,A,-1.2905594156161257,-1.2905594156161257,1,2,-1,natural,2025-07-19 17:36:283
Nurse_G._struthium,A,-2.4097278007842857,-2.4097278007842857,1,2,-1,natural,2025-07-19 17:36:283
H._squamatum,A,-1.6763692486465784,-1.6763692486465784,1,2,-1,natural,2025-07-19 17:36:283
S._viscosa,A,-2.7581142554903546,-2.7581142554903546,1,2,-1,natural,2025-07-19 17:36:283
C._hispanica,A,-2.5554701111997504,-2.5554701111997504,1,2,-1,natural,2025-07-19 17:36:283
G._struthium,A,-4.807455071389206,-4.807455071389206,1,2,-1,natural,2025-07-19 17:36:283
S._sediforme,A,-2.9971376143343806,-2.9971376143343806,1,2,-1,natural,2025-07-19 17:36:283
H._syriacum,A,-3.3480312305823485,-3.3480312305823485,1,2,-1,natural,2025-07-19 17:36:283
Other_species,A,-0.8484677814894456,-0.8484677814894456,1,2,-1,natural,2025-07-19 17:36:283
Nurse_S._viscosa,A,-2.927699396997397,-2.927699396997397,1,2,-1,restoration,2025-07-19 17:36:273
Nurse_G._struthium,A,-1.2932079364329825,-1.2932079364329825,1,2,-1,restoration,2025-07-19 17:36:273
H._squamatum,A,-3.3997472027359232,-3.3997472027359232,1,2,-1,restoration,2025-07-19 17:36:273
S._viscosa,A,-5.361476761509984,-5.361476761509984,1,2,-1,restoration,2025-07-19 17:36:273
C._hispanica,A,-5.788472143101079,-5.788472143101079,1,2,-1,restoration,2025-07-19 17:36:273
G._struthium,A,-0.22764902456149338,-0.22764902456149338,1,2,-1,restoration,2025-07-19 17:36:273
S._sediforme,A,-3.9087574406352323,-3.9087574406352323,1,2,-1,restoration,2025-07-19 17:36:273
H._syriacum,A,-3.8063317407578365,-3.8063317407578365,1,2,-1,restoration,2025-07-19 17:36:273
Other_species,A,-2.841652225271431,-2.841652225271431,1,2,-1,restoration,2025-07-19 17:36:273
Nurse_S._viscosa,A,-0.8718953559722249,-0.8718953559722249,1,2,-1,natural,2025-07-19 17:36:273
Nurse_G._struthium,A,-2.6820334678947346,-2.6820334678947346,1,2,-1,natural,2025-07-19 17:36:273
H._squamatum,A,-1.5504209129075726,-1.5504209129075726,1,2,-1,natural,2025-07-19 17:36:273
S._viscosa,A,-2.566314693502542,-2.566314693502542,1,2,-1,natural,2025-07-19 17:36:273
C._hispanica,A,-2.4013840224187257,-2.4013840224187257,1,2,-1,natural,2025-07-19 17:36:273
G._struthium,A,-4.936096569737312,-4.936096569737312,1,2,-1,natural,2025-07-19 17:36:273
S._sediforme,A,-3.891800320198836,-3.891800320198836,1,2,-1,natural,2025-07-19 17:36:273
H._syriacum,A,-3.673437157033862,-3.673437157033862,1,2,-1,natural,2025-07-19 17:36:273
Other_species,A,-0.6781222255898156,-0.6781222255898156,1,2,-1,natural,2025-07-19 17:36:273
Nurse_S._viscosa,A,-2.2483196041498448,-2.2483196041498448,1,2,-1,restoration,2025-07-19 17:36:263
Nurse_G._struthium,A,-2.2586645656445614,-2.2586645656445614,1,2,-1,restoration,2025-07-19 17:36:263
H._squamatum,A,-4.829239656518618,-4.829239656518618,1,2,-1,restoration,2025-07-19 17:36:263
S._viscosa,A,-5.03098656325797,-5.03098656325797,1,2,-1,restoration,2025-07-19 17:36:263
C._hispanica,A,-8.253899058093863,-8.253899058093863,1,2,-1,restoration,2025-07-19 17:36:263
G._struthium,A,-0.6594258201966806,-0.6594258201966806,1,2,-1,restoration,2025-07-19 17:36:263
S._sediforme,A,-3.225669833100089,-3.225669833100089,1,2,-1,restoration,2025-07-19 17:36:263
H._syriacum,A,-4.090165574631872,-4.090165574631872,1,2,-1,restoration,2025-07-19 17:36:263
Other_species,A,-3.2246253528478803,-3.2246253528478803,1,2,-1,restoration,2025-07-19 17:36:263
Nurse_S._viscosa,A,-1.1519864828337338,-1.1519864828337338,1,2,-1,natural,2025-07-19 17:36:263
Nurse_G._struthium,A,-2.256713695508228,-2.256713695508228,1,2,-1,natural,2025-07-19 17:36:263
H._squamatum,A,-1.815036944576684,-1.815036944576684,1,2,-1,natural,2025-07-19 17:36:263
S._viscosa,A,-2.5723982891813706,-2.5723982891813706,1,2,-1,natural,2025-07-19 17:36:263
C._hispanica,A,-2.567858709665732,-2.567858709665732,1,2,-1,natural,2025-07-19 17:36:263
G._struthium,A,-5.3638681654560685,-5.3638681654560685,1,2,-1,natural,2025-07-19 17:36:263
S._sediforme,A,-3.6016820429360092,-3.6016820429360092,1,2,-1,natural,2025-07-19 17:36:263
H._syriacum,A,-3.64533833924348,-3.64533833924348,1,2,-1,natural,2025-07-19 17:36:263
Other_species,A,-0.927818852089291,-0.927818852089291,1,2,-1,natural,2025-07-19 17:36:263
Nurse_S._viscosa,A,-2.6967524665133107,-2.6967524665133107,1,2,-1,restoration,2025-07-19 17:36:263
Nurse_G._struthium,A,-2.0816857821663426,-2.0816857821663426,1,2,-1,restoration,2025-07-19 17:36:263
H._squamatum,A,-5.178854499099011,-5.178854499099011,1,2,-1,restoration,2025-07-19 17:36:263
S._viscosa,A,-3.9508645276144243,-3.9508645276144243,1,2,-1,restoration,2025-07-19 17:36:263
C._hispanica,A,-6.7271342215286865,-6.7271342215286865,1,2,-1,restoration,2025-07-19 17:36:263
G._struthium,A,-0.9601330676415756,-0.9601330676415756,1,2,-1,restoration,2025-07-19 17:36:263
S._sediforme,A,-3.9270541292221735,-3.9270541292221735,1,2,-1,restoration,2025-07-19 17:36:263
H._syriacum,A,-5.971907700864783,-5.971907700864783,1,2,-1,restoration,2025-07-19 17:36:263
Other_species,A,-2.5714393654516683,-2.5714393654516683,1,2,-1,restoration,2025-07-19 17:36:263
Nurse_S._viscosa,A,-0.8375417917525881,-0.8375417917525881,1,2,-1,natural,2025-07-19 17:36:263
Nurse_G._struthium,A,-2.2089419288452716,-2.2089419288452716,1,2,-1,natural,2025-07-19 17:36:263
H._squamatum,A,-1.430683241392077,-1.430683241392077,1,2,-1,natural,2025-07-19 17:36:263
S._viscosa,A,-2.4467933202593843,-2.4467933202593843,1,2,-1,natural,2025-07-19 17:36:263
C._hispanica,A,-2.7788609693482167,-2.7788609693482167,1,2,-1,natural,2025-07-19 17:36:263
G._struthium,A,-3.8579451717119664,-3.8579451717119664,1,2,-1,natural,2025-07-19 17:36:263
S._sediforme,A,-3.1168978648742782,-3.1168978648742782,1,2,-1,natural,2025-07-19 17:36:263
H._syriacum,A,-2.850328532141024,-2.850328532141024,1,2,-1,natural,2025-07-19 17:36:263
Other_species,A,-0.7467789105923865,-0.7467789105923865,1,2,-1,natural,2025-07-19 17:36:263
Nurse_S._viscosa,A,-2.848458252975754,-2.848458252975754,1,2,-1,restoration,2025-07-19 17:36:253
Nurse_G._struthium,A,-1.4790631472785465,-1.4790631472785465,1,2,-1,restoration,2025-07-19 17:36:253
H._squamatum,A,-5.09538334030804,-5.09538334030804,1,2,-1,restoration,2025-07-19 17:36:253
S._viscosa,A,-4.8984361083709835,-4.8984361083709835,1,2,-1,restoration,2025-07-19 17:36:253
C._hispanica,A,-5.920364060774467,-5.920364060774467,1,2,-1,restoration,2025-07-19 17:36:253
G._struthium,A,-0.5383279631758348,-0.5383279631758348,1,2,-1,restoration,2025-07-19 17:36:253
S._sediforme,A,-4.157372352805577,-4.157372352805577,1,2,-1,restoration,2025-07-19 17:36:253
H._syriacum,A,-4.145127973344222,-4.145127973344222,1,2,-1,restoration,2025-07-19 17:36:253
Other_species,A,-2.6163048415016266,-2.6163048415016266,1,2,-1,restoration,2025-07-19 17:36:253
Nurse_S._viscosa,A,-1.007869517703019,-1.007869517703019,1,2,-1,natural,2025-07-19 17:36:253
Nurse_G._struthium,A,-2.3011461707003575,-2.3011461707003575,1,2,-1,natural,2025-07-19 17:36:253
H._squamatum,A,-1.7508993512236062,-1.7508993512236062,1,2,-1,natural,2025-07-19 17:36:253
S._viscosa,A,-2.692023667799085,-2.692023667799085,1,2,-1,natural,2025-07-19 17:36:253
C._hispanica,A,-2.5164983820436055,-2.5164983820436055,1,2,-1,natural,2025-07-19 17:36:253
G._struthium,A,-4.082919123046854,-4.082919123046854,1,2,-1,natural,2025-07-19 17:36:253
S._sediforme,A,-2.938766010556771,-2.938766010556771,1,2,-1,natural,2025-07-19 17:36:253
H._syriacum,A,-3.559226838485268,-3.559226838485268,1,2,-1,natural,2025-07-19 17:36:253
Other_species,A,-1.0394505658162168,-1.0394505658162168,1,2,-1,natural,2025-07-19 17:36:253
Nurse_S._viscosa,A,-3.2023861846376245,-3.2023861846376245,1,2,-1,restoration,2025-07-19 17:36:243
Nurse_G._struthium,A,-1.8974924967485658,-1.8974924967485658,1,2,-1,restoration,2025-07-19 17:36:243
H._squamatum,A,-4.049438808767779,-4.049438808767779,1,2,-1,restoration,2025-07-19 17:36:243
S._viscosa,A,-4.736272988749177,-4.736272988749177,1,2,-1,restoration,2025-07-19 17:36:243
C._hispanica,A,-6.595328663950349,-6.595328663950349,1,2,-1,restoration,2025-07-19 17:36:243
G._struthium,A,-0.7444525185922686,-0.7444525185922686,1,2,-1,restoration,2025-07-19 17:36:243
S._sediforme,A,-4.741387703481203,-4.741387703481203,1,2,-1,restoration,2025-07-19 17:36:243
H._syriacum,A,-4.14951406233649,-4.14951406233649,1,2,-1,restoration,2025-07-19 17:36:243
Other_species,A,-2.667257385920213,-2.667257385920213,1,2,-1,restoration,2025-07-19 17:36:243
Nurse_S._viscosa,A,-1.0764332911836176,-1.0764332911836176,1,2,-1,natural,2025-07-19 17:36:243
Nurse_G._struthium,A,-2.334431196558053,-2.334431196558053,1,2,-1,natural,2025-07-19 17:36:243
H._squamatum,A,-1.8212742273561904,-1.8212742273561904,1,2,-1,natural,2025-07-19 17:36:243
S._viscosa,A,-2.6414979179986346,-2.6414979179986346,1,2,-1,natural,2025-07-19 17:36:243
C._hispanica,A,-2.6625740860655767,-2.6625740860655767,1,2,-1,natural,2025-07-19 17:36:243
G._struthium,A,-4.101141346399415,-4.101141346399415,1,2,-1,natural,2025-07-19 17:36:243
S._sediforme,A,-3.2625841209732798,-3.2625841209732798,1,2,-1,natural,2025-07-19 17:36:243
H._syriacum,A,-3.4663481298220784,-3.4663481298220784,1,2,-1,natural,2025-07-19 17:36:243
Other_species,A,-0.9792464879731362,-0.9792464879731362,1,2,-1,natural,2025-07-19 17:36:243
Nurse_S._viscosa,A,-2.914615722566028,-2.914615722566028,1,2,-1,restoration,2025-07-19 17:36:233
Nurse_G._struthium,A,-2.2013345642175963,-2.2013345642175963,1,2,-1,restoration,2025-07-19 17:36:233
H._squamatum,A,-4.035955207516053,-4.035955207516053,1,2,-1,restoration,2025-07-19 17:36:233
S._viscosa,A,-4.818681136675686,-4.818681136675686,1,2,-1,restoration,2025-07-19 17:36:233
C._hispanica,A,-4.6614557532204435,-4.6614557532204435,1,2,-1,restoration,2025-07-19 17:36:233
G._struthium,A,-0.6638430733076105,-0.6638430733076105,1,2,-1,restoration,2025-07-19 17:36:233
S._sediforme,A,-4.043266808585856,-4.043266808585856,1,2,-1,restoration,2025-07-19 17:36:233
H._syriacum,A,-4.49716658895878,-4.49716658895878,1,2,-1,restoration,2025-07-19 17:36:233
Other_species,A,-2.9471606235625054,-2.9471606235625054,1,2,-1,restoration,2025-07-19 17:36:233
Nurse_S._viscosa,A,-1.0641322630186931,-1.0641322630186931,1,2,-1,natural,2025-07-19 17:36:233
Nurse_G._struthium,A,-2.4090569504427677,-2.4090569504427677,1,2,-1,natural,2025-07-19 17:36:233
H._squamatum,A,-1.6005060049735418,-1.6005060049735418,1,2,-1,natural,2025-07-19 17:36:233
S._viscosa,A,-2.8893729890819366,-2.8893729890819366,1,2,-1,natural,2025-07-19 17:36:233
C._hispanica,A,-2.2483405503466725,-2.2483405503466725,1,2,-1,natural,2025-07-19 17:36:233
G._struthium,A,-4.0349384628155605,-4.0349384628155605,1,2,-1,natural,2025-07-19 17:36:233
S._sediforme,A,-3.5040474195893943,-3.5040474195893943,1,2,-1,natural,2025-07-19 17:36:233
H._syriacum,A,-3.945378712030407,-3.945378712030407,1,2,-1,natural,2025-07-19 17:36:233
Other_species,A,-0.7320451320274439,-0.7320451320274439,1,2,-1,natural,2025-07-19 17:36:233
Nurse_S._viscosa,A,-2.9484868802709507,-2.9484868802709507,1,2,-1,restoration,2025-07-19 17:36:223
Nurse_G._struthium,A,-1.8893189101319596,-1.8893189101319596,1,2,-1,restoration,2025-07-19 17:36:223
H._squamatum,A,-3.5888993678897787,-3.5888993678897787,1,2,-1,restoration,2025-07-19 17:36:223
S._viscosa,A,-4.08143666402412,-4.08143666402412,1,2,-1,restoration,2025-07-19 17:36:223
C._hispanica,A,-6.604556256710535,-6.604556256710535,1,2,-1,restoration,2025-07-19 17:36:223
G._struthium,A,-0.7994741980446245,-0.7994741980446245,1,2,-1,restoration,2025-07-19 17:36:223
S._sediforme,A,-3.807885286454249,-3.807885286454249,1,2,-1,restoration,2025-07-19 17:36:223
H._syriacum,A,-4.074501872590342,-4.074501872590342,1,2,-1,restoration,2025-07-19 17:36:223
Other_species,A,-2.7643825206871937,-2.7643825206871937,1,2,-1,restoration,2025-07-19 17:36:223
Nurse_S._viscosa,A,-1.1288294338009168,-1.1288294338009168,1,2,-1,natural,2025-07-19 17:36:223
Nurse_G._struthium,A,-2.7622060603876717,-2.7622060603876717,1,2,-1,natural,2025-07-19 17:36:223
H._squamatum,A,-1.8031008786685758,-1.8031008786685758,1,2,-1,natural,2025-07-19 17:36:223
S._viscosa,A,-2.5688006510267822,-2.5688006510267822,1,2,-1,natural,2025-07-19 17:36:223
C._hispanica,A,-3.02753272081227,-3.02753272081227,1,2,-1,natural,2025-07-19 17:36:223
G._struthium,A,-4.344343649568669,-4.344343649568669,1,2,-1,natural,2025-07-19 17:36:223
S._sediforme,A,-3.7773251206468155,-3.7773251206468155,1,2,-1,natural,2025-07-19 17:36:223
H._syriacum,A,-3.727500053404158,-3.727500053404158,1,2,-1,natural,2025-07-19 17:36:223
Other_species,A,-0.9549495647105466,-0.9549495647105466,1,2,-1,natural,2025-07-19 17:36:223
Nurse_S._viscosa,A,-3.0814814215779913,-3.0814814215779913,1,2,-1,restoration,2025-07-19 17:36:223
Nurse_G._struthium,A,-2.16886654980278,-2.16886654980278,1,2,-1,restoration,2025-07-19 17:36:223
H._squamatum,A,-4.240513528481209,-4.240513528481209,1,2,-1,restoration,2025-07-19 17:36:223
S._viscosa,A,-4.119565683733228,-4.119565683733228,1,2,-1,restoration,2025-07-19 17:36:223
C._hispanica,A,-5.248486336829811,-5.248486336829811,1,2,-1,restoration,2025-07-19 17:36:223
G._struthium,A,-0.8882400685506258,-0.8882400685506258,1,2,-1,restoration,2025-07-19 17:36:223
S._sediforme,A,-4.358246374830244,-4.358246374830244,1,2,-1,restoration,2025-07-19 17:36:223
H._syriacum,A,-4.467121027862394,-4.467121027862394,1,2,-1,restoration,2025-07-19 17:36:223
Other_species,A,-2.9323229419868286,-2.9323229419868286,1,2,-1,restoration,2025-07-19 17:36:223
Nurse_S._viscosa,A,-1.0206589162848336,-1.0206589162848336,1,2,-1,natural,2025-07-19 17:36:223
Nurse_G._struthium,A,-2.4255391764304783,-2.4255391764304783,1,2,-1,natural,2025-07-19 17:36:223
H._squamatum,A,-1.4964363642977796,-1.4964363642977796,1,2,-1,natural,2025-07-19 17:36:223
S._viscosa,A,-2.475363926968549,-2.475363926968549,1,2,-1,natural,2025-07-19 17:36:223
C._hispanica,A,-2.5935411791578242,-2.5935411791578242,1,2,-1,natural,2025-07-19 17:36:223
G._struthium,A,-4.345860422289665,-4.345860422289665,1,2,-1,natural,2025-07-19 17:36:223
S._sediforme,A,-3.0993173303562944,-3.0993173303562944,1,2,-1,natural,2025-07-19 17:36:223
H._syriacum,A,-3.4404234353139893,-3.4404234353139893,1,2,-1,natural,2025-07-19 17:36:223
Other_species,A,-0.5869511499754082,-0.5869511499754082,1,2,-1,natural,2025-07-19 17:36:223
Nurse_S._viscosa,A,-3.7901609994139736,-3.7901609994139736,1,2,-1,restoration,2025-07-19 17:36:213
Nurse_G._struthium,A,-2.921424613419983,-2.921424613419983,1,2,-1,restoration,2025-07-19 17:36:213
H._squamatum,A,-3.739047281274168,-3.739047281274168,1,2,-1,restoration,2025-07-19 17:36:213
S._viscosa,A,-5.825075282018301,-5.825075282018301,1,2,-1,restoration,2025-07-19 17:36:213
C._hispanica,A,-5.962073690308706,-5.962073690308706,1,2,-1,restoration,2025-07-19 17:36:213
G._struthium,A,-1.241000111811786,-1.241000111811786,1,2,-1,restoration,2025-07-19 17:36:213
S._sediforme,A,-4.5097009994787385,-4.5097009994787385,1,2,-1,restoration,2025-07-19 17:36:213
H._syriacum,A,-5.836219138185385,-5.836219138185385,1,2,-1,restoration,2025-07-19 17:36:213
Other_species,A,-4.21911940412652,-4.21911940412652,1,2,-1,restoration,2025-07-19 17:36:213
Nurse_S._viscosa,A,-1.2166927082913557,-1.2166927082913557,1,2,-1,natural,2025-07-19 17:36:213
Nurse_G._struthium,A,-2.245187060186741,-2.245187060186741,1,2,-1,natural,2025-07-19 17:36:213
H._squamatum,A,-1.9455027538858882,-1.9455027538858882,1,2,-1,natural,2025-07-19 17:36:213
S._viscosa,A,-2.660208123225416,-2.660208123225416,1,2,-1,natural,2025-07-19 17:36:213
C._hispanica,A,-2.8070525531483583,-2.8070525531483583,1,2,-1,natural,2025-07-19 17:36:213
G._struthium,A,-5.231616121021615,-5.231616121021615,1,2,-1,natural,2025-07-19 17:36:213
S._sediforme,A,-3.2968613883180313,-3.2968613883180313,1,2,-1,natural,2025-07-19 17:36:213
H._syriacum,A,-3.18748577336786,-3.18748577336786,1,2,-1,natural,2025-07-19 17:36:213
Other_species,A,-0.8970789963038286,-0.8970789963038286,1,2,-1,natural,2025-07-19 17:36:213
Nurse_S._viscosa,A,-2.8738448756189237,-2.8738448756189237,1,2,-1,restoration,2025-07-19 17:36:203
Nurse_G._struthium,A,-2.1516199071545947,-2.1516199071545947,1,2,-1,restoration,2025-07-19 17:36:203
H._squamatum,A,-4.219502138164432,-4.219502138164432,1,2,-1,restoration,2025-07-19 17:36:203
S._viscosa,A,-3.5996543286005203,-3.5996543286005203,1,2,-1,restoration,2025-07-19 17:36:203
C._hispanica,A,-6.567663248171631,-6.567663248171631,1,2,-1,restoration,2025-07-19 17:36:203
G._struthium,A,-0.7430030376481982,-0.7430030376481982,1,2,-1,restoration,2025-07-19 17:36:203
S._sediforme,A,-3.7083905456859476,-3.7083905456859476,1,2,-1,restoration,2025-07-19 17:36:203
H._syriacum,A,-4.1943260115249705,-4.1943260115249705,1,2,-1,restoration,2025-07-19 17:36:203
Other_species,A,-2.5434930771336433,-2.5434930771336433,1,2,-1,restoration,2025-07-19 17:36:203
Nurse_S._viscosa,A,-0.8283116564968831,-0.8283116564968831,1,2,-1,natural,2025-07-19 17:36:203
Nurse_G._struthium,A,-2.4669931173193524,-2.4669931173193524,1,2,-1,natural,2025-07-19 17:36:203
H._squamatum,A,-1.6123806515039805,-1.6123806515039805,1,2,-1,natural,2025-07-19 17:36:203
S._viscosa,A,-2.555557891342035,-2.555557891342035,1,2,-1,natural,2025-07-19 17:36:203
C._hispanica,A,-2.4133841632992503,-2.4133841632992503,1,2,-1,natural,2025-07-19 17:36:203
G._struthium,A,-4.972317060681885,-4.972317060681885,1,2,-1,natural,2025-07-19 17:36:203
S._sediforme,A,-3.65908350843129,-3.65908350843129,1,2,-1,natural,2025-07-19 17:36:203
H._syriacum,A,-3.3456355852462747,-3.3456355852462747,1,2,-1,natural,2025-07-19 17:36:203
Other_species,A,-0.8275085941593333,-0.8275085941593333,1,2,-1,natural,2025-07-19 17:36:203
Nurse_S._viscosa,A,-2.7365912807029025,-2.7365912807029025,1,2,-1,restoration,2025-07-19 17:36:203
Nurse_G._struthium,A,-1.9883567941712332,-1.9883567941712332,1,2,-1,restoration,2025-07-19 17:36:203
H._squamatum,A,-4.229777221675329,-4.229777221675329,1,2,-1,restoration,2025-07-19 17:36:203
S._viscosa,A,-4.189654187709348,-4.189654187709348,1,2,-1,restoration,2025-07-19 17:36:203
C._hispanica,A,-5.537928791802211,-5.537928791802211,1,2,-1,restoration,2025-07-19 17:36:203
G._struthium,A,-0.8319009053999092,-0.8319009053999092,1,2,-1,restoration,2025-07-19 17:36:203
S._sediforme,A,-3.5729800708847903,-3.5729800708847903,1,2,-1,restoration,2025-07-19 17:36:203
H._syriacum,A,-4.100400801610847,-4.100400801610847,1,2,-1,restoration,2025-07-19 17:36:203
Other_species,A,-3.0204541649263237,-3.0204541649263237,1,2,-1,restoration,2025-07-19 17:36:203
Nurse_S._viscosa,A,-1.1155003943294133,-1.1155003943294133,1,2,-1,natural,2025-07-19 17:36:203
Nurse_G._struthium,A,-2.5746867764700028,-2.5746867764700028,1,2,-1,natural,2025-07-19 17:36:203
H._squamatum,A,-1.7817984211211184,-1.7817984211211184,1,2,-1,natural,2025-07-19 17:36:203
S._viscosa,A,-2.763459993453886,-2.763459993453886,1,2,-1,natural,2025-07-19 17:36:203
C._hispanica,A,-2.272569203761394,-2.272569203761394,1,2,-1,natural,2025-07-19 17:36:203
G._struthium,A,-4.1237733654319415,-4.1237733654319415,1,2,-1,natural,2025-07-19 17:36:203
S._sediforme,A,-3.305765717310675,-3.305765717310675,1,2,-1,natural,2025-07-19 17:36:203
H._syriacum,A,-2.971066288307999,-2.971066288307999,1,2,-1,natural,2025-07-19 17:36:203
Other_species,A,-0.9713740394658283,-0.9713740394658283,1,2,-1,natural,2025-07-19 17:36:203
Nurse_S._viscosa,A,-3.6484980611152094,-3.6484980611152094,1,2,-1,restoration,2025-07-19 17:36:193
Nurse_G._struthium,A,-2.13974930624977,-2.13974930624977,1,2,-1,restoration,2025-07-19 17:36:193
H._squamatum,A,-5.251062006518743,-5.251062006518743,1,2,-1,restoration,2025-07-19 17:36:193
S._viscosa,A,-6.679867164724606,-6.679867164724606,1,2,-1,restoration,2025-07-19 17:36:193
C._hispanica,A,-5.517511004636922,-5.517511004636922,1,2,-1,restoration,2025-07-19 17:36:193
G._struthium,A,-0.8102213559496878,-0.8102213559496878,1,2,-1,restoration,2025-07-19 17:36:193
S._sediforme,A,-4.6661943189172606,-4.6661943189172606,1,2,-1,restoration,2025-07-19 17:36:193
H._syriacum,A,-4.151387787225449,-4.151387787225449,1,2,-1,restoration,2025-07-19 17:36:193
Other_species,A,-3.262320141095722,-3.262320141095722,1,2,-1,restoration,2025-07-19 17:36:193
Nurse_S._viscosa,A,-1.0424844310271224,-1.0424844310271224,1,2,-1,natural,2025-07-19 17:36:193
Nurse_G._struthium,A,-2.2047590407128017,-2.2047590407128017,1,2,-1,natural,2025-07-19 17:36:193
H._squamatum,A,-1.7739207373970027,-1.7739207373970027,1,2,-1,natural,2025-07-19 17:36:193
S._viscosa,A,-2.8683635153075873,-2.8683635153075873,1,2,-1,natural,2025-07-19 17:36:193
C._hispanica,A,-2.6515180296032845,-2.6515180296032845,1,2,-1,natural,2025-07-19 17:36:193
G._struthium,A,-5.311200955577602,-5.311200955577602,1,2,-1,natural,2025-07-19 17:36:193
S._sediforme,A,-2.757104492307949,-2.757104492307949,1,2,-1,natural,2025-07-19 17:36:193
H._syriacum,A,-3.2341513497367576,-3.2341513497367576,1,2,-1,natural,2025-07-19 17:36:193
Other_species,A,-0.7302135523820971,-0.7302135523820971,1,2,-1,natural,2025-07-19 17:36:193
Nurse_S._viscosa,A,-2.2435568876025442,-2.2435568876025442,1,2,-1,restoration,2025-07-19 17:36:183
Nurse_G._struthium,A,-1.6600177694800835,-1.6600177694800835,1,2,-1,restoration,2025-07-19 17:36:183
H._squamatum,A,-3.880143804578002,-3.880143804578002,1,2,-1,restoration,2025-07-19 17:36:183
S._viscosa,A,-4.08118042302103,-4.08118042302103,1,2,-1,restoration,2025-07-19 17:36:183
C._hispanica,A,-5.4718146508937044,-5.4718146508937044,1,2,-1,restoration,2025-07-19 17:36:183
G._struthium,A,-1.0078983805037323,-1.0078983805037323,1,2,-1,restoration,2025-07-19 17:36:183
S._sediforme,A,-5.023012158866843,-5.023012158866843,1,2,-1,restoration,2025-07-19 17:36:183
H._syriacum,A,-4.687088657580785,-4.687088657580785,1,2,-1,restoration,2025-07-19 17:36:183
Other_species,A,-3.0365898814637298,-3.0365898814637298,1,2,-1,restoration,2025-07-19 17:36:183
Nurse_S._viscosa,A,-0.9469730055251111,-0.9469730055251111,1,2,-1,natural,2025-07-19 17:36:183
Nurse_G._struthium,A,-2.536231864406997,-2.536231864406997,1,2,-1,natural,2025-07-19 17:36:183
H._squamatum,A,-1.6293836404367412,-1.6293836404367412,1,2,-1,natural,2025-07-19 17:36:183
S._viscosa,A,-2.6142573825892748,-2.6142573825892748,1,2,-1,natural,2025-07-19 17:36:183
C._hispanica,A,-2.490998827659742,-2.490998827659742,1,2,-1,natural,2025-07-19 17:36:183
G._struthium,A,-4.883677594899893,-4.883677594899893,1,2,-1,natural,2025-07-19 17:36:183
S._sediforme,A,-3.547734518474655,-3.547734518474655,1,2,-1,natural,2025-07-19 17:36:183
H._syriacum,A,-3.6538075805655157,-3.6538075805655157,1,2,-1,natural,2025-07-19 17:36:183
Other_species,A,-0.9155278137695896,-0.9155278137695896,1,2,-1,natural,2025-07-19 17:36:183
Nurse_S._viscosa,A,-2.7206616373363754,-2.7206616373363754,1,2,-1,restoration,2025-07-19 17:36:183
Nurse_G._struthium,A,-1.628778072338324,-1.628778072338324,1,2,-1,restoration,2025-07-19 17:36:183
H._squamatum,A,-4.057516929238907,-4.057516929238907,1,2,-1,restoration,2025-07-19 17:36:183
S._viscosa,A,-5.2925770414475135,-5.2925770414475135,1,2,-1,restoration,2025-07-19 17:36:183
C._hispanica,A,-5.116348903231026,-5.116348903231026,1,2,-1,restoration,2025-07-19 17:36:183
G._struthium,A,-0.43573331485155803,-0.43573331485155803,1,2,-1,restoration,2025-07-19 17:36:183
S._sediforme,A,-3.911777986919839,-3.911777986919839,1,2,-1,restoration,2025-07-19 17:36:183
H._syriacum,A,-3.8877009849155675,-3.8877009849155675,1,2,-1,restoration,2025-07-19 17:36:183
Other_species,A,-2.7061808686907716,-2.7061808686907716,1,2,-1,restoration,2025-07-19 17:36:183
Nurse_S._viscosa,A,-0.917973797496918,-0.917973797496918,1,2,-1,natural,2025-07-19 17:36:183
Nurse_G._struthium,A,-2.0826450899602285,-2.0826450899602285,1,2,-1,natural,2025-07-19 17:36:183
H._squamatum,A,-1.5589566240475539,-1.5589566240475539,1,2,-1,natural,2025-07-19 17:36:183
S._viscosa,A,-2.371134055952916,-2.371134055952916,1,2,-1,natural,2025-07-19 17:36:183
C._hispanica,A,-2.710114561702059,-2.710114561702059,1,2,-1,natural,2025-07-19 17:36:183
G._struthium,A,-4.8034278928277,-4.8034278928277,1,2,-1,natural,2025-07-19 17:36:183
S._sediforme,A,-2.989930097932586,-2.989930097932586,1,2,-1,natural,2025-07-19 17:36:183
H._syriacum,A,-3.409564362667986,-3.409564362667986,1,2,-1,natural,2025-07-19 17:36:183
Other_species,A,-0.8222555978575352,-0.8222555978575352,1,2,-1,natural,2025-07-19 17:36:183
Nurse_S._viscosa,A,-3.726349512278853,-3.726349512278853,1,2,-1,restoration,2025-07-19 17:36:173
Nurse_G._struthium,A,-2.0663472706117014,-2.0663472706117014,1,2,-1,restoration,2025-07-19 17:36:173
H._squamatum,A,-3.599096041863806,-3.599096041863806,1,2,-1,restoration,2025-07-19 17:36:173
S._viscosa,A,-4.509753112334845,-4.509753112334845,1,2,-1,restoration,2025-07-19 17:36:173
C._hispanica,A,-7.3570077728160745,-7.3570077728160745,1,2,-1,restoration,2025-07-19 17:36:173
G._struthium,A,-0.8779661333484401,-0.8779661333484401,1,2,-1,restoration,2025-07-19 17:36:173
S._sediforme,A,-4.2905716181565055,-4.2905716181565055,1,2,-1,restoration,2025-07-19 17:36:173
H._syriacum,A,-3.594675627704438,-3.594675627704438,1,2,-1,restoration,2025-07-19 17:36:173
Other_species,A,-3.24658225100712,-3.24658225100712,1,2,-1,restoration,2025-07-19 17:36:173
Nurse_S._viscosa,A,-0.7692609327846682,-0.7692609327846682,1,2,-1,natural,2025-07-19 17:36:173
Nurse_G._struthium,A,-2.1201723581897,-2.1201723581897,1,2,-1,natural,2025-07-19 17:36:173
H._squamatum,A,-1.5040795042240724,-1.5040795042240724,1,2,-1,natural,2025-07-19 17:36:173
S._viscosa,A,-2.6450992814349483,-2.6450992814349483,1,2,-1,natural,2025-07-19 17:36:173
C._hispanica,A,-2.633245263411865,-2.633245263411865,1,2,-1,natural,2025-07-19 17:36:173
G._struthium,A,-5.030599580042508,-5.030599580042508,1,2,-1,natural,2025-07-19 17:36:173
S._sediforme,A,-3.570259088819221,-3.570259088819221,1,2,-1,natural,2025-07-19 17:36:173
H._syriacum,A,-2.9986061950426044,-2.9986061950426044,1,2,-1,natural,2025-07-19 17:36:173
Other_species,A,-0.6211045055812413,-0.6211045055812413,1,2,-1,natural,2025-07-19 17:36:173
Nurse_S._viscosa,A,-2.7898537558379286,-2.7898537558379286,1,2,-1,restoration,2025-07-19 17:36:163
Nurse_G._struthium,A,-1.86016479372648,-1.86016479372648,1,2,-1,restoration,2025-07-19 17:36:163
H._squamatum,A,-4.687261373536171,-4.687261373536171,1,2,-1,restoration,2025-07-19 17:36:163
S._viscosa,A,-5.415733600460762,-5.415733600460762,1,2,-1,restoration,2025-07-19 17:36:163
C._hispanica,A,-6.393159294718702,-6.393159294718702,1,2,-1,restoration,2025-07-19 17:36:163
G._struthium,A,-0.33482800268291363,-0.33482800268291363,1,2,-1,restoration,2025-07-19 17:36:163
S._sediforme,A,-4.068996948275965,-4.068996948275965,1,2,-1,restoration,2025-07-19 17:36:163
H._syriacum,A,-4.263418941794001,-4.263418941794001,1,2,-1,restoration,2025-07-19 17:36:163
Other_species,A,-2.85651405932092,-2.85651405932092,1,2,-1,restoration,2025-07-19 17:36:163
Nurse_S._viscosa,A,-1.0028872185982467,-1.0028872185982467,1,2,-1,natural,2025-07-19 17:36:163
Nurse_G._struthium,A,-2.3871984773074635,-2.3871984773074635,1,2,-1,natural,2025-07-19 17:36:163
H._squamatum,A,-1.8771981322830325,-1.8771981322830325,1,2,-1,natural,2025-07-19 17:36:163
S._viscosa,A,-2.6554826260613384,-2.6554826260613384,1,2,-1,natural,2025-07-19 17:36:163
C._hispanica,A,-2.5791513843041165,-2.5791513843041165,1,2,-1,natural,2025-07-19 17:36:163
G._struthium,A,-4.465473340406992,-4.465473340406992,1,2,-1,natural,2025-07-19 17:36:163
S._sediforme,A,-3.7182000337021575,-3.7182000337021575,1,2,-1,natural,2025-07-19 17:36:163
H._syriacum,A,-3.229827989123209,-3.229827989123209,1,2,-1,natural,2025-07-19 17:36:163
Other_species,A,-1.008573542186797,-1.008573542186797,1,2,-1,natural,2025-07-19 17:36:163
Nurse_S._viscosa,A,-3.2773993218183177,-3.2773993218183177,1,2,-1,restoration,2025-07-19 17:36:153
Nurse_G._struthium,A,-2.319329584941874,-2.319329584941874,1,2,-1,restoration,2025-07-19 17:36:153
H._squamatum,A,-5.3558218831415045,-5.3558218831415045,1,2,-1,restoration,2025-07-19 17:36:153
S._viscosa,A,-3.9925236063288185,-3.9925236063288185,1,2,-1,restoration,2025-07-19 17:36:153
C._hispanica,A,-5.44470083504592,-5.44470083504592,1,2,-1,restoration,2025-07-19 17:36:153
G._struthium,A,-1.2464360951726703,-1.2464360951726703,1,2,-1,restoration,2025-07-19 17:36:153
S._sediforme,A,-4.763199603847164,-4.763199603847164,1,2,-1,restoration,2025-07-19 17:36:153
H._syriacum,A,-4.11344011212592,-4.11344011212592,1,2,-1,restoration,2025-07-19 17:36:153
Other_species,A,-2.8266927031697793,-2.8266927031697793,1,2,-1,restoration,2025-07-19 17:36:153
Nurse_S._viscosa,A,-0.9572129844000473,-0.9572129844000473,1,2,-1,natural,2025-07-19 17:36:153
Nurse_G._struthium,A,-2.478403271068682,-2.478403271068682,1,2,-1,natural,2025-07-19 17:36:153
H._squamatum,A,-1.765385747855085,-1.765385747855085,1,2,-1,natural,2025-07-19 17:36:153
S._viscosa,A,-2.5578893411076096,-2.5578893411076096,1,2,-1,natural,2025-07-19 17:36:153
C._hispanica,A,-2.6422148015216775,-2.6422148015216775,1,2,-1,natural,2025-07-19 17:36:153
G._struthium,A,-5.532809243917841,-5.532809243917841,1,2,-1,natural,2025-07-19 17:36:153
S._sediforme,A,-3.1667035234271084,-3.1667035234271084,1,2,-1,natural,2025-07-19 17:36:153
H._syriacum,A,-3.3405716462803152,-3.3405716462803152,1,2,-1,natural,2025-07-19 17:36:153
Other_species,A,-0.849838660538812,-0.849838660538812,1,2,-1,natural,2025-07-19 17:36:153
Nurse_S._viscosa,A,-3.443340217063302,-3.443340217063302,1,2,-1,restoration,2025-07-19 17:36:153
Nurse_G._struthium,A,-2.416621269237911,-2.416621269237911,1,2,-1,restoration,2025-07-19 17:36:153
H._squamatum,A,-5.207141023198362,-5.207141023198362,1,2,-1,restoration,2025-07-19 17:36:153
S._viscosa,A,-5.085938747831073,-5.085938747831073,1,2,-1,restoration,2025-07-19 17:36:153
C._hispanica,A,-5.326552189870911,-5.326552189870911,1,2,-1,restoration,2025-07-19 17:36:153
G._struthium,A,-1.0117125967277156,-1.0117125967277156,1,2,-1,restoration,2025-07-19 17:36:153
S._sediforme,A,-4.7686401667594644,-4.7686401667594644,1,2,-1,restoration,2025-07-19 17:36:153
H._syriacum,A,-4.251129292316205,-4.251129292316205,1,2,-1,restoration,2025-07-19 17:36:153
Other_species,A,-3.2509969637693192,-3.2509969637693192,1,2,-1,restoration,2025-07-19 17:36:153
Nurse_S._viscosa,A,-1.1488457299562576,-1.1488457299562576,1,2,-1,natural,2025-07-19 17:36:153
Nurse_G._struthium,A,-3.0517203636811194,-3.0517203636811194,1,2,-1,natural,2025-07-19 17:36:153
H._squamatum,A,-1.9834265749994107,-1.9834265749994107,1,2,-1,natural,2025-07-19 17:36:153
S._viscosa,A,-2.3925107684567317,-2.3925107684567317,1,2,-1,natural,2025-07-19 17:36:153
C._hispanica,A,-2.5048432729005152,-2.5048432729005152,1,2,-1,natural,2025-07-19 17:36:153
G._struthium,A,-4.072843712067859,-4.072843712067859,1,2,-1,natural,2025-07-19 17:36:153
S._sediforme,A,-3.6711348706854343,-3.6711348706854343,1,2,-1,natural,2025-07-19 17:36:153
H._syriacum,A,-2.988854139581094,-2.988854139581094,1,2,-1,natural,2025-07-19 17:36:153
Other_species,A,-0.7903706432992637,-0.7903706432992637,1,2,-1,natural,2025-07-19 17:36:153
Nurse_S._viscosa,A,-3.069613226876974,-3.069613226876974,1,2,-1,restoration,2025-07-19 17:36:143
Nurse_G._struthium,A,-2.2306722541246944,-2.2306722541246944,1,2,-1,restoration,2025-07-19 17:36:143
H._squamatum,A,-4.252882794691818,-4.252882794691818,1,2,-1,restoration,2025-07-19 17:36:143
S._viscosa,A,-4.58469966734636,-4.58469966734636,1,2,-1,restoration,2025-07-19 17:36:143
C._hispanica,A,-8.193199876316168,-8.193199876316168,1,2,-1,restoration,2025-07-19 17:36:143
G._struthium,A,-0.9394659762680675,-0.9394659762680675,1,2,-1,restoration,2025-07-19 17:36:143
S._sediforme,A,-4.259404290337274,-4.259404290337274,1,2,-1,restoration,2025-07-19 17:36:143
H._syriacum,A,-4.275458871147032,-4.275458871147032,1,2,-1,restoration,2025-07-19 17:36:143
Other_species,A,-3.0847703311646058,-3.0847703311646058,1,2,-1,restoration,2025-07-19 17:36:143
Nurse_S._viscosa,A,-1.0699714295919316,-1.0699714295919316,1,2,-1,natural,2025-07-19 17:36:143
Nurse_G._struthium,A,-2.459203552468299,-2.459203552468299,1,2,-1,natural,2025-07-19 17:36:143
H._squamatum,A,-1.8212718152219012,-1.8212718152219012,1,2,-1,natural,2025-07-19 17:36:143
S._viscosa,A,-2.8192730831556703,-2.8192730831556703,1,2,-1,natural,2025-07-19 17:36:143
C._hispanica,A,-2.552467929209105,-2.552467929209105,1,2,-1,natural,2025-07-19 17:36:143
G._struthium,A,-4.431595019440917,-4.431595019440917,1,2,-1,natural,2025-07-19 17:36:143
S._sediforme,A,-3.4504583422569945,-3.4504583422569945,1,2,-1,natural,2025-07-19 17:36:143
H._syriacum,A,-3.1890471210006495,-3.1890471210006495,1,2,-1,natural,2025-07-19 17:36:143
Other_species,A,-0.921903948189985,-0.921903948189985,1,2,-1,natural,2025-07-19 17:36:143
Nurse_S._viscosa,A,-2.7577939296973044,-2.7577939296973044,1,2,-1,restoration,2025-07-19 17:36:133
Nurse_G._struthium,A,-1.9963581659811394,-1.9963581659811394,1,2,-1,restoration,2025-07-19 17:36:133
H._squamatum,A,-4.690426539352682,-4.690426539352682,1,2,-1,restoration,2025-07-19 17:36:133
S._viscosa,A,-4.247149859736627,-4.247149859736627,1,2,-1,restoration,2025-07-19 17:36:133
C._hispanica,A,-5.532047047134277,-5.532047047134277,1,2,-1,restoration,2025-07-19 17:36:133
G._struthium,A,-0.8246469517331197,-0.8246469517331197,1,2,-1,restoration,2025-07-19 17:36:133
S._sediforme,A,-4.575591156618754,-4.575591156618754,1,2,-1,restoration,2025-07-19 17:36:133
H._syriacum,A,-4.339870948296695,-4.339870948296695,1,2,-1,restoration,2025-07-19 17:36:133
Other_species,A,-2.836879787882982,-2.836879787882982,1,2,-1,restoration,2025-07-19 17:36:133
Nurse_S._viscosa,A,-0.859869917835683,-0.859869917835683,1,2,-1,natural,2025-07-19 17:36:133
Nurse_G._struthium,A,-2.2129831466211134,-2.2129831466211134,1,2,-1,natural,2025-07-19 17:36:133
H._squamatum,A,-1.6021880078840383,-1.6021880078840383,1,2,-1,natural,2025-07-19 17:36:133
S._viscosa,A,-2.1341510473100493,-2.1341510473100493,1,2,-1,natural,2025-07-19 17:36:133
C._hispanica,A,-2.1645172297548303,-2.1645172297548303,1,2,-1,natural,2025-07-19 17:36:133
G._struthium,A,-4.386987520758818,-4.386987520758818,1,2,-1,natural,2025-07-19 17:36:133
S._sediforme,A,-3.4463509333927855,-3.4463509333927855,1,2,-1,natural,2025-07-19 17:36:133
H._syriacum,A,-3.6743817408828803,-3.6743817408828803,1,2,-1,natural,2025-07-19 17:36:133
Other_species,A,-0.37632931126737545,-0.37632931126737545,1,2,-1,natural,2025-07-19 17:36:133
Nurse_S._viscosa,A,-3.617074434048979,-3.617074434048979,1,2,-1,restoration,2025-07-19 17:36:123
Nurse_G._struthium,A,-1.9406529655210911,-1.9406529655210911,1,2,-1,restoration,2025-07-19 17:36:123
H._squamatum,A,-3.6202879402880277,-3.6202879402880277,1,2,-1,restoration,2025-07-19 17:36:123
S._viscosa,A,-4.46416577345605,-4.46416577345605,1,2,-1,restoration,2025-07-19 17:36:123
C._hispanica,A,-5.9844745803411525,-5.9844745803411525,1,2,-1,restoration,2025-07-19 17:36:123
G._struthium,A,-0.8826357235725941,-0.8826357235725941,1,2,-1,restoration,2025-07-19 17:36:123
S._sediforme,A,-4.418530378087332,-4.418530378087332,1,2,-1,restoration,2025-07-19 17:36:123
H._syriacum,A,-5.674373052021048,-5.674373052021048,1,2,-1,restoration,2025-07-19 17:36:123
Other_species,A,-2.7947315788892375,-2.7947315788892375,1,2,-1,restoration,2025-07-19 17:36:123
Nurse_S._viscosa,A,-0.7663521741414288,-0.7663521741414288,1,2,-1,natural,2025-07-19 17:36:123
Nurse_G._struthium,A,-2.4586936908913817,-2.4586936908913817,1,2,-1,natural,2025-07-19 17:36:123
H._squamatum,A,-1.4981415357127958,-1.4981415357127958,1,2,-1,natural,2025-07-19 17:36:123
S._viscosa,A,-2.663694430971559,-2.663694430971559,1,2,-1,natural,2025-07-19 17:36:123
C._hispanica,A,-2.486491100820992,-2.486491100820992,1,2,-1,natural,2025-07-19 17:36:123
G._struthium,A,-4.5308770083223395,-4.5308770083223395,1,2,-1,natural,2025-07-19 17:36:123
S._sediforme,A,-3.6749373464657,-3.6749373464657,1,2,-1,natural,2025-07-19 17:36:123
H._syriacum,A,-3.23569697717905,-3.23569697717905,1,2,-1,natural,2025-07-19 17:36:123
Other_species,A,-0.74193145336931,-0.74193145336931,1,2,-1,natural,2025-07-19 17:36:123
Nurse_S._viscosa,A,-3.1159700301459696,-3.1159700301459696,1,2,-1,restoration,2025-07-19 17:36:123
Nurse_G._struthium,A,-1.6615867491649403,-1.6615867491649403,1,2,-1,restoration,2025-07-19 17:36:123
H._squamatum,A,-3.903508614014578,-3.903508614014578,1,2,-1,restoration,2025-07-19 17:36:123
S._viscosa,A,-4.433955829949733,-4.433955829949733,1,2,-1,restoration,2025-07-19 17:36:123
C._hispanica,A,-5.381387900619073,-5.381387900619073,1,2,-1,restoration,2025-07-19 17:36:123
G._struthium,A,-0.8389623085403879,-0.8389623085403879,1,2,-1,restoration,2025-07-19 17:36:123
S._sediforme,A,-3.982451865289936,-3.982451865289936,1,2,-1,restoration,2025-07-19 17:36:123
H._syriacum,A,-4.703525008666583,-4.703525008666583,1,2,-1,restoration,2025-07-19 17:36:123
Other_species,A,-2.836981482829236,-2.836981482829236,1,2,-1,restoration,2025-07-19 17:36:123
Nurse_S._viscosa,A,-1.0804676650317138,-1.0804676650317138,1,2,-1,natural,2025-07-19 17:36:123
Nurse_G._struthium,A,-1.983892032042193,-1.983892032042193,1,2,-1,natural,2025-07-19 17:36:123
H._squamatum,A,-1.783018192060032,-1.783018192060032,1,2,-1,natural,2025-07-19 17:36:123
S._viscosa,A,-2.496989474248008,-2.496989474248008,1,2,-1,natural,2025-07-19 17:36:123
C._hispanica,A,-2.3266348590735704,-2.3266348590735704,1,2,-1,natural,2025-07-19 17:36:123
G._struthium,A,-4.585787459436819,-4.585787459436819,1,2,-1,natural,2025-07-19 17:36:123
S._sediforme,A,-3.1526871649600667,-3.1526871649600667,1,2,-1,natural,2025-07-19 17:36:123
H._syriacum,A,-3.724815295951127,-3.724815295951127,1,2,-1,natural,2025-07-19 17:36:123
Other_species,A,-0.7100131985139582,-0.7100131985139582,1,2,-1,natural,2025-07-19 17:36:123
Nurse_S._viscosa,A,-2.7851127954880357,-2.7851127954880357,1,2,-1,restoration,2025-07-19 17:36:113
Nurse_G._struthium,A,-1.7561974992968736,-1.7561974992968736,1,2,-1,restoration,2025-07-19 17:36:113
H._squamatum,A,-3.8768284649210245,-3.8768284649210245,1,2,-1,restoration,2025-07-19 17:36:113
S._viscosa,A,-4.747996922879805,-4.747996922879805,1,2,-1,restoration,2025-07-19 17:36:113
C._hispanica,A,-4.985953321661486,-4.985953321661486,1,2,-1,restoration,2025-07-19 17:36:113
G._struthium,A,-0.7056558646980657,-0.7056558646980657,1,2,-1,restoration,2025-07-19 17:36:113
S._sediforme,A,-4.107200130491234,-4.107200130491234,1,2,-1,restoration,2025-07-19 17:36:113
H._syriacum,A,-5.984790381483562,-5.984790381483562,1,2,-1,restoration,2025-07-19 17:36:113
Other_species,A,-2.4521660624411017,-2.4521660624411017,1,2,-1,restoration,2025-07-19 17:36:113
Nurse_S._viscosa,A,-1.14378067703136,-1.14378067703136,1,2,-1,natural,2025-07-19 17:36:113
Nurse_G._struthium,A,-2.297125348169628,-2.297125348169628,1,2,-1,natural,2025-07-19 17:36:113
H._squamatum,A,-1.7417148013129053,-1.7417148013129053,1,2,-1,natural,2025-07-19 17:36:113
S._viscosa,A,-2.9232807183070038,-2.9232807183070038,1,2,-1,natural,2025-07-19 17:36:113
C._hispanica,A,-2.6159070644534297,-2.6159070644534297,1,2,-1,natural,2025-07-19 17:36:113
G._struthium,A,-4.6003112131226,-4.6003112131226,1,2,-1,natural,2025-07-19 17:36:113
S._sediforme,A,-3.447796505330601,-3.447796505330601,1,2,-1,natural,2025-07-19 17:36:113
H._syriacum,A,-3.4773719710590916,-3.4773719710590916,1,2,-1,natural,2025-07-19 17:36:113
Other_species,A,-0.7618468577882945,-0.7618468577882945,1,2,-1,natural,2025-07-19 17:36:113
Nurse_S._viscosa,A,-2.470829769441986,-2.470829769441986,1,2,-1,restoration,2025-07-19 17:36:103
Nurse_G._struthium,A,-1.861473888233443,-1.861473888233443,1,2,-1,restoration,2025-07-19 17:36:103
H._squamatum,A,-4.762332499686892,-4.762332499686892,1,2,-1,restoration,2025-07-19 17:36:103
S._viscosa,A,-4.567458651419042,-4.567458651419042,1,2,-1,restoration,2025-07-19 17:36:103
C._hispanica,A,-4.890880539468786,-4.890880539468786,1,2,-1,restoration,2025-07-19 17:36:103
G._struthium,A,-0.9647054511581601,-0.9647054511581601,1,2,-1,restoration,2025-07-19 17:36:103
S._sediforme,A,-3.9354900165371554,-3.9354900165371554,1,2,-1,restoration,2025-07-19 17:36:103
H._syriacum,A,-4.625481545040484,-4.625481545040484,1,2,-1,restoration,2025-07-19 17:36:103
Other_species,A,-2.660088769528523,-2.660088769528523,1,2,-1,restoration,2025-07-19 17:36:103
Nurse_S._viscosa,A,-0.7884955839681704,-0.7884955839681704,1,2,-1,natural,2025-07-19 17:36:103
Nurse_G._struthium,A,-2.271464161885545,-2.271464161885545,1,2,-1,natural,2025-07-19 17:36:103
H._squamatum,A,-1.7759191415367712,-1.7759191415367712,1,2,-1,natural,2025-07-19 17:36:103
S._viscosa,A,-2.496787633951856,-2.496787633951856,1,2,-1,natural,2025-07-19 17:36:103
C._hispanica,A,-2.4887436059358965,-2.4887436059358965,1,2,-1,natural,2025-07-19 17:36:103
G._struthium,A,-3.9396698857171306,-3.9396698857171306,1,2,-1,natural,2025-07-19 17:36:103
S._sediforme,A,-3.0991994116909507,-3.0991994116909507,1,2,-1,natural,2025-07-19 17:36:103
H._syriacum,A,-3.5813704998680254,-3.5813704998680254,1,2,-1,natural,2025-07-19 17:36:103
Other_species,A,-0.6690636462252889,-0.6690636462252889,1,2,-1,natural,2025-07-19 17:36:103
Nurse_S._viscosa,A,-3.1946812490977297,-3.1946812490977297,1,2,-1,restoration,2025-07-19 17:36:103
Nurse_G._struthium,A,-1.6403932737784246,-1.6403932737784246,1,2,-1,restoration,2025-07-19 17:36:103
H._squamatum,A,-4.402543142901079,-4.402543142901079,1,2,-1,restoration,2025-07-19 17:36:103
S._viscosa,A,-4.7501102573684575,-4.7501102573684575,1,2,-1,restoration,2025-07-19 17:36:103
C._hispanica,A,-5.9425591526358374,-5.9425591526358374,1,2,-1,restoration,2025-07-19 17:36:103
G._struthium,A,-0.8952914026754293,-0.8952914026754293,1,2,-1,restoration,2025-07-19 17:36:103
S._sediforme,A,-4.338834887670537,-4.338834887670537,1,2,-1,restoration,2025-07-19 17:36:103
H._syriacum,A,-4.301173405210144,-4.301173405210144,1,2,-1,restoration,2025-07-19 17:36:103
Other_species,A,-2.6987910906322674,-2.6987910906322674,1,2,-1,restoration,2025-07-19 17:36:103
Nurse_S._viscosa,A,-0.6145635684269793,-0.6145635684269793,1,2,-1,natural,2025-07-19 17:36:103
Nurse_G._struthium,A,-2.0197805196726923,-2.0197805196726923,1,2,-1,natural,2025-07-19 17:36:103
H._squamatum,A,-1.8206075977569849,-1.8206075977569849,1,2,-1,natural,2025-07-19 17:36:103
S._viscosa,A,-2.4287318989337168,-2.4287318989337168,1,2,-1,natural,2025-07-19 17:36:103
C._hispanica,A,-2.291947195163425,-2.291947195163425,1,2,-1,natural,2025-07-19 17:36:103
G._struthium,A,-4.467698216961941,-4.467698216961941,1,2,-1,natural,2025-07-19 17:36:103
S._sediforme,A,-3.34904824809409,-3.34904824809409,1,2,-1,natural,2025-07-19 17:36:103
H._syriacum,A,-3.689021039781798,-3.689021039781798,1,2,-1,natural,2025-07-19 17:36:103
Other_species,A,-0.6013303324906911,-0.6013303324906911,1,2,-1,natural,2025-07-19 17:36:103
Nurse_S._viscosa,A,-2.5870225116475187,-2.5870225116475187,1,2,-1,restoration,2025-07-19 17:36:093
Nurse_G._struthium,A,-2.059435519624183,-2.059435519624183,1,2,-1,restoration,2025-07-19 17:36:093
H._squamatum,A,-4.46143238398701,-4.46143238398701,1,2,-1,restoration,2025-07-19 17:36:093
S._viscosa,A,-4.77340313125183,-4.77340313125183,1,2,-1,restoration,2025-07-19 17:36:093
C._hispanica,A,-7.064311297620009,-7.064311297620009,1,2,-1,restoration,2025-07-19 17:36:093
G._struthium,A,-0.9673498655305947,-0.9673498655305947,1,2,-1,restoration,2025-07-19 17:36:093
S._sediforme,A,-4.381391374621758,-4.381391374621758,1,2,-1,restoration,2025-07-19 17:36:093
H._syriacum,A,-4.555937619083011,-4.555937619083011,1,2,-1,restoration,2025-07-19 17:36:093
Other_species,A,-2.7033428913242603,-2.7033428913242603,1,2,-1,restoration,2025-07-19 17:36:093
Nurse_S._viscosa,A,-1.093917325520551,-1.093917325520551,1,2,-1,natural,2025-07-19 17:36:093
Nurse_G._struthium,A,-2.208721606875523,-2.208721606875523,1,2,-1,natural,2025-07-19 17:36:093
H._squamatum,A,-1.9696462857569783,-1.9696462857569783,1,2,-1,natural,2025-07-19 17:36:093
S._viscosa,A,-2.4294234380629627,-2.4294234380629627,1,2,-1,natural,2025-07-19 17:36:093
C._hispanica,A,-2.7216010013829606,-2.7216010013829606,1,2,-1,natural,2025-07-19 17:36:093
G._struthium,A,-4.807686697104092,-4.807686697104092,1,2,-1,natural,2025-07-19 17:36:093
S._sediforme,A,-3.22987336950135,-3.22987336950135,1,2,-1,natural,2025-07-19 17:36:093
H._syriacum,A,-3.28728418201051,-3.28728418201051,1,2,-1,natural,2025-07-19 17:36:093
Other_species,A,-0.75539566040632,-0.75539566040632,1,2,-1,natural,2025-07-19 17:36:093
Nurse_S._viscosa,A,-2.993571151688914,-2.993571151688914,1,2,-1,restoration,2025-07-19 17:36:083
Nurse_G._struthium,A,-1.526414281752593,-1.526414281752593,1,2,-1,restoration,2025-07-19 17:36:083
H._squamatum,A,-3.6647249451558177,-3.6647249451558177,1,2,-1,restoration,2025-07-19 17:36:083
S._viscosa,A,-5.2125811413211025,-5.2125811413211025,1,2,-1,restoration,2025-07-19 17:36:083
C._hispanica,A,-5.513503108382016,-5.513503108382016,1,2,-1,restoration,2025-07-19 17:36:083
G._struthium,A,-0.563465147719031,-0.563465147719031,1,2,-1,restoration,2025-07-19 17:36:083
S._sediforme,A,-4.145522882081633,-4.145522882081633,1,2,-1,restoration,2025-07-19 17:36:083
H._syriacum,A,-4.066598994489761,-4.066598994489761,1,2,-1,restoration,2025-07-19 17:36:083
Other_species,A,-2.8547803937573253,-2.8547803937573253,1,2,-1,restoration,2025-07-19 17:36:083
Nurse_S._viscosa,A,-0.9963380222550278,-0.9963380222550278,1,2,-1,natural,2025-07-19 17:36:083
Nurse_G._struthium,A,-2.294313626796367,-2.294313626796367,1,2,-1,natural,2025-07-19 17:36:083
H._squamatum,A,-1.921797879895508,-1.921797879895508,1,2,-1,natural,2025-07-19 17:36:083
S._viscosa,A,-2.7453974856954138,-2.7453974856954138,1,2,-1,natural,2025-07-19 17:36:083
C._hispanica,A,-2.3561644549883005,-2.3561644549883005,1,2,-1,natural,2025-07-19 17:36:083
G._struthium,A,-4.832229694989559,-4.832229694989559,1,2,-1,natural,2025-07-19 17:36:083
S._sediforme,A,-3.836309811332976,-3.836309811332976,1,2,-1,natural,2025-07-19 17:36:083
H._syriacum,A,-3.4977638470726724,-3.4977638470726724,1,2,-1,natural,2025-07-19 17:36:083
Other_species,A,-0.8910771756005373,-0.8910771756005373,1,2,-1,natural,2025-07-19 17:36:083
Nurse_S._viscosa,A,-3.645932701301558,-3.645932701301558,1,2,-1,restoration,2025-07-19 17:36:073
Nurse_G._struthium,A,-1.9689761344303658,-1.9689761344303658,1,2,-1,restoration,2025-07-19 17:36:073
H._squamatum,A,-3.5239009587459758,-3.5239009587459758,1,2,-1,restoration,2025-07-19 17:36:073
S._viscosa,A,-4.751515985053457,-4.751515985053457,1,2,-1,restoration,2025-07-19 17:36:073
C._hispanica,A,-5.759126102015859,-5.759126102015859,1,2,-1,restoration,2025-07-19 17:36:073
G._struthium,A,-0.850367837288855,-0.850367837288855,1,2,-1,restoration,2025-07-19 17:36:073
S._sediforme,A,-3.9976372435898933,-3.9976372435898933,1,2,-1,restoration,2025-07-19 17:36:073
H._syriacum,A,-5.0288527191732415,-5.0288527191732415,1,2,-1,restoration,2025-07-19 17:36:073
Other_species,A,-2.7765193515071753,-2.7765193515071753,1,2,-1,restoration,2025-07-19 17:36:073
Nurse_S._viscosa,A,-0.9222540799806482,-0.9222540799806482,1,2,-1,natural,2025-07-19 17:36:073
Nurse_G._struthium,A,-2.6443274046228327,-2.6443274046228327,1,2,-1,natural,2025-07-19 17:36:073
H._squamatum,A,-1.5359107983401385,-1.5359107983401385,1,2,-1,natural,2025-07-19 17:36:073
S._viscosa,A,-2.5902947517181962,-2.5902947517181962,1,2,-1,natural,2025-07-19 17:36:073
C._hispanica,A,-2.6333886405884837,-2.6333886405884837,1,2,-1,natural,2025-07-19 17:36:073
G._struthium,A,-5.182196771360599,-5.182196771360599,1,2,-1,natural,2025-07-19 17:36:073
S._sediforme,A,-3.0517559045804026,-3.0517559045804026,1,2,-1,natural,2025-07-19 17:36:073
H._syriacum,A,-3.1050306424859064,-3.1050306424859064,1,2,-1,natural,2025-07-19 17:36:073
Other_species,A,-0.8089006047814176,-0.8089006047814176,1,2,-1,natural,2025-07-19 17:36:073
Nurse_S._viscosa,A,-2.820730135091369,-2.820730135091369,1,2,-1,restoration,2025-07-19 17:36:073
Nurse_G._struthium,A,-2.0576512747720113,-2.0576512747720113,1,2,-1,restoration,2025-07-19 17:36:073
H._squamatum,A,-4.341546555913458,-4.341546555913458,1,2,-1,restoration,2025-07-19 17:36:073
S._viscosa,A,-4.031875532759154,-4.031875532759154,1,2,-1,restoration,2025-07-19 17:36:073
C._hispanica,A,-6.0864801933548485,-6.0864801933548485,1,2,-1,restoration,2025-07-19 17:36:073
G._struthium,A,-0.9645780292366893,-0.9645780292366893,1,2,-1,restoration,2025-07-19 17:36:073
S._sediforme,A,-4.259182021350935,-4.259182021350935,1,2,-1,restoration,2025-07-19 17:36:073
H._syriacum,A,-4.443428988932627,-4.443428988932627,1,2,-1,restoration,2025-07-19 17:36:073
Other_species,A,-3.0011438857328985,-3.0011438857328985,1,2,-1,restoration,2025-07-19 17:36:073
Nurse_S._viscosa,A,-0.8816642025238742,-0.8816642025238742,1,2,-1,natural,2025-07-19 17:36:073
Nurse_G._struthium,A,-2.29768272583323,-2.29768272583323,1,2,-1,natural,2025-07-19 17:36:073
H._squamatum,A,-1.6895830385867452,-1.6895830385867452,1,2,-1,natural,2025-07-19 17:36:073
S._viscosa,A,-2.5536582657676634,-2.5536582657676634,1,2,-1,natural,2025-07-19 17:36:073
C._hispanica,A,-2.563278786621961,-2.563278786621961,1,2,-1,natural,2025-07-19 17:36:073
G._struthium,A,-3.6855157275344683,-3.6855157275344683,1,2,-1,natural,2025-07-19 17:36:073
S._sediforme,A,-3.3436429119416937,-3.3436429119416937,1,2,-1,natural,2025-07-19 17:36:073
H._syriacum,A,-3.0236838119913125,-3.0236838119913125,1,2,-1,natural,2025-07-19 17:36:073
Other_species,A,-0.8131844602946624,-0.8131844602946624,1,2,-1,natural,2025-07-19 17:36:073
Nurse_S._viscosa,A,-2.9483151783599943,-2.9483151783599943,1,2,-1,restoration,2025-07-19 17:36:063
Nurse_G._struthium,A,-1.4445603003046994,-1.4445603003046994,1,2,-1,restoration,2025-07-19 17:36:063
H._squamatum,A,-3.744844246460285,-3.744844246460285,1,2,-1,restoration,2025-07-19 17:36:063
S._viscosa,A,-5.324423063171797,-5.324423063171797,1,2,-1,restoration,2025-07-19 17:36:063
C._hispanica,A,-5.976610992419607,-5.976610992419607,1,2,-1,restoration,2025-07-19 17:36:063
G._struthium,A,-0.8446960352893168,-0.8446960352893168,1,2,-1,restoration,2025-07-19 17:36:063
S._sediforme,A,-3.558873423819861,-3.558873423819861,1,2,-1,restoration,2025-07-19 17:36:063
H._syriacum,A,-4.930280117402823,-4.930280117402823,1,2,-1,restoration,2025-07-19 17:36:063
Other_species,A,-3.297495266367191,-3.297495266367191,1,2,-1,restoration,2025-07-19 17:36:063
Nurse_S._viscosa,A,-1.1615814237928808,-1.1615814237928808,1,2,-1,natural,2025-07-19 17:36:063
Nurse_G._struthium,A,-2.088309546123611,-2.088309546123611,1,2,-1,natural,2025-07-19 17:36:063
H._squamatum,A,-1.842547493761135,-1.842547493761135,1,2,-1,natural,2025-07-19 17:36:063
S._viscosa,A,-2.4254645344876034,-2.4254645344876034,1,2,-1,natural,2025-07-19 17:36:063
C._hispanica,A,-2.774324583372262,-2.774324583372262,1,2,-1,natural,2025-07-19 17:36:063
G._struthium,A,-5.392116479163183,-5.392116479163183,1,2,-1,natural,2025-07-19 17:36:063
S._sediforme,A,-3.2618685603119983,-3.2618685603119983,1,2,-1,natural,2025-07-19 17:36:063
H._syriacum,A,-3.941240041469069,-3.941240041469069,1,2,-1,natural,2025-07-19 17:36:063
Other_species,A,-0.7968860484873994,-0.7968860484873994,1,2,-1,natural,2025-07-19 17:36:063
Nurse_S._viscosa,A,-2.8484433296440943,-2.8484433296440943,1,2,-1,restoration,2025-07-19 17:36:053
Nurse_G._struthium,A,-1.681477476384346,-1.681477476384346,1,2,-1,restoration,2025-07-19 17:36:053
H._squamatum,A,-4.055502083775389,-4.055502083775389,1,2,-1,restoration,2025-07-19 17:36:053
S._viscosa,A,-3.903210771339066,-3.903210771339066,1,2,-1,restoration,2025-07-19 17:36:053
C._hispanica,A,-5.0230297230846945,-5.0230297230846945,1,2,-1,restoration,2025-07-19 17:36:053
G._struthium,A,-0.5128319433700511,-0.5128319433700511,1,2,-1,restoration,2025-07-19 17:36:053
S._sediforme,A,-3.2341492425727707,-3.2341492425727707,1,2,-1,restoration,2025-07-19 17:36:053
H._syriacum,A,-3.992494871864634,-3.992494871864634,1,2,-1,restoration,2025-07-19 17:36:053
Other_species,A,-3.1737085605727664,-3.1737085605727664,1,2,-1,restoration,2025-07-19 17:36:053
Nurse_S._viscosa,A,-0.8753439542583641,-0.8753439542583641,1,2,-1,natural,2025-07-19 17:36:053
Nurse_G._struthium,A,-2.1779495490334364,-2.1779495490334364,1,2,-1,natural,2025-07-19 17:36:053
H._squamatum,A,-1.3909612428758014,-1.3909612428758014,1,2,-1,natural,2025-07-19 17:36:053
S._viscosa,A,-2.2785565938002765,-2.2785565938002765,1,2,-1,natural,2025-07-19 17:36:053
C._hispanica,A,-2.6495781574351174,-2.6495781574351174,1,2,-1,natural,2025-07-19 17:36:053
G._struthium,A,-4.994433132707441,-4.994433132707441,1,2,-1,natural,2025-07-19 17:36:053
S._sediforme,A,-3.479064557171938,-3.479064557171938,1,2,-1,natural,2025-07-19 17:36:053
H._syriacum,A,-3.4599384076833264,-3.4599384076833264,1,2,-1,natural,2025-07-19 17:36:053
Other_species,A,-0.5802647446238377,-0.5802647446238377,1,2,-1,natural,2025-07-19 17:36:053
Nurse_S._viscosa,A,-3.0471812368670905,-3.0471812368670905,1,2,-1,restoration,2025-07-19 17:36:053
Nurse_G._struthium,A,-3.0946199052822894,-3.0946199052822894,1,2,-1,restoration,2025-07-19 17:36:053
H._squamatum,A,-4.351603768061189,-4.351603768061189,1,2,-1,restoration,2025-07-19 17:36:053
S._viscosa,A,-3.8957657153147935,-3.8957657153147935,1,2,-1,restoration,2025-07-19 17:36:053
C._hispanica,A,-6.4671783444076265,-6.4671783444076265,1,2,-1,restoration,2025-07-19 17:36:053
G._struthium,A,-1.414227385441394,-1.414227385441394,1,2,-1,restoration,2025-07-19 17:36:053
S._sediforme,A,-4.735486468617404,-4.735486468617404,1,2,-1,restoration,2025-07-19 17:36:053
H._syriacum,A,-4.984085359117223,-4.984085359117223,1,2,-1,restoration,2025-07-19 17:36:053
Other_species,A,-2.977055004231395,-2.977055004231395,1,2,-1,restoration,2025-07-19 17:36:053
Nurse_S._viscosa,A,-0.9870186218931007,-0.9870186218931007,1,2,-1,natural,2025-07-19 17:36:053
Nurse_G._struthium,A,-2.363231205852817,-2.363231205852817,1,2,-1,natural,2025-07-19 17:36:053
H._squamatum,A,-1.781090865374582,-1.781090865374582,1,2,-1,natural,2025-07-19 17:36:053
S._viscosa,A,-2.422699471556683,-2.422699471556683,1,2,-1,natural,2025-07-19 17:36:053
C._hispanica,A,-2.472486193197045,-2.472486193197045,1,2,-1,natural,2025-07-19 17:36:053
G._struthium,A,-3.8747192975671223,-3.8747192975671223,1,2,-1,natural,2025-07-19 17:36:053
S._sediforme,A,-3.252751166045581,-3.252751166045581,1,2,-1,natural,2025-07-19 17:36:053
H._syriacum,A,-3.366134980572916,-3.366134980572916,1,2,-1,natural,2025-07-19 17:36:053
Other_species,A,-0.7585997731307224,-0.7585997731307224,1,2,-1,natural,2025-07-19 17:36:053
Nurse_S._viscosa,A,-2.7439443432166093,-2.7439443432166093,1,2,-1,restoration,2025-07-19 17:36:043
Nurse_G._struthium,A,-2.154800474009552,-2.154800474009552,1,2,-1,restoration,2025-07-19 17:36:043
H._squamatum,A,-5.096503720749727,-5.096503720749727,1,2,-1,restoration,2025-07-19 17:36:043
S._viscosa,A,-6.296313039582343,-6.296313039582343,1,2,-1,restoration,2025-07-19 17:36:043
C._hispanica,A,-6.7456462031977145,-6.7456462031977145,1,2,-1,restoration,2025-07-19 17:36:043
G._struthium,A,-0.7549131937992201,-0.7549131937992201,1,2,-1,restoration,2025-07-19 17:36:043
S._sediforme,A,-3.9723869408927093,-3.9723869408927093,1,2,-1,restoration,2025-07-19 17:36:043
H._syriacum,A,-4.669853251156071,-4.669853251156071,1,2,-1,restoration,2025-07-19 17:36:043
Other_species,A,-3.0419500278074314,-3.0419500278074314,1,2,-1,restoration,2025-07-19 17:36:043
Nurse_S._viscosa,A,-1.0431745768385494,-1.0431745768385494,1,2,-1,natural,2025-07-19 17:36:043
Nurse_G._struthium,A,-2.318227180303175,-2.318227180303175,1,2,-1,natural,2025-07-19 17:36:043
H._squamatum,A,-1.6861939662195082,-1.6861939662195082,1,2,-1,natural,2025-07-19 17:36:043
S._viscosa,A,-2.507797796063887,-2.507797796063887,1,2,-1,natural,2025-07-19 17:36:043
C._hispanica,A,-2.668815388890139,-2.668815388890139,1,2,-1,natural,2025-07-19 17:36:043
G._struthium,A,-3.934795502202103,-3.934795502202103,1,2,-1,natural,2025-07-19 17:36:043
S._sediforme,A,-3.4846836311162175,-3.4846836311162175,1,2,-1,natural,2025-07-19 17:36:043
H._syriacum,A,-3.8285548101049214,-3.8285548101049214,1,2,-1,natural,2025-07-19 17:36:043
Other_species,A,-0.6328828045626392,-0.6328828045626392,1,2,-1,natural,2025-07-19 17:36:043
Nurse_S._viscosa,A,-3.2931797055241425,-3.2931797055241425,1,2,-1,restoration,2025-07-19 17:36:033
Nurse_G._struthium,A,-2.227406588666772,-2.227406588666772,1,2,-1,restoration,2025-07-19 17:36:033
H._squamatum,A,-4.440874819950314,-4.440874819950314,1,2,-1,restoration,2025-07-19 17:36:033
S._viscosa,A,-4.411851227963436,-4.411851227963436,1,2,-1,restoration,2025-07-19 17:36:033
C._hispanica,A,-6.417699321361872,-6.417699321361872,1,2,-1,restoration,2025-07-19 17:36:033
G._struthium,A,-1.2679521754421919,-1.2679521754421919,1,2,-1,restoration,2025-07-19 17:36:033
S._sediforme,A,-3.978449520816496,-3.978449520816496,1,2,-1,restoration,2025-07-19 17:36:033
H._syriacum,A,-4.733883259516317,-4.733883259516317,1,2,-1,restoration,2025-07-19 17:36:033
Other_species,A,-2.7589658561839907,-2.7589658561839907,1,2,-1,restoration,2025-07-19 17:36:033
Nurse_S._viscosa,A,-1.0494020499128953,-1.0494020499128953,1,2,-1,natural,2025-07-19 17:36:033
Nurse_G._struthium,A,-2.389292010818398,-2.389292010818398,1,2,-1,natural,2025-07-19 17:36:033
H._squamatum,A,-1.529770649989704,-1.529770649989704,1,2,-1,natural,2025-07-19 17:36:033
S._viscosa,A,-2.8036459770491367,-2.8036459770491367,1,2,-1,natural,2025-07-19 17:36:033
C._hispanica,A,-2.468873047204189,-2.468873047204189,1,2,-1,natural,2025-07-19 17:36:033
G._struthium,A,-4.822348281689483,-4.822348281689483,1,2,-1,natural,2025-07-19 17:36:033
S._sediforme,A,-3.5605950085601488,-3.5605950085601488,1,2,-1,natural,2025-07-19 17:36:033
H._syriacum,A,-3.4205090551631447,-3.4205090551631447,1,2,-1,natural,2025-07-19 17:36:033
Other_species,A,-0.8194142180735532,-0.8194142180735532,1,2,-1,natural,2025-07-19 17:36:033
Nurse_S._viscosa,A,-2.8188171323277422,-2.8188171323277422,1,2,-1,restoration,2025-07-19 17:36:033
Nurse_G._struthium,A,-2.1893242241745146,-2.1893242241745146,1,2,-1,restoration,2025-07-19 17:36:033
H._squamatum,A,-4.2560271888873356,-4.2560271888873356,1,2,-1,restoration,2025-07-19 17:36:033
S._viscosa,A,-4.0863866005714,-4.0863866005714,1,2,-1,restoration,2025-07-19 17:36:033
C._hispanica,A,-6.998437168070056,-6.998437168070056,1,2,-1,restoration,2025-07-19 17:36:033
G._struthium,A,-0.7147921931544569,-0.7147921931544569,1,2,-1,restoration,2025-07-19 17:36:033
S._sediforme,A,-3.5497316765666063,-3.5497316765666063,1,2,-1,restoration,2025-07-19 17:36:033
H._syriacum,A,-5.228031869589575,-5.228031869589575,1,2,-1,restoration,2025-07-19 17:36:033
Other_species,A,-2.8475479835760464,-2.8475479835760464,1,2,-1,restoration,2025-07-19 17:36:033
Nurse_S._viscosa,A,-1.3978714830718881,-1.3978714830718881,1,2,-1,natural,2025-07-19 17:36:033
Nurse_G._struthium,A,-2.6020557216821483,-2.6020557216821483,1,2,-1,natural,2025-07-19 17:36:033
H._squamatum,A,-1.651403451535071,-1.651403451535071,1,2,-1,natural,2025-07-19 17:36:033
S._viscosa,A,-2.5845342029392233,-2.5845342029392233,1,2,-1,natural,2025-07-19 17:36:033
C._hispanica,A,-2.771800184782253,-2.771800184782253,1,2,-1,natural,2025-07-19 17:36:033
G._struthium,A,-4.245531297935812,-4.245531297935812,1,2,-1,natural,2025-07-19 17:36:033
S._sediforme,A,-3.380927530276053,-3.380927530276053,1,2,-1,natural,2025-07-19 17:36:033
H._syriacum,A,-4.297743100988249,-4.297743100988249,1,2,-1,natural,2025-07-19 17:36:033
Other_species,A,-0.8346644050168829,-0.8346644050168829,1,2,-1,natural,2025-07-19 17:36:033
Nurse_S._viscosa,A,-3.1189270633019044,-3.1189270633019044,1,2,-1,restoration,2025-07-19 17:36:023
Nurse_G._struthium,A,-1.8075198722061228,-1.8075198722061228,1,2,-1,restoration,2025-07-19 17:36:023
H._squamatum,A,-4.387537767787362,-4.387537767787362,1,2,-1,restoration,2025-07-19 17:36:023
S._viscosa,A,-3.921443581610026,-3.921443581610026,1,2,-1,restoration,2025-07-19 17:36:023
C._hispanica,A,-6.394058831125781,-6.394058831125781,1,2,-1,restoration,2025-07-19 17:36:023
G._struthium,A,-0.8401804307105905,-0.8401804307105905,1,2,-1,restoration,2025-07-19 17:36:023
S._sediforme,A,-3.6945424335869936,-3.6945424335869936,1,2,-1,restoration,2025-07-19 17:36:023
H._syriacum,A,-4.209522631895919,-4.209522631895919,1,2,-1,restoration,2025-07-19 17:36:023
Other_species,A,-3.1849655948949627,-3.1849655948949627,1,2,-1,restoration,2025-07-19 17:36:023
Nurse_S._viscosa,A,-0.9438563195489857,-0.9438563195489857,1,2,-1,natural,2025-07-19 17:36:023
Nurse_G._struthium,A,-2.1667911837842024,-2.1667911837842024,1,2,-1,natural,2025-07-19 17:36:023
H._squamatum,A,-1.7934724639775832,-1.7934724639775832,1,2,-1,natural,2025-07-19 17:36:023
S._viscosa,A,-2.72301961748532,-2.72301961748532,1,2,-1,natural,2025-07-19 17:36:023
C._hispanica,A,-2.6426846977344343,-2.6426846977344343,1,2,-1,natural,2025-07-19 17:36:023
G._struthium,A,-4.752120741065032,-4.752120741065032,1,2,-1,natural,2025-07-19 17:36:023
S._sediforme,A,-3.8984353359863797,-3.8984353359863797,1,2,-1,natural,2025-07-19 17:36:023
H._syriacum,A,-3.5193910595287567,-3.5193910595287567,1,2,-1,natural,2025-07-19 17:36:023
Other_species,A,-0.8426740924305174,-0.8426740924305174,1,2,-1,natural,2025-07-19 17:36:023
Nurse_S._viscosa,A,-2.307108340603854,-2.307108340603854,1,2,-1,restoration,2025-07-19 17:36:013
Nurse_G._struthium,A,-1.700794900787422,-1.700794900787422,1,2,-1,restoration,2025-07-19 17:36:013
H._squamatum,A,-4.312588676608789,-4.312588676608789,1,2,-1,restoration,2025-07-19 17:36:013
S._viscosa,A,-3.539119916972063,-3.539119916972063,1,2,-1,restoration,2025-07-19 17:36:013
C._hispanica,A,-6.858671210346869,-6.858671210346869,1,2,-1,restoration,2025-07-19 17:36:013
G._struthium,A,-0.393105989195373,-0.393105989195373,1,2,-1,restoration,2025-07-19 17:36:013
S._sediforme,A,-3.7565115153699877,-3.7565115153699877,1,2,-1,restoration,2025-07-19 17:36:013
H._syriacum,A,-4.213233249075889,-4.213233249075889,1,2,-1,restoration,2025-07-19 17:36:013
Other_species,A,-2.2784402630392893,-2.2784402630392893,1,2,-1,restoration,2025-07-19 17:36:013
Nurse_S._viscosa,A,-1.3084682706351507,-1.3084682706351507,1,2,-1,natural,2025-07-19 17:36:013
Nurse_G._struthium,A,-2.533395727919278,-2.533395727919278,1,2,-1,natural,2025-07-19 17:36:013
H._squamatum,A,-1.8590953997896071,-1.8590953997896071,1,2,-1,natural,2025-07-19 17:36:013
S._viscosa,A,-2.494184549719047,-2.494184549719047,1,2,-1,natural,2025-07-19 17:36:013
C._hispanica,A,-2.4851780284154597,-2.4851780284154597,1,2,-1,natural,2025-07-19 17:36:013
G._struthium,A,-3.864385510504146,-3.864385510504146,1,2,-1,natural,2025-07-19 17:36:013
S._sediforme,A,-3.353950538140649,-3.353950538140649,1,2,-1,natural,2025-07-19 17:36:013
H._syriacum,A,-3.5645200359264084,-3.5645200359264084,1,2,-1,natural,2025-07-19 17:36:013
Other_species,A,-0.9749530162228419,-0.9749530162228419,1,2,-1,natural,2025-07-19 17:36:013
Nurse_S._viscosa,A,-2.960112384765539,-2.960112384765539,1,2,-1,restoration,2025-07-19 17:36:003
Nurse_G._struthium,A,-2.1257920398262486,-2.1257920398262486,1,2,-1,restoration,2025-07-19 17:36:003
H._squamatum,A,-4.436763440625968,-4.436763440625968,1,2,-1,restoration,2025-07-19 17:36:003
S._viscosa,A,-5.024426633514266,-5.024426633514266,1,2,-1,restoration,2025-07-19 17:36:003
C._hispanica,A,-5.350055787759548,-5.350055787759548,1,2,-1,restoration,2025-07-19 17:36:003
G._struthium,A,-0.9165661648982658,-0.9165661648982658,1,2,-1,restoration,2025-07-19 17:36:003
S._sediforme,A,-4.3031505931778815,-4.3031505931778815,1,2,-1,restoration,2025-07-19 17:36:003
H._syriacum,A,-3.7016360802795996,-3.7016360802795996,1,2,-1,restoration,2025-07-19 17:36:003
Other_species,A,-3.3594264012980264,-3.3594264012980264,1,2,-1,restoration,2025-07-19 17:36:003
Nurse_S._viscosa,A,-0.9863016980752204,-0.9863016980752204,1,2,-1,natural,2025-07-19 17:36:003
Nurse_G._struthium,A,-2.3676395877210634,-2.3676395877210634,1,2,-1,natural,2025-07-19 17:36:003
H._squamatum,A,-1.8116471324943186,-1.8116471324943186,1,2,-1,natural,2025-07-19 17:36:003
S._viscosa,A,-2.9700233490706682,-2.9700233490706682,1,2,-1,natural,2025-07-19 17:36:003
C._hispanica,A,-2.6700112631796245,-2.6700112631796245,1,2,-1,natural,2025-07-19 17:36:003
G._struthium,A,-6.108924798713251,-6.108924798713251,1,2,-1,natural,2025-07-19 17:36:003
S._sediforme,A,-3.617173612038349,-3.617173612038349,1,2,-1,natural,2025-07-19 17:36:003
H._syriacum,A,-3.8101824903818584,-3.8101824903818584,1,2,-1,natural,2025-07-19 17:36:003
Other_species,A,-0.955024004247611,-0.955024004247611,1,2,-1,natural,2025-07-19 17:36:003
Nurse_S._viscosa,A,-3.301757877427658,-3.301757877427658,1,2,-1,restoration,2025-07-19 17:36:003
Nurse_G._struthium,A,-1.8945760448740099,-1.8945760448740099,1,2,-1,restoration,2025-07-19 17:36:003
H._squamatum,A,-4.996004286703617,-4.996004286703617,1,2,-1,restoration,2025-07-19 17:36:003
S._viscosa,A,-4.26781866272375,-4.26781866272375,1,2,-1,restoration,2025-07-19 17:36:003
C._hispanica,A,-6.15355742489837,-6.15355742489837,1,2,-1,restoration,2025-07-19 17:36:003
G._struthium,A,-0.9166550533764806,-0.9166550533764806,1,2,-1,restoration,2025-07-19 17:36:003
S._sediforme,A,-3.8729459393355286,-3.8729459393355286,1,2,-1,restoration,2025-07-19 17:36:003
H._syriacum,A,-4.475868201538589,-4.475868201538589,1,2,-1,restoration,2025-07-19 17:36:003
Other_species,A,-2.7007123306696346,-2.7007123306696346,1,2,-1,restoration,2025-07-19 17:36:003
Nurse_S._viscosa,A,-1.1105246532352653,-1.1105246532352653,1,2,-1,natural,2025-07-19 17:36:003
Nurse_G._struthium,A,-2.2993465050305244,-2.2993465050305244,1,2,-1,natural,2025-07-19 17:36:003
H._squamatum,A,-1.6784749982585032,-1.6784749982585032,1,2,-1,natural,2025-07-19 17:36:003
S._viscosa,A,-2.5392487808835487,-2.5392487808835487,1,2,-1,natural,2025-07-19 17:36:003
C._hispanica,A,-2.745184821213339,-2.745184821213339,1,2,-1,natural,2025-07-19 17:36:003
G._struthium,A,-5.459965698475957,-5.459965698475957,1,2,-1,natural,2025-07-19 17:36:003
S._sediforme,A,-3.5201776128156865,-3.5201776128156865,1,2,-1,natural,2025-07-19 17:36:003
H._syriacum,A,-3.933177342484097,-3.933177342484097,1,2,-1,natural,2025-07-19 17:36:003
Other_species,A,-0.8273237457729385,-0.8273237457729385,1,2,-1,natural,2025-07-19 17:36:003
Nurse_S._viscosa,A,-1.8173943729442628,-1.8173943729442628,1,2,-1,restoration,2025-07-19 17:35:593
Nurse_G._struthium,A,-0.6023985824461654,-0.6023985824461654,1,2,-1,restoration,2025-07-19 17:35:593
H._squamatum,A,-3.5303265103388934,-3.5303265103388934,1,2,-1,restoration,2025-07-19 17:35:593
S._viscosa,A,-4.308165465067705,-4.308165465067705,1,2,-1,restoration,2025-07-19 17:35:593
C._hispanica,A,-7.308067930074825,-7.308067930074825,1,2,-1,restoration,2025-07-19 17:35:593
G._struthium,A,0.12873934807563955,0.12873934807563955,1,2,-1,restoration,2025-07-19 17:35:593
S._sediforme,A,-4.33192612246734,-4.33192612246734,1,2,-1,restoration,2025-07-19 17:35:593
H._syriacum,A,-3.5112429920338863,-3.5112429920338863,1,2,-1,restoration,2025-07-19 17:35:593
Other_species,A,-2.0621070736324834,-2.0621070736324834,1,2,-1,restoration,2025-07-19 17:35:593
Nurse_S._viscosa,A,-1.0555387924527804,-1.0555387924527804,1,2,-1,natural,2025-07-19 17:35:593
Nurse_G._struthium,A,-2.6375754710648107,-2.6375754710648107,1,2,-1,natural,2025-07-19 17:35:593
H._squamatum,A,-1.6622252551661354,-1.6622252551661354,1,2,-1,natural,2025-07-19 17:35:593
S._viscosa,A,-2.6749871587352207,-2.6749871587352207,1,2,-1,natural,2025-07-19 17:35:593
C._hispanica,A,-2.5456455403017104,-2.5456455403017104,1,2,-1,natural,2025-07-19 17:35:593
G._struthium,A,-4.498893582508151,-4.498893582508151,1,2,-1,natural,2025-07-19 17:35:593
S._sediforme,A,-3.4718579029762586,-3.4718579029762586,1,2,-1,natural,2025-07-19 17:35:593
H._syriacum,A,-3.549838895010771,-3.549838895010771,1,2,-1,natural,2025-07-19 17:35:593
Other_species,A,-0.79503964424174145,-0.79503964424174145,1,2,-1,natural,2025-07-19 17:35:593
Nurse_S._viscosa,A,-2.8839269744317453,-2.8839269744317453,1,2,-1,restoration,2025-07-19 17:35:583
Nurse_G._struthium,A,-1.7025678825674866,-1.7025678825674866,1,2,-1,restoration,2025-07-19 17:35:583
H._squamatum,A,-5.254278598229301,-5.254278598229301,1,2,-1,restoration,2025-07-19 17:35:583
S._viscosa,A,-3.982785082747516,-3.982785082747516,1,2,-1,restoration,2025-07-19 17:35:583
C._hispanica,A,-6.838982049376929,-6.838982049376929,1,2,-1,restoration,2025-07-19 17:35:583
G._struthium,A,-0.9564455647564298,-0.9564455647564298,1,2,-1,restoration,2025-07-19 17:35:583
S._sediforme,A,-3.119843532208641,-3.119843532208641,1,2,-1,restoration,2025-07-19 17:35:583
H._syriacum,A,-4.866055851995915,-4.866055851995915,1,2,-1,restoration,2025-07-19 17:35:583
Other_species,A,-3.052410002780871,-3.052410002780871,1,2,-1,restoration,2025-07-19 17:35:583
Nurse_S._viscosa,A,-1.104265279795739,-1.104265279795739,1,2,-1,natural,2025-07-19 17:35:583
Nurse_G._struthium,A,-2.181673778633713,-2.181673778633713,1,2,-1,natural,2025-07-19 17:35:583
H._squamatum,A,-1.3688033602128284,-1.3688033602128284,1,2,-1,natural,2025-07-19 17:35:583
S._viscosa,A,-2.328096307117522,-2.328096307117522,1,2,-1,natural,2025-07-19 17:35:583
C._hispanica,A,-2.4494896250966924,-2.4494896250966924,1,2,-1,natural,2025-07-19 17:35:583
G._struthium,A,-4.819018533108179,-4.819018533108179,1,2,-1,natural,2025-07-19 17:35:583
S._sediforme,A,-3.2166797103598626,-3.2166797103598626,1,2,-1,natural,2025-07-19 17:35:583
H._syriacum,A,-3.3120101440740255,-3.3120101440740255,1,2,-1,natural,2025-07-19 17:35:583
Other_species,A,-0.766771336789781,-0.766771336789781,1,2,-1,natural,2025-07-19 17:35:583
Nurse_S._viscosa,A,-2.9586681541512685,-2.9586681541512685,1,2,-1,restoration,2025-07-19 17:35:583
Nurse_G._struthium,A,-1.9709095698797847,-1.9709095698797847,1,2,-1,restoration,2025-07-19 17:35:583
H._squamatum,A,-4.883450937650455,-4.883450937650455,1,2,-1,restoration,2025-07-19 17:35:583
S._viscosa,A,-3.0828227470323806,-3.0828227470323806,1,2,-1,restoration,2025-07-19 17:35:583
C._hispanica,A,-6.000162997966038,-6.000162997966038,1,2,-1,restoration,2025-07-19 17:35:583
G._struthium,A,-1.446753566939313,-1.446753566939313,1,2,-1,restoration,2025-07-19 17:35:583
S._sediforme,A,-4.170120800708999,-4.170120800708999,1,2,-1,restoration,2025-07-19 17:35:583
H._syriacum,A,-5.929845309621602,-5.929845309621602,1,2,-1,restoration,2025-07-19 17:35:583
Other_species,A,-2.6592472471375963,-2.6592472471375963,1,2,-1,restoration,2025-07-19 17:35:583
Nurse_S._viscosa,A,-0.9261937811576765,-0.9261937811576765,1,2,-1,natural,2025-07-19 17:35:583
Nurse_G._struthium,A,-2.397273853216757,-2.397273853216757,1,2,-1,natural,2025-07-19 17:35:583
H._squamatum,A,-1.6311464968424076,-1.6311464968424076,1,2,-1,natural,2025-07-19 17:35:583
S._viscosa,A,-2.6975314753680797,-2.6975314753680797,1,2,-1,natural,2025-07-19 17:35:583
C._hispanica,A,-2.541916943096017,-2.541916943096017,1,2,-1,natural,2025-07-19 17:35:583
G._struthium,A,-4.902411302126479,-4.902411302126479,1,2,-1,natural,2025-07-19 17:35:583
S._sediforme,A,-3.3728806587408178,-3.3728806587408178,1,2,-1,natural,2025-07-19 17:35:583
H._syriacum,A,-3.2869536783823436,-3.2869536783823436,1,2,-1,natural,2025-07-19 17:35:583
Other_species,A,-0.8999090971126643,-0.8999090971126643,1,2,-1,natural,2025-07-19 17:35:583
Nurse_S._viscosa,A,-3.445170054845045,-3.445170054845045,1,2,-1,restoration,2025-07-19 17:35:573
Nurse_G._struthium,A,-1.5321647150313484,-1.5321647150313484,1,2,-1,restoration,2025-07-19 17:35:573
H._squamatum,A,-5.2751916369723455,-5.2751916369723455,1,2,-1,restoration,2025-07-19 17:35:573
S._viscosa,A,-5.22550574272676,-5.22550574272676,1,2,-1,restoration,2025-07-19 17:35:573
C._hispanica,A,-7.409967735599236,-7.409967735599236,1,2,-1,restoration,2025-07-19 17:35:573
G._struthium,A,-1.1122191777509383,-1.1122191777509383,1,2,-1,restoration,2025-07-19 17:35:573
S._sediforme,A,-3.8139571545449398,-3.8139571545449398,1,2,-1,restoration,2025-07-19 17:35:573
H._syriacum,A,-4.041583947977581,-4.041583947977581,1,2,-1,restoration,2025-07-19 17:35:573
Other_species,A,-3.2922483490498116,-3.2922483490498116,1,2,-1,restoration,2025-07-19 17:35:573
Nurse_S._viscosa,A,-0.9403848654842976,-0.9403848654842976,1,2,-1,natural,2025-07-19 17:35:573
Nurse_G._struthium,A,-2.1603383680564785,-2.1603383680564785,1,2,-1,natural,2025-07-19 17:35:573
H._squamatum,A,-1.589817585551974,-1.589817585551974,1,2,-1,natural,2025-07-19 17:35:573
S._viscosa,A,-2.4393562644194526,-2.4393562644194526,1,2,-1,natural,2025-07-19 17:35:573
C._hispanica,A,-2.8397026375630876,-2.8397026375630876,1,2,-1,natural,2025-07-19 17:35:573
G._struthium,A,-4.864523836373482,-4.864523836373482,1,2,-1,natural,2025-07-19 17:35:573
S._sediforme,A,-3.5141936432946945,-3.5141936432946945,1,2,-1,natural,2025-07-19 17:35:573
H._syriacum,A,-3.4700135534780503,-3.4700135534780503,1,2,-1,natural,2025-07-19 17:35:573
Other_species,A,-0.9296140899374831,-0.9296140899374831,1,2,-1,natural,2025-07-19 17:35:573
Nurse_S._viscosa,A,-2.965144930465081,-2.965144930465081,1,2,-1,restoration,2025-07-19 17:35:563
Nurse_G._struthium,A,-1.608125589288007,-1.608125589288007,1,2,-1,restoration,2025-07-19 17:35:563
H._squamatum,A,-4.8562123737303855,-4.8562123737303855,1,2,-1,restoration,2025-07-19 17:35:563
S._viscosa,A,-4.680190633083515,-4.680190633083515,1,2,-1,restoration,2025-07-19 17:35:563
C._hispanica,A,-4.700020826831223,-4.700020826831223,1,2,-1,restoration,2025-07-19 17:35:563
G._struthium,A,-0.6154343359241342,-0.6154343359241342,1,2,-1,restoration,2025-07-19 17:35:563
S._sediforme,A,-4.14422218053694,-4.14422218053694,1,2,-1,restoration,2025-07-19 17:35:563
H._syriacum,A,-4.79025979883642,-4.79025979883642,1,2,-1,restoration,2025-07-19 17:35:563
Other_species,A,-3.0431936996087807,-3.0431936996087807,1,2,-1,restoration,2025-07-19 17:35:563
Nurse_S._viscosa,A,-1.2396955779572754,-1.2396955779572754,1,2,-1,natural,2025-07-19 17:35:563
Nurse_G._struthium,A,-2.206632259477042,-2.206632259477042,1,2,-1,natural,2025-07-19 17:35:563
H._squamatum,A,-1.8334063389058424,-1.8334063389058424,1,2,-1,natural,2025-07-19 17:35:563
S._viscosa,A,-2.2139793208629035,-2.2139793208629035,1,2,-1,natural,2025-07-19 17:35:563
C._hispanica,A,-2.6734507999526276,-2.6734507999526276,1,2,-1,natural,2025-07-19 17:35:563
G._struthium,A,-4.7494741872753465,-4.7494741872753465,1,2,-1,natural,2025-07-19 17:35:563
S._sediforme,A,-3.6395558430587283,-3.6395558430587283,1,2,-1,natural,2025-07-19 17:35:563
H._syriacum,A,-3.374139869168397,-3.374139869168397,1,2,-1,natural,2025-07-19 17:35:563
Other_species,A,-0.9067473552802049,-0.9067473552802049,1,2,-1,natural,2025-07-19 17:35:563
Nurse_S._viscosa,A,-2.6225113147893997,-2.6225113147893997,1,2,-1,restoration,2025-07-19 17:35:563
Nurse_G._struthium,A,-2.152574518293959,-2.152574518293959,1,2,-1,restoration,2025-07-19 17:35:563
H._squamatum,A,-5.149844063249753,-5.149844063249753,1,2,-1,restoration,2025-07-19 17:35:563
S._viscosa,A,-3.235380368964427,-3.235380368964427,1,2,-1,restoration,2025-07-19 17:35:563
C._hispanica,A,-6.280957311968764,-6.280957311968764,1,2,-1,restoration,2025-07-19 17:35:563
G._struthium,A,-1.1566516013107189,-1.1566516013107189,1,2,-1,restoration,2025-07-19 17:35:563
S._sediforme,A,-4.243625761536447,-4.243625761536447,1,2,-1,restoration,2025-07-19 17:35:563
H._syriacum,A,-4.314793842192645,-4.314793842192645,1,2,-1,restoration,2025-07-19 17:35:563
Other_species,A,-2.9486093856939224,-2.9486093856939224,1,2,-1,restoration,2025-07-19 17:35:563
Nurse_S._viscosa,A,-0.9476508984085246,-0.9476508984085246,1,2,-1,natural,2025-07-19 17:35:563
Nurse_G._struthium,A,-2.1784242575392048,-2.1784242575392048,1,2,-1,natural,2025-07-19 17:35:563
H._squamatum,A,-1.6209966753113805,-1.6209966753113805,1,2,-1,natural,2025-07-19 17:35:563
S._viscosa,A,-2.4317382295250605,-2.4317382295250605,1,2,-1,natural,2025-07-19 17:35:563
C._hispanica,A,-2.2795962053633145,-2.2795962053633145,1,2,-1,natural,2025-07-19 17:35:563
G._struthium,A,-5.138967332784816,-5.138967332784816,1,2,-1,natural,2025-07-19 17:35:563
S._sediforme,A,-3.191329637020411,-3.191329637020411,1,2,-1,natural,2025-07-19 17:35:563
H._syriacum,A,-3.8474155666572614,-3.8474155666572614,1,2,-1,natural,2025-07-19 17:35:563
Other_species,A,-0.5762546689038599,-0.5762546689038599,1,2,-1,natural,2025-07-19 17:35:563
Nurse_S._viscosa,A,-2.7865230577915487,-2.7865230577915487,1,2,-1,restoration,2025-07-19 17:35:553
Nurse_G._struthium,A,-1.560135191048315,-1.560135191048315,1,2,-1,restoration,2025-07-19 17:35:553
H._squamatum,A,-3.99343691717337,-3.99343691717337,1,2,-1,restoration,2025-07-19 17:35:553
S._viscosa,A,-4.698349172292769,-4.698349172292769,1,2,-1,restoration,2025-07-19 17:35:553
C._hispanica,A,-6.053515545950516,-6.053515545950516,1,2,-1,restoration,2025-07-19 17:35:553
G._struthium,A,-0.590664496526201,-0.590664496526201,1,2,-1,restoration,2025-07-19 17:35:553
S._sediforme,A,-3.8862983885132953,-3.8862983885132953,1,2,-1,restoration,2025-07-19 17:35:553
H._syriacum,A,-4.592830570370716,-4.592830570370716,1,2,-1,restoration,2025-07-19 17:35:553
Other_species,A,-2.595721424560647,-2.595721424560647,1,2,-1,restoration,2025-07-19 17:35:553
Nurse_S._viscosa,A,-0.8516813075027178,-0.8516813075027178,1,2,-1,natural,2025-07-19 17:35:553
Nurse_G._struthium,A,-2.078560706952343,-2.078560706952343,1,2,-1,natural,2025-07-19 17:35:553
H._squamatum,A,-1.644620605629397,-1.644620605629397,1,2,-1,natural,2025-07-19 17:35:553
S._viscosa,A,-2.6184853788213087,-2.6184853788213087,1,2,-1,natural,2025-07-19 17:35:553
C._hispanica,A,-2.470469045271492,-2.470469045271492,1,2,-1,natural,2025-07-19 17:35:553
G._struthium,A,-4.006852680861216,-4.006852680861216,1,2,-1,natural,2025-07-19 17:35:553
S._sediforme,A,-3.1378391979005813,-3.1378391979005813,1,2,-1,natural,2025-07-19 17:35:553
H._syriacum,A,-3.8905630091759704,-3.8905630091759704,1,2,-1,natural,2025-07-19 17:35:553
Other_species,A,-0.6628743355422978,-0.6628743355422978,1,2,-1,natural,2025-07-19 17:35:553
Nurse_S._viscosa,A,-2.9984723080132136,-2.9984723080132136,1,2,-1,restoration,2025-07-19 17:35:543
Nurse_G._struthium,A,-1.7241031319888347,-1.7241031319888347,1,2,-1,restoration,2025-07-19 17:35:543
H._squamatum,A,-5.0472624326560505,-5.0472624326560505,1,2,-1,restoration,2025-07-19 17:35:543
S._viscosa,A,-4.97190761355264,-4.97190761355264,1,2,-1,restoration,2025-07-19 17:35:543
C._hispanica,A,-4.692693815199971,-4.692693815199971,1,2,-1,restoration,2025-07-19 17:35:543
G._struthium,A,-0.4735473120357343,-0.4735473120357343,1,2,-1,restoration,2025-07-19 17:35:543
S._sediforme,A,-4.183052839409692,-4.183052839409692,1,2,-1,restoration,2025-07-19 17:35:543
H._syriacum,A,-3.9505999854672718,-3.9505999854672718,1,2,-1,restoration,2025-07-19 17:35:543
Other_species,A,-2.6180436484555996,-2.6180436484555996,1,2,-1,restoration,2025-07-19 17:35:543
Nurse_S._viscosa,A,-0.817273627973192,-0.817273627973192,1,2,-1,natural,2025-07-19 17:35:543
Nurse_G._struthium,A,-2.2657184275039586,-2.2657184275039586,1,2,-1,natural,2025-07-19 17:35:543
H._squamatum,A,-1.5034526893780946,-1.5034526893780946,1,2,-1,natural,2025-07-19 17:35:543
S._viscosa,A,-2.659422931347914,-2.659422931347914,1,2,-1,natural,2025-07-19 17:35:543
C._hispanica,A,-2.5399234053342568,-2.5399234053342568,1,2,-1,natural,2025-07-19 17:35:543
G._struthium,A,-4.94077511283155,-4.94077511283155,1,2,-1,natural,2025-07-19 17:35:543
S._sediforme,A,-3.406398382404043,-3.406398382404043,1,2,-1,natural,2025-07-19 17:35:543
H._syriacum,A,-2.950231106101837,-2.950231106101837,1,2,-1,natural,2025-07-19 17:35:543
Other_species,A,-0.6404396060801619,-0.6404396060801619,1,2,-1,natural,2025-07-19 17:35:543
Nurse_S._viscosa,A,-3.4151491527816074,-3.4151491527816074,1,2,-1,restoration,2025-07-19 17:35:543
Nurse_G._struthium,A,-2.0363242692735497,-2.0363242692735497,1,2,-1,restoration,2025-07-19 17:35:543
H._squamatum,A,-5.364393992194151,-5.364393992194151,1,2,-1,restoration,2025-07-19 17:35:543
S._viscosa,A,-4.8563566337171435,-4.8563566337171435,1,2,-1,restoration,2025-07-19 17:35:543
C._hispanica,A,-6.074941627165355,-6.074941627165355,1,2,-1,restoration,2025-07-19 17:35:543
G._struthium,A,-0.9701769016925532,-0.9701769016925532,1,2,-1,restoration,2025-07-19 17:35:543
S._sediforme,A,-3.7318290557652936,-3.7318290557652936,1,2,-1,restoration,2025-07-19 17:35:543
H._syriacum,A,-5.6889674737666684,-5.6889674737666684,1,2,-1,restoration,2025-07-19 17:35:543
Other_species,A,-3.141427952023613,-3.141427952023613,1,2,-1,restoration,2025-07-19 17:35:543
Nurse_S._viscosa,A,-1.1679519309464765,-1.1679519309464765,1,2,-1,natural,2025-07-19 17:35:543
Nurse_G._struthium,A,-2.814946435359382,-2.814946435359382,1,2,-1,natural,2025-07-19 17:35:543
H._squamatum,A,-1.6273222936043954,-1.6273222936043954,1,2,-1,natural,2025-07-19 17:35:543
S._viscosa,A,-2.967365129049727,-2.967365129049727,1,2,-1,natural,2025-07-19 17:35:543
C._hispanica,A,-2.633098103021756,-2.633098103021756,1,2,-1,natural,2025-07-19 17:35:543
G._struthium,A,-5.5194806983348785,-5.5194806983348785,1,2,-1,natural,2025-07-19 17:35:543
S._sediforme,A,-3.067226465070219,-3.067226465070219,1,2,-1,natural,2025-07-19 17:35:543
H._syriacum,A,-3.4777271839260044,-3.4777271839260044,1,2,-1,natural,2025-07-19 17:35:543
Other_species,A,-0.9007964139046694,-0.9007964139046694,1,2,-1,natural,2025-07-19 17:35:543
Nurse_S._viscosa,A,-3.0195805811507923,-3.0195805811507923,1,2,-1,restoration,2025-07-19 17:35:533
Nurse_G._struthium,A,-1.689121094764448,-1.689121094764448,1,2,-1,restoration,2025-07-19 17:35:533
H._squamatum,A,-4.22068815549173,-4.22068815549173,1,2,-1,restoration,2025-07-19 17:35:533
S._viscosa,A,-5.0662761202088475,-5.0662761202088475,1,2,-1,restoration,2025-07-19 17:35:533
C._hispanica,A,-5.313089333797352,-5.313089333797352,1,2,-1,restoration,2025-07-19 17:35:533
G._struthium,A,-0.7582753704555731,-0.7582753704555731,1,2,-1,restoration,2025-07-19 17:35:533
S._sediforme,A,-3.844240568122466,-3.844240568122466,1,2,-1,restoration,2025-07-19 17:35:533
H._syriacum,A,-5.272007937376012,-5.272007937376012,1,2,-1,restoration,2025-07-19 17:35:533
Other_species,A,-2.890495264097786,-2.890495264097786,1,2,-1,restoration,2025-07-19 17:35:533
Nurse_S._viscosa,A,-1.0952113032874207,-1.0952113032874207,1,2,-1,natural,2025-07-19 17:35:533
Nurse_G._struthium,A,-2.3515515918886236,-2.3515515918886236,1,2,-1,natural,2025-07-19 17:35:533
H._squamatum,A,-1.8318185593192016,-1.8318185593192016,1,2,-1,natural,2025-07-19 17:35:533
S._viscosa,A,-2.616497368742392,-2.616497368742392,1,2,-1,natural,2025-07-19 17:35:533
C._hispanica,A,-2.509858829808911,-2.509858829808911,1,2,-1,natural,2025-07-19 17:35:533
G._struthium,A,-4.739948485463802,-4.739948485463802,1,2,-1,natural,2025-07-19 17:35:533
S._sediforme,A,-3.4972010991546973,-3.4972010991546973,1,2,-1,natural,2025-07-19 17:35:533
H._syriacum,A,-3.2965147268143253,-3.2965147268143253,1,2,-1,natural,2025-07-19 17:35:533
Other_species,A,-0.8393553702035913,-0.8393553702035913,1,2,-1,natural,2025-07-19 17:35:533
Nurse_S._viscosa,A,-3.588744141264737,-3.588744141264737,1,2,-1,restoration,2025-07-19 17:35:523
Nurse_G._struthium,A,-1.9075178968398354,-1.9075178968398354,1,2,-1,restoration,2025-07-19 17:35:523
H._squamatum,A,-4.907910036959187,-4.907910036959187,1,2,-1,restoration,2025-07-19 17:35:523
S._viscosa,A,-4.8307988782183395,-4.8307988782183395,1,2,-1,restoration,2025-07-19 17:35:523
C._hispanica,A,-6.90785589143344,-6.90785589143344,1,2,-1,restoration,2025-07-19 17:35:523
G._struthium,A,-0.9509513625543787,-0.9509513625543787,1,2,-1,restoration,2025-07-19 17:35:523
S._sediforme,A,-3.8383667743265906,-3.8383667743265906,1,2,-1,restoration,2025-07-19 17:35:523
H._syriacum,A,-5.655054421940728,-5.655054421940728,1,2,-1,restoration,2025-07-19 17:35:523
Other_species,A,-3.113798010721895,-3.113798010721895,1,2,-1,restoration,2025-07-19 17:35:523
Nurse_S._viscosa,A,-0.9394376416893166,-0.9394376416893166,1,2,-1,natural,2025-07-19 17:35:523
Nurse_G._struthium,A,-2.2586611231728435,-2.2586611231728435,1,2,-1,natural,2025-07-19 17:35:523
H._squamatum,A,-1.6412441329138778,-1.6412441329138778,1,2,-1,natural,2025-07-19 17:35:523
S._viscosa,A,-2.4091900519465685,-2.4091900519465685,1,2,-1,natural,2025-07-19 17:35:523
C._hispanica,A,-2.2972190754379316,-2.2972190754379316,1,2,-1,natural,2025-07-19 17:35:523
G._struthium,A,-4.0608694487285195,-4.0608694487285195,1,2,-1,natural,2025-07-19 17:35:523
S._sediforme,A,-3.6074538048918607,-3.6074538048918607,1,2,-1,natural,2025-07-19 17:35:523
H._syriacum,A,-3.4715610936529155,-3.4715610936529155,1,2,-1,natural,2025-07-19 17:35:523
Other_species,A,-0.6380738473748675,-0.6380738473748675,1,2,-1,natural,2025-07-19 17:35:523
Nurse_S._viscosa,A,-2.395887843286915,-2.395887843286915,1,2,-1,restoration,2025-07-19 17:35:523
Nurse_G._struthium,A,-1.834332011160945,-1.834332011160945,1,2,-1,restoration,2025-07-19 17:35:523
H._squamatum,A,-4.682047662184514,-4.682047662184514,1,2,-1,restoration,2025-07-19 17:35:523
S._viscosa,A,-3.7252266545146613,-3.7252266545146613,1,2,-1,restoration,2025-07-19 17:35:523
C._hispanica,A,-6.495816735059709,-6.495816735059709,1,2,-1,restoration,2025-07-19 17:35:523
G._struthium,A,-0.8269034068217125,-0.8269034068217125,1,2,-1,restoration,2025-07-19 17:35:523
S._sediforme,A,-4.225303129558721,-4.225303129558721,1,2,-1,restoration,2025-07-19 17:35:523
H._syriacum,A,-4.914285099388474,-4.914285099388474,1,2,-1,restoration,2025-07-19 17:35:523
Other_species,A,-2.9662423802162228,-2.9662423802162228,1,2,-1,restoration,2025-07-19 17:35:523
Nurse_S._viscosa,A,-1.1065246572274718,-1.1065246572274718,1,2,-1,natural,2025-07-19 17:35:523
Nurse_G._struthium,A,-2.1193687040513574,-2.1193687040513574,1,2,-1,natural,2025-07-19 17:35:523
H._squamatum,A,-1.6493126484235257,-1.6493126484235257,1,2,-1,natural,2025-07-19 17:35:523
S._viscosa,A,-2.4437766573155932,-2.4437766573155932,1,2,-1,natural,2025-07-19 17:35:523
C._hispanica,A,-2.7579408945065262,-2.7579408945065262,1,2,-1,natural,2025-07-19 17:35:523
G._struthium,A,-4.747044184434993,-4.747044184434993,1,2,-1,natural,2025-07-19 17:35:523
S._sediforme,A,-3.3035817683856403,-3.3035817683856403,1,2,-1,natural,2025-07-19 17:35:523
H._syriacum,A,-3.7706993932720723,-3.7706993932720723,1,2,-1,natural,2025-07-19 17:35:523
Other_species,A,-0.9523782930976499,-0.9523782930976499,1,2,-1,natural,2025-07-19 17:35:523
Nurse_S._viscosa,A,-2.4166508327012517,-2.4166508327012517,1,2,-1,restoration,2025-07-19 17:35:513
Nurse_G._struthium,A,-1.2454117752739104,-1.2454117752739104,1,2,-1,restoration,2025-07-19 17:35:513
H._squamatum,A,-4.223903939943159,-4.223903939943159,1,2,-1,restoration,2025-07-19 17:35:513
S._viscosa,A,-3.6712081574702378,-3.6712081574702378,1,2,-1,restoration,2025-07-19 17:35:513
C._hispanica,A,-4.717652617535969,-4.717652617535969,1,2,-1,restoration,2025-07-19 17:35:513
G._struthium,A,-0.74872873784142,-0.74872873784142,1,2,-1,restoration,2025-07-19 17:35:513
S._sediforme,A,-3.5251986695408295,-3.5251986695408295,1,2,-1,restoration,2025-07-19 17:35:513
H._syriacum,A,-3.7336354105266683,-3.7336354105266683,1,2,-1,restoration,2025-07-19 17:35:513
Other_species,A,-3.4403405093900963,-3.4403405093900963,1,2,-1,restoration,2025-07-19 17:35:513
Nurse_S._viscosa,A,-1.3576313760051357,-1.3576313760051357,1,2,-1,natural,2025-07-19 17:35:513
Nurse_G._struthium,A,-2.442515775298588,-2.442515775298588,1,2,-1,natural,2025-07-19 17:35:513
H._squamatum,A,-1.6497473302429648,-1.6497473302429648,1,2,-1,natural,2025-07-19 17:35:513
S._viscosa,A,-2.557719685631457,-2.557719685631457,1,2,-1,natural,2025-07-19 17:35:513
C._hispanica,A,-2.5364228752389995,-2.5364228752389995,1,2,-1,natural,2025-07-19 17:35:513
G._struthium,A,-5.544217728992406,-5.544217728992406,1,2,-1,natural,2025-07-19 17:35:513
S._sediforme,A,-3.592856800696442,-3.592856800696442,1,2,-1,natural,2025-07-19 17:35:513
H._syriacum,A,-3.7282913312033688,-3.7282913312033688,1,2,-1,natural,2025-07-19 17:35:513
Other_species,A,-0.878655765244437,-0.878655765244437,1,2,-1,natural,2025-07-19 17:35:513
Nurse_S._viscosa,A,-2.7807122828183766,-2.7807122828183766,1,2,-1,restoration,2025-07-19 17:35:503
Nurse_G._struthium,A,-1.478122709385187,-1.478122709385187,1,2,-1,restoration,2025-07-19 17:35:503
H._squamatum,A,-4.2634983562694,-4.2634983562694,1,2,-1,restoration,2025-07-19 17:35:503
S._viscosa,A,-4.289629369649674,-4.289629369649674,1,2,-1,restoration,2025-07-19 17:35:503
C._hispanica,A,-6.164522419838844,-6.164522419838844,1,2,-1,restoration,2025-07-19 17:35:503
G._struthium,A,-0.9206054416926795,-0.9206054416926795,1,2,-1,restoration,2025-07-19 17:35:503
S._sediforme,A,-3.445997814901982,-3.445997814901982,1,2,-1,restoration,2025-07-19 17:35:503
H._syriacum,A,-5.710674327847231,-5.710674327847231,1,2,-1,restoration,2025-07-19 17:35:503
Other_species,A,-2.5519773855487085,-2.5519773855487085,1,2,-1,restoration,2025-07-19 17:35:503
Nurse_S._viscosa,A,-1.1778447321628924,-1.1778447321628924,1,2,-1,natural,2025-07-19 17:35:503
Nurse_G._struthium,A,-2.583751370122888,-2.583751370122888,1,2,-1,natural,2025-07-19 17:35:503
H._squamatum,A,-1.8150708318773645,-1.8150708318773645,1,2,-1,natural,2025-07-19 17:35:503
S._viscosa,A,-2.726102377700901,-2.726102377700901,1,2,-1,natural,2025-07-19 17:35:503
C._hispanica,A,-2.4721759138058514,-2.4721759138058514,1,2,-1,natural,2025-07-19 17:35:503
G._struthium,A,-4.2899602537411665,-4.2899602537411665,1,2,-1,natural,2025-07-19 17:35:503
S._sediforme,A,-3.1051737141576727,-3.1051737141576727,1,2,-1,natural,2025-07-19 17:35:503
H._syriacum,A,-3.1646657879743727,-3.1646657879743727,1,2,-1,natural,2025-07-19 17:35:503
Other_species,A,-1.0382519835061084,-1.0382519835061084,1,2,-1,natural,2025-07-19 17:35:503
Nurse_S._viscosa,A,-2.4612406498052946,-2.4612406498052946,1,2,-1,restoration,2025-07-19 17:35:493
Nurse_G._struthium,A,-1.6743255183277692,-1.6743255183277692,1,2,-1,restoration,2025-07-19 17:35:493
H._squamatum,A,-4.954949232562369,-4.954949232562369,1,2,-1,restoration,2025-07-19 17:35:493
S._viscosa,A,-4.489531011755887,-4.489531011755887,1,2,-1,restoration,2025-07-19 17:35:493
C._hispanica,A,-5.65542786184338,-5.65542786184338,1,2,-1,restoration,2025-07-19 17:35:493
G._struthium,A,-0.8255848650364488,-0.8255848650364488,1,2,-1,restoration,2025-07-19 17:35:493
S._sediforme,A,-2.9650254295517455,-2.9650254295517455,1,2,-1,restoration,2025-07-19 17:35:493
H._syriacum,A,-4.669481542862879,-4.669481542862879,1,2,-1,restoration,2025-07-19 17:35:493
Other_species,A,-2.9794875385883466,-2.9794875385883466,1,2,-1,restoration,2025-07-19 17:35:493
Nurse_S._viscosa,A,-0.9092216177560775,-0.9092216177560775,1,2,-1,natural,2025-07-19 17:35:493
Nurse_G._struthium,A,-1.9995644338910314,-1.9995644338910314,1,2,-1,natural,2025-07-19 17:35:493
H._squamatum,A,-1.5818869317574338,-1.5818869317574338,1,2,-1,natural,2025-07-19 17:35:493
S._viscosa,A,-2.2805870873609084,-2.2805870873609084,1,2,-1,natural,2025-07-19 17:35:493
C._hispanica,A,-2.538686625781458,-2.538686625781458,1,2,-1,natural,2025-07-19 17:35:493
G._struthium,A,-4.301837605119034,-4.301837605119034,1,2,-1,natural,2025-07-19 17:35:493
S._sediforme,A,-3.2152125158551486,-3.2152125158551486,1,2,-1,natural,2025-07-19 17:35:493
H._syriacum,A,-3.2306973164012875,-3.2306973164012875,1,2,-1,natural,2025-07-19 17:35:493
Other_species,A,-0.7713838255156156,-0.7713838255156156,1,2,-1,natural,2025-07-19 17:35:493
Nurse_S._viscosa,A,-3.3816272088440242,-3.3816272088440242,1,2,-1,restoration,2025-07-19 17:35:493
Nurse_G._struthium,A,-2.629253332350905,-2.629253332350905,1,2,-1,restoration,2025-07-19 17:35:493
H._squamatum,A,-5.08555998899085,-5.08555998899085,1,2,-1,restoration,2025-07-19 17:35:493
S._viscosa,A,-4.550173096777422,-4.550173096777422,1,2,-1,restoration,2025-07-19 17:35:493
C._hispanica,A,-5.985672157189285,-5.985672157189285,1,2,-1,restoration,2025-07-19 17:35:493
G._struthium,A,-1.4374849675438974,-1.4374849675438974,1,2,-1,restoration,2025-07-19 17:35:493
S._sediforme,A,-5.808266553971821,-5.808266553971821,1,2,-1,restoration,2025-07-19 17:35:493
H._syriacum,A,-5.063587513278581,-5.063587513278581,1,2,-1,restoration,2025-07-19 17:35:493
Other_species,A,-2.938688236691339,-2.938688236691339,1,2,-1,restoration,2025-07-19 17:35:493
Nurse_S._viscosa,A,-0.9186859326124095,-0.9186859326124095,1,2,-1,natural,2025-07-19 17:35:493
Nurse_G._struthium,A,-2.190052589419567,-2.190052589419567,1,2,-1,natural,2025-07-19 17:35:493
H._squamatum,A,-1.5007643401458794,-1.5007643401458794,1,2,-1,natural,2025-07-19 17:35:493
S._viscosa,A,-2.4479833444959196,-2.4479833444959196,1,2,-1,natural,2025-07-19 17:35:493
C._hispanica,A,-2.4074491462959293,-2.4074491462959293,1,2,-1,natural,2025-07-19 17:35:493
G._struthium,A,-4.379968122448347,-4.379968122448347,1,2,-1,natural,2025-07-19 17:35:493
S._sediforme,A,-3.1669480728315977,-3.1669480728315977,1,2,-1,natural,2025-07-19 17:35:493
H._syriacum,A,-3.353623316180892,-3.353623316180892,1,2,-1,natural,2025-07-19 17:35:493
Other_species,A,-0.5405411491226092,-0.5405411491226092,1,2,-1,natural,2025-07-19 17:35:493
Nurse_S._viscosa,A,-3.382829812693046,-3.382829812693046,1,2,-1,restoration,2025-07-19 17:35:483
Nurse_G._struthium,A,-2.735528723827338,-2.735528723827338,1,2,-1,restoration,2025-07-19 17:35:483
H._squamatum,A,-4.873567241499504,-4.873567241499504,1,2,-1,restoration,2025-07-19 17:35:483
S._viscosa,A,-6.2042819460341,-6.2042819460341,1,2,-1,restoration,2025-07-19 17:35:483
C._hispanica,A,-6.801257709988082,-6.801257709988082,1,2,-1,restoration,2025-07-19 17:35:483
G._struthium,A,-1.5141921677514132,-1.5141921677514132,1,2,-1,restoration,2025-07-19 17:35:483
S._sediforme,A,-5.930999745983971,-5.930999745983971,1,2,-1,restoration,2025-07-19 17:35:483
H._syriacum,A,-4.422278621567799,-4.422278621567799,1,2,-1,restoration,2025-07-19 17:35:483
Other_species,A,-3.7590595390716417,-3.7590595390716417,1,2,-1,restoration,2025-07-19 17:35:483
Nurse_S._viscosa,A,-1.1318657167114643,-1.1318657167114643,1,2,-1,natural,2025-07-19 17:35:483
Nurse_G._struthium,A,-2.3399846383201073,-2.3399846383201073,1,2,-1,natural,2025-07-19 17:35:483
H._squamatum,A,-1.907162695169783,-1.907162695169783,1,2,-1,natural,2025-07-19 17:35:483
S._viscosa,A,-2.5931641436941706,-2.5931641436941706,1,2,-1,natural,2025-07-19 17:35:483
C._hispanica,A,-2.502803636565726,-2.502803636565726,1,2,-1,natural,2025-07-19 17:35:483
G._struthium,A,-3.8841117364714344,-3.8841117364714344,1,2,-1,natural,2025-07-19 17:35:483
S._sediforme,A,-3.6533386258330984,-3.6533386258330984,1,2,-1,natural,2025-07-19 17:35:483
H._syriacum,A,-3.446499278593718,-3.446499278593718,1,2,-1,natural,2025-07-19 17:35:483
Other_species,A,-1.1037476677563438,-1.1037476677563438,1,2,-1,natural,2025-07-19 17:35:483
Nurse_S._viscosa,A,-2.630371687014358,-2.630371687014358,1,2,-1,restoration,2025-07-19 17:35:473
Nurse_G._struthium,A,-1.8559233663304433,-1.8559233663304433,1,2,-1,restoration,2025-07-19 17:35:473
H._squamatum,A,-3.813546276563668,-3.813546276563668,1,2,-1,restoration,2025-07-19 17:35:473
S._viscosa,A,-4.9837464998711285,-4.9837464998711285,1,2,-1,restoration,2025-07-19 17:35:473
C._hispanica,A,-6.6540373583410695,-6.6540373583410695,1,2,-1,restoration,2025-07-19 17:35:473
G._struthium,A,-0.470569338182956,-0.470569338182956,1,2,-1,restoration,2025-07-19 17:35:473
S._sediforme,A,-3.98582922927589,-3.98582922927589,1,2,-1,restoration,2025-07-19 17:35:473
H._syriacum,A,-3.8729269982804433,-3.8729269982804433,1,2,-1,restoration,2025-07-19 17:35:473
Other_species,A,-3.1451271565200876,-3.1451271565200876,1,2,-1,restoration,2025-07-19 17:35:473
Nurse_S._viscosa,A,-0.9806580930463221,-0.9806580930463221,1,2,-1,natural,2025-07-19 17:35:473
Nurse_G._struthium,A,-2.3725038843330024,-2.3725038843330024,1,2,-1,natural,2025-07-19 17:35:473
H._squamatum,A,-1.9474192343903982,-1.9474192343903982,1,2,-1,natural,2025-07-19 17:35:473
S._viscosa,A,-2.512590003714775,-2.512590003714775,1,2,-1,natural,2025-07-19 17:35:473
C._hispanica,A,-2.7012210589730206,-2.7012210589730206,1,2,-1,natural,2025-07-19 17:35:473
G._struthium,A,-4.623918276609706,-4.623918276609706,1,2,-1,natural,2025-07-19 17:35:473
S._sediforme,A,-3.518989206915004,-3.518989206915004,1,2,-1,natural,2025-07-19 17:35:473
H._syriacum,A,-3.4294716949754616,-3.4294716949754616,1,2,-1,natural,2025-07-19 17:35:473
Other_species,A,-0.673342883814555,-0.673342883814555,1,2,-1,natural,2025-07-19 17:35:473
Nurse_S._viscosa,A,-2.651483545029447,-2.651483545029447,1,2,-1,restoration,2025-07-19 17:35:473
Nurse_G._struthium,A,-2.391926835815873,-2.391926835815873,1,2,-1,restoration,2025-07-19 17:35:473
H._squamatum,A,-4.66381042266156,-4.66381042266156,1,2,-1,restoration,2025-07-19 17:35:473
S._viscosa,A,-4.427854879393447,-4.427854879393447,1,2,-1,restoration,2025-07-19 17:35:473
C._hispanica,A,-5.552910519311339,-5.552910519311339,1,2,-1,restoration,2025-07-19 17:35:473
G._struthium,A,-0.8986088253456821,-0.8986088253456821,1,2,-1,restoration,2025-07-19 17:35:473
S._sediforme,A,-4.076935485367801,-4.076935485367801,1,2,-1,restoration,2025-07-19 17:35:473
H._syriacum,A,-4.292468160879077,-4.292468160879077,1,2,-1,restoration,2025-07-19 17:35:473
Other_species,A,-2.3746683089368164,-2.3746683089368164,1,2,-1,restoration,2025-07-19 17:35:473
Nurse_S._viscosa,A,-0.9746804010346278,-0.9746804010346278,1,2,-1,natural,2025-07-19 17:35:473
Nurse_G._struthium,A,-2.4568696423965743,-2.4568696423965743,1,2,-1,natural,2025-07-19 17:35:473
H._squamatum,A,-1.4955633532105075,-1.4955633532105075,1,2,-1,natural,2025-07-19 17:35:473
S._viscosa,A,-2.3758450371615902,-2.3758450371615902,1,2,-1,natural,2025-07-19 17:35:473
C._hispanica,A,-2.775382531217001,-2.775382531217001,1,2,-1,natural,2025-07-19 17:35:473
G._struthium,A,-4.579642142382577,-4.579642142382577,1,2,-1,natural,2025-07-19 17:35:473
S._sediforme,A,-3.578353448324959,-3.578353448324959,1,2,-1,natural,2025-07-19 17:35:473
H._syriacum,A,-3.9076368758948323,-3.9076368758948323,1,2,-1,natural,2025-07-19 17:35:473
Other_species,A,-0.6731391962753109,-0.6731391962753109,1,2,-1,natural,2025-07-19 17:35:473
Nurse_S._viscosa,A,-2.8544160817904327,-2.8544160817904327,1,2,-1,restoration,2025-07-19 17:35:463
Nurse_G._struthium,A,-2.5232106693114544,-2.5232106693114544,1,2,-1,restoration,2025-07-19 17:35:463
H._squamatum,A,-5.154287330525495,-5.154287330525495,1,2,-1,restoration,2025-07-19 17:35:463
S._viscosa,A,-4.58205581846394,-4.58205581846394,1,2,-1,restoration,2025-07-19 17:35:463
C._hispanica,A,-6.714742861835738,-6.714742861835738,1,2,-1,restoration,2025-07-19 17:35:463
G._struthium,A,-1.0614788945549827,-1.0614788945549827,1,2,-1,restoration,2025-07-19 17:35:463
S._sediforme,A,-3.171780586529616,-3.171780586529616,1,2,-1,restoration,2025-07-19 17:35:463
H._syriacum,A,-4.790424675270468,-4.790424675270468,1,2,-1,restoration,2025-07-19 17:35:463
Other_species,A,-3.599114990348982,-3.599114990348982,1,2,-1,restoration,2025-07-19 17:35:463
Nurse_S._viscosa,A,-1.2051437651850934,-1.2051437651850934,1,2,-1,natural,2025-07-19 17:35:463
Nurse_G._struthium,A,-2.3937494325757176,-2.3937494325757176,1,2,-1,natural,2025-07-19 17:35:463
H._squamatum,A,-2.2534742345965855,-2.2534742345965855,1,2,-1,natural,2025-07-19 17:35:463
S._viscosa,A,-2.2468063196624515,-2.2468063196624515,1,2,-1,natural,2025-07-19 17:35:463
C._hispanica,A,-2.495292257295747,-2.495292257295747,1,2,-1,natural,2025-07-19 17:35:463
G._struthium,A,-4.951604293691294,-4.951604293691294,1,2,-1,natural,2025-07-19 17:35:463
S._sediforme,A,-3.386734043392228,-3.386734043392228,1,2,-1,natural,2025-07-19 17:35:463
H._syriacum,A,-3.5700710994920244,-3.5700710994920244,1,2,-1,natural,2025-07-19 17:35:463
Other_species,A,-0.8895514884585451,-0.8895514884585451,1,2,-1,natural,2025-07-19 17:35:463
Nurse_S._viscosa,A,-2.9700575988357287,-2.9700575988357287,1,2,-1,restoration,2025-07-19 17:35:453
Nurse_G._struthium,A,-2.3329241570492516,-2.3329241570492516,1,2,-1,restoration,2025-07-19 17:35:453
H._squamatum,A,-4.068153965261225,-4.068153965261225,1,2,-1,restoration,2025-07-19 17:35:453
S._viscosa,A,-5.4036237417608595,-5.4036237417608595,1,2,-1,restoration,2025-07-19 17:35:453
C._hispanica,A,-6.669352964538786,-6.669352964538786,1,2,-1,restoration,2025-07-19 17:35:453
G._struthium,A,-1.0393402563933805,-1.0393402563933805,1,2,-1,restoration,2025-07-19 17:35:453
S._sediforme,A,-3.9267091287612303,-3.9267091287612303,1,2,-1,restoration,2025-07-19 17:35:453
H._syriacum,A,-5.105609800531612,-5.105609800531612,1,2,-1,restoration,2025-07-19 17:35:453
Other_species,A,-3.5168058833738027,-3.5168058833738027,1,2,-1,restoration,2025-07-19 17:35:453
Nurse_S._viscosa,A,-1.0663333982528123,-1.0663333982528123,1,2,-1,natural,2025-07-19 17:35:453
Nurse_G._struthium,A,-2.6343543950821675,-2.6343543950821675,1,2,-1,natural,2025-07-19 17:35:453
H._squamatum,A,-1.8254011514903112,-1.8254011514903112,1,2,-1,natural,2025-07-19 17:35:453
S._viscosa,A,-2.7319128746496673,-2.7319128746496673,1,2,-1,natural,2025-07-19 17:35:453
C._hispanica,A,-2.6697315199805556,-2.6697315199805556,1,2,-1,natural,2025-07-19 17:35:453
G._struthium,A,-4.671528850759473,-4.671528850759473,1,2,-1,natural,2025-07-19 17:35:453
S._sediforme,A,-3.1862333284983904,-3.1862333284983904,1,2,-1,natural,2025-07-19 17:35:453
H._syriacum,A,-3.503818792523918,-3.503818792523918,1,2,-1,natural,2025-07-19 17:35:453
Other_species,A,-0.894340939383645,-0.894340939383645,1,2,-1,natural,2025-07-19 17:35:453
Nurse_S._viscosa,A,-4.221191549746133,-4.221191549746133,1,2,-1,restoration,2025-07-19 17:35:453
Nurse_G._struthium,A,-2.380740901430979,-2.380740901430979,1,2,-1,restoration,2025-07-19 17:35:453
H._squamatum,A,-3.9578800149431355,-3.9578800149431355,1,2,-1,restoration,2025-07-19 17:35:453
S._viscosa,A,-5.280588570109996,-5.280588570109996,1,2,-1,restoration,2025-07-19 17:35:453
C._hispanica,A,-4.762724344065928,-4.762724344065928,1,2,-1,restoration,2025-07-19 17:35:453
G._struthium,A,-1.356305962947191,-1.356305962947191,1,2,-1,restoration,2025-07-19 17:35:453
S._sediforme,A,-4.847430838105893,-4.847430838105893,1,2,-1,restoration,2025-07-19 17:35:453
H._syriacum,A,-5.471025903752808,-5.471025903752808,1,2,-1,restoration,2025-07-19 17:35:453
Other_species,A,-3.576315218627434,-3.576315218627434,1,2,-1,restoration,2025-07-19 17:35:453
Nurse_S._viscosa,A,-0.9021949791362721,-0.9021949791362721,1,2,-1,natural,2025-07-19 17:35:453
Nurse_G._struthium,A,-2.152067252799125,-2.152067252799125,1,2,-1,natural,2025-07-19 17:35:453
H._squamatum,A,-1.9266204195801835,-1.9266204195801835,1,2,-1,natural,2025-07-19 17:35:453
S._viscosa,A,-2.5503825682615697,-2.5503825682615697,1,2,-1,natural,2025-07-19 17:35:453
C._hispanica,A,-2.5942746561328223,-2.5942746561328223,1,2,-1,natural,2025-07-19 17:35:453
G._struthium,A,-4.811804866889154,-4.811804866889154,1,2,-1,natural,2025-07-19 17:35:453
S._sediforme,A,-3.4115289282180923,-3.4115289282180923,1,2,-1,natural,2025-07-19 17:35:453
H._syriacum,A,-3.430637663356173,-3.430637663356173,1,2,-1,natural,2025-07-19 17:35:453
Other_species,A,-0.8054384365039524,-0.8054384365039524,1,2,-1,natural,2025-07-19 17:35:453
Nurse_S._viscosa,A,-2.6890773276003284,-2.6890773276003284,1,2,-1,restoration,2025-07-19 17:35:443
Nurse_G._struthium,A,-1.5462590577146529,-1.5462590577146529,1,2,-1,restoration,2025-07-19 17:35:443
H._squamatum,A,-5.019347183896839,-5.019347183896839,1,2,-1,restoration,2025-07-19 17:35:443
S._viscosa,A,-4.016377124816453,-4.016377124816453,1,2,-1,restoration,2025-07-19 17:35:443
C._hispanica,A,-6.177030634739166,-6.177030634739166,1,2,-1,restoration,2025-07-19 17:35:443
G._struthium,A,-0.5914337907627132,-0.5914337907627132,1,2,-1,restoration,2025-07-19 17:35:443
S._sediforme,A,-4.344169190167056,-4.344169190167056,1,2,-1,restoration,2025-07-19 17:35:443
H._syriacum,A,-3.8712229045873254,-3.8712229045873254,1,2,-1,restoration,2025-07-19 17:35:443
Other_species,A,-2.4731916765000106,-2.4731916765000106,1,2,-1,restoration,2025-07-19 17:35:443
Nurse_S._viscosa,A,-1.0399204272120413,-1.0399204272120413,1,2,-1,natural,2025-07-19 17:35:443
Nurse_G._struthium,A,-2.656193092123415,-2.656193092123415,1,2,-1,natural,2025-07-19 17:35:443
H._squamatum,A,-1.7988514423852888,-1.7988514423852888,1,2,-1,natural,2025-07-19 17:35:443
S._viscosa,A,-2.5901676810111782,-2.5901676810111782,1,2,-1,natural,2025-07-19 17:35:443
C._hispanica,A,-2.812820142102902,-2.812820142102902,1,2,-1,natural,2025-07-19 17:35:443
G._struthium,A,-4.345603978329764,-4.345603978329764,1,2,-1,natural,2025-07-19 17:35:443
S._sediforme,A,-3.267575737138854,-3.267575737138854,1,2,-1,natural,2025-07-19 17:35:443
H._syriacum,A,-3.7935670462694513,-3.7935670462694513,1,2,-1,natural,2025-07-19 17:35:443
Other_species,A,-0.9923405795744636,-0.9923405795744636,1,2,-1,natural,2025-07-19 17:35:443
Nurse_S._viscosa,A,-2.9760874075917263,-2.9760874075917263,1,2,-1,restoration,2025-07-19 17:35:433
Nurse_G._struthium,A,-2.3467431287903207,-2.3467431287903207,1,2,-1,restoration,2025-07-19 17:35:433
H._squamatum,A,-5.489891799369427,-5.489891799369427,1,2,-1,restoration,2025-07-19 17:35:433
S._viscosa,A,-3.8947330483597136,-3.8947330483597136,1,2,-1,restoration,2025-07-19 17:35:433
C._hispanica,A,-6.690026063837758,-6.690026063837758,1,2,-1,restoration,2025-07-19 17:35:433
G._struthium,A,-1.2314345322965699,-1.2314345322965699,1,2,-1,restoration,2025-07-19 17:35:433
S._sediforme,A,-3.8173491895313783,-3.8173491895313783,1,2,-1,restoration,2025-07-19 17:35:433
H._syriacum,A,-5.154004547891357,-5.154004547891357,1,2,-1,restoration,2025-07-19 17:35:433
Other_species,A,-2.897394891211385,-2.897394891211385,1,2,-1,restoration,2025-07-19 17:35:433
Nurse_S._viscosa,A,-0.8738250338071025,-0.8738250338071025,1,2,-1,natural,2025-07-19 17:35:433
Nurse_G._struthium,A,-2.4798576799913574,-2.4798576799913574,1,2,-1,natural,2025-07-19 17:35:433
H._squamatum,A,-1.5476749749662255,-1.5476749749662255,1,2,-1,natural,2025-07-19 17:35:433
S._viscosa,A,-2.5341310394345156,-2.5341310394345156,1,2,-1,natural,2025-07-19 17:35:433
C._hispanica,A,-2.4770884885664772,-2.4770884885664772,1,2,-1,natural,2025-07-19 17:35:433
G._struthium,A,-5.388725698082497,-5.388725698082497,1,2,-1,natural,2025-07-19 17:35:433
S._sediforme,A,-3.300911774323646,-3.300911774323646,1,2,-1,natural,2025-07-19 17:35:433
H._syriacum,A,-3.1086631815899817,-3.1086631815899817,1,2,-1,natural,2025-07-19 17:35:433
Other_species,A,-0.801660078687872,-0.801660078687872,1,2,-1,natural,2025-07-19 17:35:433
Nurse_S._viscosa,A,-2.3564272837278715,-2.3564272837278715,1,2,-1,restoration,2025-07-19 17:35:423
Nurse_G._struthium,A,-1.4433699216085636,-1.4433699216085636,1,2,-1,restoration,2025-07-19 17:35:423
H._squamatum,A,-4.228090406603893,-4.228090406603893,1,2,-1,restoration,2025-07-19 17:35:423
S._viscosa,A,-4.428995813743085,-4.428995813743085,1,2,-1,restoration,2025-07-19 17:35:423
C._hispanica,A,-5.084319696921874,-5.084319696921874,1,2,-1,restoration,2025-07-19 17:35:423
G._struthium,A,-0.5372026579375635,-0.5372026579375635,1,2,-1,restoration,2025-07-19 17:35:423
S._sediforme,A,-3.8618422674757067,-3.8618422674757067,1,2,-1,restoration,2025-07-19 17:35:423
H._syriacum,A,-5.71193128503901,-5.71193128503901,1,2,-1,restoration,2025-07-19 17:35:423
Other_species,A,-2.557438322493068,-2.557438322493068,1,2,-1,restoration,2025-07-19 17:35:423
Nurse_S._viscosa,A,-1.3692940736408628,-1.3692940736408628,1,2,-1,natural,2025-07-19 17:35:423
Nurse_G._struthium,A,-2.7684161270945262,-2.7684161270945262,1,2,-1,natural,2025-07-19 17:35:423
H._squamatum,A,-1.6674985257621102,-1.6674985257621102,1,2,-1,natural,2025-07-19 17:35:423
S._viscosa,A,-2.336682171599803,-2.336682171599803,1,2,-1,natural,2025-07-19 17:35:423
C._hispanica,A,-2.760514467488487,-2.760514467488487,1,2,-1,natural,2025-07-19 17:35:423
G._struthium,A,-3.9528026037413198,-3.9528026037413198,1,2,-1,natural,2025-07-19 17:35:423
S._sediforme,A,-3.250480248628746,-3.250480248628746,1,2,-1,natural,2025-07-19 17:35:423
H._syriacum,A,-3.8668413823717067,-3.8668413823717067,1,2,-1,natural,2025-07-19 17:35:423
Other_species,A,-0.676505903095125,-0.676505903095125,1,2,-1,natural,2025-07-19 17:35:423
Nurse_S._viscosa,A,-3.194914303802851,-3.194914303802851,1,2,-1,restoration,2025-07-19 17:35:423
Nurse_G._struthium,A,-1.9518998190375858,-1.9518998190375858,1,2,-1,restoration,2025-07-19 17:35:423
H._squamatum,A,-3.720033206857552,-3.720033206857552,1,2,-1,restoration,2025-07-19 17:35:423
S._viscosa,A,-5.388993227717333,-5.388993227717333,1,2,-1,restoration,2025-07-19 17:35:423
C._hispanica,A,-5.115779049732,-5.115779049732,1,2,-1,restoration,2025-07-19 17:35:423
G._struthium,A,-0.7135383387312032,-0.7135383387312032,1,2,-1,restoration,2025-07-19 17:35:423
S._sediforme,A,-4.8583889490592025,-4.8583889490592025,1,2,-1,restoration,2025-07-19 17:35:423
H._syriacum,A,-4.292820008393548,-4.292820008393548,1,2,-1,restoration,2025-07-19 17:35:423
Other_species,A,-2.7799943095023716,-2.7799943095023716,1,2,-1,restoration,2025-07-19 17:35:423
Nurse_S._viscosa,A,-0.9282302493425301,-0.9282302493425301,1,2,-1,natural,2025-07-19 17:35:423
Nurse_G._struthium,A,-2.423120534883297,-2.423120534883297,1,2,-1,natural,2025-07-19 17:35:423
H._squamatum,A,-1.7571599307105141,-1.7571599307105141,1,2,-1,natural,2025-07-19 17:35:423
S._viscosa,A,-2.71270079634762,-2.71270079634762,1,2,-1,natural,2025-07-19 17:35:423
C._hispanica,A,-2.377299214812378,-2.377299214812378,1,2,-1,natural,2025-07-19 17:35:423
G._struthium,A,-4.670064396032197,-4.670064396032197,1,2,-1,natural,2025-07-19 17:35:423
S._sediforme,A,-3.4030496217468005,-3.4030496217468005,1,2,-1,natural,2025-07-19 17:35:423
H._syriacum,A,-3.3596166888439027,-3.3596166888439027,1,2,-1,natural,2025-07-19 17:35:423
Other_species,A,-0.940216733015384,-0.940216733015384,1,2,-1,natural,2025-07-19 17:35:423
Nurse_S._viscosa,A,-1.913607838733448,-1.913607838733448,1,2,-1,restoration,2025-07-19 17:35:413
Nurse_G._struthium,A,-1.4395813845905268,-1.4395813845905268,1,2,-1,restoration,2025-07-19 17:35:413
H._squamatum,A,-3.8345301811311954,-3.8345301811311954,1,2,-1,restoration,2025-07-19 17:35:413
S._viscosa,A,-5.429869764904091,-5.429869764904091,1,2,-1,restoration,2025-07-19 17:35:413
C._hispanica,A,-6.514471938615128,-6.514471938615128,1,2,-1,restoration,2025-07-19 17:35:413
G._struthium,A,-0.16216405059237005,-0.16216405059237005,1,2,-1,restoration,2025-07-19 17:35:413
S._sediforme,A,-3.3960423411612606,-3.3960423411612606,1,2,-1,restoration,2025-07-19 17:35:413
H._syriacum,A,-5.119235094113143,-5.119235094113143,1,2,-1,restoration,2025-07-19 17:35:413
Other_species,A,-3.09493514922792,-3.09493514922792,1,2,-1,restoration,2025-07-19 17:35:413
Nurse_S._viscosa,A,-0.9140847812971741,-0.9140847812971741,1,2,-1,natural,2025-07-19 17:35:413
Nurse_G._struthium,A,-2.39252186888801,-2.39252186888801,1,2,-1,natural,2025-07-19 17:35:413
H._squamatum,A,-1.9265051414661925,-1.9265051414661925,1,2,-1,natural,2025-07-19 17:35:413
S._viscosa,A,-2.1562146954158172,-2.1562146954158172,1,2,-1,natural,2025-07-19 17:35:413
C._hispanica,A,-2.7438583200939486,-2.7438583200939486,1,2,-1,natural,2025-07-19 17:35:413
G._struthium,A,-3.5703479601683448,-3.5703479601683448,1,2,-1,natural,2025-07-19 17:35:413
S._sediforme,A,-3.0388332848963606,-3.0388332848963606,1,2,-1,natural,2025-07-19 17:35:413
H._syriacum,A,-3.41117081318291,-3.41117081318291,1,2,-1,natural,2025-07-19 17:35:413
Other_species,A,-0.9068550147580124,-0.9068550147580124,1,2,-1,natural,2025-07-19 17:35:413
Nurse_S._viscosa,A,-2.980808991737087,-2.980808991737087,1,2,-1,restoration,2025-07-19 17:35:403
Nurse_G._struthium,A,-1.6281420187592737,-1.6281420187592737,1,2,-1,restoration,2025-07-19 17:35:403
H._squamatum,A,-4.284494795137905,-4.284494795137905,1,2,-1,restoration,2025-07-19 17:35:403
S._viscosa,A,-3.8463743608400436,-3.8463743608400436,1,2,-1,restoration,2025-07-19 17:35:403
C._hispanica,A,-5.752522674252678,-5.752522674252678,1,2,-1,restoration,2025-07-19 17:35:403
G._struthium,A,-0.7299248608920633,-0.7299248608920633,1,2,-1,restoration,2025-07-19 17:35:403
S._sediforme,A,-3.839652431436678,-3.839652431436678,1,2,-1,restoration,2025-07-19 17:35:403
H._syriacum,A,-4.619644790556282,-4.619644790556282,1,2,-1,restoration,2025-07-19 17:35:403
Other_species,A,-2.4366649962437688,-2.4366649962437688,1,2,-1,restoration,2025-07-19 17:35:403
Nurse_S._viscosa,A,-0.9255955276901083,-0.9255955276901083,1,2,-1,natural,2025-07-19 17:35:403
Nurse_G._struthium,A,-2.1426489796796515,-2.1426489796796515,1,2,-1,natural,2025-07-19 17:35:403
H._squamatum,A,-1.703025059056066,-1.703025059056066,1,2,-1,natural,2025-07-19 17:35:403
S._viscosa,A,-2.678569708463048,-2.678569708463048,1,2,-1,natural,2025-07-19 17:35:403
C._hispanica,A,-2.338059295424466,-2.338059295424466,1,2,-1,natural,2025-07-19 17:35:403
G._struthium,A,-5.3459466087857095,-5.3459466087857095,1,2,-1,natural,2025-07-19 17:35:403
S._sediforme,A,-2.8630541948752377,-2.8630541948752377,1,2,-1,natural,2025-07-19 17:35:403
H._syriacum,A,-3.253094243973237,-3.253094243973237,1,2,-1,natural,2025-07-19 17:35:403
Other_species,A,-0.7425356399212631,-0.7425356399212631,1,2,-1,natural,2025-07-19 17:35:403
Nurse_S._viscosa,A,-2.523847776599803,-2.523847776599803,1,2,-1,restoration,2025-07-19 17:35:393
Nurse_G._struthium,A,-1.812604698539372,-1.812604698539372,1,2,-1,restoration,2025-07-19 17:35:393
H._squamatum,A,-5.3372774210155285,-5.3372774210155285,1,2,-1,restoration,2025-07-19 17:35:393
S._viscosa,A,-4.1102056053854295,-4.1102056053854295,1,2,-1,restoration,2025-07-19 17:35:393
C._hispanica,A,-6.953081722927753,-6.953081722927753,1,2,-1,restoration,2025-07-19 17:35:393
G._struthium,A,-0.7908569012313561,-0.7908569012313561,1,2,-1,restoration,2025-07-19 17:35:393
S._sediforme,A,-3.577155959285794,-3.577155959285794,1,2,-1,restoration,2025-07-19 17:35:393
H._syriacum,A,-3.585297045695458,-3.585297045695458,1,2,-1,restoration,2025-07-19 17:35:393
Other_species,A,-2.6877063221124162,-2.6877063221124162,1,2,-1,restoration,2025-07-19 17:35:393
Nurse_S._viscosa,A,-0.8359247941383985,-0.8359247941383985,1,2,-1,natural,2025-07-19 17:35:393
Nurse_G._struthium,A,-2.2517837060399093,-2.2517837060399093,1,2,-1,natural,2025-07-19 17:35:393
H._squamatum,A,-1.7880563271693724,-1.7880563271693724,1,2,-1,natural,2025-07-19 17:35:393
S._viscosa,A,-2.4602122780509843,-2.4602122780509843,1,2,-1,natural,2025-07-19 17:35:393
C._hispanica,A,-2.276777479585129,-2.276777479585129,1,2,-1,natural,2025-07-19 17:35:393
G._struthium,A,-4.631531531039441,-4.631531531039441,1,2,-1,natural,2025-07-19 17:35:393
S._sediforme,A,-3.367466822607849,-3.367466822607849,1,2,-1,natural,2025-07-19 17:35:393
H._syriacum,A,-3.0774529150468184,-3.0774529150468184,1,2,-1,natural,2025-07-19 17:35:393
Other_species,A,-0.8744686133172566,-0.8744686133172566,1,2,-1,natural,2025-07-19 17:35:393
Nurse_S._viscosa,A,-4.2669192959776625,-4.2669192959776625,1,2,-1,restoration,2025-07-19 17:35:383
Nurse_G._struthium,A,-2.3292410213677326,-2.3292410213677326,1,2,-1,restoration,2025-07-19 17:35:383
H._squamatum,A,-3.5978747060879845,-3.5978747060879845,1,2,-1,restoration,2025-07-19 17:35:383
S._viscosa,A,-4.499218021200748,-4.499218021200748,1,2,-1,restoration,2025-07-19 17:35:383
C._hispanica,A,-6.406293462632501,-6.406293462632501,1,2,-1,restoration,2025-07-19 17:35:383
G._struthium,A,-1.2136060483921354,-1.2136060483921354,1,2,-1,restoration,2025-07-19 17:35:383
S._sediforme,A,-4.912430255924613,-4.912430255924613,1,2,-1,restoration,2025-07-19 17:35:383
H._syriacum,A,-3.7675620257971802,-3.7675620257971802,1,2,-1,restoration,2025-07-19 17:35:383
Other_species,A,-3.7444945152851177,-3.7444945152851177,1,2,-1,restoration,2025-07-19 17:35:383
Nurse_S._viscosa,A,-0.934235971664142,-0.934235971664142,1,2,-1,natural,2025-07-19 17:35:383
Nurse_G._struthium,A,-2.317188382353934,-2.317188382353934,1,2,-1,natural,2025-07-19 17:35:383
H._squamatum,A,-1.63041143373544,-1.63041143373544,1,2,-1,natural,2025-07-19 17:35:383
S._viscosa,A,-2.7372570595695636,-2.7372570595695636,1,2,-1,natural,2025-07-19 17:35:383
C._hispanica,A,-2.4602423558044113,-2.4602423558044113,1,2,-1,natural,2025-07-19 17:35:383
G._struthium,A,-4.2067798121336555,-4.2067798121336555,1,2,-1,natural,2025-07-19 17:35:383
S._sediforme,A,-3.6827223546181886,-3.6827223546181886,1,2,-1,natural,2025-07-19 17:35:383
H._syriacum,A,-3.668744214064523,-3.668744214064523,1,2,-1,natural,2025-07-19 17:35:383
Other_species,A,-0.7367392282854125,-0.7367392282854125,1,2,-1,natural,2025-07-19 17:35:383
Nurse_S._viscosa,A,-2.655972927666369,-2.655972927666369,1,2,-1,restoration,2025-07-19 17:35:373
Nurse_G._struthium,A,-2.0005426104117787,-2.0005426104117787,1,2,-1,restoration,2025-07-19 17:35:373
H._squamatum,A,-4.924341042534584,-4.924341042534584,1,2,-1,restoration,2025-07-19 17:35:373
S._viscosa,A,-4.3546004387359325,-4.3546004387359325,1,2,-1,restoration,2025-07-19 17:35:373
C._hispanica,A,-6.083797320605993,-6.083797320605993,1,2,-1,restoration,2025-07-19 17:35:373
G._struthium,A,-0.8831242405443068,-0.8831242405443068,1,2,-1,restoration,2025-07-19 17:35:373
S._sediforme,A,-4.120234008532034,-4.120234008532034,1,2,-1,restoration,2025-07-19 17:35:373
H._syriacum,A,-3.771767847144793,-3.771767847144793,1,2,-1,restoration,2025-07-19 17:35:373
Other_species,A,-3.230846631946056,-3.230846631946056,1,2,-1,restoration,2025-07-19 17:35:373
Nurse_S._viscosa,A,-0.9141541889239423,-0.9141541889239423,1,2,-1,natural,2025-07-19 17:35:373
Nurse_G._struthium,A,-2.218320766078227,-2.218320766078227,1,2,-1,natural,2025-07-19 17:35:373
H._squamatum,A,-1.6397381231352284,-1.6397381231352284,1,2,-1,natural,2025-07-19 17:35:373
S._viscosa,A,-2.7618370403076247,-2.7618370403076247,1,2,-1,natural,2025-07-19 17:35:373
C._hispanica,A,-2.534804794832747,-2.534804794832747,1,2,-1,natural,2025-07-19 17:35:373
G._struthium,A,-4.495248323202763,-4.495248323202763,1,2,-1,natural,2025-07-19 17:35:373
S._sediforme,A,-3.322681857539378,-3.322681857539378,1,2,-1,natural,2025-07-19 17:35:373
H._syriacum,A,-3.5654159749077463,-3.5654159749077463,1,2,-1,natural,2025-07-19 17:35:373
Other_species,A,-0.8826826754935546,-0.8826826754935546,1,2,-1,natural,2025-07-19 17:35:373
Nurse_S._viscosa,A,-2.437035166734582,-2.437035166734582,1,2,-1,restoration,2025-07-19 17:35:363
Nurse_G._struthium,A,-1.2991404622003486,-1.2991404622003486,1,2,-1,restoration,2025-07-19 17:35:363
H._squamatum,A,-3.422372035388193,-3.422372035388193,1,2,-1,restoration,2025-07-19 17:35:363
S._viscosa,A,-4.151683859820483,-4.151683859820483,1,2,-1,restoration,2025-07-19 17:35:363
C._hispanica,A,-5.6715572290600385,-5.6715572290600385,1,2,-1,restoration,2025-07-19 17:35:363
G._struthium,A,-0.3523608623398868,-0.3523608623398868,1,2,-1,restoration,2025-07-19 17:35:363
S._sediforme,A,-3.076632435192304,-3.076632435192304,1,2,-1,restoration,2025-07-19 17:35:363
H._syriacum,A,-4.286081693941641,-4.286081693941641,1,2,-1,restoration,2025-07-19 17:35:363
Other_species,A,-2.565413596203724,-2.565413596203724,1,2,-1,restoration,2025-07-19 17:35:363
Nurse_S._viscosa,A,-1.1800830305433587,-1.1800830305433587,1,2,-1,natural,2025-07-19 17:35:363
Nurse_G._struthium,A,-2.283360868271357,-2.283360868271357,1,2,-1,natural,2025-07-19 17:35:363
H._squamatum,A,-1.686992196536178,-1.686992196536178,1,2,-1,natural,2025-07-19 17:35:363
S._viscosa,A,-2.4521889988125922,-2.4521889988125922,1,2,-1,natural,2025-07-19 17:35:363
C._hispanica,A,-2.8659232204497425,-2.8659232204497425,1,2,-1,natural,2025-07-19 17:35:363
G._struthium,A,-5.201442109309754,-5.201442109309754,1,2,-1,natural,2025-07-19 17:35:363
S._sediforme,A,-3.353073508889101,-3.353073508889101,1,2,-1,natural,2025-07-19 17:35:363
H._syriacum,A,-3.5515882910545984,-3.5515882910545984,1,2,-1,natural,2025-07-19 17:35:363
Other_species,A,-0.84759704720561,-0.84759704720561,1,2,-1,natural,2025-07-19 17:35:363
Nurse_S._viscosa,A,-2.9480133992739024,-2.9480133992739024,1,2,-1,restoration,2025-07-19 17:35:363
Nurse_G._struthium,A,-1.7703529697302771,-1.7703529697302771,1,2,-1,restoration,2025-07-19 17:35:363
H._squamatum,A,-4.985320442123203,-4.985320442123203,1,2,-1,restoration,2025-07-19 17:35:363
S._viscosa,A,-3.7098128525747596,-3.7098128525747596,1,2,-1,restoration,2025-07-19 17:35:363
C._hispanica,A,-8.19999970634928,-8.19999970634928,1,2,-1,restoration,2025-07-19 17:35:363
G._struthium,A,-1.2543055038120512,-1.2543055038120512,1,2,-1,restoration,2025-07-19 17:35:363
S._sediforme,A,-3.7403501964110077,-3.7403501964110077,1,2,-1,restoration,2025-07-19 17:35:363
H._syriacum,A,-4.124803035986745,-4.124803035986745,1,2,-1,restoration,2025-07-19 17:35:363
Other_species,A,-2.7499559598397725,-2.7499559598397725,1,2,-1,restoration,2025-07-19 17:35:363
Nurse_S._viscosa,A,-0.6355768592691745,-0.6355768592691745,1,2,-1,natural,2025-07-19 17:35:363
Nurse_G._struthium,A,-2.0312842026443847,-2.0312842026443847,1,2,-1,natural,2025-07-19 17:35:363
H._squamatum,A,-1.6687298366839833,-1.6687298366839833,1,2,-1,natural,2025-07-19 17:35:363
S._viscosa,A,-2.3738677784651085,-2.3738677784651085,1,2,-1,natural,2025-07-19 17:35:363
C._hispanica,A,-2.2665156213051536,-2.2665156213051536,1,2,-1,natural,2025-07-19 17:35:363
G._struthium,A,-4.382821306223419,-4.382821306223419,1,2,-1,natural,2025-07-19 17:35:363
S._sediforme,A,-3.1788400716466954,-3.1788400716466954,1,2,-1,natural,2025-07-19 17:35:363
H._syriacum,A,-3.236632967291899,-3.236632967291899,1,2,-1,natural,2025-07-19 17:35:363
Other_species,A,-0.5146611351617048,-0.5146611351617048,1,2,-1,natural,2025-07-19 17:35:363
Nurse_S._viscosa,A,-2.969558997688687,-2.969558997688687,1,2,-1,restoration,2025-07-19 17:35:353
Nurse_G._struthium,A,-1.3205386344459351,-1.3205386344459351,1,2,-1,restoration,2025-07-19 17:35:353
H._squamatum,A,-4.02614854070637,-4.02614854070637,1,2,-1,restoration,2025-07-19 17:35:353
S._viscosa,A,-4.928941331062882,-4.928941331062882,1,2,-1,restoration,2025-07-19 17:35:353
C._hispanica,A,-5.671103180457178,-5.671103180457178,1,2,-1,restoration,2025-07-19 17:35:353
G._struthium,A,-0.4265604757017987,-0.4265604757017987,1,2,-1,restoration,2025-07-19 17:35:353
S._sediforme,A,-3.2156159693297415,-3.2156159693297415,1,2,-1,restoration,2025-07-19 17:35:353
H._syriacum,A,-5.824776396927187,-5.824776396927187,1,2,-1,restoration,2025-07-19 17:35:353
Other_species,A,-3.076625833149466,-3.076625833149466,1,2,-1,restoration,2025-07-19 17:35:353
Nurse_S._viscosa,A,-1.032236954597917,-1.032236954597917,1,2,-1,natural,2025-07-19 17:35:353
Nurse_G._struthium,A,-2.16374846217739,-2.16374846217739,1,2,-1,natural,2025-07-19 17:35:353
H._squamatum,A,-1.5018782886225661,-1.5018782886225661,1,2,-1,natural,2025-07-19 17:35:353
S._viscosa,A,-2.503370111230214,-2.503370111230214,1,2,-1,natural,2025-07-19 17:35:353
C._hispanica,A,-2.697036452838134,-2.697036452838134,1,2,-1,natural,2025-07-19 17:35:353
G._struthium,A,-4.112865389472323,-4.112865389472323,1,2,-1,natural,2025-07-19 17:35:353
S._sediforme,A,-3.611936287458493,-3.611936287458493,1,2,-1,natural,2025-07-19 17:35:353
H._syriacum,A,-3.6444074759984115,-3.6444074759984115,1,2,-1,natural,2025-07-19 17:35:353
Other_species,A,-0.8276659780873578,-0.8276659780873578,1,2,-1,natural,2025-07-19 17:35:353
Nurse_S._viscosa,A,-2.1392022022127617,-2.1392022022127617,1,2,-1,restoration,2025-07-19 17:35:343
Nurse_G._struthium,A,-1.9172135374610024,-1.9172135374610024,1,2,-1,restoration,2025-07-19 17:35:343
H._squamatum,A,-4.964556746611835,-4.964556746611835,1,2,-1,restoration,2025-07-19 17:35:343
S._viscosa,A,-3.514092530045785,-3.514092530045785,1,2,-1,restoration,2025-07-19 17:35:343
C._hispanica,A,-5.768869195958033,-5.768869195958033,1,2,-1,restoration,2025-07-19 17:35:343
G._struthium,A,-0.9138130013746318,-0.9138130013746318,1,2,-1,restoration,2025-07-19 17:35:343
S._sediforme,A,-4.371950920901275,-4.371950920901275,1,2,-1,restoration,2025-07-19 17:35:343
H._syriacum,A,-6.595621709166217,-6.595621709166217,1,2,-1,restoration,2025-07-19 17:35:343
Other_species,A,-2.0435439747574056,-2.0435439747574056,1,2,-1,restoration,2025-07-19 17:35:343
Nurse_S._viscosa,A,-0.9925056188705915,-0.9925056188705915,1,2,-1,natural,2025-07-19 17:35:343
Nurse_G._struthium,A,-2.3468726043887336,-2.3468726043887336,1,2,-1,natural,2025-07-19 17:35:343
H._squamatum,A,-1.6015213595434965,-1.6015213595434965,1,2,-1,natural,2025-07-19 17:35:343
S._viscosa,A,-2.4991171699406385,-2.4991171699406385,1,2,-1,natural,2025-07-19 17:35:343
C._hispanica,A,-2.5409444052419823,-2.5409444052419823,1,2,-1,natural,2025-07-19 17:35:343
G._struthium,A,-4.658339131433171,-4.658339131433171,1,2,-1,natural,2025-07-19 17:35:343
S._sediforme,A,-3.693966824803018,-3.693966824803018,1,2,-1,natural,2025-07-19 17:35:343
H._syriacum,A,-3.8903513649346615,-3.8903513649346615,1,2,-1,natural,2025-07-19 17:35:343
Other_species,A,-0.6628997141818825,-0.6628997141818825,1,2,-1,natural,2025-07-19 17:35:343
Nurse_S._viscosa,A,-3.0723389074935277,-3.0723389074935277,1,2,-1,restoration,2025-07-19 17:35:333
Nurse_G._struthium,A,-2.2936008754093824,-2.2936008754093824,1,2,-1,restoration,2025-07-19 17:35:333
H._squamatum,A,-5.455285304960093,-5.455285304960093,1,2,-1,restoration,2025-07-19 17:35:333
S._viscosa,A,-4.07855028019829,-4.07855028019829,1,2,-1,restoration,2025-07-19 17:35:333
C._hispanica,A,-5.274297411557262,-5.274297411557262,1,2,-1,restoration,2025-07-19 17:35:333
G._struthium,A,-1.3668462052151444,-1.3668462052151444,1,2,-1,restoration,2025-07-19 17:35:333
S._sediforme,A,-4.009090580396044,-4.009090580396044,1,2,-1,restoration,2025-07-19 17:35:333
H._syriacum,A,-4.551277025218613,-4.551277025218613,1,2,-1,restoration,2025-07-19 17:35:333
Other_species,A,-3.3106625599306123,-3.3106625599306123,1,2,-1,restoration,2025-07-19 17:35:333
Nurse_S._viscosa,A,-1.3480738830538181,-1.3480738830538181,1,2,-1,natural,2025-07-19 17:35:333
Nurse_G._struthium,A,-2.5174138014670087,-2.5174138014670087,1,2,-1,natural,2025-07-19 17:35:333
H._squamatum,A,-1.8031002243283434,-1.8031002243283434,1,2,-1,natural,2025-07-19 17:35:333
S._viscosa,A,-2.4561050041364334,-2.4561050041364334,1,2,-1,natural,2025-07-19 17:35:333
C._hispanica,A,-2.661404182467681,-2.661404182467681,1,2,-1,natural,2025-07-19 17:35:333
G._struthium,A,-4.293979329803472,-4.293979329803472,1,2,-1,natural,2025-07-19 17:35:333
S._sediforme,A,-3.369501574103403,-3.369501574103403,1,2,-1,natural,2025-07-19 17:35:333
H._syriacum,A,-3.5483028483513177,-3.5483028483513177,1,2,-1,natural,2025-07-19 17:35:333
Other_species,A,-0.859005574207022,-0.859005574207022,1,2,-1,natural,2025-07-19 17:35:333
Nurse_S._viscosa,A,-2.857439472481152,-2.857439472481152,1,2,-1,restoration,2025-07-19 17:35:333
Nurse_G._struthium,A,-2.101117728082571,-2.101117728082571,1,2,-1,restoration,2025-07-19 17:35:333
H._squamatum,A,-4.2109561009293355,-4.2109561009293355,1,2,-1,restoration,2025-07-19 17:35:333
S._viscosa,A,-5.139058441667753,-5.139058441667753,1,2,-1,restoration,2025-07-19 17:35:333
C._hispanica,A,-6.741181769017735,-6.741181769017735,1,2,-1,restoration,2025-07-19 17:35:333
G._struthium,A,-1.0186016699605753,-1.0186016699605753,1,2,-1,restoration,2025-07-19 17:35:333
S._sediforme,A,-4.166040968444869,-4.166040968444869,1,2,-1,restoration,2025-07-19 17:35:333
H._syriacum,A,-4.020355677125762,-4.020355677125762,1,2,-1,restoration,2025-07-19 17:35:333
Other_species,A,-3.1921848579875394,-3.1921848579875394,1,2,-1,restoration,2025-07-19 17:35:333
Nurse_S._viscosa,A,-1.0809140534231048,-1.0809140534231048,1,2,-1,natural,2025-07-19 17:35:333
Nurse_G._struthium,A,-2.2466274720463004,-2.2466274720463004,1,2,-1,natural,2025-07-19 17:35:333
H._squamatum,A,-1.79146665536734,-1.79146665536734,1,2,-1,natural,2025-07-19 17:35:333
S._viscosa,A,-2.608833016185586,-2.608833016185586,1,2,-1,natural,2025-07-19 17:35:333
C._hispanica,A,-2.417272113086945,-2.417272113086945,1,2,-1,natural,2025-07-19 17:35:333
G._struthium,A,-4.288323481426435,-4.288323481426435,1,2,-1,natural,2025-07-19 17:35:333
S._sediforme,A,-3.2771422034188356,-3.2771422034188356,1,2,-1,natural,2025-07-19 17:35:333
H._syriacum,A,-3.679833038386575,-3.679833038386575,1,2,-1,natural,2025-07-19 17:35:333
Other_species,A,-0.9907754884563117,-0.9907754884563117,1,2,-1,natural,2025-07-19 17:35:333
