Var1,Var2,Freq,value,min_species_for_fit,order,frac,data_type,tag
Nurse_S._viscosa,A,-2.428986212206767,-2.428986212206767,1,2,-1,restoration,2025-07-19 17:29:053
Nurse_G._struthium,A,-1.5704455476399815,-1.5704455476399815,1,2,-1,restoration,2025-07-19 17:29:053
H._squamatum,A,-6.4800438581582105,-6.4800438581582105,1,2,-1,restoration,2025-07-19 17:29:053
S._viscosa,A,-4.217590420623688,-4.217590420623688,1,2,-1,restoration,2025-07-19 17:29:053
C._hispanica,A,-7.135343593379301,-7.135343593379301,1,2,-1,restoration,2025-07-19 17:29:053
Other_species,A,-0.5326332871583334,-0.5326332871583334,1,2,-1,restoration,2025-07-19 17:29:053
Nurse_S._viscosa,A,-1.2332162135293652,-1.2332162135293652,1,2,-1,natural,2025-07-19 17:29:053
Nurse_G._struthium,A,-2.5485635895480057,-2.5485635895480057,1,2,-1,natural,2025-07-19 17:29:053
H._squamatum,A,-1.9285687416293396,-1.9285687416293396,1,2,-1,natural,2025-07-19 17:29:053
S._viscosa,A,-2.698816847026159,-2.698816847026159,1,2,-1,natural,2025-07-19 17:29:053
C._hispanica,A,-2.4981690636607037,-2.4981690636607037,1,2,-1,natural,2025-07-19 17:29:053
Other_species,A,-0.5932471968488445,-0.5932471968488445,1,2,-1,natural,2025-07-19 17:29:053
Nurse_S._viscosa,A,-4.841223031883271,-4.841223031883271,1,2,-1,restoration,2025-07-19 17:29:043
Nurse_G._struthium,A,-2.9024012425339465,-2.9024012425339465,1,2,-1,restoration,2025-07-19 17:29:043
H._squamatum,A,-5.44151616408039,-5.44151616408039,1,2,-1,restoration,2025-07-19 17:29:043
S._viscosa,A,-6.287592276769615,-6.287592276769615,1,2,-1,restoration,2025-07-19 17:29:043
C._hispanica,A,-8.286717648681707,-8.286717648681707,1,2,-1,restoration,2025-07-19 17:29:043
Other_species,A,-2.428027921470737,-2.428027921470737,1,2,-1,restoration,2025-07-19 17:29:043
Nurse_S._viscosa,A,-0.7706456829927241,-0.7706456829927241,1,2,-1,natural,2025-07-19 17:29:043
Nurse_G._struthium,A,-2.0739306007428993,-2.0739306007428993,1,2,-1,natural,2025-07-19 17:29:043
H._squamatum,A,-1.7179788111452778,-1.7179788111452778,1,2,-1,natural,2025-07-19 17:29:043
S._viscosa,A,-2.477318577199837,-2.477318577199837,1,2,-1,natural,2025-07-19 17:29:043
C._hispanica,A,-2.275240473040227,-2.275240473040227,1,2,-1,natural,2025-07-19 17:29:043
Other_species,A,-0.32381706576642655,-0.32381706576642655,1,2,-1,natural,2025-07-19 17:29:043
Nurse_S._viscosa,A,-4.445361898557073,-4.445361898557073,1,2,-1,restoration,2025-07-19 17:29:043
Nurse_G._struthium,A,-3.0489191536980758,-3.0489191536980758,1,2,-1,restoration,2025-07-19 17:29:043
H._squamatum,A,-4.660074166718849,-4.660074166718849,1,2,-1,restoration,2025-07-19 17:29:043
S._viscosa,A,-5.346252358373502,-5.346252358373502,1,2,-1,restoration,2025-07-19 17:29:043
C._hispanica,A,-7.948853810315775,-7.948853810315775,1,2,-1,restoration,2025-07-19 17:29:043
Other_species,A,-2.2051731194861812,-2.2051731194861812,1,2,-1,restoration,2025-07-19 17:29:043
Nurse_S._viscosa,A,-0.9321927466048755,-0.9321927466048755,1,2,-1,natural,2025-07-19 17:29:043
Nurse_G._struthium,A,-2.357177104210842,-2.357177104210842,1,2,-1,natural,2025-07-19 17:29:043
H._squamatum,A,-1.8036207058622131,-1.8036207058622131,1,2,-1,natural,2025-07-19 17:29:043
S._viscosa,A,-2.4456877498802143,-2.4456877498802143,1,2,-1,natural,2025-07-19 17:29:043
C._hispanica,A,-2.666395125282307,-2.666395125282307,1,2,-1,natural,2025-07-19 17:29:043
Other_species,A,-0.7063006333112131,-0.7063006333112131,1,2,-1,natural,2025-07-19 17:29:043
Nurse_S._viscosa,A,-2.686234291471662,-2.686234291471662,1,2,-1,restoration,2025-07-19 17:29:033
Nurse_G._struthium,A,-2.0281065114001797,-2.0281065114001797,1,2,-1,restoration,2025-07-19 17:29:033
H._squamatum,A,-5.825489081715294,-5.825489081715294,1,2,-1,restoration,2025-07-19 17:29:033
S._viscosa,A,-4.5602923356505665,-4.5602923356505665,1,2,-1,restoration,2025-07-19 17:29:033
C._hispanica,A,-7.1537128794391736,-7.1537128794391736,1,2,-1,restoration,2025-07-19 17:29:033
Other_species,A,-0.7986740142377055,-0.7986740142377055,1,2,-1,restoration,2025-07-19 17:29:033
Nurse_S._viscosa,A,-0.8340676509651419,-0.8340676509651419,1,2,-1,natural,2025-07-19 17:29:033
Nurse_G._struthium,A,-2.270740593066112,-2.270740593066112,1,2,-1,natural,2025-07-19 17:29:033
H._squamatum,A,-1.6342056869244324,-1.6342056869244324,1,2,-1,natural,2025-07-19 17:29:033
S._viscosa,A,-2.565820486399918,-2.565820486399918,1,2,-1,natural,2025-07-19 17:29:033
C._hispanica,A,-2.874277214999952,-2.874277214999952,1,2,-1,natural,2025-07-19 17:29:033
Other_species,A,-0.5600856567252397,-0.5600856567252397,1,2,-1,natural,2025-07-19 17:29:033
Nurse_S._viscosa,A,-4.057715147268381,-4.057715147268381,1,2,-1,restoration,2025-07-19 17:29:033
Nurse_G._struthium,A,-1.2848024519153702,-1.2848024519153702,1,2,-1,restoration,2025-07-19 17:29:033
H._squamatum,A,-4.824182388130755,-4.824182388130755,1,2,-1,restoration,2025-07-19 17:29:033
S._viscosa,A,-6.10606309508212,-6.10606309508212,1,2,-1,restoration,2025-07-19 17:29:033
C._hispanica,A,-8.40303337043247,-8.40303337043247,1,2,-1,restoration,2025-07-19 17:29:033
Other_species,A,-1.0019584972181668,-1.0019584972181668,1,2,-1,restoration,2025-07-19 17:29:033
Nurse_S._viscosa,A,-1.0740384091834891,-1.0740384091834891,1,2,-1,natural,2025-07-19 17:29:033
Nurse_G._struthium,A,-2.4487131069995725,-2.4487131069995725,1,2,-1,natural,2025-07-19 17:29:033
H._squamatum,A,-1.7084458880171078,-1.7084458880171078,1,2,-1,natural,2025-07-19 17:29:033
S._viscosa,A,-2.367028265150586,-2.367028265150586,1,2,-1,natural,2025-07-19 17:29:033
C._hispanica,A,-2.6128836327994565,-2.6128836327994565,1,2,-1,natural,2025-07-19 17:29:033
Other_species,A,-0.46354493241250877,-0.46354493241250877,1,2,-1,natural,2025-07-19 17:29:033
Nurse_S._viscosa,A,-4.872471678703931,-4.872471678703931,1,2,-1,restoration,2025-07-19 17:29:023
Nurse_G._struthium,A,-3.135630347919278,-3.135630347919278,1,2,-1,restoration,2025-07-19 17:29:023
H._squamatum,A,-4.713987643230232,-4.713987643230232,1,2,-1,restoration,2025-07-19 17:29:023
S._viscosa,A,-6.3021693982875835,-6.3021693982875835,1,2,-1,restoration,2025-07-19 17:29:023
C._hispanica,A,-6.529840999185956,-6.529840999185956,1,2,-1,restoration,2025-07-19 17:29:023
Other_species,A,-2.195288209086429,-2.195288209086429,1,2,-1,restoration,2025-07-19 17:29:023
Nurse_S._viscosa,A,-0.6252546669231926,-0.6252546669231926,1,2,-1,natural,2025-07-19 17:29:023
Nurse_G._struthium,A,-2.109855951692573,-2.109855951692573,1,2,-1,natural,2025-07-19 17:29:023
H._squamatum,A,-1.7226533642999755,-1.7226533642999755,1,2,-1,natural,2025-07-19 17:29:023
S._viscosa,A,-2.6868319373538276,-2.6868319373538276,1,2,-1,natural,2025-07-19 17:29:023
C._hispanica,A,-2.2749390025894747,-2.2749390025894747,1,2,-1,natural,2025-07-19 17:29:023
Other_species,A,-0.40286927297396946,-0.40286927297396946,1,2,-1,natural,2025-07-19 17:29:023
Nurse_S._viscosa,A,-2.930208880038782,-2.930208880038782,1,2,-1,restoration,2025-07-19 17:29:023
Nurse_G._struthium,A,-0.8785557667236642,-0.8785557667236642,1,2,-1,restoration,2025-07-19 17:29:023
H._squamatum,A,-4.559866207868008,-4.559866207868008,1,2,-1,restoration,2025-07-19 17:29:023
S._viscosa,A,-5.431888303684504,-5.431888303684504,1,2,-1,restoration,2025-07-19 17:29:023
C._hispanica,A,-8.542598507447925,-8.542598507447925,1,2,-1,restoration,2025-07-19 17:29:023
Other_species,A,-0.6374155760928933,-0.6374155760928933,1,2,-1,restoration,2025-07-19 17:29:023
Nurse_S._viscosa,A,-1.1509694076010322,-1.1509694076010322,1,2,-1,natural,2025-07-19 17:29:023
Nurse_G._struthium,A,-2.640227910981784,-2.640227910981784,1,2,-1,natural,2025-07-19 17:29:023
H._squamatum,A,-1.972407970229191,-1.972407970229191,1,2,-1,natural,2025-07-19 17:29:023
S._viscosa,A,-2.522989957664022,-2.522989957664022,1,2,-1,natural,2025-07-19 17:29:023
C._hispanica,A,-2.7784499745250746,-2.7784499745250746,1,2,-1,natural,2025-07-19 17:29:023
Other_species,A,-0.757763285328395,-0.757763285328395,1,2,-1,natural,2025-07-19 17:29:023
Nurse_S._viscosa,A,-2.5073537468003217,-2.5073537468003217,1,2,-1,restoration,2025-07-19 17:29:013
Nurse_G._struthium,A,-0.8527543738444976,-0.8527543738444976,1,2,-1,restoration,2025-07-19 17:29:013
H._squamatum,A,-5.619556651526235,-5.619556651526235,1,2,-1,restoration,2025-07-19 17:29:013
S._viscosa,A,-4.860254748218032,-4.860254748218032,1,2,-1,restoration,2025-07-19 17:29:013
C._hispanica,A,-6.820881149138976,-6.820881149138976,1,2,-1,restoration,2025-07-19 17:29:013
Other_species,A,0.24760585203834962,0.24760585203834962,1,2,-1,restoration,2025-07-19 17:29:013
Nurse_S._viscosa,A,-0.9769482701593205,-0.9769482701593205,1,2,-1,natural,2025-07-19 17:29:013
Nurse_G._struthium,A,-2.3823507567187128,-2.3823507567187128,1,2,-1,natural,2025-07-19 17:29:013
H._squamatum,A,-1.8379592660894435,-1.8379592660894435,1,2,-1,natural,2025-07-19 17:29:013
S._viscosa,A,-2.60457413530497,-2.60457413530497,1,2,-1,natural,2025-07-19 17:29:013
C._hispanica,A,-2.3724303467405994,-2.3724303467405994,1,2,-1,natural,2025-07-19 17:29:013
Other_species,A,-0.7457295936994511,-0.7457295936994511,1,2,-1,natural,2025-07-19 17:29:013
Nurse_S._viscosa,A,-3.789378220698909,-3.789378220698909,1,2,-1,restoration,2025-07-19 17:29:013
Nurse_G._struthium,A,-0.7520543996779532,-0.7520543996779532,1,2,-1,restoration,2025-07-19 17:29:013
H._squamatum,A,-5.739061376031218,-5.739061376031218,1,2,-1,restoration,2025-07-19 17:29:013
S._viscosa,A,-5.234273674008095,-5.234273674008095,1,2,-1,restoration,2025-07-19 17:29:013
C._hispanica,A,-6.847884804975335,-6.847884804975335,1,2,-1,restoration,2025-07-19 17:29:013
Other_species,A,-0.9024378791496896,-0.9024378791496896,1,2,-1,restoration,2025-07-19 17:29:013
Nurse_S._viscosa,A,-0.6522705649923194,-0.6522705649923194,1,2,-1,natural,2025-07-19 17:29:013
Nurse_G._struthium,A,-2.6245557550250553,-2.6245557550250553,1,2,-1,natural,2025-07-19 17:29:013
H._squamatum,A,-1.7154184535978338,-1.7154184535978338,1,2,-1,natural,2025-07-19 17:29:013
S._viscosa,A,-2.561445425516247,-2.561445425516247,1,2,-1,natural,2025-07-19 17:29:013
C._hispanica,A,-2.516825732764921,-2.516825732764921,1,2,-1,natural,2025-07-19 17:29:013
Other_species,A,-0.6689149265843124,-0.6689149265843124,1,2,-1,natural,2025-07-19 17:29:013
Nurse_S._viscosa,A,-3.575600462211082,-3.575600462211082,1,2,-1,restoration,2025-07-19 17:29:003
Nurse_G._struthium,A,-2.0828117666240846,-2.0828117666240846,1,2,-1,restoration,2025-07-19 17:29:003
H._squamatum,A,-5.506050330106654,-5.506050330106654,1,2,-1,restoration,2025-07-19 17:29:003
S._viscosa,A,-4.779083575159354,-4.779083575159354,1,2,-1,restoration,2025-07-19 17:29:003
C._hispanica,A,-7.408768355369447,-7.408768355369447,1,2,-1,restoration,2025-07-19 17:29:003
Other_species,A,-1.3540089259475017,-1.3540089259475017,1,2,-1,restoration,2025-07-19 17:29:003
Nurse_S._viscosa,A,-1.405344721334573,-1.405344721334573,1,2,-1,natural,2025-07-19 17:29:003
Nurse_G._struthium,A,-2.6322011293328327,-2.6322011293328327,1,2,-1,natural,2025-07-19 17:29:003
H._squamatum,A,-2.051813352625246,-2.051813352625246,1,2,-1,natural,2025-07-19 17:29:003
S._viscosa,A,-2.721402189619242,-2.721402189619242,1,2,-1,natural,2025-07-19 17:29:003
C._hispanica,A,-2.7745659301446284,-2.7745659301446284,1,2,-1,natural,2025-07-19 17:29:003
Other_species,A,-0.9962426962394393,-0.9962426962394393,1,2,-1,natural,2025-07-19 17:29:003
Nurse_S._viscosa,A,-3.695827680457825,-3.695827680457825,1,2,-1,restoration,2025-07-19 17:28:593
Nurse_G._struthium,A,-2.2936571631553604,-2.2936571631553604,1,2,-1,restoration,2025-07-19 17:28:593
H._squamatum,A,-5.0071125327186685,-5.0071125327186685,1,2,-1,restoration,2025-07-19 17:28:593
S._viscosa,A,-4.787194062142329,-4.787194062142329,1,2,-1,restoration,2025-07-19 17:28:593
C._hispanica,A,-7.762519552531744,-7.762519552531744,1,2,-1,restoration,2025-07-19 17:28:593
Other_species,A,-1.3817937283013606,-1.3817937283013606,1,2,-1,restoration,2025-07-19 17:28:593
Nurse_S._viscosa,A,-1.15543813048731,-1.15543813048731,1,2,-1,natural,2025-07-19 17:28:593
Nurse_G._struthium,A,-2.3123956217268056,-2.3123956217268056,1,2,-1,natural,2025-07-19 17:28:593
H._squamatum,A,-1.8656101604456965,-1.8656101604456965,1,2,-1,natural,2025-07-19 17:28:593
S._viscosa,A,-2.4312053625249823,-2.4312053625249823,1,2,-1,natural,2025-07-19 17:28:593
C._hispanica,A,-2.6502312400188086,-2.6502312400188086,1,2,-1,natural,2025-07-19 17:28:593
Other_species,A,-0.5898342292753509,-0.5898342292753509,1,2,-1,natural,2025-07-19 17:28:593
Nurse_S._viscosa,A,-3.184828024853114,-3.184828024853114,1,2,-1,restoration,2025-07-19 17:28:593
Nurse_G._struthium,A,-3.1621775294809416,-3.1621775294809416,1,2,-1,restoration,2025-07-19 17:28:593
H._squamatum,A,-6.269786363030132,-6.269786363030132,1,2,-1,restoration,2025-07-19 17:28:593
S._viscosa,A,-5.241662937880447,-5.241662937880447,1,2,-1,restoration,2025-07-19 17:28:593
C._hispanica,A,-8.100223051003073,-8.100223051003073,1,2,-1,restoration,2025-07-19 17:28:593
Other_species,A,-1.5757941911083713,-1.5757941911083713,1,2,-1,restoration,2025-07-19 17:28:593
Nurse_S._viscosa,A,-0.9838619898504836,-0.9838619898504836,1,2,-1,natural,2025-07-19 17:28:593
Nurse_G._struthium,A,-2.068612677922614,-2.068612677922614,1,2,-1,natural,2025-07-19 17:28:593
H._squamatum,A,-1.8429884996636492,-1.8429884996636492,1,2,-1,natural,2025-07-19 17:28:593
S._viscosa,A,-2.674724622136557,-2.674724622136557,1,2,-1,natural,2025-07-19 17:28:593
C._hispanica,A,-2.6022518572108093,-2.6022518572108093,1,2,-1,natural,2025-07-19 17:28:593
Other_species,A,-0.8284609611124952,-0.8284609611124952,1,2,-1,natural,2025-07-19 17:28:593
Nurse_S._viscosa,A,-3.1092824605787155,-3.1092824605787155,1,2,-1,restoration,2025-07-19 17:28:583
Nurse_G._struthium,A,-2.416354870105218,-2.416354870105218,1,2,-1,restoration,2025-07-19 17:28:583
H._squamatum,A,-4.82017179287851,-4.82017179287851,1,2,-1,restoration,2025-07-19 17:28:583
S._viscosa,A,-4.979207014247749,-4.979207014247749,1,2,-1,restoration,2025-07-19 17:28:583
C._hispanica,A,-7.224287070078799,-7.224287070078799,1,2,-1,restoration,2025-07-19 17:28:583
Other_species,A,-1.0748416154641278,-1.0748416154641278,1,2,-1,restoration,2025-07-19 17:28:583
Nurse_S._viscosa,A,-0.7088107051947437,-0.7088107051947437,1,2,-1,natural,2025-07-19 17:28:583
Nurse_G._struthium,A,-1.9582437126158654,-1.9582437126158654,1,2,-1,natural,2025-07-19 17:28:583
H._squamatum,A,-1.6478281976595897,-1.6478281976595897,1,2,-1,natural,2025-07-19 17:28:583
S._viscosa,A,-2.5098379669820337,-2.5098379669820337,1,2,-1,natural,2025-07-19 17:28:583
C._hispanica,A,-2.543649700775048,-2.543649700775048,1,2,-1,natural,2025-07-19 17:28:583
Other_species,A,-0.5742028427181995,-0.5742028427181995,1,2,-1,natural,2025-07-19 17:28:583
Nurse_S._viscosa,A,-4.030140761436613,-4.030140761436613,1,2,-1,restoration,2025-07-19 17:28:583
Nurse_G._struthium,A,-1.372212065115183,-1.372212065115183,1,2,-1,restoration,2025-07-19 17:28:583
H._squamatum,A,-4.563179115205519,-4.563179115205519,1,2,-1,restoration,2025-07-19 17:28:583
S._viscosa,A,-5.2337259272641905,-5.2337259272641905,1,2,-1,restoration,2025-07-19 17:28:583
C._hispanica,A,-8.033679958105422,-8.033679958105422,1,2,-1,restoration,2025-07-19 17:28:583
Other_species,A,-1.2597976068342103,-1.2597976068342103,1,2,-1,restoration,2025-07-19 17:28:583
Nurse_S._viscosa,A,-0.7762232948438053,-0.7762232948438053,1,2,-1,natural,2025-07-19 17:28:583
Nurse_G._struthium,A,-2.464449025291837,-2.464449025291837,1,2,-1,natural,2025-07-19 17:28:583
H._squamatum,A,-1.9149022536506284,-1.9149022536506284,1,2,-1,natural,2025-07-19 17:28:583
S._viscosa,A,-2.375885667134134,-2.375885667134134,1,2,-1,natural,2025-07-19 17:28:583
C._hispanica,A,-2.185668097813283,-2.185668097813283,1,2,-1,natural,2025-07-19 17:28:583
Other_species,A,-0.4864756255365445,-0.4864756255365445,1,2,-1,natural,2025-07-19 17:28:583
Nurse_S._viscosa,A,-2.879171480739835,-2.879171480739835,1,2,-1,restoration,2025-07-19 17:28:573
Nurse_G._struthium,A,-3.2538312317869975,-3.2538312317869975,1,2,-1,restoration,2025-07-19 17:28:573
H._squamatum,A,-6.338072870491069,-6.338072870491069,1,2,-1,restoration,2025-07-19 17:28:573
S._viscosa,A,-4.9302162130622955,-4.9302162130622955,1,2,-1,restoration,2025-07-19 17:28:573
C._hispanica,A,-7.224020964462126,-7.224020964462126,1,2,-1,restoration,2025-07-19 17:28:573
Other_species,A,-1.2908374605144328,-1.2908374605144328,1,2,-1,restoration,2025-07-19 17:28:573
Nurse_S._viscosa,A,-1.0118797870997187,-1.0118797870997187,1,2,-1,natural,2025-07-19 17:28:573
Nurse_G._struthium,A,-2.331413615585533,-2.331413615585533,1,2,-1,natural,2025-07-19 17:28:573
H._squamatum,A,-1.7089580455759512,-1.7089580455759512,1,2,-1,natural,2025-07-19 17:28:573
S._viscosa,A,-2.5759737814252883,-2.5759737814252883,1,2,-1,natural,2025-07-19 17:28:573
C._hispanica,A,-2.753087134908356,-2.753087134908356,1,2,-1,natural,2025-07-19 17:28:573
Other_species,A,-0.7029703623167165,-0.7029703623167165,1,2,-1,natural,2025-07-19 17:28:573
Nurse_S._viscosa,A,-3.6484616011020576,-3.6484616011020576,1,2,-1,restoration,2025-07-19 17:28:563
Nurse_G._struthium,A,-1.702869623222147,-1.702869623222147,1,2,-1,restoration,2025-07-19 17:28:563
H._squamatum,A,-4.862044676630885,-4.862044676630885,1,2,-1,restoration,2025-07-19 17:28:563
S._viscosa,A,-4.522568462423072,-4.522568462423072,1,2,-1,restoration,2025-07-19 17:28:563
C._hispanica,A,-8.633894686010164,-8.633894686010164,1,2,-1,restoration,2025-07-19 17:28:563
Other_species,A,-1.5858771854867373,-1.5858771854867373,1,2,-1,restoration,2025-07-19 17:28:563
Nurse_S._viscosa,A,-0.9622935589108614,-0.9622935589108614,1,2,-1,natural,2025-07-19 17:28:563
Nurse_G._struthium,A,-2.3090874714585707,-2.3090874714585707,1,2,-1,natural,2025-07-19 17:28:563
H._squamatum,A,-1.8066147778499373,-1.8066147778499373,1,2,-1,natural,2025-07-19 17:28:563
S._viscosa,A,-2.3040531883394264,-2.3040531883394264,1,2,-1,natural,2025-07-19 17:28:563
C._hispanica,A,-2.7423938164907433,-2.7423938164907433,1,2,-1,natural,2025-07-19 17:28:563
Other_species,A,-0.53693354320524,-0.53693354320524,1,2,-1,natural,2025-07-19 17:28:563
Nurse_S._viscosa,A,-3.7065529211644437,-3.7065529211644437,1,2,-1,restoration,2025-07-19 17:28:563
Nurse_G._struthium,A,-1.5725963768305358,-1.5725963768305358,1,2,-1,restoration,2025-07-19 17:28:563
H._squamatum,A,-4.508710174840945,-4.508710174840945,1,2,-1,restoration,2025-07-19 17:28:563
S._viscosa,A,-4.726042089499973,-4.726042089499973,1,2,-1,restoration,2025-07-19 17:28:563
C._hispanica,A,-7.068932098399567,-7.068932098399567,1,2,-1,restoration,2025-07-19 17:28:563
Other_species,A,-1.3461561606258592,-1.3461561606258592,1,2,-1,restoration,2025-07-19 17:28:563
Nurse_S._viscosa,A,-0.8493194024746865,-0.8493194024746865,1,2,-1,natural,2025-07-19 17:28:563
Nurse_G._struthium,A,-2.4166404129399117,-2.4166404129399117,1,2,-1,natural,2025-07-19 17:28:563
H._squamatum,A,-1.9161035854995212,-1.9161035854995212,1,2,-1,natural,2025-07-19 17:28:563
S._viscosa,A,-2.408835119859848,-2.408835119859848,1,2,-1,natural,2025-07-19 17:28:563
C._hispanica,A,-2.4242474720907805,-2.4242474720907805,1,2,-1,natural,2025-07-19 17:28:563
Other_species,A,-0.3922571114327509,-0.3922571114327509,1,2,-1,natural,2025-07-19 17:28:563
Nurse_S._viscosa,A,-3.2827953438860162,-3.2827953438860162,1,2,-1,restoration,2025-07-19 17:28:553
Nurse_G._struthium,A,-3.624257457840742,-3.624257457840742,1,2,-1,restoration,2025-07-19 17:28:553
H._squamatum,A,-6.3700301484773005,-6.3700301484773005,1,2,-1,restoration,2025-07-19 17:28:553
S._viscosa,A,-5.319351053497108,-5.319351053497108,1,2,-1,restoration,2025-07-19 17:28:553
C._hispanica,A,-8.302370200470188,-8.302370200470188,1,2,-1,restoration,2025-07-19 17:28:553
Other_species,A,-1.5682381066215454,-1.5682381066215454,1,2,-1,restoration,2025-07-19 17:28:553
Nurse_S._viscosa,A,-0.8325602335987615,-0.8325602335987615,1,2,-1,natural,2025-07-19 17:28:553
Nurse_G._struthium,A,-2.2918830204471052,-2.2918830204471052,1,2,-1,natural,2025-07-19 17:28:553
H._squamatum,A,-1.437226833142507,-1.437226833142507,1,2,-1,natural,2025-07-19 17:28:553
S._viscosa,A,-2.500727258989669,-2.500727258989669,1,2,-1,natural,2025-07-19 17:28:553
C._hispanica,A,-2.5976123564025095,-2.5976123564025095,1,2,-1,natural,2025-07-19 17:28:553
Other_species,A,-0.620849568116723,-0.620849568116723,1,2,-1,natural,2025-07-19 17:28:553
Nurse_S._viscosa,A,-4.474555625687252,-4.474555625687252,1,2,-1,restoration,2025-07-19 17:28:543
Nurse_G._struthium,A,-2.2341419319030207,-2.2341419319030207,1,2,-1,restoration,2025-07-19 17:28:543
H._squamatum,A,-5.09293956045458,-5.09293956045458,1,2,-1,restoration,2025-07-19 17:28:543
S._viscosa,A,-4.914825150782312,-4.914825150782312,1,2,-1,restoration,2025-07-19 17:28:543
C._hispanica,A,-8.704804787864495,-8.704804787864495,1,2,-1,restoration,2025-07-19 17:28:543
Other_species,A,-2.3060067123181747,-2.3060067123181747,1,2,-1,restoration,2025-07-19 17:28:543
Nurse_S._viscosa,A,-0.9676993477183938,-0.9676993477183938,1,2,-1,natural,2025-07-19 17:28:543
Nurse_G._struthium,A,-2.0661179518769264,-2.0661179518769264,1,2,-1,natural,2025-07-19 17:28:543
H._squamatum,A,-1.7627740595311816,-1.7627740595311816,1,2,-1,natural,2025-07-19 17:28:543
S._viscosa,A,-2.7521843812525963,-2.7521843812525963,1,2,-1,natural,2025-07-19 17:28:543
C._hispanica,A,-2.5298774358625375,-2.5298774358625375,1,2,-1,natural,2025-07-19 17:28:543
Other_species,A,-0.43093791069401205,-0.43093791069401205,1,2,-1,natural,2025-07-19 17:28:543
Nurse_S._viscosa,A,-2.7157020968492325,-2.7157020968492325,1,2,-1,restoration,2025-07-19 17:28:543
Nurse_G._struthium,A,-1.284930596394595,-1.284930596394595,1,2,-1,restoration,2025-07-19 17:28:543
H._squamatum,A,-4.84084204302788,-4.84084204302788,1,2,-1,restoration,2025-07-19 17:28:543
S._viscosa,A,-5.229246880001343,-5.229246880001343,1,2,-1,restoration,2025-07-19 17:28:543
C._hispanica,A,-6.861173827859911,-6.861173827859911,1,2,-1,restoration,2025-07-19 17:28:543
Other_species,A,-0.5037735100021229,-0.5037735100021229,1,2,-1,restoration,2025-07-19 17:28:543
Nurse_S._viscosa,A,-0.8519403628347301,-0.8519403628347301,1,2,-1,natural,2025-07-19 17:28:543
Nurse_G._struthium,A,-2.269431874591166,-2.269431874591166,1,2,-1,natural,2025-07-19 17:28:543
H._squamatum,A,-1.6989921238723469,-1.6989921238723469,1,2,-1,natural,2025-07-19 17:28:543
S._viscosa,A,-2.3589481592027455,-2.3589481592027455,1,2,-1,natural,2025-07-19 17:28:543
C._hispanica,A,-2.6354614105411804,-2.6354614105411804,1,2,-1,natural,2025-07-19 17:28:543
Other_species,A,-0.5231647641282333,-0.5231647641282333,1,2,-1,natural,2025-07-19 17:28:543
Nurse_S._viscosa,A,-3.6575419232412703,-3.6575419232412703,1,2,-1,restoration,2025-07-19 17:28:533
Nurse_G._struthium,A,-2.80323896201962,-2.80323896201962,1,2,-1,restoration,2025-07-19 17:28:533
H._squamatum,A,-6.075840472883252,-6.075840472883252,1,2,-1,restoration,2025-07-19 17:28:533
S._viscosa,A,-4.9622225356055125,-4.9622225356055125,1,2,-1,restoration,2025-07-19 17:28:533
C._hispanica,A,-6.2196692860131595,-6.2196692860131595,1,2,-1,restoration,2025-07-19 17:28:533
Other_species,A,-1.524999670047128,-1.524999670047128,1,2,-1,restoration,2025-07-19 17:28:533
Nurse_S._viscosa,A,-0.5727909995188624,-0.5727909995188624,1,2,-1,natural,2025-07-19 17:28:533
Nurse_G._struthium,A,-2.1991906628972573,-2.1991906628972573,1,2,-1,natural,2025-07-19 17:28:533
H._squamatum,A,-1.5897409060329193,-1.5897409060329193,1,2,-1,natural,2025-07-19 17:28:533
S._viscosa,A,-2.6352403668023388,-2.6352403668023388,1,2,-1,natural,2025-07-19 17:28:533
C._hispanica,A,-2.302405866808126,-2.302405866808126,1,2,-1,natural,2025-07-19 17:28:533
Other_species,A,-0.41980326379219113,-0.41980326379219113,1,2,-1,natural,2025-07-19 17:28:533
Nurse_S._viscosa,A,-3.017451624825397,-3.017451624825397,1,2,-1,restoration,2025-07-19 17:28:533
Nurse_G._struthium,A,-2.322997688441101,-2.322997688441101,1,2,-1,restoration,2025-07-19 17:28:533
H._squamatum,A,-6.626309161378911,-6.626309161378911,1,2,-1,restoration,2025-07-19 17:28:533
S._viscosa,A,-4.461360173282081,-4.461360173282081,1,2,-1,restoration,2025-07-19 17:28:533
C._hispanica,A,-7.5108233293401785,-7.5108233293401785,1,2,-1,restoration,2025-07-19 17:28:533
Other_species,A,-1.2806406855513675,-1.2806406855513675,1,2,-1,restoration,2025-07-19 17:28:533
Nurse_S._viscosa,A,-1.0910755018217306,-1.0910755018217306,1,2,-1,natural,2025-07-19 17:28:533
Nurse_G._struthium,A,-2.2751644694956386,-2.2751644694956386,1,2,-1,natural,2025-07-19 17:28:533
H._squamatum,A,-1.860289858513021,-1.860289858513021,1,2,-1,natural,2025-07-19 17:28:533
S._viscosa,A,-2.5985151323234796,-2.5985151323234796,1,2,-1,natural,2025-07-19 17:28:533
C._hispanica,A,-2.6391086168121314,-2.6391086168121314,1,2,-1,natural,2025-07-19 17:28:533
Other_species,A,-0.8455508886185628,-0.8455508886185628,1,2,-1,natural,2025-07-19 17:28:533
Nurse_S._viscosa,A,-3.8977562031092803,-3.8977562031092803,1,2,-1,restoration,2025-07-19 17:28:523
Nurse_G._struthium,A,-4.091018201709863,-4.091018201709863,1,2,-1,restoration,2025-07-19 17:28:523
H._squamatum,A,-7.286767350721882,-7.286767350721882,1,2,-1,restoration,2025-07-19 17:28:523
S._viscosa,A,-5.035156640568293,-5.035156640568293,1,2,-1,restoration,2025-07-19 17:28:523
C._hispanica,A,-6.219850552174637,-6.219850552174637,1,2,-1,restoration,2025-07-19 17:28:523
Other_species,A,-2.020753040270907,-2.020753040270907,1,2,-1,restoration,2025-07-19 17:28:523
Nurse_S._viscosa,A,-0.7758289910764213,-0.7758289910764213,1,2,-1,natural,2025-07-19 17:28:523
Nurse_G._struthium,A,-2.4695033858172017,-2.4695033858172017,1,2,-1,natural,2025-07-19 17:28:523
H._squamatum,A,-1.5290471486807005,-1.5290471486807005,1,2,-1,natural,2025-07-19 17:28:523
S._viscosa,A,-2.358009413600905,-2.358009413600905,1,2,-1,natural,2025-07-19 17:28:523
C._hispanica,A,-2.5170994475612174,-2.5170994475612174,1,2,-1,natural,2025-07-19 17:28:523
Other_species,A,-0.6302842077585968,-0.6302842077585968,1,2,-1,natural,2025-07-19 17:28:523
Nurse_S._viscosa,A,-3.5076771320424487,-3.5076771320424487,1,2,-1,restoration,2025-07-19 17:28:513
Nurse_G._struthium,A,-1.7854346126807434,-1.7854346126807434,1,2,-1,restoration,2025-07-19 17:28:513
H._squamatum,A,-5.8321822504858725,-5.8321822504858725,1,2,-1,restoration,2025-07-19 17:28:513
S._viscosa,A,-4.995190148239208,-4.995190148239208,1,2,-1,restoration,2025-07-19 17:28:513
C._hispanica,A,-8.506741881301956,-8.506741881301956,1,2,-1,restoration,2025-07-19 17:28:513
Other_species,A,-1.5863022129065398,-1.5863022129065398,1,2,-1,restoration,2025-07-19 17:28:513
Nurse_S._viscosa,A,-0.9440894579787844,-0.9440894579787844,1,2,-1,natural,2025-07-19 17:28:513
Nurse_G._struthium,A,-2.4129747147737235,-2.4129747147737235,1,2,-1,natural,2025-07-19 17:28:513
H._squamatum,A,-1.7085116704595538,-1.7085116704595538,1,2,-1,natural,2025-07-19 17:28:513
S._viscosa,A,-2.4868468296884507,-2.4868468296884507,1,2,-1,natural,2025-07-19 17:28:513
C._hispanica,A,-2.277799560186769,-2.277799560186769,1,2,-1,natural,2025-07-19 17:28:513
Other_species,A,-0.4961338612959282,-0.4961338612959282,1,2,-1,natural,2025-07-19 17:28:513
Nurse_S._viscosa,A,-3.6058583757742793,-3.6058583757742793,1,2,-1,restoration,2025-07-19 17:28:513
Nurse_G._struthium,A,-1.121747269547374,-1.121747269547374,1,2,-1,restoration,2025-07-19 17:28:513
H._squamatum,A,-4.097582072517515,-4.097582072517515,1,2,-1,restoration,2025-07-19 17:28:513
S._viscosa,A,-5.2217280845134635,-5.2217280845134635,1,2,-1,restoration,2025-07-19 17:28:513
C._hispanica,A,-7.840223115804466,-7.840223115804466,1,2,-1,restoration,2025-07-19 17:28:513
Other_species,A,-0.588346608497104,-0.588346608497104,1,2,-1,restoration,2025-07-19 17:28:513
Nurse_S._viscosa,A,-0.9014575100971995,-0.9014575100971995,1,2,-1,natural,2025-07-19 17:28:513
Nurse_G._struthium,A,-1.8743350334952593,-1.8743350334952593,1,2,-1,natural,2025-07-19 17:28:513
H._squamatum,A,-1.9540278090619427,-1.9540278090619427,1,2,-1,natural,2025-07-19 17:28:513
S._viscosa,A,-2.675755113922278,-2.675755113922278,1,2,-1,natural,2025-07-19 17:28:513
C._hispanica,A,-2.7377229501301765,-2.7377229501301765,1,2,-1,natural,2025-07-19 17:28:513
Other_species,A,-0.44100287938535754,-0.44100287938535754,1,2,-1,natural,2025-07-19 17:28:513
Nurse_S._viscosa,A,-2.903070709666518,-2.903070709666518,1,2,-1,restoration,2025-07-19 17:28:503
Nurse_G._struthium,A,-0.11919579870969313,-0.11919579870969313,1,2,-1,restoration,2025-07-19 17:28:503
H._squamatum,A,-3.2682563233730137,-3.2682563233730137,1,2,-1,restoration,2025-07-19 17:28:503
S._viscosa,A,-5.606526216100761,-5.606526216100761,1,2,-1,restoration,2025-07-19 17:28:503
C._hispanica,A,-7.595491949894937,-7.595491949894937,1,2,-1,restoration,2025-07-19 17:28:503
Other_species,A,0.39089612341417396,0.39089612341417396,1,2,-1,restoration,2025-07-19 17:28:503
Nurse_S._viscosa,A,-1.0228201519311146,-1.0228201519311146,1,2,-1,natural,2025-07-19 17:28:503
Nurse_G._struthium,A,-2.391131972047162,-2.391131972047162,1,2,-1,natural,2025-07-19 17:28:503
H._squamatum,A,-1.941517028843317,-1.941517028843317,1,2,-1,natural,2025-07-19 17:28:503
S._viscosa,A,-2.5787709992595587,-2.5787709992595587,1,2,-1,natural,2025-07-19 17:28:503
C._hispanica,A,-2.5747340705727715,-2.5747340705727715,1,2,-1,natural,2025-07-19 17:28:503
Other_species,A,-0.3939044366763539,-0.3939044366763539,1,2,-1,natural,2025-07-19 17:28:503
Nurse_S._viscosa,A,-4.671555545964955,-4.671555545964955,1,2,-1,restoration,2025-07-19 17:28:503
Nurse_G._struthium,A,-2.3936894392095764,-2.3936894392095764,1,2,-1,restoration,2025-07-19 17:28:503
H._squamatum,A,-5.033815830016874,-5.033815830016874,1,2,-1,restoration,2025-07-19 17:28:503
S._viscosa,A,-6.117286287356005,-6.117286287356005,1,2,-1,restoration,2025-07-19 17:28:503
C._hispanica,A,-7.815391845436873,-7.815391845436873,1,2,-1,restoration,2025-07-19 17:28:503
Other_species,A,-1.960670839990922,-1.960670839990922,1,2,-1,restoration,2025-07-19 17:28:503
Nurse_S._viscosa,A,-0.7651863317148102,-0.7651863317148102,1,2,-1,natural,2025-07-19 17:28:503
Nurse_G._struthium,A,-2.226434911599804,-2.226434911599804,1,2,-1,natural,2025-07-19 17:28:503
H._squamatum,A,-1.8033291224909085,-1.8033291224909085,1,2,-1,natural,2025-07-19 17:28:503
S._viscosa,A,-2.3218046814761393,-2.3218046814761393,1,2,-1,natural,2025-07-19 17:28:503
C._hispanica,A,-2.8426547917568126,-2.8426547917568126,1,2,-1,natural,2025-07-19 17:28:503
Other_species,A,-0.4769712029028679,-0.4769712029028679,1,2,-1,natural,2025-07-19 17:28:503
Nurse_S._viscosa,A,-3.4884262029233186,-3.4884262029233186,1,2,-1,restoration,2025-07-19 17:28:493
Nurse_G._struthium,A,-2.1409062961677465,-2.1409062961677465,1,2,-1,restoration,2025-07-19 17:28:493
H._squamatum,A,-5.338938612053546,-5.338938612053546,1,2,-1,restoration,2025-07-19 17:28:493
S._viscosa,A,-4.762958461015722,-4.762958461015722,1,2,-1,restoration,2025-07-19 17:28:493
C._hispanica,A,-7.399335267377332,-7.399335267377332,1,2,-1,restoration,2025-07-19 17:28:493
Other_species,A,-1.192032387492722,-1.192032387492722,1,2,-1,restoration,2025-07-19 17:28:493
Nurse_S._viscosa,A,-0.9303218940916561,-0.9303218940916561,1,2,-1,natural,2025-07-19 17:28:493
Nurse_G._struthium,A,-2.262825414439377,-2.262825414439377,1,2,-1,natural,2025-07-19 17:28:493
H._squamatum,A,-2.024186123857575,-2.024186123857575,1,2,-1,natural,2025-07-19 17:28:493
S._viscosa,A,-2.437358982533567,-2.437358982533567,1,2,-1,natural,2025-07-19 17:28:493
C._hispanica,A,-2.261097116753352,-2.261097116753352,1,2,-1,natural,2025-07-19 17:28:493
Other_species,A,-0.26645383935345174,-0.26645383935345174,1,2,-1,natural,2025-07-19 17:28:493
Nurse_S._viscosa,A,-4.012149132910744,-4.012149132910744,1,2,-1,restoration,2025-07-19 17:28:483
Nurse_G._struthium,A,-2.481054424749495,-2.481054424749495,1,2,-1,restoration,2025-07-19 17:28:483
H._squamatum,A,-5.115529844396777,-5.115529844396777,1,2,-1,restoration,2025-07-19 17:28:483
S._viscosa,A,-5.049313216311045,-5.049313216311045,1,2,-1,restoration,2025-07-19 17:28:483
C._hispanica,A,-7.202904826238633,-7.202904826238633,1,2,-1,restoration,2025-07-19 17:28:483
Other_species,A,-1.760746607631955,-1.760746607631955,1,2,-1,restoration,2025-07-19 17:28:483
Nurse_S._viscosa,A,-1.0394025472828081,-1.0394025472828081,1,2,-1,natural,2025-07-19 17:28:483
Nurse_G._struthium,A,-2.4107145667403715,-2.4107145667403715,1,2,-1,natural,2025-07-19 17:28:483
H._squamatum,A,-1.864880738635196,-1.864880738635196,1,2,-1,natural,2025-07-19 17:28:483
S._viscosa,A,-2.532560273811988,-2.532560273811988,1,2,-1,natural,2025-07-19 17:28:483
C._hispanica,A,-2.5448701917361625,-2.5448701917361625,1,2,-1,natural,2025-07-19 17:28:483
Other_species,A,-0.6373918264615069,-0.6373918264615069,1,2,-1,natural,2025-07-19 17:28:483
Nurse_S._viscosa,A,-3.5869547145006186,-3.5869547145006186,1,2,-1,restoration,2025-07-19 17:28:483
Nurse_G._struthium,A,-1.9933823116298428,-1.9933823116298428,1,2,-1,restoration,2025-07-19 17:28:483
H._squamatum,A,-5.841588489059228,-5.841588489059228,1,2,-1,restoration,2025-07-19 17:28:483
S._viscosa,A,-5.464566723968073,-5.464566723968073,1,2,-1,restoration,2025-07-19 17:28:483
C._hispanica,A,-7.268542350068172,-7.268542350068172,1,2,-1,restoration,2025-07-19 17:28:483
Other_species,A,-1.5811909660736068,-1.5811909660736068,1,2,-1,restoration,2025-07-19 17:28:483
Nurse_S._viscosa,A,-0.6710381037788439,-0.6710381037788439,1,2,-1,natural,2025-07-19 17:28:483
Nurse_G._struthium,A,-2.1890286586207304,-2.1890286586207304,1,2,-1,natural,2025-07-19 17:28:483
H._squamatum,A,-1.674614660955608,-1.674614660955608,1,2,-1,natural,2025-07-19 17:28:483
S._viscosa,A,-2.1213219345502257,-2.1213219345502257,1,2,-1,natural,2025-07-19 17:28:483
C._hispanica,A,-2.5800971524240923,-2.5800971524240923,1,2,-1,natural,2025-07-19 17:28:483
Other_species,A,-0.36746189544430596,-0.36746189544430596,1,2,-1,natural,2025-07-19 17:28:483
Nurse_S._viscosa,A,-2.3399757537768986,-2.3399757537768986,1,2,-1,restoration,2025-07-19 17:28:473
Nurse_G._struthium,A,-1.4030792826324705,-1.4030792826324705,1,2,-1,restoration,2025-07-19 17:28:473
H._squamatum,A,-5.315815330043753,-5.315815330043753,1,2,-1,restoration,2025-07-19 17:28:473
S._viscosa,A,-4.353546236501634,-4.353546236501634,1,2,-1,restoration,2025-07-19 17:28:473
C._hispanica,A,-6.9652048967950035,-6.9652048967950035,1,2,-1,restoration,2025-07-19 17:28:473
Other_species,A,-0.3692115876473569,-0.3692115876473569,1,2,-1,restoration,2025-07-19 17:28:473
Nurse_S._viscosa,A,-0.8776659898068251,-0.8776659898068251,1,2,-1,natural,2025-07-19 17:28:473
Nurse_G._struthium,A,-2.5492741183618803,-2.5492741183618803,1,2,-1,natural,2025-07-19 17:28:473
H._squamatum,A,-1.6500046143355176,-1.6500046143355176,1,2,-1,natural,2025-07-19 17:28:473
S._viscosa,A,-2.5747888674659904,-2.5747888674659904,1,2,-1,natural,2025-07-19 17:28:473
C._hispanica,A,-2.5437091057001973,-2.5437091057001973,1,2,-1,natural,2025-07-19 17:28:473
Other_species,A,-0.6318550065010893,-0.6318550065010893,1,2,-1,natural,2025-07-19 17:28:473
Nurse_S._viscosa,A,-1.936059049400666,-1.936059049400666,1,2,-1,restoration,2025-07-19 17:28:473
Nurse_G._struthium,A,-1.3525742399456964,-1.3525742399456964,1,2,-1,restoration,2025-07-19 17:28:473
H._squamatum,A,-4.982757039686485,-4.982757039686485,1,2,-1,restoration,2025-07-19 17:28:473
S._viscosa,A,-4.051932589458817,-4.051932589458817,1,2,-1,restoration,2025-07-19 17:28:473
C._hispanica,A,-7.081357722063612,-7.081357722063612,1,2,-1,restoration,2025-07-19 17:28:473
Other_species,A,-0.15666384436251568,-0.15666384436251568,1,2,-1,restoration,2025-07-19 17:28:473
Nurse_S._viscosa,A,-0.7896929094472861,-0.7896929094472861,1,2,-1,natural,2025-07-19 17:28:473
Nurse_G._struthium,A,-2.0360149044513265,-2.0360149044513265,1,2,-1,natural,2025-07-19 17:28:473
H._squamatum,A,-1.6083696051635343,-1.6083696051635343,1,2,-1,natural,2025-07-19 17:28:473
S._viscosa,A,-2.506282278678774,-2.506282278678774,1,2,-1,natural,2025-07-19 17:28:473
C._hispanica,A,-2.3716223841025394,-2.3716223841025394,1,2,-1,natural,2025-07-19 17:28:473
Other_species,A,-0.42852389475993485,-0.42852389475993485,1,2,-1,natural,2025-07-19 17:28:473
Nurse_S._viscosa,A,-3.383113090835197,-3.383113090835197,1,2,-1,restoration,2025-07-19 17:28:463
Nurse_G._struthium,A,-3.25508207334098,-3.25508207334098,1,2,-1,restoration,2025-07-19 17:28:463
H._squamatum,A,-5.5511963484050355,-5.5511963484050355,1,2,-1,restoration,2025-07-19 17:28:463
S._viscosa,A,-5.56008847437367,-5.56008847437367,1,2,-1,restoration,2025-07-19 17:28:463
C._hispanica,A,-7.642286520469196,-7.642286520469196,1,2,-1,restoration,2025-07-19 17:28:463
Other_species,A,-2.173179548059915,-2.173179548059915,1,2,-1,restoration,2025-07-19 17:28:463
Nurse_S._viscosa,A,-0.834112160911416,-0.834112160911416,1,2,-1,natural,2025-07-19 17:28:463
Nurse_G._struthium,A,-2.781263726823792,-2.781263726823792,1,2,-1,natural,2025-07-19 17:28:463
H._squamatum,A,-1.9760098519674139,-1.9760098519674139,1,2,-1,natural,2025-07-19 17:28:463
S._viscosa,A,-2.5016978840897948,-2.5016978840897948,1,2,-1,natural,2025-07-19 17:28:463
C._hispanica,A,-2.4117283634139466,-2.4117283634139466,1,2,-1,natural,2025-07-19 17:28:463
Other_species,A,-0.3916818462481329,-0.3916818462481329,1,2,-1,natural,2025-07-19 17:28:463
Nurse_S._viscosa,A,-4.675783553355883,-4.675783553355883,1,2,-1,restoration,2025-07-19 17:28:463
Nurse_G._struthium,A,-3.13411397973687,-3.13411397973687,1,2,-1,restoration,2025-07-19 17:28:463
H._squamatum,A,-6.904570982364065,-6.904570982364065,1,2,-1,restoration,2025-07-19 17:28:463
S._viscosa,A,-6.245216345838881,-6.245216345838881,1,2,-1,restoration,2025-07-19 17:28:463
C._hispanica,A,-8.650201953984261,-8.650201953984261,1,2,-1,restoration,2025-07-19 17:28:463
Other_species,A,-2.8549665434866354,-2.8549665434866354,1,2,-1,restoration,2025-07-19 17:28:463
Nurse_S._viscosa,A,-0.8381988200834224,-0.8381988200834224,1,2,-1,natural,2025-07-19 17:28:463
Nurse_G._struthium,A,-2.291041301251858,-2.291041301251858,1,2,-1,natural,2025-07-19 17:28:463
H._squamatum,A,-1.6634994726190078,-1.6634994726190078,1,2,-1,natural,2025-07-19 17:28:463
S._viscosa,A,-2.6176529493408833,-2.6176529493408833,1,2,-1,natural,2025-07-19 17:28:463
C._hispanica,A,-2.661834263121463,-2.661834263121463,1,2,-1,natural,2025-07-19 17:28:463
Other_species,A,-0.5637524715896707,-0.5637524715896707,1,2,-1,natural,2025-07-19 17:28:463
Nurse_S._viscosa,A,-3.462607842502865,-3.462607842502865,1,2,-1,restoration,2025-07-19 17:28:453
Nurse_G._struthium,A,-1.5076957428483597,-1.5076957428483597,1,2,-1,restoration,2025-07-19 17:28:453
H._squamatum,A,-5.1164805864262934,-5.1164805864262934,1,2,-1,restoration,2025-07-19 17:28:453
S._viscosa,A,-5.777266098149168,-5.777266098149168,1,2,-1,restoration,2025-07-19 17:28:453
C._hispanica,A,-7.089307609280288,-7.089307609280288,1,2,-1,restoration,2025-07-19 17:28:453
Other_species,A,-1.0148973545138176,-1.0148973545138176,1,2,-1,restoration,2025-07-19 17:28:453
Nurse_S._viscosa,A,-1.090408578753565,-1.090408578753565,1,2,-1,natural,2025-07-19 17:28:453
Nurse_G._struthium,A,-2.3852614864994703,-2.3852614864994703,1,2,-1,natural,2025-07-19 17:28:453
H._squamatum,A,-2.000954292558466,-2.000954292558466,1,2,-1,natural,2025-07-19 17:28:453
S._viscosa,A,-2.6948308875223006,-2.6948308875223006,1,2,-1,natural,2025-07-19 17:28:453
C._hispanica,A,-2.692993993093212,-2.692993993093212,1,2,-1,natural,2025-07-19 17:28:453
Other_species,A,-0.8789923960905138,-0.8789923960905138,1,2,-1,natural,2025-07-19 17:28:453
Nurse_S._viscosa,A,-4.086500785395983,-4.086500785395983,1,2,-1,restoration,2025-07-19 17:28:453
Nurse_G._struthium,A,-2.1057269681140793,-2.1057269681140793,1,2,-1,restoration,2025-07-19 17:28:453
H._squamatum,A,-4.919661855710284,-4.919661855710284,1,2,-1,restoration,2025-07-19 17:28:453
S._viscosa,A,-5.41566909451175,-5.41566909451175,1,2,-1,restoration,2025-07-19 17:28:453
C._hispanica,A,-6.4971100209781785,-6.4971100209781785,1,2,-1,restoration,2025-07-19 17:28:453
Other_species,A,-1.544935845230519,-1.544935845230519,1,2,-1,restoration,2025-07-19 17:28:453
Nurse_S._viscosa,A,-0.5877129397887169,-0.5877129397887169,1,2,-1,natural,2025-07-19 17:28:453
Nurse_G._struthium,A,-2.174928854404365,-2.174928854404365,1,2,-1,natural,2025-07-19 17:28:453
H._squamatum,A,-1.747927516985096,-1.747927516985096,1,2,-1,natural,2025-07-19 17:28:453
S._viscosa,A,-2.1896755488151993,-2.1896755488151993,1,2,-1,natural,2025-07-19 17:28:453
C._hispanica,A,-2.352094337512772,-2.352094337512772,1,2,-1,natural,2025-07-19 17:28:453
Other_species,A,-0.11596125602304419,-0.11596125602304419,1,2,-1,natural,2025-07-19 17:28:453
Nurse_S._viscosa,A,-3.733765788856827,-3.733765788856827,1,2,-1,restoration,2025-07-19 17:28:443
Nurse_G._struthium,A,-1.783066359563885,-1.783066359563885,1,2,-1,restoration,2025-07-19 17:28:443
H._squamatum,A,-4.709223974133973,-4.709223974133973,1,2,-1,restoration,2025-07-19 17:28:443
S._viscosa,A,-4.887313828418046,-4.887313828418046,1,2,-1,restoration,2025-07-19 17:28:443
C._hispanica,A,-6.820844444489975,-6.820844444489975,1,2,-1,restoration,2025-07-19 17:28:443
Other_species,A,-1.2211142550907006,-1.2211142550907006,1,2,-1,restoration,2025-07-19 17:28:443
Nurse_S._viscosa,A,-0.867007633110728,-0.867007633110728,1,2,-1,natural,2025-07-19 17:28:443
Nurse_G._struthium,A,-2.4368472757440567,-2.4368472757440567,1,2,-1,natural,2025-07-19 17:28:443
H._squamatum,A,-1.5213944036140161,-1.5213944036140161,1,2,-1,natural,2025-07-19 17:28:443
S._viscosa,A,-2.782862289162335,-2.782862289162335,1,2,-1,natural,2025-07-19 17:28:443
C._hispanica,A,-2.278321705731913,-2.278321705731913,1,2,-1,natural,2025-07-19 17:28:443
Other_species,A,-0.804930815671412,-0.804930815671412,1,2,-1,natural,2025-07-19 17:28:443
Nurse_S._viscosa,A,-3.5078182800889013,-3.5078182800889013,1,2,-1,restoration,2025-07-19 17:28:443
Nurse_G._struthium,A,-1.7151904298542804,-1.7151904298542804,1,2,-1,restoration,2025-07-19 17:28:443
H._squamatum,A,-5.2558554727069176,-5.2558554727069176,1,2,-1,restoration,2025-07-19 17:28:443
S._viscosa,A,-5.239288397692615,-5.239288397692615,1,2,-1,restoration,2025-07-19 17:28:443
C._hispanica,A,-7.435670662466209,-7.435670662466209,1,2,-1,restoration,2025-07-19 17:28:443
Other_species,A,-1.1646855872606847,-1.1646855872606847,1,2,-1,restoration,2025-07-19 17:28:443
Nurse_S._viscosa,A,-1.0729913029803222,-1.0729913029803222,1,2,-1,natural,2025-07-19 17:28:443
Nurse_G._struthium,A,-2.2671323104821304,-2.2671323104821304,1,2,-1,natural,2025-07-19 17:28:443
H._squamatum,A,-1.8706855520657582,-1.8706855520657582,1,2,-1,natural,2025-07-19 17:28:443
S._viscosa,A,-2.571664212956108,-2.571664212956108,1,2,-1,natural,2025-07-19 17:28:443
C._hispanica,A,-2.497867284970775,-2.497867284970775,1,2,-1,natural,2025-07-19 17:28:443
Other_species,A,-0.5948329731219884,-0.5948329731219884,1,2,-1,natural,2025-07-19 17:28:443
Nurse_S._viscosa,A,-3.5212203736372407,-3.5212203736372407,1,2,-1,restoration,2025-07-19 17:28:443
Nurse_G._struthium,A,-2.39608549651666,-2.39608549651666,1,2,-1,restoration,2025-07-19 17:28:443
H._squamatum,A,-6.381858917770566,-6.381858917770566,1,2,-1,restoration,2025-07-19 17:28:443
S._viscosa,A,-4.6863538829747755,-4.6863538829747755,1,2,-1,restoration,2025-07-19 17:28:443
C._hispanica,A,-7.415621286985891,-7.415621286985891,1,2,-1,restoration,2025-07-19 17:28:443
Other_species,A,-1.5205480427043723,-1.5205480427043723,1,2,-1,restoration,2025-07-19 17:28:443
Nurse_S._viscosa,A,-0.8542451632820579,-0.8542451632820579,1,2,-1,natural,2025-07-19 17:28:443
Nurse_G._struthium,A,-2.123116673413949,-2.123116673413949,1,2,-1,natural,2025-07-19 17:28:443
H._squamatum,A,-1.9325224734206201,-1.9325224734206201,1,2,-1,natural,2025-07-19 17:28:443
S._viscosa,A,-2.455017765853032,-2.455017765853032,1,2,-1,natural,2025-07-19 17:28:443
C._hispanica,A,-2.5440949764156535,-2.5440949764156535,1,2,-1,natural,2025-07-19 17:28:443
Other_species,A,-0.48464158861809936,-0.48464158861809936,1,2,-1,natural,2025-07-19 17:28:443
Nurse_S._viscosa,A,-4.384547400380717,-4.384547400380717,1,2,-1,restoration,2025-07-19 17:28:433
Nurse_G._struthium,A,-1.8046153172343762,-1.8046153172343762,1,2,-1,restoration,2025-07-19 17:28:433
H._squamatum,A,-4.525802713730114,-4.525802713730114,1,2,-1,restoration,2025-07-19 17:28:433
S._viscosa,A,-5.948255816518355,-5.948255816518355,1,2,-1,restoration,2025-07-19 17:28:433
C._hispanica,A,-6.935808835609107,-6.935808835609107,1,2,-1,restoration,2025-07-19 17:28:433
Other_species,A,-1.3957800141236627,-1.3957800141236627,1,2,-1,restoration,2025-07-19 17:28:433
Nurse_S._viscosa,A,-0.6879457183207203,-0.6879457183207203,1,2,-1,natural,2025-07-19 17:28:433
Nurse_G._struthium,A,-2.187387578435352,-2.187387578435352,1,2,-1,natural,2025-07-19 17:28:433
H._squamatum,A,-1.5363211503668466,-1.5363211503668466,1,2,-1,natural,2025-07-19 17:28:433
S._viscosa,A,-2.463342260209699,-2.463342260209699,1,2,-1,natural,2025-07-19 17:28:433
C._hispanica,A,-2.7948828356821207,-2.7948828356821207,1,2,-1,natural,2025-07-19 17:28:433
Other_species,A,-0.33623840933809473,-0.33623840933809473,1,2,-1,natural,2025-07-19 17:28:433
Nurse_S._viscosa,A,-3.920408508118362,-3.920408508118362,1,2,-1,restoration,2025-07-19 17:28:433
Nurse_G._struthium,A,-1.9309150437814546,-1.9309150437814546,1,2,-1,restoration,2025-07-19 17:28:433
H._squamatum,A,-4.895515485691618,-4.895515485691618,1,2,-1,restoration,2025-07-19 17:28:433
S._viscosa,A,-4.8422650047513764,-4.8422650047513764,1,2,-1,restoration,2025-07-19 17:28:433
C._hispanica,A,-8.100040545640535,-8.100040545640535,1,2,-1,restoration,2025-07-19 17:28:433
Other_species,A,-1.5402210365299247,-1.5402210365299247,1,2,-1,restoration,2025-07-19 17:28:433
Nurse_S._viscosa,A,-0.7493751004957389,-0.7493751004957389,1,2,-1,natural,2025-07-19 17:28:433
Nurse_G._struthium,A,-2.721620541977078,-2.721620541977078,1,2,-1,natural,2025-07-19 17:28:433
H._squamatum,A,-1.6564852636293093,-1.6564852636293093,1,2,-1,natural,2025-07-19 17:28:433
S._viscosa,A,-2.4420640873780135,-2.4420640873780135,1,2,-1,natural,2025-07-19 17:28:433
C._hispanica,A,-2.542183867878658,-2.542183867878658,1,2,-1,natural,2025-07-19 17:28:433
Other_species,A,-0.34406850821603235,-0.34406850821603235,1,2,-1,natural,2025-07-19 17:28:433
Nurse_S._viscosa,A,-2.947114549596484,-2.947114549596484,1,2,-1,restoration,2025-07-19 17:28:433
Nurse_G._struthium,A,-1.597533925040853,-1.597533925040853,1,2,-1,restoration,2025-07-19 17:28:433
H._squamatum,A,-6.077850464832883,-6.077850464832883,1,2,-1,restoration,2025-07-19 17:28:433
S._viscosa,A,-5.28339617346617,-5.28339617346617,1,2,-1,restoration,2025-07-19 17:28:433
C._hispanica,A,-7.194339115207218,-7.194339115207218,1,2,-1,restoration,2025-07-19 17:28:433
Other_species,A,-0.9289002901345292,-0.9289002901345292,1,2,-1,restoration,2025-07-19 17:28:433
Nurse_S._viscosa,A,-0.8635641760379259,-0.8635641760379259,1,2,-1,natural,2025-07-19 17:28:433
Nurse_G._struthium,A,-2.619122791864751,-2.619122791864751,1,2,-1,natural,2025-07-19 17:28:433
H._squamatum,A,-1.7097276565371733,-1.7097276565371733,1,2,-1,natural,2025-07-19 17:28:433
S._viscosa,A,-2.3694037782414656,-2.3694037782414656,1,2,-1,natural,2025-07-19 17:28:433
C._hispanica,A,-2.710921175822659,-2.710921175822659,1,2,-1,natural,2025-07-19 17:28:433
Other_species,A,-0.6885349957779775,-0.6885349957779775,1,2,-1,natural,2025-07-19 17:28:433
Nurse_S._viscosa,A,-3.9349264501008925,-3.9349264501008925,1,2,-1,restoration,2025-07-19 17:28:423
Nurse_G._struthium,A,-2.2325144993494153,-2.2325144993494153,1,2,-1,restoration,2025-07-19 17:28:423
H._squamatum,A,-5.081809862513624,-5.081809862513624,1,2,-1,restoration,2025-07-19 17:28:423
S._viscosa,A,-5.5290077791778955,-5.5290077791778955,1,2,-1,restoration,2025-07-19 17:28:423
C._hispanica,A,-7.669735424040581,-7.669735424040581,1,2,-1,restoration,2025-07-19 17:28:423
Other_species,A,-1.4969126362216028,-1.4969126362216028,1,2,-1,restoration,2025-07-19 17:28:423
Nurse_S._viscosa,A,-0.7825413882590175,-0.7825413882590175,1,2,-1,natural,2025-07-19 17:28:423
Nurse_G._struthium,A,-1.753701214368349,-1.753701214368349,1,2,-1,natural,2025-07-19 17:28:423
H._squamatum,A,-1.6295927104777106,-1.6295927104777106,1,2,-1,natural,2025-07-19 17:28:423
S._viscosa,A,-2.4928923429578997,-2.4928923429578997,1,2,-1,natural,2025-07-19 17:28:423
C._hispanica,A,-2.445316694641937,-2.445316694641937,1,2,-1,natural,2025-07-19 17:28:423
Other_species,A,-0.36358541562069446,-0.36358541562069446,1,2,-1,natural,2025-07-19 17:28:423
Nurse_S._viscosa,A,-2.8068227511393413,-2.8068227511393413,1,2,-1,restoration,2025-07-19 17:28:423
Nurse_G._struthium,A,-1.206119604303541,-1.206119604303541,1,2,-1,restoration,2025-07-19 17:28:423
H._squamatum,A,-4.152458567246691,-4.152458567246691,1,2,-1,restoration,2025-07-19 17:28:423
S._viscosa,A,-4.781711741798502,-4.781711741798502,1,2,-1,restoration,2025-07-19 17:28:423
C._hispanica,A,-7.857883830178808,-7.857883830178808,1,2,-1,restoration,2025-07-19 17:28:423
Other_species,A,-0.6700732865900331,-0.6700732865900331,1,2,-1,restoration,2025-07-19 17:28:423
Nurse_S._viscosa,A,-0.9136738598999398,-0.9136738598999398,1,2,-1,natural,2025-07-19 17:28:423
Nurse_G._struthium,A,-2.2449406255205018,-2.2449406255205018,1,2,-1,natural,2025-07-19 17:28:423
H._squamatum,A,-1.871857670903848,-1.871857670903848,1,2,-1,natural,2025-07-19 17:28:423
S._viscosa,A,-2.648869248614317,-2.648869248614317,1,2,-1,natural,2025-07-19 17:28:423
C._hispanica,A,-2.418889645839936,-2.418889645839936,1,2,-1,natural,2025-07-19 17:28:423
Other_species,A,-0.5805274139881583,-0.5805274139881583,1,2,-1,natural,2025-07-19 17:28:423
Nurse_S._viscosa,A,-3.5110177291732034,-3.5110177291732034,1,2,-1,restoration,2025-07-19 17:28:413
Nurse_G._struthium,A,-1.9885956548261963,-1.9885956548261963,1,2,-1,restoration,2025-07-19 17:28:413
H._squamatum,A,-4.51767178484024,-4.51767178484024,1,2,-1,restoration,2025-07-19 17:28:413
S._viscosa,A,-4.8178335138817685,-4.8178335138817685,1,2,-1,restoration,2025-07-19 17:28:413
C._hispanica,A,-8.068745166852093,-8.068745166852093,1,2,-1,restoration,2025-07-19 17:28:413
Other_species,A,-1.1978157254572992,-1.1978157254572992,1,2,-1,restoration,2025-07-19 17:28:413
Nurse_S._viscosa,A,-0.5771228518169628,-0.5771228518169628,1,2,-1,natural,2025-07-19 17:28:413
Nurse_G._struthium,A,-2.102997332778357,-2.102997332778357,1,2,-1,natural,2025-07-19 17:28:413
H._squamatum,A,-1.3844085095359964,-1.3844085095359964,1,2,-1,natural,2025-07-19 17:28:413
S._viscosa,A,-2.6169707511032647,-2.6169707511032647,1,2,-1,natural,2025-07-19 17:28:413
C._hispanica,A,-2.775561423686542,-2.775561423686542,1,2,-1,natural,2025-07-19 17:28:413
Other_species,A,-0.25050796862044744,-0.25050796862044744,1,2,-1,natural,2025-07-19 17:28:413
Nurse_S._viscosa,A,-4.265551794854797,-4.265551794854797,1,2,-1,restoration,2025-07-19 17:28:413
Nurse_G._struthium,A,-2.238651718942254,-2.238651718942254,1,2,-1,restoration,2025-07-19 17:28:413
H._squamatum,A,-5.241274588876606,-5.241274588876606,1,2,-1,restoration,2025-07-19 17:28:413
S._viscosa,A,-5.29586894725496,-5.29586894725496,1,2,-1,restoration,2025-07-19 17:28:413
C._hispanica,A,-6.762219092506916,-6.762219092506916,1,2,-1,restoration,2025-07-19 17:28:413
Other_species,A,-1.8561848042116393,-1.8561848042116393,1,2,-1,restoration,2025-07-19 17:28:413
Nurse_S._viscosa,A,-0.8435600919294914,-0.8435600919294914,1,2,-1,natural,2025-07-19 17:28:413
Nurse_G._struthium,A,-2.0459802524314927,-2.0459802524314927,1,2,-1,natural,2025-07-19 17:28:413
H._squamatum,A,-1.8365391168952239,-1.8365391168952239,1,2,-1,natural,2025-07-19 17:28:413
S._viscosa,A,-2.4248890225840736,-2.4248890225840736,1,2,-1,natural,2025-07-19 17:28:413
C._hispanica,A,-2.2734522901729233,-2.2734522901729233,1,2,-1,natural,2025-07-19 17:28:413
Other_species,A,-0.4528497358355688,-0.4528497358355688,1,2,-1,natural,2025-07-19 17:28:413
Nurse_S._viscosa,A,-2.617155697232173,-2.617155697232173,1,2,-1,restoration,2025-07-19 17:28:413
Nurse_G._struthium,A,-3.284320259131346,-3.284320259131346,1,2,-1,restoration,2025-07-19 17:28:413
H._squamatum,A,-5.734330948528419,-5.734330948528419,1,2,-1,restoration,2025-07-19 17:28:413
S._viscosa,A,-4.308431171259754,-4.308431171259754,1,2,-1,restoration,2025-07-19 17:28:413
C._hispanica,A,-6.770584306791464,-6.770584306791464,1,2,-1,restoration,2025-07-19 17:28:413
Other_species,A,-1.0560127977276939,-1.0560127977276939,1,2,-1,restoration,2025-07-19 17:28:413
Nurse_S._viscosa,A,-0.9532022189664631,-0.9532022189664631,1,2,-1,natural,2025-07-19 17:28:413
Nurse_G._struthium,A,-2.3676342960712695,-2.3676342960712695,1,2,-1,natural,2025-07-19 17:28:413
H._squamatum,A,-1.9029268605005984,-1.9029268605005984,1,2,-1,natural,2025-07-19 17:28:413
S._viscosa,A,-2.626337708654057,-2.626337708654057,1,2,-1,natural,2025-07-19 17:28:413
C._hispanica,A,-2.7035724536707404,-2.7035724536707404,1,2,-1,natural,2025-07-19 17:28:413
Other_species,A,-0.6362712140225558,-0.6362712140225558,1,2,-1,natural,2025-07-19 17:28:413
Nurse_S._viscosa,A,-2.6918313267059695,-2.6918313267059695,1,2,-1,restoration,2025-07-19 17:28:403
Nurse_G._struthium,A,-1.4922541648245642,-1.4922541648245642,1,2,-1,restoration,2025-07-19 17:28:403
H._squamatum,A,-4.7628370821641495,-4.7628370821641495,1,2,-1,restoration,2025-07-19 17:28:403
S._viscosa,A,-4.251909019340127,-4.251909019340127,1,2,-1,restoration,2025-07-19 17:28:403
C._hispanica,A,-6.8165239545177725,-6.8165239545177725,1,2,-1,restoration,2025-07-19 17:28:403
Other_species,A,-0.5351239443830544,-0.5351239443830544,1,2,-1,restoration,2025-07-19 17:28:403
Nurse_S._viscosa,A,-1.0312792752233622,-1.0312792752233622,1,2,-1,natural,2025-07-19 17:28:403
Nurse_G._struthium,A,-2.50056300925994,-2.50056300925994,1,2,-1,natural,2025-07-19 17:28:403
H._squamatum,A,-1.9291662953045292,-1.9291662953045292,1,2,-1,natural,2025-07-19 17:28:403
S._viscosa,A,-2.6466421746951814,-2.6466421746951814,1,2,-1,natural,2025-07-19 17:28:403
C._hispanica,A,-2.755440565766758,-2.755440565766758,1,2,-1,natural,2025-07-19 17:28:403
Other_species,A,-0.7271441769774059,-0.7271441769774059,1,2,-1,natural,2025-07-19 17:28:403
Nurse_S._viscosa,A,-4.42874145076438,-4.42874145076438,1,2,-1,restoration,2025-07-19 17:28:403
Nurse_G._struthium,A,-2.7485786175835654,-2.7485786175835654,1,2,-1,restoration,2025-07-19 17:28:403
H._squamatum,A,-6.0265259831917,-6.0265259831917,1,2,-1,restoration,2025-07-19 17:28:403
S._viscosa,A,-6.017460749917308,-6.017460749917308,1,2,-1,restoration,2025-07-19 17:28:403
C._hispanica,A,-7.187962455734306,-7.187962455734306,1,2,-1,restoration,2025-07-19 17:28:403
Other_species,A,-1.958112979146512,-1.958112979146512,1,2,-1,restoration,2025-07-19 17:28:403
Nurse_S._viscosa,A,-0.9537995783204052,-0.9537995783204052,1,2,-1,natural,2025-07-19 17:28:403
Nurse_G._struthium,A,-2.275796971076754,-2.275796971076754,1,2,-1,natural,2025-07-19 17:28:403
H._squamatum,A,-1.6215119596317877,-1.6215119596317877,1,2,-1,natural,2025-07-19 17:28:403
S._viscosa,A,-2.4862706521861746,-2.4862706521861746,1,2,-1,natural,2025-07-19 17:28:403
C._hispanica,A,-2.7866225446696573,-2.7866225446696573,1,2,-1,natural,2025-07-19 17:28:403
Other_species,A,-0.7456158893706404,-0.7456158893706404,1,2,-1,natural,2025-07-19 17:28:403
Nurse_S._viscosa,A,-2.9010830329005834,-2.9010830329005834,1,2,-1,restoration,2025-07-19 17:28:393
Nurse_G._struthium,A,-1.6413704822283763,-1.6413704822283763,1,2,-1,restoration,2025-07-19 17:28:393
H._squamatum,A,-6.944876420545959,-6.944876420545959,1,2,-1,restoration,2025-07-19 17:28:393
S._viscosa,A,-5.026648233103963,-5.026648233103963,1,2,-1,restoration,2025-07-19 17:28:393
C._hispanica,A,-7.341573011929845,-7.341573011929845,1,2,-1,restoration,2025-07-19 17:28:393
Other_species,A,-1.0327593615056458,-1.0327593615056458,1,2,-1,restoration,2025-07-19 17:28:393
Nurse_S._viscosa,A,-0.8578147541318977,-0.8578147541318977,1,2,-1,natural,2025-07-19 17:28:393
Nurse_G._struthium,A,-2.3632753882660036,-2.3632753882660036,1,2,-1,natural,2025-07-19 17:28:393
H._squamatum,A,-1.9374539233291121,-1.9374539233291121,1,2,-1,natural,2025-07-19 17:28:393
S._viscosa,A,-2.3781072612461616,-2.3781072612461616,1,2,-1,natural,2025-07-19 17:28:393
C._hispanica,A,-2.5640305271428616,-2.5640305271428616,1,2,-1,natural,2025-07-19 17:28:393
Other_species,A,-0.6069213403937812,-0.6069213403937812,1,2,-1,natural,2025-07-19 17:28:393
Nurse_S._viscosa,A,-4.681030211559175,-4.681030211559175,1,2,-1,restoration,2025-07-19 17:28:393
Nurse_G._struthium,A,-3.435511943684896,-3.435511943684896,1,2,-1,restoration,2025-07-19 17:28:393
H._squamatum,A,-5.974667002744171,-5.974667002744171,1,2,-1,restoration,2025-07-19 17:28:393
S._viscosa,A,-5.659443227757306,-5.659443227757306,1,2,-1,restoration,2025-07-19 17:28:393
C._hispanica,A,-7.152148921295476,-7.152148921295476,1,2,-1,restoration,2025-07-19 17:28:393
Other_species,A,-2.5970642954303695,-2.5970642954303695,1,2,-1,restoration,2025-07-19 17:28:393
Nurse_S._viscosa,A,-0.6448314669653107,-0.6448314669653107,1,2,-1,natural,2025-07-19 17:28:393
Nurse_G._struthium,A,-2.6101943757280073,-2.6101943757280073,1,2,-1,natural,2025-07-19 17:28:393
H._squamatum,A,-1.529562923630354,-1.529562923630354,1,2,-1,natural,2025-07-19 17:28:393
S._viscosa,A,-2.2279601470005947,-2.2279601470005947,1,2,-1,natural,2025-07-19 17:28:393
C._hispanica,A,-2.7310872372635115,-2.7310872372635115,1,2,-1,natural,2025-07-19 17:28:393
Other_species,A,-0.5543727855267961,-0.5543727855267961,1,2,-1,natural,2025-07-19 17:28:393
Nurse_S._viscosa,A,-3.2164818744812926,-3.2164818744812926,1,2,-1,restoration,2025-07-19 17:28:393
Nurse_G._struthium,A,-3.295288063272684,-3.295288063272684,1,2,-1,restoration,2025-07-19 17:28:393
H._squamatum,A,-6.324251028639828,-6.324251028639828,1,2,-1,restoration,2025-07-19 17:28:393
S._viscosa,A,-4.3091698315701,-4.3091698315701,1,2,-1,restoration,2025-07-19 17:28:393
C._hispanica,A,-6.983013051632528,-6.983013051632528,1,2,-1,restoration,2025-07-19 17:28:393
Other_species,A,-1.5049462165983507,-1.5049462165983507,1,2,-1,restoration,2025-07-19 17:28:393
Nurse_S._viscosa,A,-1.113020507877569,-1.113020507877569,1,2,-1,natural,2025-07-19 17:28:393
Nurse_G._struthium,A,-2.036188299051551,-2.036188299051551,1,2,-1,natural,2025-07-19 17:28:393
H._squamatum,A,-1.7956894378661734,-1.7956894378661734,1,2,-1,natural,2025-07-19 17:28:393
S._viscosa,A,-2.4113541371873013,-2.4113541371873013,1,2,-1,natural,2025-07-19 17:28:393
C._hispanica,A,-2.5967722894255774,-2.5967722894255774,1,2,-1,natural,2025-07-19 17:28:393
Other_species,A,-0.47281242039323435,-0.47281242039323435,1,2,-1,natural,2025-07-19 17:28:393
Nurse_S._viscosa,A,-3.0392003337801645,-3.0392003337801645,1,2,-1,restoration,2025-07-19 17:28:383
Nurse_G._struthium,A,-1.1517991285771527,-1.1517991285771527,1,2,-1,restoration,2025-07-19 17:28:383
H._squamatum,A,-4.307904959559678,-4.307904959559678,1,2,-1,restoration,2025-07-19 17:28:383
S._viscosa,A,-4.802784046700782,-4.802784046700782,1,2,-1,restoration,2025-07-19 17:28:383
C._hispanica,A,-7.7178328447351765,-7.7178328447351765,1,2,-1,restoration,2025-07-19 17:28:383
Other_species,A,-0.08384932561351018,-0.08384932561351018,1,2,-1,restoration,2025-07-19 17:28:383
Nurse_S._viscosa,A,-0.9892003683063373,-0.9892003683063373,1,2,-1,natural,2025-07-19 17:28:383
Nurse_G._struthium,A,-2.447466932533419,-2.447466932533419,1,2,-1,natural,2025-07-19 17:28:383
H._squamatum,A,-1.8383019297926546,-1.8383019297926546,1,2,-1,natural,2025-07-19 17:28:383
S._viscosa,A,-2.549254507122247,-2.549254507122247,1,2,-1,natural,2025-07-19 17:28:383
C._hispanica,A,-2.4778966874847934,-2.4778966874847934,1,2,-1,natural,2025-07-19 17:28:383
Other_species,A,-0.6246233108583291,-0.6246233108583291,1,2,-1,natural,2025-07-19 17:28:383
Nurse_S._viscosa,A,-3.37682334789045,-3.37682334789045,1,2,-1,restoration,2025-07-19 17:28:383
Nurse_G._struthium,A,-2.3073031810590057,-2.3073031810590057,1,2,-1,restoration,2025-07-19 17:28:383
H._squamatum,A,-4.674090491001574,-4.674090491001574,1,2,-1,restoration,2025-07-19 17:28:383
S._viscosa,A,-5.827970634943417,-5.827970634943417,1,2,-1,restoration,2025-07-19 17:28:383
C._hispanica,A,-7.203332582106409,-7.203332582106409,1,2,-1,restoration,2025-07-19 17:28:383
Other_species,A,-1.1566089126816081,-1.1566089126816081,1,2,-1,restoration,2025-07-19 17:28:383
Nurse_S._viscosa,A,-0.9941432014214177,-0.9941432014214177,1,2,-1,natural,2025-07-19 17:28:383
Nurse_G._struthium,A,-2.2157082057154573,-2.2157082057154573,1,2,-1,natural,2025-07-19 17:28:383
H._squamatum,A,-1.6509917934590426,-1.6509917934590426,1,2,-1,natural,2025-07-19 17:28:383
S._viscosa,A,-2.2700649435307647,-2.2700649435307647,1,2,-1,natural,2025-07-19 17:28:383
C._hispanica,A,-2.360158043123132,-2.360158043123132,1,2,-1,natural,2025-07-19 17:28:383
Other_species,A,-0.5382514831340179,-0.5382514831340179,1,2,-1,natural,2025-07-19 17:28:383
Nurse_S._viscosa,A,-2.9431933006394124,-2.9431933006394124,1,2,-1,restoration,2025-07-19 17:28:373
Nurse_G._struthium,A,-1.0476221351673687,-1.0476221351673687,1,2,-1,restoration,2025-07-19 17:28:373
H._squamatum,A,-4.126947616604202,-4.126947616604202,1,2,-1,restoration,2025-07-19 17:28:373
S._viscosa,A,-5.094760074936893,-5.094760074936893,1,2,-1,restoration,2025-07-19 17:28:373
C._hispanica,A,-7.460441921564167,-7.460441921564167,1,2,-1,restoration,2025-07-19 17:28:373
Other_species,A,-0.44514463961815065,-0.44514463961815065,1,2,-1,restoration,2025-07-19 17:28:373
Nurse_S._viscosa,A,-0.7165832237359218,-0.7165832237359218,1,2,-1,natural,2025-07-19 17:28:373
Nurse_G._struthium,A,-2.368310389209582,-2.368310389209582,1,2,-1,natural,2025-07-19 17:28:373
H._squamatum,A,-1.7678518673361157,-1.7678518673361157,1,2,-1,natural,2025-07-19 17:28:373
S._viscosa,A,-2.4901498678428884,-2.4901498678428884,1,2,-1,natural,2025-07-19 17:28:373
C._hispanica,A,-2.393173381783004,-2.393173381783004,1,2,-1,natural,2025-07-19 17:28:373
Other_species,A,-0.4287351847559472,-0.4287351847559472,1,2,-1,natural,2025-07-19 17:28:373
Nurse_S._viscosa,A,-3.402963434656122,-3.402963434656122,1,2,-1,restoration,2025-07-19 17:28:373
Nurse_G._struthium,A,-2.0413535395868925,-2.0413535395868925,1,2,-1,restoration,2025-07-19 17:28:373
H._squamatum,A,-4.750172181013645,-4.750172181013645,1,2,-1,restoration,2025-07-19 17:28:373
S._viscosa,A,-4.320259073793252,-4.320259073793252,1,2,-1,restoration,2025-07-19 17:28:373
C._hispanica,A,-7.155504201113015,-7.155504201113015,1,2,-1,restoration,2025-07-19 17:28:373
Other_species,A,-1.1030236275939138,-1.1030236275939138,1,2,-1,restoration,2025-07-19 17:28:373
Nurse_S._viscosa,A,-0.6476838059370706,-0.6476838059370706,1,2,-1,natural,2025-07-19 17:28:373
Nurse_G._struthium,A,-1.9963477816319348,-1.9963477816319348,1,2,-1,natural,2025-07-19 17:28:373
H._squamatum,A,-1.6799312756309206,-1.6799312756309206,1,2,-1,natural,2025-07-19 17:28:373
S._viscosa,A,-2.3149035776100786,-2.3149035776100786,1,2,-1,natural,2025-07-19 17:28:373
C._hispanica,A,-2.4681495413335495,-2.4681495413335495,1,2,-1,natural,2025-07-19 17:28:373
Other_species,A,-0.26961082379548984,-0.26961082379548984,1,2,-1,natural,2025-07-19 17:28:373
Nurse_S._viscosa,A,-3.064226982940663,-3.064226982940663,1,2,-1,restoration,2025-07-19 17:28:363
Nurse_G._struthium,A,-2.5971568043998503,-2.5971568043998503,1,2,-1,restoration,2025-07-19 17:28:363
H._squamatum,A,-4.729953051803428,-4.729953051803428,1,2,-1,restoration,2025-07-19 17:28:363
S._viscosa,A,-4.607788567732749,-4.607788567732749,1,2,-1,restoration,2025-07-19 17:28:363
C._hispanica,A,-7.51475389088452,-7.51475389088452,1,2,-1,restoration,2025-07-19 17:28:363
Other_species,A,-1.3218185573024228,-1.3218185573024228,1,2,-1,restoration,2025-07-19 17:28:363
Nurse_S._viscosa,A,-1.1513390134213528,-1.1513390134213528,1,2,-1,natural,2025-07-19 17:28:363
Nurse_G._struthium,A,-2.526169129156934,-2.526169129156934,1,2,-1,natural,2025-07-19 17:28:363
H._squamatum,A,-1.7113875616535172,-1.7113875616535172,1,2,-1,natural,2025-07-19 17:28:363
S._viscosa,A,-2.6216005413854533,-2.6216005413854533,1,2,-1,natural,2025-07-19 17:28:363
C._hispanica,A,-2.6767449342642378,-2.6767449342642378,1,2,-1,natural,2025-07-19 17:28:363
Other_species,A,-0.680779837250919,-0.680779837250919,1,2,-1,natural,2025-07-19 17:28:363
Nurse_S._viscosa,A,-3.475304384611258,-3.475304384611258,1,2,-1,restoration,2025-07-19 17:28:363
Nurse_G._struthium,A,-2.616414323926766,-2.616414323926766,1,2,-1,restoration,2025-07-19 17:28:363
H._squamatum,A,-5.565323613407392,-5.565323613407392,1,2,-1,restoration,2025-07-19 17:28:363
S._viscosa,A,-4.683553919895977,-4.683553919895977,1,2,-1,restoration,2025-07-19 17:28:363
C._hispanica,A,-7.949519136262016,-7.949519136262016,1,2,-1,restoration,2025-07-19 17:28:363
Other_species,A,-1.732396196188244,-1.732396196188244,1,2,-1,restoration,2025-07-19 17:28:363
Nurse_S._viscosa,A,-0.9424189248271516,-0.9424189248271516,1,2,-1,natural,2025-07-19 17:28:363
Nurse_G._struthium,A,-1.9884116537702516,-1.9884116537702516,1,2,-1,natural,2025-07-19 17:28:363
H._squamatum,A,-1.768838099040213,-1.768838099040213,1,2,-1,natural,2025-07-19 17:28:363
S._viscosa,A,-2.3875928578310983,-2.3875928578310983,1,2,-1,natural,2025-07-19 17:28:363
C._hispanica,A,-2.7020809112113713,-2.7020809112113713,1,2,-1,natural,2025-07-19 17:28:363
Other_species,A,-0.5075289392224049,-0.5075289392224049,1,2,-1,natural,2025-07-19 17:28:363
Nurse_S._viscosa,A,-3.108975184666291,-3.108975184666291,1,2,-1,restoration,2025-07-19 17:28:353
Nurse_G._struthium,A,-3.6933264232804395,-3.6933264232804395,1,2,-1,restoration,2025-07-19 17:28:353
H._squamatum,A,-6.3027402983068885,-6.3027402983068885,1,2,-1,restoration,2025-07-19 17:28:353
S._viscosa,A,-4.645815994848224,-4.645815994848224,1,2,-1,restoration,2025-07-19 17:28:353
C._hispanica,A,-7.976761637746623,-7.976761637746623,1,2,-1,restoration,2025-07-19 17:28:353
Other_species,A,-1.5797177375667966,-1.5797177375667966,1,2,-1,restoration,2025-07-19 17:28:353
Nurse_S._viscosa,A,-1.0767906486193755,-1.0767906486193755,1,2,-1,natural,2025-07-19 17:28:353
Nurse_G._struthium,A,-2.1772424671701254,-2.1772424671701254,1,2,-1,natural,2025-07-19 17:28:353
H._squamatum,A,-2.0073489820997525,-2.0073489820997525,1,2,-1,natural,2025-07-19 17:28:353
S._viscosa,A,-2.3286287839330853,-2.3286287839330853,1,2,-1,natural,2025-07-19 17:28:353
C._hispanica,A,-2.4037090685886855,-2.4037090685886855,1,2,-1,natural,2025-07-19 17:28:353
Other_species,A,-0.5885350673704305,-0.5885350673704305,1,2,-1,natural,2025-07-19 17:28:353
Nurse_S._viscosa,A,-3.6328529879823046,-3.6328529879823046,1,2,-1,restoration,2025-07-19 17:28:343
Nurse_G._struthium,A,-1.6698687450278664,-1.6698687450278664,1,2,-1,restoration,2025-07-19 17:28:343
H._squamatum,A,-4.351736699981554,-4.351736699981554,1,2,-1,restoration,2025-07-19 17:28:343
S._viscosa,A,-5.009710306448374,-5.009710306448374,1,2,-1,restoration,2025-07-19 17:28:343
C._hispanica,A,-7.529919550301801,-7.529919550301801,1,2,-1,restoration,2025-07-19 17:28:343
Other_species,A,-1.1595339578569408,-1.1595339578569408,1,2,-1,restoration,2025-07-19 17:28:343
Nurse_S._viscosa,A,-0.8415544626200048,-0.8415544626200048,1,2,-1,natural,2025-07-19 17:28:343
Nurse_G._struthium,A,-2.2955046754505637,-2.2955046754505637,1,2,-1,natural,2025-07-19 17:28:343
H._squamatum,A,-1.6294714047891767,-1.6294714047891767,1,2,-1,natural,2025-07-19 17:28:343
S._viscosa,A,-2.5713739042744193,-2.5713739042744193,1,2,-1,natural,2025-07-19 17:28:343
C._hispanica,A,-2.451219846191597,-2.451219846191597,1,2,-1,natural,2025-07-19 17:28:343
Other_species,A,-0.5118923536295804,-0.5118923536295804,1,2,-1,natural,2025-07-19 17:28:343
Nurse_S._viscosa,A,-3.12599554566362,-3.12599554566362,1,2,-1,restoration,2025-07-19 17:28:343
Nurse_G._struthium,A,-2.041996259426119,-2.041996259426119,1,2,-1,restoration,2025-07-19 17:28:343
H._squamatum,A,-4.954029686295968,-4.954029686295968,1,2,-1,restoration,2025-07-19 17:28:343
S._viscosa,A,-4.603877200514699,-4.603877200514699,1,2,-1,restoration,2025-07-19 17:28:343
C._hispanica,A,-7.309227841125129,-7.309227841125129,1,2,-1,restoration,2025-07-19 17:28:343
Other_species,A,-1.1327843770771757,-1.1327843770771757,1,2,-1,restoration,2025-07-19 17:28:343
Nurse_S._viscosa,A,-0.5821050780862781,-0.5821050780862781,1,2,-1,natural,2025-07-19 17:28:343
Nurse_G._struthium,A,-2.2695836907232017,-2.2695836907232017,1,2,-1,natural,2025-07-19 17:28:343
H._squamatum,A,-1.6477683871229203,-1.6477683871229203,1,2,-1,natural,2025-07-19 17:28:343
S._viscosa,A,-2.3026838962337037,-2.3026838962337037,1,2,-1,natural,2025-07-19 17:28:343
C._hispanica,A,-2.539809373161363,-2.539809373161363,1,2,-1,natural,2025-07-19 17:28:343
Other_species,A,-0.17686547680861744,-0.17686547680861744,1,2,-1,natural,2025-07-19 17:28:343
Nurse_S._viscosa,A,-2.9766837035188245,-2.9766837035188245,1,2,-1,restoration,2025-07-19 17:28:333
Nurse_G._struthium,A,-1.0831717030453196,-1.0831717030453196,1,2,-1,restoration,2025-07-19 17:28:333
H._squamatum,A,-4.812970016310385,-4.812970016310385,1,2,-1,restoration,2025-07-19 17:28:333
S._viscosa,A,-4.655027871016724,-4.655027871016724,1,2,-1,restoration,2025-07-19 17:28:333
C._hispanica,A,-7.42694829394893,-7.42694829394893,1,2,-1,restoration,2025-07-19 17:28:333
Other_species,A,-0.70540705635588,-0.70540705635588,1,2,-1,restoration,2025-07-19 17:28:333
Nurse_S._viscosa,A,-0.7923140148726057,-0.7923140148726057,1,2,-1,natural,2025-07-19 17:28:333
Nurse_G._struthium,A,-2.778195983583797,-2.778195983583797,1,2,-1,natural,2025-07-19 17:28:333
H._squamatum,A,-1.8210048817513282,-1.8210048817513282,1,2,-1,natural,2025-07-19 17:28:333
S._viscosa,A,-2.558035387228222,-2.558035387228222,1,2,-1,natural,2025-07-19 17:28:333
C._hispanica,A,-2.6524334086679406,-2.6524334086679406,1,2,-1,natural,2025-07-19 17:28:333
Other_species,A,-0.6488122864765206,-0.6488122864765206,1,2,-1,natural,2025-07-19 17:28:333
Nurse_S._viscosa,A,-3.2254609730509083,-3.2254609730509083,1,2,-1,restoration,2025-07-19 17:28:333
Nurse_G._struthium,A,-2.013746774346778,-2.013746774346778,1,2,-1,restoration,2025-07-19 17:28:333
H._squamatum,A,-6.285588916224986,-6.285588916224986,1,2,-1,restoration,2025-07-19 17:28:333
S._viscosa,A,-4.4656052241734585,-4.4656052241734585,1,2,-1,restoration,2025-07-19 17:28:333
C._hispanica,A,-8.08237073179651,-8.08237073179651,1,2,-1,restoration,2025-07-19 17:28:333
Other_species,A,-1.2568266675630952,-1.2568266675630952,1,2,-1,restoration,2025-07-19 17:28:333
Nurse_S._viscosa,A,-1.0106816200403834,-1.0106816200403834,1,2,-1,natural,2025-07-19 17:28:333
Nurse_G._struthium,A,-2.371324964788183,-2.371324964788183,1,2,-1,natural,2025-07-19 17:28:333
H._squamatum,A,-1.6242656889064413,-1.6242656889064413,1,2,-1,natural,2025-07-19 17:28:333
S._viscosa,A,-2.6217668105241527,-2.6217668105241527,1,2,-1,natural,2025-07-19 17:28:333
C._hispanica,A,-2.492600806839788,-2.492600806839788,1,2,-1,natural,2025-07-19 17:28:333
Other_species,A,-0.6008794325082086,-0.6008794325082086,1,2,-1,natural,2025-07-19 17:28:333
Nurse_S._viscosa,A,-4.442738425633407,-4.442738425633407,1,2,-1,restoration,2025-07-19 17:28:333
Nurse_G._struthium,A,-2.152021690219404,-2.152021690219404,1,2,-1,restoration,2025-07-19 17:28:333
H._squamatum,A,-4.742061240616502,-4.742061240616502,1,2,-1,restoration,2025-07-19 17:28:333
S._viscosa,A,-5.240010121805149,-5.240010121805149,1,2,-1,restoration,2025-07-19 17:28:333
C._hispanica,A,-7.679615208524548,-7.679615208524548,1,2,-1,restoration,2025-07-19 17:28:333
Other_species,A,-1.8824232335207178,-1.8824232335207178,1,2,-1,restoration,2025-07-19 17:28:333
Nurse_S._viscosa,A,-0.8917867235512514,-0.8917867235512514,1,2,-1,natural,2025-07-19 17:28:333
Nurse_G._struthium,A,-2.4137580207546727,-2.4137580207546727,1,2,-1,natural,2025-07-19 17:28:333
H._squamatum,A,-1.9846736051844114,-1.9846736051844114,1,2,-1,natural,2025-07-19 17:28:333
S._viscosa,A,-2.225333236161144,-2.225333236161144,1,2,-1,natural,2025-07-19 17:28:333
C._hispanica,A,-2.544254428849184,-2.544254428849184,1,2,-1,natural,2025-07-19 17:28:333
Other_species,A,-0.2773331282127894,-0.2773331282127894,1,2,-1,natural,2025-07-19 17:28:333
Nurse_S._viscosa,A,-4.911506965668627,-4.911506965668627,1,2,-1,restoration,2025-07-19 17:28:323
Nurse_G._struthium,A,-3.1393643175075043,-3.1393643175075043,1,2,-1,restoration,2025-07-19 17:28:323
H._squamatum,A,-5.9688016183270305,-5.9688016183270305,1,2,-1,restoration,2025-07-19 17:28:323
S._viscosa,A,-6.671290651818627,-6.671290651818627,1,2,-1,restoration,2025-07-19 17:28:323
C._hispanica,A,-7.514765223266341,-7.514765223266341,1,2,-1,restoration,2025-07-19 17:28:323
Other_species,A,-2.8064693593660923,-2.8064693593660923,1,2,-1,restoration,2025-07-19 17:28:323
Nurse_S._viscosa,A,-1.1362735154945252,-1.1362735154945252,1,2,-1,natural,2025-07-19 17:28:323
Nurse_G._struthium,A,-2.462055780427756,-2.462055780427756,1,2,-1,natural,2025-07-19 17:28:323
H._squamatum,A,-1.9973207462737403,-1.9973207462737403,1,2,-1,natural,2025-07-19 17:28:323
S._viscosa,A,-2.553725560612124,-2.553725560612124,1,2,-1,natural,2025-07-19 17:28:323
C._hispanica,A,-2.4073409152201766,-2.4073409152201766,1,2,-1,natural,2025-07-19 17:28:323
Other_species,A,-0.47214618944252656,-0.47214618944252656,1,2,-1,natural,2025-07-19 17:28:323
Nurse_S._viscosa,A,-3.5512686095872223,-3.5512686095872223,1,2,-1,restoration,2025-07-19 17:28:323
Nurse_G._struthium,A,-1.3236206681267115,-1.3236206681267115,1,2,-1,restoration,2025-07-19 17:28:323
H._squamatum,A,-4.636180901946986,-4.636180901946986,1,2,-1,restoration,2025-07-19 17:28:323
S._viscosa,A,-5.228971331947995,-5.228971331947995,1,2,-1,restoration,2025-07-19 17:28:323
C._hispanica,A,-6.433453517634377,-6.433453517634377,1,2,-1,restoration,2025-07-19 17:28:323
Other_species,A,-1.0217677829767686,-1.0217677829767686,1,2,-1,restoration,2025-07-19 17:28:323
Nurse_S._viscosa,A,-0.845577478828751,-0.845577478828751,1,2,-1,natural,2025-07-19 17:28:323
Nurse_G._struthium,A,-2.148932031602421,-2.148932031602421,1,2,-1,natural,2025-07-19 17:28:323
H._squamatum,A,-1.643419349936806,-1.643419349936806,1,2,-1,natural,2025-07-19 17:28:323
S._viscosa,A,-2.479953264158866,-2.479953264158866,1,2,-1,natural,2025-07-19 17:28:323
C._hispanica,A,-2.5497896722662086,-2.5497896722662086,1,2,-1,natural,2025-07-19 17:28:323
Other_species,A,-0.31595819540908227,-0.31595819540908227,1,2,-1,natural,2025-07-19 17:28:323
Nurse_S._viscosa,A,-4.7642673925365955,-4.7642673925365955,1,2,-1,restoration,2025-07-19 17:28:313
Nurse_G._struthium,A,-2.7699283198937312,-2.7699283198937312,1,2,-1,restoration,2025-07-19 17:28:313
H._squamatum,A,-4.683521851307551,-4.683521851307551,1,2,-1,restoration,2025-07-19 17:28:313
S._viscosa,A,-6.593288816148965,-6.593288816148965,1,2,-1,restoration,2025-07-19 17:28:313
C._hispanica,A,-7.138429738431301,-7.138429738431301,1,2,-1,restoration,2025-07-19 17:28:313
Other_species,A,-1.931616570293823,-1.931616570293823,1,2,-1,restoration,2025-07-19 17:28:313
Nurse_S._viscosa,A,-1.0379228102904254,-1.0379228102904254,1,2,-1,natural,2025-07-19 17:28:313
Nurse_G._struthium,A,-2.377030708697056,-2.377030708697056,1,2,-1,natural,2025-07-19 17:28:313
H._squamatum,A,-1.983817474212307,-1.983817474212307,1,2,-1,natural,2025-07-19 17:28:313
S._viscosa,A,-2.5128119777671256,-2.5128119777671256,1,2,-1,natural,2025-07-19 17:28:313
C._hispanica,A,-2.5040466832491597,-2.5040466832491597,1,2,-1,natural,2025-07-19 17:28:313
Other_species,A,-0.6676280968907653,-0.6676280968907653,1,2,-1,natural,2025-07-19 17:28:313
Nurse_S._viscosa,A,-3.3700311555325877,-3.3700311555325877,1,2,-1,restoration,2025-07-19 17:28:313
Nurse_G._struthium,A,-1.2884493868666813,-1.2884493868666813,1,2,-1,restoration,2025-07-19 17:28:313
H._squamatum,A,-3.705371021660758,-3.705371021660758,1,2,-1,restoration,2025-07-19 17:28:313
S._viscosa,A,-5.089690581111488,-5.089690581111488,1,2,-1,restoration,2025-07-19 17:28:313
C._hispanica,A,-7.841859575919134,-7.841859575919134,1,2,-1,restoration,2025-07-19 17:28:313
Other_species,A,-0.7751500262968841,-0.7751500262968841,1,2,-1,restoration,2025-07-19 17:28:313
Nurse_S._viscosa,A,-0.9118536421978588,-0.9118536421978588,1,2,-1,natural,2025-07-19 17:28:313
Nurse_G._struthium,A,-2.4552762494401787,-2.4552762494401787,1,2,-1,natural,2025-07-19 17:28:313
H._squamatum,A,-1.8442615814348406,-1.8442615814348406,1,2,-1,natural,2025-07-19 17:28:313
S._viscosa,A,-2.675832908240292,-2.675832908240292,1,2,-1,natural,2025-07-19 17:28:313
C._hispanica,A,-2.4723130597172367,-2.4723130597172367,1,2,-1,natural,2025-07-19 17:28:313
Other_species,A,-0.4879106445296088,-0.4879106445296088,1,2,-1,natural,2025-07-19 17:28:313
Nurse_S._viscosa,A,-2.992278884623802,-2.992278884623802,1,2,-1,restoration,2025-07-19 17:28:313
Nurse_G._struthium,A,-1.7194416087144235,-1.7194416087144235,1,2,-1,restoration,2025-07-19 17:28:313
H._squamatum,A,-4.726779846611257,-4.726779846611257,1,2,-1,restoration,2025-07-19 17:28:313
S._viscosa,A,-4.723349582523585,-4.723349582523585,1,2,-1,restoration,2025-07-19 17:28:313
C._hispanica,A,-7.070438459979259,-7.070438459979259,1,2,-1,restoration,2025-07-19 17:28:313
Other_species,A,-0.9000030005104744,-0.9000030005104744,1,2,-1,restoration,2025-07-19 17:28:313
Nurse_S._viscosa,A,-0.9283924651695009,-0.9283924651695009,1,2,-1,natural,2025-07-19 17:28:313
Nurse_G._struthium,A,-2.3882689065751275,-2.3882689065751275,1,2,-1,natural,2025-07-19 17:28:313
H._squamatum,A,-1.946059866847935,-1.946059866847935,1,2,-1,natural,2025-07-19 17:28:313
S._viscosa,A,-2.3933851246295217,-2.3933851246295217,1,2,-1,natural,2025-07-19 17:28:313
C._hispanica,A,-2.688736906501051,-2.688736906501051,1,2,-1,natural,2025-07-19 17:28:313
Other_species,A,-0.6355323477211674,-0.6355323477211674,1,2,-1,natural,2025-07-19 17:28:313
Nurse_S._viscosa,A,-2.7725796414790063,-2.7725796414790063,1,2,-1,restoration,2025-07-19 17:28:303
Nurse_G._struthium,A,-1.2154279403221233,-1.2154279403221233,1,2,-1,restoration,2025-07-19 17:28:303
H._squamatum,A,-6.062086216422693,-6.062086216422693,1,2,-1,restoration,2025-07-19 17:28:303
S._viscosa,A,-4.415987093873164,-4.415987093873164,1,2,-1,restoration,2025-07-19 17:28:303
C._hispanica,A,-7.19673040183031,-7.19673040183031,1,2,-1,restoration,2025-07-19 17:28:303
Other_species,A,-0.8868424036239241,-0.8868424036239241,1,2,-1,restoration,2025-07-19 17:28:303
Nurse_S._viscosa,A,-0.8771270051915924,-0.8771270051915924,1,2,-1,natural,2025-07-19 17:28:303
Nurse_G._struthium,A,-2.3085378210671035,-2.3085378210671035,1,2,-1,natural,2025-07-19 17:28:303
H._squamatum,A,-1.4558595876667586,-1.4558595876667586,1,2,-1,natural,2025-07-19 17:28:303
S._viscosa,A,-2.4516901109130247,-2.4516901109130247,1,2,-1,natural,2025-07-19 17:28:303
C._hispanica,A,-2.3284600709097436,-2.3284600709097436,1,2,-1,natural,2025-07-19 17:28:303
Other_species,A,-0.30949274970216434,-0.30949274970216434,1,2,-1,natural,2025-07-19 17:28:303
Nurse_S._viscosa,A,-3.9078707657080867,-3.9078707657080867,1,2,-1,restoration,2025-07-19 17:28:303
Nurse_G._struthium,A,-1.5549947117819023,-1.5549947117819023,1,2,-1,restoration,2025-07-19 17:28:303
H._squamatum,A,-4.815017428358752,-4.815017428358752,1,2,-1,restoration,2025-07-19 17:28:303
S._viscosa,A,-4.931019287778149,-4.931019287778149,1,2,-1,restoration,2025-07-19 17:28:303
C._hispanica,A,-6.702281778346025,-6.702281778346025,1,2,-1,restoration,2025-07-19 17:28:303
Other_species,A,-1.3554797343258245,-1.3554797343258245,1,2,-1,restoration,2025-07-19 17:28:303
Nurse_S._viscosa,A,-0.8979294717188085,-0.8979294717188085,1,2,-1,natural,2025-07-19 17:28:303
Nurse_G._struthium,A,-2.2982522624393646,-2.2982522624393646,1,2,-1,natural,2025-07-19 17:28:303
H._squamatum,A,-1.50214679581565,-1.50214679581565,1,2,-1,natural,2025-07-19 17:28:303
S._viscosa,A,-2.529257771280666,-2.529257771280666,1,2,-1,natural,2025-07-19 17:28:303
C._hispanica,A,-2.714935274034495,-2.714935274034495,1,2,-1,natural,2025-07-19 17:28:303
Other_species,A,-0.5583206994695769,-0.5583206994695769,1,2,-1,natural,2025-07-19 17:28:303
Nurse_S._viscosa,A,-3.5952408799209943,-3.5952408799209943,1,2,-1,restoration,2025-07-19 17:28:293
Nurse_G._struthium,A,-2.639695078984844,-2.639695078984844,1,2,-1,restoration,2025-07-19 17:28:293
H._squamatum,A,-5.147319783294402,-5.147319783294402,1,2,-1,restoration,2025-07-19 17:28:293
S._viscosa,A,-5.70707655599463,-5.70707655599463,1,2,-1,restoration,2025-07-19 17:28:293
C._hispanica,A,-6.5923193287282835,-6.5923193287282835,1,2,-1,restoration,2025-07-19 17:28:293
Other_species,A,-1.3962060907082898,-1.3962060907082898,1,2,-1,restoration,2025-07-19 17:28:293
Nurse_S._viscosa,A,-0.9047958944777157,-0.9047958944777157,1,2,-1,natural,2025-07-19 17:28:293
Nurse_G._struthium,A,-2.326721657302628,-2.326721657302628,1,2,-1,natural,2025-07-19 17:28:293
H._squamatum,A,-1.7139935571938492,-1.7139935571938492,1,2,-1,natural,2025-07-19 17:28:293
S._viscosa,A,-2.5166849878408972,-2.5166849878408972,1,2,-1,natural,2025-07-19 17:28:293
C._hispanica,A,-2.541267346744539,-2.541267346744539,1,2,-1,natural,2025-07-19 17:28:293
Other_species,A,-0.4520829356200769,-0.4520829356200769,1,2,-1,natural,2025-07-19 17:28:293
Nurse_S._viscosa,A,-3.845041622385935,-3.845041622385935,1,2,-1,restoration,2025-07-19 17:28:293
Nurse_G._struthium,A,-1.4868753207345915,-1.4868753207345915,1,2,-1,restoration,2025-07-19 17:28:293
H._squamatum,A,-5.8875718302202005,-5.8875718302202005,1,2,-1,restoration,2025-07-19 17:28:293
S._viscosa,A,-5.073226026806549,-5.073226026806549,1,2,-1,restoration,2025-07-19 17:28:293
C._hispanica,A,-6.139500185296737,-6.139500185296737,1,2,-1,restoration,2025-07-19 17:28:293
Other_species,A,-1.5072611097226793,-1.5072611097226793,1,2,-1,restoration,2025-07-19 17:28:293
Nurse_S._viscosa,A,-1.0687598884458747,-1.0687598884458747,1,2,-1,natural,2025-07-19 17:28:293
Nurse_G._struthium,A,-2.357048784125396,-2.357048784125396,1,2,-1,natural,2025-07-19 17:28:293
H._squamatum,A,-1.6113050610333777,-1.6113050610333777,1,2,-1,natural,2025-07-19 17:28:293
S._viscosa,A,-2.658133640866369,-2.658133640866369,1,2,-1,natural,2025-07-19 17:28:293
C._hispanica,A,-2.6257665076918304,-2.6257665076918304,1,2,-1,natural,2025-07-19 17:28:293
Other_species,A,-0.7801214186514451,-0.7801214186514451,1,2,-1,natural,2025-07-19 17:28:293
Nurse_S._viscosa,A,-4.225263597481757,-4.225263597481757,1,2,-1,restoration,2025-07-19 17:28:283
Nurse_G._struthium,A,-2.9306252332790685,-2.9306252332790685,1,2,-1,restoration,2025-07-19 17:28:283
H._squamatum,A,-6.227970981444497,-6.227970981444497,1,2,-1,restoration,2025-07-19 17:28:283
S._viscosa,A,-5.271780266484358,-5.271780266484358,1,2,-1,restoration,2025-07-19 17:28:283
C._hispanica,A,-7.991106561165367,-7.991106561165367,1,2,-1,restoration,2025-07-19 17:28:283
Other_species,A,-2.1394724976673056,-2.1394724976673056,1,2,-1,restoration,2025-07-19 17:28:283
Nurse_S._viscosa,A,-0.9887381556936695,-0.9887381556936695,1,2,-1,natural,2025-07-19 17:28:283
Nurse_G._struthium,A,-2.283791091339632,-2.283791091339632,1,2,-1,natural,2025-07-19 17:28:283
H._squamatum,A,-1.942246581230327,-1.942246581230327,1,2,-1,natural,2025-07-19 17:28:283
S._viscosa,A,-2.426438182957413,-2.426438182957413,1,2,-1,natural,2025-07-19 17:28:283
C._hispanica,A,-2.7049052406445715,-2.7049052406445715,1,2,-1,natural,2025-07-19 17:28:283
Other_species,A,-0.5335008846246947,-0.5335008846246947,1,2,-1,natural,2025-07-19 17:28:283
Nurse_S._viscosa,A,-3.1877086332338838,-3.1877086332338838,1,2,-1,restoration,2025-07-19 17:28:283
Nurse_G._struthium,A,-3.0622675308914817,-3.0622675308914817,1,2,-1,restoration,2025-07-19 17:28:283
H._squamatum,A,-5.514669731956315,-5.514669731956315,1,2,-1,restoration,2025-07-19 17:28:283
S._viscosa,A,-5.093768434681569,-5.093768434681569,1,2,-1,restoration,2025-07-19 17:28:283
C._hispanica,A,-7.413008779240768,-7.413008779240768,1,2,-1,restoration,2025-07-19 17:28:283
Other_species,A,-1.603769043731267,-1.603769043731267,1,2,-1,restoration,2025-07-19 17:28:283
Nurse_S._viscosa,A,-0.7828557959681399,-0.7828557959681399,1,2,-1,natural,2025-07-19 17:28:283
Nurse_G._struthium,A,-1.989681127461582,-1.989681127461582,1,2,-1,natural,2025-07-19 17:28:283
H._squamatum,A,-1.8147838755454224,-1.8147838755454224,1,2,-1,natural,2025-07-19 17:28:283
S._viscosa,A,-2.197628929462515,-2.197628929462515,1,2,-1,natural,2025-07-19 17:28:283
C._hispanica,A,-2.5926981169861323,-2.5926981169861323,1,2,-1,natural,2025-07-19 17:28:283
Other_species,A,-0.6123147123363811,-0.6123147123363811,1,2,-1,natural,2025-07-19 17:28:283
Nurse_S._viscosa,A,-5.079418301751648,-5.079418301751648,1,2,-1,restoration,2025-07-19 17:28:283
Nurse_G._struthium,A,-3.087678871588322,-3.087678871588322,1,2,-1,restoration,2025-07-19 17:28:283
H._squamatum,A,-5.271015466330267,-5.271015466330267,1,2,-1,restoration,2025-07-19 17:28:283
S._viscosa,A,-6.012407408450979,-6.012407408450979,1,2,-1,restoration,2025-07-19 17:28:283
C._hispanica,A,-6.797327157657637,-6.797327157657637,1,2,-1,restoration,2025-07-19 17:28:283
Other_species,A,-2.52870504622984,-2.52870504622984,1,2,-1,restoration,2025-07-19 17:28:283
Nurse_S._viscosa,A,-1.150482737242141,-1.150482737242141,1,2,-1,natural,2025-07-19 17:28:283
Nurse_G._struthium,A,-2.633561951454567,-2.633561951454567,1,2,-1,natural,2025-07-19 17:28:283
H._squamatum,A,-1.9463772395135508,-1.9463772395135508,1,2,-1,natural,2025-07-19 17:28:283
S._viscosa,A,-2.729533766901597,-2.729533766901597,1,2,-1,natural,2025-07-19 17:28:283
C._hispanica,A,-2.6093295468195623,-2.6093295468195623,1,2,-1,natural,2025-07-19 17:28:283
Other_species,A,-0.7200380834836594,-0.7200380834836594,1,2,-1,natural,2025-07-19 17:28:283
Nurse_S._viscosa,A,-2.8082598871692563,-2.8082598871692563,1,2,-1,restoration,2025-07-19 17:28:273
Nurse_G._struthium,A,-2.341991487351078,-2.341991487351078,1,2,-1,restoration,2025-07-19 17:28:273
H._squamatum,A,-5.974142015711109,-5.974142015711109,1,2,-1,restoration,2025-07-19 17:28:273
S._viscosa,A,-4.083795239850598,-4.083795239850598,1,2,-1,restoration,2025-07-19 17:28:273
C._hispanica,A,-7.15447533040999,-7.15447533040999,1,2,-1,restoration,2025-07-19 17:28:273
Other_species,A,-0.7525001744277228,-0.7525001744277228,1,2,-1,restoration,2025-07-19 17:28:273
Nurse_S._viscosa,A,-0.7601627353324646,-0.7601627353324646,1,2,-1,natural,2025-07-19 17:28:273
Nurse_G._struthium,A,-2.296146904573933,-2.296146904573933,1,2,-1,natural,2025-07-19 17:28:273
H._squamatum,A,-1.3581303997942544,-1.3581303997942544,1,2,-1,natural,2025-07-19 17:28:273
S._viscosa,A,-2.443901073506316,-2.443901073506316,1,2,-1,natural,2025-07-19 17:28:273
C._hispanica,A,-2.5313841849682928,-2.5313841849682928,1,2,-1,natural,2025-07-19 17:28:273
Other_species,A,-0.6416797253979439,-0.6416797253979439,1,2,-1,natural,2025-07-19 17:28:273
Nurse_S._viscosa,A,-4.1979182776889195,-4.1979182776889195,1,2,-1,restoration,2025-07-19 17:28:273
Nurse_G._struthium,A,-2.412536528031091,-2.412536528031091,1,2,-1,restoration,2025-07-19 17:28:273
H._squamatum,A,-4.721368290529182,-4.721368290529182,1,2,-1,restoration,2025-07-19 17:28:273
S._viscosa,A,-5.232682859700497,-5.232682859700497,1,2,-1,restoration,2025-07-19 17:28:273
C._hispanica,A,-6.149587103894123,-6.149587103894123,1,2,-1,restoration,2025-07-19 17:28:273
Other_species,A,-1.6893968158915267,-1.6893968158915267,1,2,-1,restoration,2025-07-19 17:28:273
Nurse_S._viscosa,A,-0.7559629452600255,-0.7559629452600255,1,2,-1,natural,2025-07-19 17:28:273
Nurse_G._struthium,A,-2.069476349655601,-2.069476349655601,1,2,-1,natural,2025-07-19 17:28:273
H._squamatum,A,-1.4792390337540269,-1.4792390337540269,1,2,-1,natural,2025-07-19 17:28:273
S._viscosa,A,-2.489954893013358,-2.489954893013358,1,2,-1,natural,2025-07-19 17:28:273
C._hispanica,A,-2.8735735956055883,-2.8735735956055883,1,2,-1,natural,2025-07-19 17:28:273
Other_species,A,-0.18730039093931197,-0.18730039093931197,1,2,-1,natural,2025-07-19 17:28:273
Nurse_S._viscosa,A,-4.026307095445467,-4.026307095445467,1,2,-1,restoration,2025-07-19 17:28:263
Nurse_G._struthium,A,-3.2429040149984156,-3.2429040149984156,1,2,-1,restoration,2025-07-19 17:28:263
H._squamatum,A,-6.114552066519679,-6.114552066519679,1,2,-1,restoration,2025-07-19 17:28:263
S._viscosa,A,-5.837494406749148,-5.837494406749148,1,2,-1,restoration,2025-07-19 17:28:263
C._hispanica,A,-7.859314679702367,-7.859314679702367,1,2,-1,restoration,2025-07-19 17:28:263
Other_species,A,-2.0035779018948108,-2.0035779018948108,1,2,-1,restoration,2025-07-19 17:28:263
Nurse_S._viscosa,A,-0.9839521165633932,-0.9839521165633932,1,2,-1,natural,2025-07-19 17:28:263
Nurse_G._struthium,A,-2.6788383310745703,-2.6788383310745703,1,2,-1,natural,2025-07-19 17:28:263
H._squamatum,A,-1.8533529121671934,-1.8533529121671934,1,2,-1,natural,2025-07-19 17:28:263
S._viscosa,A,-2.690757780272299,-2.690757780272299,1,2,-1,natural,2025-07-19 17:28:263
C._hispanica,A,-2.669977435148778,-2.669977435148778,1,2,-1,natural,2025-07-19 17:28:263
Other_species,A,-0.7405279891351374,-0.7405279891351374,1,2,-1,natural,2025-07-19 17:28:263
Nurse_S._viscosa,A,-4.699447374960453,-4.699447374960453,1,2,-1,restoration,2025-07-19 17:28:263
Nurse_G._struthium,A,-2.7726289826562267,-2.7726289826562267,1,2,-1,restoration,2025-07-19 17:28:263
H._squamatum,A,-5.239972255082626,-5.239972255082626,1,2,-1,restoration,2025-07-19 17:28:263
S._viscosa,A,-6.157909371172696,-6.157909371172696,1,2,-1,restoration,2025-07-19 17:28:263
C._hispanica,A,-8.089895639123045,-8.089895639123045,1,2,-1,restoration,2025-07-19 17:28:263
Other_species,A,-2.112790098684964,-2.112790098684964,1,2,-1,restoration,2025-07-19 17:28:263
Nurse_S._viscosa,A,-0.8361407036849697,-0.8361407036849697,1,2,-1,natural,2025-07-19 17:28:263
Nurse_G._struthium,A,-2.095912894925549,-2.095912894925549,1,2,-1,natural,2025-07-19 17:28:263
H._squamatum,A,-1.8152980154854417,-1.8152980154854417,1,2,-1,natural,2025-07-19 17:28:263
S._viscosa,A,-2.899259012390469,-2.899259012390469,1,2,-1,natural,2025-07-19 17:28:263
C._hispanica,A,-2.4311475234190274,-2.4311475234190274,1,2,-1,natural,2025-07-19 17:28:263
Other_species,A,-0.4762032013286509,-0.4762032013286509,1,2,-1,natural,2025-07-19 17:28:263
Nurse_S._viscosa,A,-3.893983902746796,-3.893983902746796,1,2,-1,restoration,2025-07-19 17:28:253
Nurse_G._struthium,A,-2.5200995505602393,-2.5200995505602393,1,2,-1,restoration,2025-07-19 17:28:253
H._squamatum,A,-4.883514909843568,-4.883514909843568,1,2,-1,restoration,2025-07-19 17:28:253
S._viscosa,A,-4.880318861519316,-4.880318861519316,1,2,-1,restoration,2025-07-19 17:28:253
C._hispanica,A,-7.548099412956879,-7.548099412956879,1,2,-1,restoration,2025-07-19 17:28:253
Other_species,A,-1.759699457128985,-1.759699457128985,1,2,-1,restoration,2025-07-19 17:28:253
Nurse_S._viscosa,A,-0.7765420291660338,-0.7765420291660338,1,2,-1,natural,2025-07-19 17:28:253
Nurse_G._struthium,A,-2.585995876739403,-2.585995876739403,1,2,-1,natural,2025-07-19 17:28:253
H._squamatum,A,-1.6379668264537488,-1.6379668264537488,1,2,-1,natural,2025-07-19 17:28:253
S._viscosa,A,-2.813988702561118,-2.813988702561118,1,2,-1,natural,2025-07-19 17:28:253
C._hispanica,A,-2.524910598734056,-2.524910598734056,1,2,-1,natural,2025-07-19 17:28:253
Other_species,A,-0.6054011217237867,-0.6054011217237867,1,2,-1,natural,2025-07-19 17:28:253
Nurse_S._viscosa,A,-2.7834701953862346,-2.7834701953862346,1,2,-1,restoration,2025-07-19 17:28:253
Nurse_G._struthium,A,-1.3955199005926842,-1.3955199005926842,1,2,-1,restoration,2025-07-19 17:28:253
H._squamatum,A,-4.8890184493759925,-4.8890184493759925,1,2,-1,restoration,2025-07-19 17:28:253
S._viscosa,A,-4.112090882806109,-4.112090882806109,1,2,-1,restoration,2025-07-19 17:28:253
C._hispanica,A,-6.001366900499792,-6.001366900499792,1,2,-1,restoration,2025-07-19 17:28:253
Other_species,A,-0.8126396822804108,-0.8126396822804108,1,2,-1,restoration,2025-07-19 17:28:253
Nurse_S._viscosa,A,-0.9335336664127162,-0.9335336664127162,1,2,-1,natural,2025-07-19 17:28:253
Nurse_G._struthium,A,-2.1292915254589553,-2.1292915254589553,1,2,-1,natural,2025-07-19 17:28:253
H._squamatum,A,-1.8391108546557062,-1.8391108546557062,1,2,-1,natural,2025-07-19 17:28:253
S._viscosa,A,-2.4079080755856905,-2.4079080755856905,1,2,-1,natural,2025-07-19 17:28:253
C._hispanica,A,-2.4498255325437848,-2.4498255325437848,1,2,-1,natural,2025-07-19 17:28:253
Other_species,A,-0.46477234853775706,-0.46477234853775706,1,2,-1,natural,2025-07-19 17:28:253
Nurse_S._viscosa,A,-3.8518831163347436,-3.8518831163347436,1,2,-1,restoration,2025-07-19 17:28:243
Nurse_G._struthium,A,-1.8910187476787446,-1.8910187476787446,1,2,-1,restoration,2025-07-19 17:28:243
H._squamatum,A,-3.9405165105206588,-3.9405165105206588,1,2,-1,restoration,2025-07-19 17:28:243
S._viscosa,A,-5.25823171025157,-5.25823171025157,1,2,-1,restoration,2025-07-19 17:28:243
C._hispanica,A,-7.8020748158895525,-7.8020748158895525,1,2,-1,restoration,2025-07-19 17:28:243
Other_species,A,-1.2257343908499005,-1.2257343908499005,1,2,-1,restoration,2025-07-19 17:28:243
Nurse_S._viscosa,A,-1.1281421422595492,-1.1281421422595492,1,2,-1,natural,2025-07-19 17:28:243
Nurse_G._struthium,A,-2.523165889808052,-2.523165889808052,1,2,-1,natural,2025-07-19 17:28:243
H._squamatum,A,-1.8547792303197344,-1.8547792303197344,1,2,-1,natural,2025-07-19 17:28:243
S._viscosa,A,-2.75728188030954,-2.75728188030954,1,2,-1,natural,2025-07-19 17:28:243
C._hispanica,A,-2.4524406587160006,-2.4524406587160006,1,2,-1,natural,2025-07-19 17:28:243
Other_species,A,-0.7646038724101808,-0.7646038724101808,1,2,-1,natural,2025-07-19 17:28:243
Nurse_S._viscosa,A,-3.580172889498801,-3.580172889498801,1,2,-1,restoration,2025-07-19 17:28:233
Nurse_G._struthium,A,-1.9553110085254535,-1.9553110085254535,1,2,-1,restoration,2025-07-19 17:28:233
H._squamatum,A,-4.623804673409813,-4.623804673409813,1,2,-1,restoration,2025-07-19 17:28:233
S._viscosa,A,-5.0297717546506915,-5.0297717546506915,1,2,-1,restoration,2025-07-19 17:28:233
C._hispanica,A,-7.572533616609807,-7.572533616609807,1,2,-1,restoration,2025-07-19 17:28:233
Other_species,A,-1.2904077455621092,-1.2904077455621092,1,2,-1,restoration,2025-07-19 17:28:233
Nurse_S._viscosa,A,-0.8575239334685671,-0.8575239334685671,1,2,-1,natural,2025-07-19 17:28:233
Nurse_G._struthium,A,-2.390297777208995,-2.390297777208995,1,2,-1,natural,2025-07-19 17:28:233
H._squamatum,A,-1.5020332930949551,-1.5020332930949551,1,2,-1,natural,2025-07-19 17:28:233
S._viscosa,A,-2.5664118707872206,-2.5664118707872206,1,2,-1,natural,2025-07-19 17:28:233
C._hispanica,A,-2.4612763387906864,-2.4612763387906864,1,2,-1,natural,2025-07-19 17:28:233
Other_species,A,-0.48867298796907394,-0.48867298796907394,1,2,-1,natural,2025-07-19 17:28:233
Nurse_S._viscosa,A,-3.1704058608421084,-3.1704058608421084,1,2,-1,restoration,2025-07-19 17:28:233
Nurse_G._struthium,A,-2.1710088444487536,-2.1710088444487536,1,2,-1,restoration,2025-07-19 17:28:233
H._squamatum,A,-4.855530898503891,-4.855530898503891,1,2,-1,restoration,2025-07-19 17:28:233
S._viscosa,A,-4.948763697527104,-4.948763697527104,1,2,-1,restoration,2025-07-19 17:28:233
C._hispanica,A,-7.622818742239198,-7.622818742239198,1,2,-1,restoration,2025-07-19 17:28:233
Other_species,A,-0.9068967822109214,-0.9068967822109214,1,2,-1,restoration,2025-07-19 17:28:233
Nurse_S._viscosa,A,-0.8882132849461839,-0.8882132849461839,1,2,-1,natural,2025-07-19 17:28:233
Nurse_G._struthium,A,-2.469688915363087,-2.469688915363087,1,2,-1,natural,2025-07-19 17:28:233
H._squamatum,A,-1.6837896411082143,-1.6837896411082143,1,2,-1,natural,2025-07-19 17:28:233
S._viscosa,A,-2.4271362301401975,-2.4271362301401975,1,2,-1,natural,2025-07-19 17:28:233
C._hispanica,A,-2.6386138426463326,-2.6386138426463326,1,2,-1,natural,2025-07-19 17:28:233
Other_species,A,-0.5133903834120565,-0.5133903834120565,1,2,-1,natural,2025-07-19 17:28:233
Nurse_S._viscosa,A,-2.955409870161489,-2.955409870161489,1,2,-1,restoration,2025-07-19 17:28:233
Nurse_G._struthium,A,-0.7199769079925045,-0.7199769079925045,1,2,-1,restoration,2025-07-19 17:28:233
H._squamatum,A,-4.8910298621197335,-4.8910298621197335,1,2,-1,restoration,2025-07-19 17:28:233
S._viscosa,A,-5.24908441200612,-5.24908441200612,1,2,-1,restoration,2025-07-19 17:28:233
C._hispanica,A,-6.389445552150539,-6.389445552150539,1,2,-1,restoration,2025-07-19 17:28:233
Other_species,A,-0.5384134369989504,-0.5384134369989504,1,2,-1,restoration,2025-07-19 17:28:233
Nurse_S._viscosa,A,-0.9895839157765974,-0.9895839157765974,1,2,-1,natural,2025-07-19 17:28:233
Nurse_G._struthium,A,-2.1741820743499582,-2.1741820743499582,1,2,-1,natural,2025-07-19 17:28:233
H._squamatum,A,-1.5554943877403524,-1.5554943877403524,1,2,-1,natural,2025-07-19 17:28:233
S._viscosa,A,-2.460966392084735,-2.460966392084735,1,2,-1,natural,2025-07-19 17:28:233
C._hispanica,A,-2.7439357847370003,-2.7439357847370003,1,2,-1,natural,2025-07-19 17:28:233
Other_species,A,-0.5129522047662339,-0.5129522047662339,1,2,-1,natural,2025-07-19 17:28:233
Nurse_S._viscosa,A,-3.081877754355107,-3.081877754355107,1,2,-1,restoration,2025-07-19 17:28:223
Nurse_G._struthium,A,-0.502298291227884,-0.502298291227884,1,2,-1,restoration,2025-07-19 17:28:223
H._squamatum,A,-4.0898404121464225,-4.0898404121464225,1,2,-1,restoration,2025-07-19 17:28:223
S._viscosa,A,-3.857674293914962,-3.857674293914962,1,2,-1,restoration,2025-07-19 17:28:223
C._hispanica,A,-8.16848280298193,-8.16848280298193,1,2,-1,restoration,2025-07-19 17:28:223
Other_species,A,0.18423624551258352,0.18423624551258352,1,2,-1,restoration,2025-07-19 17:28:223
Nurse_S._viscosa,A,-0.8644112496629932,-0.8644112496629932,1,2,-1,natural,2025-07-19 17:28:223
Nurse_G._struthium,A,-2.262435792046019,-2.262435792046019,1,2,-1,natural,2025-07-19 17:28:223
H._squamatum,A,-1.8545941879044032,-1.8545941879044032,1,2,-1,natural,2025-07-19 17:28:223
S._viscosa,A,-2.531769950378925,-2.531769950378925,1,2,-1,natural,2025-07-19 17:28:223
C._hispanica,A,-2.759991894320733,-2.759991894320733,1,2,-1,natural,2025-07-19 17:28:223
Other_species,A,-0.4246377764279578,-0.4246377764279578,1,2,-1,natural,2025-07-19 17:28:223
Nurse_S._viscosa,A,-3.6267675844860228,-3.6267675844860228,1,2,-1,restoration,2025-07-19 17:28:223
Nurse_G._struthium,A,-1.8764115178061116,-1.8764115178061116,1,2,-1,restoration,2025-07-19 17:28:223
H._squamatum,A,-5.611446898328021,-5.611446898328021,1,2,-1,restoration,2025-07-19 17:28:223
S._viscosa,A,-5.32479560666895,-5.32479560666895,1,2,-1,restoration,2025-07-19 17:28:223
C._hispanica,A,-8.416079991057309,-8.416079991057309,1,2,-1,restoration,2025-07-19 17:28:223
Other_species,A,-1.5021310231867313,-1.5021310231867313,1,2,-1,restoration,2025-07-19 17:28:223
Nurse_S._viscosa,A,-0.8440232979279909,-0.8440232979279909,1,2,-1,natural,2025-07-19 17:28:223
Nurse_G._struthium,A,-2.4024553661046752,-2.4024553661046752,1,2,-1,natural,2025-07-19 17:28:223
H._squamatum,A,-1.5093234319565065,-1.5093234319565065,1,2,-1,natural,2025-07-19 17:28:223
S._viscosa,A,-2.4119193790546847,-2.4119193790546847,1,2,-1,natural,2025-07-19 17:28:223
C._hispanica,A,-2.708387076600865,-2.708387076600865,1,2,-1,natural,2025-07-19 17:28:223
Other_species,A,-0.6053615280204961,-0.6053615280204961,1,2,-1,natural,2025-07-19 17:28:223
Nurse_S._viscosa,A,-3.7931381096481385,-3.7931381096481385,1,2,-1,restoration,2025-07-19 17:28:223
Nurse_G._struthium,A,-3.245401109419177,-3.245401109419177,1,2,-1,restoration,2025-07-19 17:28:223
H._squamatum,A,-5.5382986032909685,-5.5382986032909685,1,2,-1,restoration,2025-07-19 17:28:223
S._viscosa,A,-5.343325849945264,-5.343325849945264,1,2,-1,restoration,2025-07-19 17:28:223
C._hispanica,A,-7.494964716095966,-7.494964716095966,1,2,-1,restoration,2025-07-19 17:28:223
Other_species,A,-1.9970694748358133,-1.9970694748358133,1,2,-1,restoration,2025-07-19 17:28:223
Nurse_S._viscosa,A,-1.115619438247891,-1.115619438247891,1,2,-1,natural,2025-07-19 17:28:223
Nurse_G._struthium,A,-2.272661987653521,-2.272661987653521,1,2,-1,natural,2025-07-19 17:28:223
H._squamatum,A,-1.8013252275554605,-1.8013252275554605,1,2,-1,natural,2025-07-19 17:28:223
S._viscosa,A,-2.6035725343712466,-2.6035725343712466,1,2,-1,natural,2025-07-19 17:28:223
C._hispanica,A,-3.1413784379742564,-3.1413784379742564,1,2,-1,natural,2025-07-19 17:28:223
Other_species,A,-0.607037683352749,-0.607037683352749,1,2,-1,natural,2025-07-19 17:28:223
Nurse_S._viscosa,A,-4.845131555147394,-4.845131555147394,1,2,-1,restoration,2025-07-19 17:28:213
Nurse_G._struthium,A,-2.0484146349562105,-2.0484146349562105,1,2,-1,restoration,2025-07-19 17:28:213
H._squamatum,A,-4.957810147990023,-4.957810147990023,1,2,-1,restoration,2025-07-19 17:28:213
S._viscosa,A,-5.978107151546437,-5.978107151546437,1,2,-1,restoration,2025-07-19 17:28:213
C._hispanica,A,-7.375861230492362,-7.375861230492362,1,2,-1,restoration,2025-07-19 17:28:213
Other_species,A,-1.7166245271366958,-1.7166245271366958,1,2,-1,restoration,2025-07-19 17:28:213
Nurse_S._viscosa,A,-1.0144219349951082,-1.0144219349951082,1,2,-1,natural,2025-07-19 17:28:213
Nurse_G._struthium,A,-2.225527464945955,-2.225527464945955,1,2,-1,natural,2025-07-19 17:28:213
H._squamatum,A,-1.7635124368607558,-1.7635124368607558,1,2,-1,natural,2025-07-19 17:28:213
S._viscosa,A,-2.5392269690324527,-2.5392269690324527,1,2,-1,natural,2025-07-19 17:28:213
C._hispanica,A,-2.6648855171165375,-2.6648855171165375,1,2,-1,natural,2025-07-19 17:28:213
Other_species,A,-0.484964949689605,-0.484964949689605,1,2,-1,natural,2025-07-19 17:28:213
Nurse_S._viscosa,A,-3.4160340810371275,-3.4160340810371275,1,2,-1,restoration,2025-07-19 17:28:213
Nurse_G._struthium,A,-1.758997569651042,-1.758997569651042,1,2,-1,restoration,2025-07-19 17:28:213
H._squamatum,A,-4.77377246964989,-4.77377246964989,1,2,-1,restoration,2025-07-19 17:28:213
S._viscosa,A,-4.869586012298059,-4.869586012298059,1,2,-1,restoration,2025-07-19 17:28:213
C._hispanica,A,-7.876422830640801,-7.876422830640801,1,2,-1,restoration,2025-07-19 17:28:213
Other_species,A,-0.99003655787988,-0.99003655787988,1,2,-1,restoration,2025-07-19 17:28:213
Nurse_S._viscosa,A,-1.1951327813106412,-1.1951327813106412,1,2,-1,natural,2025-07-19 17:28:213
Nurse_G._struthium,A,-2.369184393609591,-2.369184393609591,1,2,-1,natural,2025-07-19 17:28:213
H._squamatum,A,-1.8472734741214407,-1.8472734741214407,1,2,-1,natural,2025-07-19 17:28:213
S._viscosa,A,-2.6674538084090713,-2.6674538084090713,1,2,-1,natural,2025-07-19 17:28:213
C._hispanica,A,-2.7591339558151375,-2.7591339558151375,1,2,-1,natural,2025-07-19 17:28:213
Other_species,A,-0.5531763308229928,-0.5531763308229928,1,2,-1,natural,2025-07-19 17:28:213
Nurse_S._viscosa,A,-3.4516072282722834,-3.4516072282722834,1,2,-1,restoration,2025-07-19 17:28:203
Nurse_G._struthium,A,-2.5714183316049004,-2.5714183316049004,1,2,-1,restoration,2025-07-19 17:28:203
H._squamatum,A,-6.985117473062047,-6.985117473062047,1,2,-1,restoration,2025-07-19 17:28:203
S._viscosa,A,-4.961786855292998,-4.961786855292998,1,2,-1,restoration,2025-07-19 17:28:203
C._hispanica,A,-6.8795267938947715,-6.8795267938947715,1,2,-1,restoration,2025-07-19 17:28:203
Other_species,A,-1.2938783189262417,-1.2938783189262417,1,2,-1,restoration,2025-07-19 17:28:203
Nurse_S._viscosa,A,-1.0813555084974928,-1.0813555084974928,1,2,-1,natural,2025-07-19 17:28:203
Nurse_G._struthium,A,-2.356008944137749,-2.356008944137749,1,2,-1,natural,2025-07-19 17:28:203
H._squamatum,A,-1.9113719240243219,-1.9113719240243219,1,2,-1,natural,2025-07-19 17:28:203
S._viscosa,A,-2.347371670502003,-2.347371670502003,1,2,-1,natural,2025-07-19 17:28:203
C._hispanica,A,-2.7741826147652318,-2.7741826147652318,1,2,-1,natural,2025-07-19 17:28:203
Other_species,A,-0.4824407257494792,-0.4824407257494792,1,2,-1,natural,2025-07-19 17:28:203
Nurse_S._viscosa,A,-3.9126148085695958,-3.9126148085695958,1,2,-1,restoration,2025-07-19 17:28:203
Nurse_G._struthium,A,-1.723232320914057,-1.723232320914057,1,2,-1,restoration,2025-07-19 17:28:203
H._squamatum,A,-5.796698609501459,-5.796698609501459,1,2,-1,restoration,2025-07-19 17:28:203
S._viscosa,A,-5.7773860625124405,-5.7773860625124405,1,2,-1,restoration,2025-07-19 17:28:203
C._hispanica,A,-8.260285148154518,-8.260285148154518,1,2,-1,restoration,2025-07-19 17:28:203
Other_species,A,-1.7992358091260312,-1.7992358091260312,1,2,-1,restoration,2025-07-19 17:28:203
Nurse_S._viscosa,A,-0.7999389958373636,-0.7999389958373636,1,2,-1,natural,2025-07-19 17:28:203
Nurse_G._struthium,A,-2.3864780777881927,-2.3864780777881927,1,2,-1,natural,2025-07-19 17:28:203
H._squamatum,A,-1.6915828016891228,-1.6915828016891228,1,2,-1,natural,2025-07-19 17:28:203
S._viscosa,A,-2.698511882057082,-2.698511882057082,1,2,-1,natural,2025-07-19 17:28:203
C._hispanica,A,-2.4625967132534665,-2.4625967132534665,1,2,-1,natural,2025-07-19 17:28:203
Other_species,A,-0.4965340814902953,-0.4965340814902953,1,2,-1,natural,2025-07-19 17:28:203
Nurse_S._viscosa,A,-1.7376451923099954,-1.7376451923099954,1,2,-1,restoration,2025-07-19 17:28:193
Nurse_G._struthium,A,-0.7783619837574519,-0.7783619837574519,1,2,-1,restoration,2025-07-19 17:28:193
H._squamatum,A,-5.422513498598309,-5.422513498598309,1,2,-1,restoration,2025-07-19 17:28:193
S._viscosa,A,-4.8246715607868875,-4.8246715607868875,1,2,-1,restoration,2025-07-19 17:28:193
C._hispanica,A,-6.82336412563964,-6.82336412563964,1,2,-1,restoration,2025-07-19 17:28:193
Other_species,A,-0.026887715394337017,-0.026887715394337017,1,2,-1,restoration,2025-07-19 17:28:193
Nurse_S._viscosa,A,-0.7869257334112514,-0.7869257334112514,1,2,-1,natural,2025-07-19 17:28:193
Nurse_G._struthium,A,-2.412603877982734,-2.412603877982734,1,2,-1,natural,2025-07-19 17:28:193
H._squamatum,A,-1.6049895922800963,-1.6049895922800963,1,2,-1,natural,2025-07-19 17:28:193
S._viscosa,A,-2.2874413100892355,-2.2874413100892355,1,2,-1,natural,2025-07-19 17:28:193
C._hispanica,A,-2.5938616947683824,-2.5938616947683824,1,2,-1,natural,2025-07-19 17:28:193
Other_species,A,-0.24528819667356108,-0.24528819667356108,1,2,-1,natural,2025-07-19 17:28:193
Nurse_S._viscosa,A,-2.504150621801569,-2.504150621801569,1,2,-1,restoration,2025-07-19 17:28:193
Nurse_G._struthium,A,-1.0879035734867009,-1.0879035734867009,1,2,-1,restoration,2025-07-19 17:28:193
H._squamatum,A,-5.029756044900786,-5.029756044900786,1,2,-1,restoration,2025-07-19 17:28:193
S._viscosa,A,-4.819367444542481,-4.819367444542481,1,2,-1,restoration,2025-07-19 17:28:193
C._hispanica,A,-7.089660553084886,-7.089660553084886,1,2,-1,restoration,2025-07-19 17:28:193
Other_species,A,-0.2670176797194107,-0.2670176797194107,1,2,-1,restoration,2025-07-19 17:28:193
Nurse_S._viscosa,A,-0.8025189930492965,-0.8025189930492965,1,2,-1,natural,2025-07-19 17:28:193
Nurse_G._struthium,A,-2.7985237992799634,-2.7985237992799634,1,2,-1,natural,2025-07-19 17:28:193
H._squamatum,A,-1.6836807518611112,-1.6836807518611112,1,2,-1,natural,2025-07-19 17:28:193
S._viscosa,A,-2.60675084659399,-2.60675084659399,1,2,-1,natural,2025-07-19 17:28:193
C._hispanica,A,-2.314576438133613,-2.314576438133613,1,2,-1,natural,2025-07-19 17:28:193
Other_species,A,-0.4068731984989568,-0.4068731984989568,1,2,-1,natural,2025-07-19 17:28:193
Nurse_S._viscosa,A,-3.5497663420599537,-3.5497663420599537,1,2,-1,restoration,2025-07-19 17:28:193
Nurse_G._struthium,A,-2.6733118494670975,-2.6733118494670975,1,2,-1,restoration,2025-07-19 17:28:193
H._squamatum,A,-5.001871264287978,-5.001871264287978,1,2,-1,restoration,2025-07-19 17:28:193
S._viscosa,A,-5.109664710412911,-5.109664710412911,1,2,-1,restoration,2025-07-19 17:28:193
C._hispanica,A,-7.99831501187607,-7.99831501187607,1,2,-1,restoration,2025-07-19 17:28:193
Other_species,A,-1.6750000369758122,-1.6750000369758122,1,2,-1,restoration,2025-07-19 17:28:193
Nurse_S._viscosa,A,-0.6158294639558506,-0.6158294639558506,1,2,-1,natural,2025-07-19 17:28:193
Nurse_G._struthium,A,-2.016663033150098,-2.016663033150098,1,2,-1,natural,2025-07-19 17:28:193
H._squamatum,A,-1.5819670745036365,-1.5819670745036365,1,2,-1,natural,2025-07-19 17:28:193
S._viscosa,A,-2.3179287321009063,-2.3179287321009063,1,2,-1,natural,2025-07-19 17:28:193
C._hispanica,A,-2.4812337927642223,-2.4812337927642223,1,2,-1,natural,2025-07-19 17:28:193
Other_species,A,-0.44975617658126316,-0.44975617658126316,1,2,-1,natural,2025-07-19 17:28:193
Nurse_S._viscosa,A,-3.0558526963860873,-3.0558526963860873,1,2,-1,restoration,2025-07-19 17:28:183
Nurse_G._struthium,A,-0.6637011781868978,-0.6637011781868978,1,2,-1,restoration,2025-07-19 17:28:183
H._squamatum,A,-5.053274049557541,-5.053274049557541,1,2,-1,restoration,2025-07-19 17:28:183
S._viscosa,A,-5.116109368691138,-5.116109368691138,1,2,-1,restoration,2025-07-19 17:28:183
C._hispanica,A,-8.197862335937407,-8.197862335937407,1,2,-1,restoration,2025-07-19 17:28:183
Other_species,A,-0.7635618197002166,-0.7635618197002166,1,2,-1,restoration,2025-07-19 17:28:183
Nurse_S._viscosa,A,-0.7244390898949379,-0.7244390898949379,1,2,-1,natural,2025-07-19 17:28:183
Nurse_G._struthium,A,-1.890681172706098,-1.890681172706098,1,2,-1,natural,2025-07-19 17:28:183
H._squamatum,A,-1.4581549009802055,-1.4581549009802055,1,2,-1,natural,2025-07-19 17:28:183
S._viscosa,A,-2.2717276615231254,-2.2717276615231254,1,2,-1,natural,2025-07-19 17:28:183
C._hispanica,A,-2.705274495096645,-2.705274495096645,1,2,-1,natural,2025-07-19 17:28:183
Other_species,A,-0.3994559091570557,-0.3994559091570557,1,2,-1,natural,2025-07-19 17:28:183
Nurse_S._viscosa,A,-4.173007135313711,-4.173007135313711,1,2,-1,restoration,2025-07-19 17:28:183
Nurse_G._struthium,A,-1.6510190555859117,-1.6510190555859117,1,2,-1,restoration,2025-07-19 17:28:183
H._squamatum,A,-4.911060157510447,-4.911060157510447,1,2,-1,restoration,2025-07-19 17:28:183
S._viscosa,A,-4.966064873195152,-4.966064873195152,1,2,-1,restoration,2025-07-19 17:28:183
C._hispanica,A,-7.88755630715278,-7.88755630715278,1,2,-1,restoration,2025-07-19 17:28:183
Other_species,A,-1.2197050995228427,-1.2197050995228427,1,2,-1,restoration,2025-07-19 17:28:183
Nurse_S._viscosa,A,-0.8828559028888537,-0.8828559028888537,1,2,-1,natural,2025-07-19 17:28:183
Nurse_G._struthium,A,-2.250555250550374,-2.250555250550374,1,2,-1,natural,2025-07-19 17:28:183
H._squamatum,A,-1.8791078422918808,-1.8791078422918808,1,2,-1,natural,2025-07-19 17:28:183
S._viscosa,A,-2.589573014780238,-2.589573014780238,1,2,-1,natural,2025-07-19 17:28:183
C._hispanica,A,-2.4488879177852834,-2.4488879177852834,1,2,-1,natural,2025-07-19 17:28:183
Other_species,A,-0.3859492348861808,-0.3859492348861808,1,2,-1,natural,2025-07-19 17:28:183
Nurse_S._viscosa,A,-2.7408887710766914,-2.7408887710766914,1,2,-1,restoration,2025-07-19 17:28:173
Nurse_G._struthium,A,-2.402225118523533,-2.402225118523533,1,2,-1,restoration,2025-07-19 17:28:173
H._squamatum,A,-5.589609811833937,-5.589609811833937,1,2,-1,restoration,2025-07-19 17:28:173
S._viscosa,A,-4.844388534223501,-4.844388534223501,1,2,-1,restoration,2025-07-19 17:28:173
C._hispanica,A,-5.944947597389745,-5.944947597389745,1,2,-1,restoration,2025-07-19 17:28:173
Other_species,A,-0.7479166938413858,-0.7479166938413858,1,2,-1,restoration,2025-07-19 17:28:173
Nurse_S._viscosa,A,-0.7981774818607722,-0.7981774818607722,1,2,-1,natural,2025-07-19 17:28:173
Nurse_G._struthium,A,-2.2592497784454744,-2.2592497784454744,1,2,-1,natural,2025-07-19 17:28:173
H._squamatum,A,-1.8759266221013138,-1.8759266221013138,1,2,-1,natural,2025-07-19 17:28:173
S._viscosa,A,-2.674655201375338,-2.674655201375338,1,2,-1,natural,2025-07-19 17:28:173
C._hispanica,A,-2.2001414276167113,-2.2001414276167113,1,2,-1,natural,2025-07-19 17:28:173
Other_species,A,-0.4124454386133468,-0.4124454386133468,1,2,-1,natural,2025-07-19 17:28:173
Nurse_S._viscosa,A,-3.725685282012452,-3.725685282012452,1,2,-1,restoration,2025-07-19 17:28:173
Nurse_G._struthium,A,-1.8975496872162696,-1.8975496872162696,1,2,-1,restoration,2025-07-19 17:28:173
H._squamatum,A,-4.280669297007682,-4.280669297007682,1,2,-1,restoration,2025-07-19 17:28:173
S._viscosa,A,-5.280471584675454,-5.280471584675454,1,2,-1,restoration,2025-07-19 17:28:173
C._hispanica,A,-8.417169434320538,-8.417169434320538,1,2,-1,restoration,2025-07-19 17:28:173
Other_species,A,-1.312745593124025,-1.312745593124025,1,2,-1,restoration,2025-07-19 17:28:173
Nurse_S._viscosa,A,-0.9666917995930503,-0.9666917995930503,1,2,-1,natural,2025-07-19 17:28:173
Nurse_G._struthium,A,-2.6626353155623175,-2.6626353155623175,1,2,-1,natural,2025-07-19 17:28:173
H._squamatum,A,-1.8827786218995597,-1.8827786218995597,1,2,-1,natural,2025-07-19 17:28:173
S._viscosa,A,-2.4792001815892823,-2.4792001815892823,1,2,-1,natural,2025-07-19 17:28:173
C._hispanica,A,-2.639003671596493,-2.639003671596493,1,2,-1,natural,2025-07-19 17:28:173
Other_species,A,-0.422169318669638,-0.422169318669638,1,2,-1,natural,2025-07-19 17:28:173
Nurse_S._viscosa,A,-3.3409123352877392,-3.3409123352877392,1,2,-1,restoration,2025-07-19 17:28:173
Nurse_G._struthium,A,-2.5249567693757484,-2.5249567693757484,1,2,-1,restoration,2025-07-19 17:28:173
H._squamatum,A,-6.329765615649815,-6.329765615649815,1,2,-1,restoration,2025-07-19 17:28:173
S._viscosa,A,-4.857421163849198,-4.857421163849198,1,2,-1,restoration,2025-07-19 17:28:173
C._hispanica,A,-7.131285258235554,-7.131285258235554,1,2,-1,restoration,2025-07-19 17:28:173
Other_species,A,-1.3490867086120701,-1.3490867086120701,1,2,-1,restoration,2025-07-19 17:28:173
Nurse_S._viscosa,A,-0.952901090422596,-0.952901090422596,1,2,-1,natural,2025-07-19 17:28:173
Nurse_G._struthium,A,-2.3483815708958264,-2.3483815708958264,1,2,-1,natural,2025-07-19 17:28:173
H._squamatum,A,-1.6218806750672274,-1.6218806750672274,1,2,-1,natural,2025-07-19 17:28:173
S._viscosa,A,-2.746579522144126,-2.746579522144126,1,2,-1,natural,2025-07-19 17:28:173
C._hispanica,A,-2.3322339215400048,-2.3322339215400048,1,2,-1,natural,2025-07-19 17:28:173
Other_species,A,-0.8217458357503412,-0.8217458357503412,1,2,-1,natural,2025-07-19 17:28:173
Nurse_S._viscosa,A,-2.9901667275865464,-2.9901667275865464,1,2,-1,restoration,2025-07-19 17:28:163
Nurse_G._struthium,A,-1.0924290196364805,-1.0924290196364805,1,2,-1,restoration,2025-07-19 17:28:163
H._squamatum,A,-4.9652498731683625,-4.9652498731683625,1,2,-1,restoration,2025-07-19 17:28:163
S._viscosa,A,-5.091550466756263,-5.091550466756263,1,2,-1,restoration,2025-07-19 17:28:163
C._hispanica,A,-7.166935690298829,-7.166935690298829,1,2,-1,restoration,2025-07-19 17:28:163
Other_species,A,-0.8633345907506563,-0.8633345907506563,1,2,-1,restoration,2025-07-19 17:28:163
Nurse_S._viscosa,A,-0.9950178914540456,-0.9950178914540456,1,2,-1,natural,2025-07-19 17:28:163
Nurse_G._struthium,A,-2.430339778332162,-2.430339778332162,1,2,-1,natural,2025-07-19 17:28:163
H._squamatum,A,-1.8310725141877928,-1.8310725141877928,1,2,-1,natural,2025-07-19 17:28:163
S._viscosa,A,-2.433470882107244,-2.433470882107244,1,2,-1,natural,2025-07-19 17:28:163
C._hispanica,A,-2.528424339757244,-2.528424339757244,1,2,-1,natural,2025-07-19 17:28:163
Other_species,A,-0.45635940504916866,-0.45635940504916866,1,2,-1,natural,2025-07-19 17:28:163
Nurse_S._viscosa,A,-4.122559997795564,-4.122559997795564,1,2,-1,restoration,2025-07-19 17:28:163
Nurse_G._struthium,A,-2.999889399052996,-2.999889399052996,1,2,-1,restoration,2025-07-19 17:28:163
H._squamatum,A,-5.9792766198493394,-5.9792766198493394,1,2,-1,restoration,2025-07-19 17:28:163
S._viscosa,A,-5.417983201456938,-5.417983201456938,1,2,-1,restoration,2025-07-19 17:28:163
C._hispanica,A,-7.610723480981015,-7.610723480981015,1,2,-1,restoration,2025-07-19 17:28:163
Other_species,A,-2.1875510771068862,-2.1875510771068862,1,2,-1,restoration,2025-07-19 17:28:163
Nurse_S._viscosa,A,-1.0834353318510528,-1.0834353318510528,1,2,-1,natural,2025-07-19 17:28:163
Nurse_G._struthium,A,-1.933693404209284,-1.933693404209284,1,2,-1,natural,2025-07-19 17:28:163
H._squamatum,A,-1.8442641637225259,-1.8442641637225259,1,2,-1,natural,2025-07-19 17:28:163
S._viscosa,A,-2.317912998557214,-2.317912998557214,1,2,-1,natural,2025-07-19 17:28:163
C._hispanica,A,-2.723069712474728,-2.723069712474728,1,2,-1,natural,2025-07-19 17:28:163
Other_species,A,-0.41024432678221306,-0.41024432678221306,1,2,-1,natural,2025-07-19 17:28:163
Nurse_S._viscosa,A,-2.844807178231036,-2.844807178231036,1,2,-1,restoration,2025-07-19 17:28:163
Nurse_G._struthium,A,-1.6791965427427862,-1.6791965427427862,1,2,-1,restoration,2025-07-19 17:28:163
H._squamatum,A,-5.292547621468211,-5.292547621468211,1,2,-1,restoration,2025-07-19 17:28:163
S._viscosa,A,-4.696366779730572,-4.696366779730572,1,2,-1,restoration,2025-07-19 17:28:163
C._hispanica,A,-7.157069693223768,-7.157069693223768,1,2,-1,restoration,2025-07-19 17:28:163
Other_species,A,-0.7071679718349255,-0.7071679718349255,1,2,-1,restoration,2025-07-19 17:28:163
Nurse_S._viscosa,A,-0.7758689046725336,-0.7758689046725336,1,2,-1,natural,2025-07-19 17:28:163
Nurse_G._struthium,A,-2.410930160035504,-2.410930160035504,1,2,-1,natural,2025-07-19 17:28:163
H._squamatum,A,-1.8138678482281376,-1.8138678482281376,1,2,-1,natural,2025-07-19 17:28:163
S._viscosa,A,-2.350978315364611,-2.350978315364611,1,2,-1,natural,2025-07-19 17:28:163
C._hispanica,A,-2.7189302745679607,-2.7189302745679607,1,2,-1,natural,2025-07-19 17:28:163
Other_species,A,-0.5028962379424063,-0.5028962379424063,1,2,-1,natural,2025-07-19 17:28:163
Nurse_S._viscosa,A,-4.677431821502753,-4.677431821502753,1,2,-1,restoration,2025-07-19 17:28:153
Nurse_G._struthium,A,-2.7666298275950196,-2.7666298275950196,1,2,-1,restoration,2025-07-19 17:28:153
H._squamatum,A,-5.944603215017652,-5.944603215017652,1,2,-1,restoration,2025-07-19 17:28:153
S._viscosa,A,-6.101888935953709,-6.101888935953709,1,2,-1,restoration,2025-07-19 17:28:153
C._hispanica,A,-7.109794791571934,-7.109794791571934,1,2,-1,restoration,2025-07-19 17:28:153
Other_species,A,-2.57223330677007,-2.57223330677007,1,2,-1,restoration,2025-07-19 17:28:153
Nurse_S._viscosa,A,-1.1206077063398008,-1.1206077063398008,1,2,-1,natural,2025-07-19 17:28:153
Nurse_G._struthium,A,-2.6276171554905825,-2.6276171554905825,1,2,-1,natural,2025-07-19 17:28:153
H._squamatum,A,-1.8624370559086363,-1.8624370559086363,1,2,-1,natural,2025-07-19 17:28:153
S._viscosa,A,-2.5026036139685384,-2.5026036139685384,1,2,-1,natural,2025-07-19 17:28:153
C._hispanica,A,-2.76110918584933,-2.76110918584933,1,2,-1,natural,2025-07-19 17:28:153
Other_species,A,-0.7664915629192451,-0.7664915629192451,1,2,-1,natural,2025-07-19 17:28:153
Nurse_S._viscosa,A,-1.909526419697931,-1.909526419697931,1,2,-1,restoration,2025-07-19 17:28:153
Nurse_G._struthium,A,-0.9267948375248952,-0.9267948375248952,1,2,-1,restoration,2025-07-19 17:28:153
H._squamatum,A,-4.6648509231104764,-4.6648509231104764,1,2,-1,restoration,2025-07-19 17:28:153
S._viscosa,A,-4.314881707750896,-4.314881707750896,1,2,-1,restoration,2025-07-19 17:28:153
C._hispanica,A,-7.402322792226369,-7.402322792226369,1,2,-1,restoration,2025-07-19 17:28:153
Other_species,A,0.12364101063613661,0.12364101063613661,1,2,-1,restoration,2025-07-19 17:28:153
Nurse_S._viscosa,A,-0.9355739045053159,-0.9355739045053159,1,2,-1,natural,2025-07-19 17:28:153
Nurse_G._struthium,A,-2.2601764932199186,-2.2601764932199186,1,2,-1,natural,2025-07-19 17:28:153
H._squamatum,A,-1.936463737063774,-1.936463737063774,1,2,-1,natural,2025-07-19 17:28:153
S._viscosa,A,-2.683827374305831,-2.683827374305831,1,2,-1,natural,2025-07-19 17:28:153
C._hispanica,A,-2.4339958169109286,-2.4339958169109286,1,2,-1,natural,2025-07-19 17:28:153
Other_species,A,-0.5578097676753386,-0.5578097676753386,1,2,-1,natural,2025-07-19 17:28:153
Nurse_S._viscosa,A,-2.211499829840183,-2.211499829840183,1,2,-1,restoration,2025-07-19 17:28:153
Nurse_G._struthium,A,-1.2999235245854621,-1.2999235245854621,1,2,-1,restoration,2025-07-19 17:28:153
H._squamatum,A,-5.696466817770011,-5.696466817770011,1,2,-1,restoration,2025-07-19 17:28:153
S._viscosa,A,-4.838037573175273,-4.838037573175273,1,2,-1,restoration,2025-07-19 17:28:153
C._hispanica,A,-7.866998149664485,-7.866998149664485,1,2,-1,restoration,2025-07-19 17:28:153
Other_species,A,-0.4299174791562108,-0.4299174791562108,1,2,-1,restoration,2025-07-19 17:28:153
Nurse_S._viscosa,A,-0.9030641974833119,-0.9030641974833119,1,2,-1,natural,2025-07-19 17:28:153
Nurse_G._struthium,A,-2.4108931266727076,-2.4108931266727076,1,2,-1,natural,2025-07-19 17:28:153
H._squamatum,A,-1.5411959602992222,-1.5411959602992222,1,2,-1,natural,2025-07-19 17:28:153
S._viscosa,A,-2.5058561431332174,-2.5058561431332174,1,2,-1,natural,2025-07-19 17:28:153
C._hispanica,A,-2.740111135962546,-2.740111135962546,1,2,-1,natural,2025-07-19 17:28:153
Other_species,A,-0.5242372127074723,-0.5242372127074723,1,2,-1,natural,2025-07-19 17:28:153
Nurse_S._viscosa,A,-4.055301098539359,-4.055301098539359,1,2,-1,restoration,2025-07-19 17:28:143
Nurse_G._struthium,A,-2.8898877989906184,-2.8898877989906184,1,2,-1,restoration,2025-07-19 17:28:143
H._squamatum,A,-7.251803703023324,-7.251803703023324,1,2,-1,restoration,2025-07-19 17:28:143
S._viscosa,A,-5.559787976296388,-5.559787976296388,1,2,-1,restoration,2025-07-19 17:28:143
C._hispanica,A,-7.256353345067517,-7.256353345067517,1,2,-1,restoration,2025-07-19 17:28:143
Other_species,A,-1.760807402402476,-1.760807402402476,1,2,-1,restoration,2025-07-19 17:28:143
Nurse_S._viscosa,A,-0.8966747301195943,-0.8966747301195943,1,2,-1,natural,2025-07-19 17:28:143
Nurse_G._struthium,A,-2.3242210568713015,-2.3242210568713015,1,2,-1,natural,2025-07-19 17:28:143
H._squamatum,A,-1.7375231407558476,-1.7375231407558476,1,2,-1,natural,2025-07-19 17:28:143
S._viscosa,A,-2.3865112753246676,-2.3865112753246676,1,2,-1,natural,2025-07-19 17:28:143
C._hispanica,A,-2.78474706184375,-2.78474706184375,1,2,-1,natural,2025-07-19 17:28:143
Other_species,A,-0.6061260268175007,-0.6061260268175007,1,2,-1,natural,2025-07-19 17:28:143
Nurse_S._viscosa,A,-4.0478325406458335,-4.0478325406458335,1,2,-1,restoration,2025-07-19 17:28:143
Nurse_G._struthium,A,-4.624916437946604,-4.624916437946604,1,2,-1,restoration,2025-07-19 17:28:143
H._squamatum,A,-8.861530598308812,-8.861530598308812,1,2,-1,restoration,2025-07-19 17:28:143
S._viscosa,A,-6.1106929814035,-6.1106929814035,1,2,-1,restoration,2025-07-19 17:28:143
C._hispanica,A,-7.566944445607767,-7.566944445607767,1,2,-1,restoration,2025-07-19 17:28:143
Other_species,A,-2.284760251274629,-2.284760251274629,1,2,-1,restoration,2025-07-19 17:28:143
Nurse_S._viscosa,A,-1.1789638837725935,-1.1789638837725935,1,2,-1,natural,2025-07-19 17:28:143
Nurse_G._struthium,A,-2.178239713860497,-2.178239713860497,1,2,-1,natural,2025-07-19 17:28:143
H._squamatum,A,-1.6925571544073224,-1.6925571544073224,1,2,-1,natural,2025-07-19 17:28:143
S._viscosa,A,-2.5920601807821706,-2.5920601807821706,1,2,-1,natural,2025-07-19 17:28:143
C._hispanica,A,-2.565944109245727,-2.565944109245727,1,2,-1,natural,2025-07-19 17:28:143
Other_species,A,-0.615712108778737,-0.615712108778737,1,2,-1,natural,2025-07-19 17:28:143
Nurse_S._viscosa,A,-5.58230079118777,-5.58230079118777,1,2,-1,restoration,2025-07-19 17:28:143
Nurse_G._struthium,A,-2.321249879669591,-2.321249879669591,1,2,-1,restoration,2025-07-19 17:28:143
H._squamatum,A,-4.716040364276519,-4.716040364276519,1,2,-1,restoration,2025-07-19 17:28:143
S._viscosa,A,-6.896562490093852,-6.896562490093852,1,2,-1,restoration,2025-07-19 17:28:143
C._hispanica,A,-6.807554690302799,-6.807554690302799,1,2,-1,restoration,2025-07-19 17:28:143
Other_species,A,-2.5761077986356593,-2.5761077986356593,1,2,-1,restoration,2025-07-19 17:28:143
Nurse_S._viscosa,A,-1.0737560329714053,-1.0737560329714053,1,2,-1,natural,2025-07-19 17:28:143
Nurse_G._struthium,A,-2.4231910457044132,-2.4231910457044132,1,2,-1,natural,2025-07-19 17:28:143
H._squamatum,A,-1.8337943950308369,-1.8337943950308369,1,2,-1,natural,2025-07-19 17:28:143
S._viscosa,A,-2.604418356044414,-2.604418356044414,1,2,-1,natural,2025-07-19 17:28:143
C._hispanica,A,-2.4777889516511102,-2.4777889516511102,1,2,-1,natural,2025-07-19 17:28:143
Other_species,A,-0.646841611722128,-0.646841611722128,1,2,-1,natural,2025-07-19 17:28:143
Nurse_S._viscosa,A,-4.508525603131201,-4.508525603131201,1,2,-1,restoration,2025-07-19 17:28:133
Nurse_G._struthium,A,-1.7739501306233203,-1.7739501306233203,1,2,-1,restoration,2025-07-19 17:28:133
H._squamatum,A,-3.966126052301291,-3.966126052301291,1,2,-1,restoration,2025-07-19 17:28:133
S._viscosa,A,-6.587274068055369,-6.587274068055369,1,2,-1,restoration,2025-07-19 17:28:133
C._hispanica,A,-6.7967651112664615,-6.7967651112664615,1,2,-1,restoration,2025-07-19 17:28:133
Other_species,A,-0.8524909253350167,-0.8524909253350167,1,2,-1,restoration,2025-07-19 17:28:133
Nurse_S._viscosa,A,-0.7550581297915587,-0.7550581297915587,1,2,-1,natural,2025-07-19 17:28:133
Nurse_G._struthium,A,-2.3935145537822198,-2.3935145537822198,1,2,-1,natural,2025-07-19 17:28:133
H._squamatum,A,-1.6508937524756258,-1.6508937524756258,1,2,-1,natural,2025-07-19 17:28:133
S._viscosa,A,-2.3950725337959353,-2.3950725337959353,1,2,-1,natural,2025-07-19 17:28:133
C._hispanica,A,-2.8515495084951974,-2.8515495084951974,1,2,-1,natural,2025-07-19 17:28:133
Other_species,A,-0.5837172277130883,-0.5837172277130883,1,2,-1,natural,2025-07-19 17:28:133
Nurse_S._viscosa,A,-2.757525231527374,-2.757525231527374,1,2,-1,restoration,2025-07-19 17:28:133
Nurse_G._struthium,A,-1.3507319698205933,-1.3507319698205933,1,2,-1,restoration,2025-07-19 17:28:133
H._squamatum,A,-4.792402954835863,-4.792402954835863,1,2,-1,restoration,2025-07-19 17:28:133
S._viscosa,A,-4.456676019559399,-4.456676019559399,1,2,-1,restoration,2025-07-19 17:28:133
C._hispanica,A,-6.574042667906469,-6.574042667906469,1,2,-1,restoration,2025-07-19 17:28:133
Other_species,A,-0.6196792589039766,-0.6196792589039766,1,2,-1,restoration,2025-07-19 17:28:133
Nurse_S._viscosa,A,-0.7166631568036311,-0.7166631568036311,1,2,-1,natural,2025-07-19 17:28:133
Nurse_G._struthium,A,-2.0248713383729293,-2.0248713383729293,1,2,-1,natural,2025-07-19 17:28:133
H._squamatum,A,-1.5332139455719338,-1.5332139455719338,1,2,-1,natural,2025-07-19 17:28:133
S._viscosa,A,-2.489722936314908,-2.489722936314908,1,2,-1,natural,2025-07-19 17:28:133
C._hispanica,A,-2.491410435305918,-2.491410435305918,1,2,-1,natural,2025-07-19 17:28:133
Other_species,A,-0.29265576005895444,-0.29265576005895444,1,2,-1,natural,2025-07-19 17:28:133
Nurse_S._viscosa,A,-3.931982088279039,-3.931982088279039,1,2,-1,restoration,2025-07-19 17:28:123
Nurse_G._struthium,A,-1.880091139984519,-1.880091139984519,1,2,-1,restoration,2025-07-19 17:28:123
H._squamatum,A,-4.821173115621485,-4.821173115621485,1,2,-1,restoration,2025-07-19 17:28:123
S._viscosa,A,-4.814662178926609,-4.814662178926609,1,2,-1,restoration,2025-07-19 17:28:123
C._hispanica,A,-7.434499078097454,-7.434499078097454,1,2,-1,restoration,2025-07-19 17:28:123
Other_species,A,-1.2709480665624484,-1.2709480665624484,1,2,-1,restoration,2025-07-19 17:28:123
Nurse_S._viscosa,A,-1.0432721503406133,-1.0432721503406133,1,2,-1,natural,2025-07-19 17:28:123
Nurse_G._struthium,A,-2.3132224604861618,-2.3132224604861618,1,2,-1,natural,2025-07-19 17:28:123
H._squamatum,A,-1.7091268806433668,-1.7091268806433668,1,2,-1,natural,2025-07-19 17:28:123
S._viscosa,A,-2.337394064282338,-2.337394064282338,1,2,-1,natural,2025-07-19 17:28:123
C._hispanica,A,-2.2712284292484393,-2.2712284292484393,1,2,-1,natural,2025-07-19 17:28:123
Other_species,A,-0.33923846539020697,-0.33923846539020697,1,2,-1,natural,2025-07-19 17:28:123
Nurse_S._viscosa,A,-2.636610617115054,-2.636610617115054,1,2,-1,restoration,2025-07-19 17:28:123
Nurse_G._struthium,A,-2.1360540174838456,-2.1360540174838456,1,2,-1,restoration,2025-07-19 17:28:123
H._squamatum,A,-6.476923733697754,-6.476923733697754,1,2,-1,restoration,2025-07-19 17:28:123
S._viscosa,A,-4.464288720577561,-4.464288720577561,1,2,-1,restoration,2025-07-19 17:28:123
C._hispanica,A,-8.176723480299982,-8.176723480299982,1,2,-1,restoration,2025-07-19 17:28:123
Other_species,A,-0.9055055366893109,-0.9055055366893109,1,2,-1,restoration,2025-07-19 17:28:123
Nurse_S._viscosa,A,-1.0250158337452335,-1.0250158337452335,1,2,-1,natural,2025-07-19 17:28:123
Nurse_G._struthium,A,-2.0071227470313175,-2.0071227470313175,1,2,-1,natural,2025-07-19 17:28:123
H._squamatum,A,-1.9292950790410526,-1.9292950790410526,1,2,-1,natural,2025-07-19 17:28:123
S._viscosa,A,-2.498999749551723,-2.498999749551723,1,2,-1,natural,2025-07-19 17:28:123
C._hispanica,A,-2.34225656303492,-2.34225656303492,1,2,-1,natural,2025-07-19 17:28:123
Other_species,A,-0.7082146747087825,-0.7082146747087825,1,2,-1,natural,2025-07-19 17:28:123
Nurse_S._viscosa,A,-3.999226274967358,-3.999226274967358,1,2,-1,restoration,2025-07-19 17:28:123
Nurse_G._struthium,A,-1.5323079563053776,-1.5323079563053776,1,2,-1,restoration,2025-07-19 17:28:123
H._squamatum,A,-5.643029566566807,-5.643029566566807,1,2,-1,restoration,2025-07-19 17:28:123
S._viscosa,A,-5.727215595735561,-5.727215595735561,1,2,-1,restoration,2025-07-19 17:28:123
C._hispanica,A,-8.131930101034236,-8.131930101034236,1,2,-1,restoration,2025-07-19 17:28:123
Other_species,A,-1.7120568473613917,-1.7120568473613917,1,2,-1,restoration,2025-07-19 17:28:123
Nurse_S._viscosa,A,-0.9726031367456328,-0.9726031367456328,1,2,-1,natural,2025-07-19 17:28:123
Nurse_G._struthium,A,-2.473311021391561,-2.473311021391561,1,2,-1,natural,2025-07-19 17:28:123
H._squamatum,A,-1.5650272009596005,-1.5650272009596005,1,2,-1,natural,2025-07-19 17:28:123
S._viscosa,A,-2.5914187461519282,-2.5914187461519282,1,2,-1,natural,2025-07-19 17:28:123
C._hispanica,A,-2.5784490208592947,-2.5784490208592947,1,2,-1,natural,2025-07-19 17:28:123
Other_species,A,-0.7124260884923195,-0.7124260884923195,1,2,-1,natural,2025-07-19 17:28:123
Nurse_S._viscosa,A,-3.122099313966897,-3.122099313966897,1,2,-1,restoration,2025-07-19 17:28:113
Nurse_G._struthium,A,-1.5623544489640953,-1.5623544489640953,1,2,-1,restoration,2025-07-19 17:28:113
H._squamatum,A,-5.482348983408608,-5.482348983408608,1,2,-1,restoration,2025-07-19 17:28:113
S._viscosa,A,-4.344867544506959,-4.344867544506959,1,2,-1,restoration,2025-07-19 17:28:113
C._hispanica,A,-8.418684625457294,-8.418684625457294,1,2,-1,restoration,2025-07-19 17:28:113
Other_species,A,-1.3953413656298441,-1.3953413656298441,1,2,-1,restoration,2025-07-19 17:28:113
Nurse_S._viscosa,A,-0.6847663140071224,-0.6847663140071224,1,2,-1,natural,2025-07-19 17:28:113
Nurse_G._struthium,A,-2.2963914385313338,-2.2963914385313338,1,2,-1,natural,2025-07-19 17:28:113
H._squamatum,A,-1.7406949229096096,-1.7406949229096096,1,2,-1,natural,2025-07-19 17:28:113
S._viscosa,A,-2.570656348693348,-2.570656348693348,1,2,-1,natural,2025-07-19 17:28:113
C._hispanica,A,-2.768289784911179,-2.768289784911179,1,2,-1,natural,2025-07-19 17:28:113
Other_species,A,-0.53998929218871,-0.53998929218871,1,2,-1,natural,2025-07-19 17:28:113
Nurse_S._viscosa,A,-4.7840013520196845,-4.7840013520196845,1,2,-1,restoration,2025-07-19 17:28:113
Nurse_G._struthium,A,-2.927053036452355,-2.927053036452355,1,2,-1,restoration,2025-07-19 17:28:113
H._squamatum,A,-5.596861317906307,-5.596861317906307,1,2,-1,restoration,2025-07-19 17:28:113
S._viscosa,A,-7.013681938660911,-7.013681938660911,1,2,-1,restoration,2025-07-19 17:28:113
C._hispanica,A,-6.577586336836599,-6.577586336836599,1,2,-1,restoration,2025-07-19 17:28:113
Other_species,A,-2.4373700479520566,-2.4373700479520566,1,2,-1,restoration,2025-07-19 17:28:113
Nurse_S._viscosa,A,-0.987310473575689,-0.987310473575689,1,2,-1,natural,2025-07-19 17:28:113
Nurse_G._struthium,A,-2.390020044373883,-2.390020044373883,1,2,-1,natural,2025-07-19 17:28:113
H._squamatum,A,-1.6835744310144585,-1.6835744310144585,1,2,-1,natural,2025-07-19 17:28:113
S._viscosa,A,-2.778869617095177,-2.778869617095177,1,2,-1,natural,2025-07-19 17:28:113
C._hispanica,A,-2.570550659514814,-2.570550659514814,1,2,-1,natural,2025-07-19 17:28:113
Other_species,A,-0.718789975465136,-0.718789975465136,1,2,-1,natural,2025-07-19 17:28:113
Nurse_S._viscosa,A,-4.07281839888273,-4.07281839888273,1,2,-1,restoration,2025-07-19 17:28:113
Nurse_G._struthium,A,-2.5978105482837544,-2.5978105482837544,1,2,-1,restoration,2025-07-19 17:28:113
H._squamatum,A,-5.5418440691171815,-5.5418440691171815,1,2,-1,restoration,2025-07-19 17:28:113
S._viscosa,A,-5.133863628298263,-5.133863628298263,1,2,-1,restoration,2025-07-19 17:28:113
C._hispanica,A,-7.668063939028378,-7.668063939028378,1,2,-1,restoration,2025-07-19 17:28:113
Other_species,A,-2.07434275957796,-2.07434275957796,1,2,-1,restoration,2025-07-19 17:28:113
Nurse_S._viscosa,A,-0.8350443288379459,-0.8350443288379459,1,2,-1,natural,2025-07-19 17:28:113
Nurse_G._struthium,A,-2.399023568101048,-2.399023568101048,1,2,-1,natural,2025-07-19 17:28:113
H._squamatum,A,-1.9740027155958322,-1.9740027155958322,1,2,-1,natural,2025-07-19 17:28:113
S._viscosa,A,-2.411089113873868,-2.411089113873868,1,2,-1,natural,2025-07-19 17:28:113
C._hispanica,A,-2.666275150462742,-2.666275150462742,1,2,-1,natural,2025-07-19 17:28:113
Other_species,A,-0.4160495687036291,-0.4160495687036291,1,2,-1,natural,2025-07-19 17:28:113
Nurse_S._viscosa,A,-3.640731415237074,-3.640731415237074,1,2,-1,restoration,2025-07-19 17:28:103
Nurse_G._struthium,A,-1.7830221141237552,-1.7830221141237552,1,2,-1,restoration,2025-07-19 17:28:103
H._squamatum,A,-5.055790953134573,-5.055790953134573,1,2,-1,restoration,2025-07-19 17:28:103
S._viscosa,A,-4.786954371969182,-4.786954371969182,1,2,-1,restoration,2025-07-19 17:28:103
C._hispanica,A,-7.979381901866782,-7.979381901866782,1,2,-1,restoration,2025-07-19 17:28:103
Other_species,A,-1.5511646006474666,-1.5511646006474666,1,2,-1,restoration,2025-07-19 17:28:103
Nurse_S._viscosa,A,-1.0254075076858564,-1.0254075076858564,1,2,-1,natural,2025-07-19 17:28:103
Nurse_G._struthium,A,-2.57194519254991,-2.57194519254991,1,2,-1,natural,2025-07-19 17:28:103
H._squamatum,A,-1.870912564312044,-1.870912564312044,1,2,-1,natural,2025-07-19 17:28:103
S._viscosa,A,-2.314302929092912,-2.314302929092912,1,2,-1,natural,2025-07-19 17:28:103
C._hispanica,A,-2.8905787509467684,-2.8905787509467684,1,2,-1,natural,2025-07-19 17:28:103
Other_species,A,-0.5229370218976709,-0.5229370218976709,1,2,-1,natural,2025-07-19 17:28:103
Nurse_S._viscosa,A,-1.9167626377220421,-1.9167626377220421,1,2,-1,restoration,2025-07-19 17:28:103
Nurse_G._struthium,A,-0.7140730667563581,-0.7140730667563581,1,2,-1,restoration,2025-07-19 17:28:103
H._squamatum,A,-4.080309002366924,-4.080309002366924,1,2,-1,restoration,2025-07-19 17:28:103
S._viscosa,A,-4.493894447032526,-4.493894447032526,1,2,-1,restoration,2025-07-19 17:28:103
C._hispanica,A,-6.84784415015052,-6.84784415015052,1,2,-1,restoration,2025-07-19 17:28:103
Other_species,A,0.21940484755214243,0.21940484755214243,1,2,-1,restoration,2025-07-19 17:28:103
Nurse_S._viscosa,A,-0.7008275223341075,-0.7008275223341075,1,2,-1,natural,2025-07-19 17:28:103
Nurse_G._struthium,A,-2.76701741171151,-2.76701741171151,1,2,-1,natural,2025-07-19 17:28:103
H._squamatum,A,-1.6331822115892274,-1.6331822115892274,1,2,-1,natural,2025-07-19 17:28:103
S._viscosa,A,-2.5580803016144844,-2.5580803016144844,1,2,-1,natural,2025-07-19 17:28:103
C._hispanica,A,-2.5286921878573,-2.5286921878573,1,2,-1,natural,2025-07-19 17:28:103
Other_species,A,-0.3673432587292615,-0.3673432587292615,1,2,-1,natural,2025-07-19 17:28:103
Nurse_S._viscosa,A,-2.0588806913298607,-2.0588806913298607,1,2,-1,restoration,2025-07-19 17:28:103
Nurse_G._struthium,A,-1.0059845335188615,-1.0059845335188615,1,2,-1,restoration,2025-07-19 17:28:103
H._squamatum,A,-5.964152803566417,-5.964152803566417,1,2,-1,restoration,2025-07-19 17:28:103
S._viscosa,A,-4.9598472436310574,-4.9598472436310574,1,2,-1,restoration,2025-07-19 17:28:103
C._hispanica,A,-7.500463745501734,-7.500463745501734,1,2,-1,restoration,2025-07-19 17:28:103
Other_species,A,-0.5810749702936673,-0.5810749702936673,1,2,-1,restoration,2025-07-19 17:28:103
Nurse_S._viscosa,A,-0.8313049758219117,-0.8313049758219117,1,2,-1,natural,2025-07-19 17:28:103
Nurse_G._struthium,A,-2.715775155891813,-2.715775155891813,1,2,-1,natural,2025-07-19 17:28:103
H._squamatum,A,-1.7577975867271578,-1.7577975867271578,1,2,-1,natural,2025-07-19 17:28:103
S._viscosa,A,-2.6267679440535363,-2.6267679440535363,1,2,-1,natural,2025-07-19 17:28:103
C._hispanica,A,-2.604134627818414,-2.604134627818414,1,2,-1,natural,2025-07-19 17:28:103
Other_species,A,-0.5472248979350892,-0.5472248979350892,1,2,-1,natural,2025-07-19 17:28:103
Nurse_S._viscosa,A,-4.955554526360305,-4.955554526360305,1,2,-1,restoration,2025-07-19 17:28:093
Nurse_G._struthium,A,-3.401861250290953,-3.401861250290953,1,2,-1,restoration,2025-07-19 17:28:093
H._squamatum,A,-5.54159935869861,-5.54159935869861,1,2,-1,restoration,2025-07-19 17:28:093
S._viscosa,A,-7.159733583629693,-7.159733583629693,1,2,-1,restoration,2025-07-19 17:28:093
C._hispanica,A,-8.372689702254268,-8.372689702254268,1,2,-1,restoration,2025-07-19 17:28:093
Other_species,A,-3.178188215508156,-3.178188215508156,1,2,-1,restoration,2025-07-19 17:28:093
Nurse_S._viscosa,A,-1.1388090918023763,-1.1388090918023763,1,2,-1,natural,2025-07-19 17:28:093
Nurse_G._struthium,A,-2.4909252509680155,-2.4909252509680155,1,2,-1,natural,2025-07-19 17:28:093
H._squamatum,A,-1.7954746934940846,-1.7954746934940846,1,2,-1,natural,2025-07-19 17:28:093
S._viscosa,A,-2.5754857921049936,-2.5754857921049936,1,2,-1,natural,2025-07-19 17:28:093
C._hispanica,A,-2.5036933287776506,-2.5036933287776506,1,2,-1,natural,2025-07-19 17:28:093
Other_species,A,-0.73223589239225,-0.73223589239225,1,2,-1,natural,2025-07-19 17:28:093
Nurse_S._viscosa,A,-2.755412766842502,-2.755412766842502,1,2,-1,restoration,2025-07-19 17:28:093
Nurse_G._struthium,A,-1.300033968369727,-1.300033968369727,1,2,-1,restoration,2025-07-19 17:28:093
H._squamatum,A,-5.181858620322195,-5.181858620322195,1,2,-1,restoration,2025-07-19 17:28:093
S._viscosa,A,-4.239104643564482,-4.239104643564482,1,2,-1,restoration,2025-07-19 17:28:093
C._hispanica,A,-7.20758211890626,-7.20758211890626,1,2,-1,restoration,2025-07-19 17:28:093
Other_species,A,-0.1900280312436944,-0.1900280312436944,1,2,-1,restoration,2025-07-19 17:28:093
Nurse_S._viscosa,A,-0.9345975509894535,-0.9345975509894535,1,2,-1,natural,2025-07-19 17:28:093
Nurse_G._struthium,A,-2.4417928064516703,-2.4417928064516703,1,2,-1,natural,2025-07-19 17:28:093
H._squamatum,A,-1.7796823402564992,-1.7796823402564992,1,2,-1,natural,2025-07-19 17:28:093
S._viscosa,A,-2.3776724352424092,-2.3776724352424092,1,2,-1,natural,2025-07-19 17:28:093
C._hispanica,A,-2.702692078976803,-2.702692078976803,1,2,-1,natural,2025-07-19 17:28:093
Other_species,A,-0.4181804433615066,-0.4181804433615066,1,2,-1,natural,2025-07-19 17:28:093
Nurse_S._viscosa,A,-4.025975325428644,-4.025975325428644,1,2,-1,restoration,2025-07-19 17:28:083
Nurse_G._struthium,A,-3.8249182636045704,-3.8249182636045704,1,2,-1,restoration,2025-07-19 17:28:083
H._squamatum,A,-5.784432335109906,-5.784432335109906,1,2,-1,restoration,2025-07-19 17:28:083
S._viscosa,A,-5.708689673879161,-5.708689673879161,1,2,-1,restoration,2025-07-19 17:28:083
C._hispanica,A,-6.504677005356115,-6.504677005356115,1,2,-1,restoration,2025-07-19 17:28:083
Other_species,A,-2.0415347191887445,-2.0415347191887445,1,2,-1,restoration,2025-07-19 17:28:083
Nurse_S._viscosa,A,-0.667702708521045,-0.667702708521045,1,2,-1,natural,2025-07-19 17:28:083
Nurse_G._struthium,A,-2.174943667480019,-2.174943667480019,1,2,-1,natural,2025-07-19 17:28:083
H._squamatum,A,-1.500539249164159,-1.500539249164159,1,2,-1,natural,2025-07-19 17:28:083
S._viscosa,A,-2.666461948286628,-2.666461948286628,1,2,-1,natural,2025-07-19 17:28:083
C._hispanica,A,-2.2847519129457297,-2.2847519129457297,1,2,-1,natural,2025-07-19 17:28:083
Other_species,A,-0.2074080591545951,-0.2074080591545951,1,2,-1,natural,2025-07-19 17:28:083
Nurse_S._viscosa,A,-2.961200555451579,-2.961200555451579,1,2,-1,restoration,2025-07-19 17:28:083
Nurse_G._struthium,A,-1.197940705889251,-1.197940705889251,1,2,-1,restoration,2025-07-19 17:28:083
H._squamatum,A,-4.410125088377173,-4.410125088377173,1,2,-1,restoration,2025-07-19 17:28:083
S._viscosa,A,-4.384218530429401,-4.384218530429401,1,2,-1,restoration,2025-07-19 17:28:083
C._hispanica,A,-7.1726813885385345,-7.1726813885385345,1,2,-1,restoration,2025-07-19 17:28:083
Other_species,A,-0.7321214286498304,-0.7321214286498304,1,2,-1,restoration,2025-07-19 17:28:083
Nurse_S._viscosa,A,-0.9825904038286898,-0.9825904038286898,1,2,-1,natural,2025-07-19 17:28:083
Nurse_G._struthium,A,-2.4999489137374686,-2.4999489137374686,1,2,-1,natural,2025-07-19 17:28:083
H._squamatum,A,-1.7527662642642017,-1.7527662642642017,1,2,-1,natural,2025-07-19 17:28:083
S._viscosa,A,-2.8344131411462223,-2.8344131411462223,1,2,-1,natural,2025-07-19 17:28:083
C._hispanica,A,-2.576034865738506,-2.576034865738506,1,2,-1,natural,2025-07-19 17:28:083
Other_species,A,-0.6761575028202862,-0.6761575028202862,1,2,-1,natural,2025-07-19 17:28:083
Nurse_S._viscosa,A,-2.8650073475291444,-2.8650073475291444,1,2,-1,restoration,2025-07-19 17:28:083
Nurse_G._struthium,A,-2.6805405356891336,-2.6805405356891336,1,2,-1,restoration,2025-07-19 17:28:083
H._squamatum,A,-8.44945366554745,-8.44945366554745,1,2,-1,restoration,2025-07-19 17:28:083
S._viscosa,A,-4.3212042221027405,-4.3212042221027405,1,2,-1,restoration,2025-07-19 17:28:083
C._hispanica,A,-6.865843532585376,-6.865843532585376,1,2,-1,restoration,2025-07-19 17:28:083
Other_species,A,-0.9091278206406131,-0.9091278206406131,1,2,-1,restoration,2025-07-19 17:28:083
Nurse_S._viscosa,A,-1.2807906114317484,-1.2807906114317484,1,2,-1,natural,2025-07-19 17:28:083
Nurse_G._struthium,A,-2.402302765062868,-2.402302765062868,1,2,-1,natural,2025-07-19 17:28:083
H._squamatum,A,-2.10368803196881,-2.10368803196881,1,2,-1,natural,2025-07-19 17:28:083
S._viscosa,A,-2.6745827723712052,-2.6745827723712052,1,2,-1,natural,2025-07-19 17:28:083
C._hispanica,A,-2.8904084402042933,-2.8904084402042933,1,2,-1,natural,2025-07-19 17:28:083
Other_species,A,-0.7248311253030854,-0.7248311253030854,1,2,-1,natural,2025-07-19 17:28:083
Nurse_S._viscosa,A,-4.482985991615696,-4.482985991615696,1,2,-1,restoration,2025-07-19 17:28:073
Nurse_G._struthium,A,-2.467744598286205,-2.467744598286205,1,2,-1,restoration,2025-07-19 17:28:073
H._squamatum,A,-5.24870476322181,-5.24870476322181,1,2,-1,restoration,2025-07-19 17:28:073
S._viscosa,A,-5.548645867041371,-5.548645867041371,1,2,-1,restoration,2025-07-19 17:28:073
C._hispanica,A,-7.3672919362988045,-7.3672919362988045,1,2,-1,restoration,2025-07-19 17:28:073
Other_species,A,-1.8980658582907877,-1.8980658582907877,1,2,-1,restoration,2025-07-19 17:28:073
Nurse_S._viscosa,A,-0.9276406469075774,-0.9276406469075774,1,2,-1,natural,2025-07-19 17:28:073
Nurse_G._struthium,A,-2.487245430122644,-2.487245430122644,1,2,-1,natural,2025-07-19 17:28:073
H._squamatum,A,-1.648015914495312,-1.648015914495312,1,2,-1,natural,2025-07-19 17:28:073
S._viscosa,A,-2.8291437267578012,-2.8291437267578012,1,2,-1,natural,2025-07-19 17:28:073
C._hispanica,A,-2.7652822470883556,-2.7652822470883556,1,2,-1,natural,2025-07-19 17:28:073
Other_species,A,-0.615449094615073,-0.615449094615073,1,2,-1,natural,2025-07-19 17:28:073
Nurse_S._viscosa,A,-3.425624373947818,-3.425624373947818,1,2,-1,restoration,2025-07-19 17:28:073
Nurse_G._struthium,A,-1.9143834155188861,-1.9143834155188861,1,2,-1,restoration,2025-07-19 17:28:073
H._squamatum,A,-5.493149315270822,-5.493149315270822,1,2,-1,restoration,2025-07-19 17:28:073
S._viscosa,A,-4.643759097699924,-4.643759097699924,1,2,-1,restoration,2025-07-19 17:28:073
C._hispanica,A,-8.354364437131812,-8.354364437131812,1,2,-1,restoration,2025-07-19 17:28:073
Other_species,A,-1.3620679560669466,-1.3620679560669466,1,2,-1,restoration,2025-07-19 17:28:073
Nurse_S._viscosa,A,-0.7050580133144002,-0.7050580133144002,1,2,-1,natural,2025-07-19 17:28:073
Nurse_G._struthium,A,-2.08345382966271,-2.08345382966271,1,2,-1,natural,2025-07-19 17:28:073
H._squamatum,A,-1.5238206054489494,-1.5238206054489494,1,2,-1,natural,2025-07-19 17:28:073
S._viscosa,A,-2.3967459782589904,-2.3967459782589904,1,2,-1,natural,2025-07-19 17:28:073
C._hispanica,A,-2.559122406522478,-2.559122406522478,1,2,-1,natural,2025-07-19 17:28:073
Other_species,A,-0.20265373753465768,-0.20265373753465768,1,2,-1,natural,2025-07-19 17:28:073
Nurse_S._viscosa,A,-3.1638841698182856,-3.1638841698182856,1,2,-1,restoration,2025-07-19 17:28:063
Nurse_G._struthium,A,-2.616907063368771,-2.616907063368771,1,2,-1,restoration,2025-07-19 17:28:063
H._squamatum,A,-6.096244096672334,-6.096244096672334,1,2,-1,restoration,2025-07-19 17:28:063
S._viscosa,A,-4.798605626059202,-4.798605626059202,1,2,-1,restoration,2025-07-19 17:28:063
C._hispanica,A,-8.367682413664625,-8.367682413664625,1,2,-1,restoration,2025-07-19 17:28:063
Other_species,A,-1.479168428357976,-1.479168428357976,1,2,-1,restoration,2025-07-19 17:28:063
Nurse_S._viscosa,A,-0.8424591004267099,-0.8424591004267099,1,2,-1,natural,2025-07-19 17:28:063
Nurse_G._struthium,A,-2.5203262249609133,-2.5203262249609133,1,2,-1,natural,2025-07-19 17:28:063
H._squamatum,A,-1.5885154315080898,-1.5885154315080898,1,2,-1,natural,2025-07-19 17:28:063
S._viscosa,A,-2.3075483614710035,-2.3075483614710035,1,2,-1,natural,2025-07-19 17:28:063
C._hispanica,A,-2.2781913195442947,-2.2781913195442947,1,2,-1,natural,2025-07-19 17:28:063
Other_species,A,-0.4452281633815151,-0.4452281633815151,1,2,-1,natural,2025-07-19 17:28:063
Nurse_S._viscosa,A,-4.791163893697519,-4.791163893697519,1,2,-1,restoration,2025-07-19 17:28:063
Nurse_G._struthium,A,-2.5812586182527415,-2.5812586182527415,1,2,-1,restoration,2025-07-19 17:28:063
H._squamatum,A,-5.46197360827972,-5.46197360827972,1,2,-1,restoration,2025-07-19 17:28:063
S._viscosa,A,-6.646149100617606,-6.646149100617606,1,2,-1,restoration,2025-07-19 17:28:063
C._hispanica,A,-7.077455761719564,-7.077455761719564,1,2,-1,restoration,2025-07-19 17:28:063
Other_species,A,-2.135634532450744,-2.135634532450744,1,2,-1,restoration,2025-07-19 17:28:063
Nurse_S._viscosa,A,-0.8521316812121336,-0.8521316812121336,1,2,-1,natural,2025-07-19 17:28:063
Nurse_G._struthium,A,-2.255762901493611,-2.255762901493611,1,2,-1,natural,2025-07-19 17:28:063
H._squamatum,A,-1.8843580274151543,-1.8843580274151543,1,2,-1,natural,2025-07-19 17:28:063
S._viscosa,A,-2.4846796368399535,-2.4846796368399535,1,2,-1,natural,2025-07-19 17:28:063
C._hispanica,A,-2.802552245747941,-2.802552245747941,1,2,-1,natural,2025-07-19 17:28:063
Other_species,A,-0.6230870569762607,-0.6230870569762607,1,2,-1,natural,2025-07-19 17:28:063
Nurse_S._viscosa,A,-3.7688207481477627,-3.7688207481477627,1,2,-1,restoration,2025-07-19 17:28:063
Nurse_G._struthium,A,-1.5522595372956018,-1.5522595372956018,1,2,-1,restoration,2025-07-19 17:28:063
H._squamatum,A,-5.2318462984086835,-5.2318462984086835,1,2,-1,restoration,2025-07-19 17:28:063
S._viscosa,A,-4.808770660818008,-4.808770660818008,1,2,-1,restoration,2025-07-19 17:28:063
C._hispanica,A,-9.260838005940252,-9.260838005940252,1,2,-1,restoration,2025-07-19 17:28:063
Other_species,A,-1.3815771975786373,-1.3815771975786373,1,2,-1,restoration,2025-07-19 17:28:063
Nurse_S._viscosa,A,-0.8669119090174926,-0.8669119090174926,1,2,-1,natural,2025-07-19 17:28:063
Nurse_G._struthium,A,-2.2873537899355307,-2.2873537899355307,1,2,-1,natural,2025-07-19 17:28:063
H._squamatum,A,-1.249434342888842,-1.249434342888842,1,2,-1,natural,2025-07-19 17:28:063
S._viscosa,A,-2.487065847286825,-2.487065847286825,1,2,-1,natural,2025-07-19 17:28:063
C._hispanica,A,-2.627099341821657,-2.627099341821657,1,2,-1,natural,2025-07-19 17:28:063
Other_species,A,-0.3003217188160757,-0.3003217188160757,1,2,-1,natural,2025-07-19 17:28:063
Nurse_S._viscosa,A,-3.2585096159305156,-3.2585096159305156,1,2,-1,restoration,2025-07-19 17:28:053
Nurse_G._struthium,A,-1.3089182322381898,-1.3089182322381898,1,2,-1,restoration,2025-07-19 17:28:053
H._squamatum,A,-6.09031520228135,-6.09031520228135,1,2,-1,restoration,2025-07-19 17:28:053
S._viscosa,A,-5.275841595640072,-5.275841595640072,1,2,-1,restoration,2025-07-19 17:28:053
C._hispanica,A,-6.939838233395989,-6.939838233395989,1,2,-1,restoration,2025-07-19 17:28:053
Other_species,A,-0.9908404923346386,-0.9908404923346386,1,2,-1,restoration,2025-07-19 17:28:053
Nurse_S._viscosa,A,-0.6300356834248758,-0.6300356834248758,1,2,-1,natural,2025-07-19 17:28:053
Nurse_G._struthium,A,-2.341158061009573,-2.341158061009573,1,2,-1,natural,2025-07-19 17:28:053
H._squamatum,A,-1.4599862676522404,-1.4599862676522404,1,2,-1,natural,2025-07-19 17:28:053
S._viscosa,A,-2.5737319162212513,-2.5737319162212513,1,2,-1,natural,2025-07-19 17:28:053
C._hispanica,A,-2.2910321133873257,-2.2910321133873257,1,2,-1,natural,2025-07-19 17:28:053
Other_species,A,-0.2555225608970519,-0.2555225608970519,1,2,-1,natural,2025-07-19 17:28:053
Nurse_S._viscosa,A,-5.460073532130748,-5.460073532130748,1,2,-1,restoration,2025-07-19 17:28:053
Nurse_G._struthium,A,-2.900807492970835,-2.900807492970835,1,2,-1,restoration,2025-07-19 17:28:053
H._squamatum,A,-5.460451334341424,-5.460451334341424,1,2,-1,restoration,2025-07-19 17:28:053
S._viscosa,A,-7.197208707221621,-7.197208707221621,1,2,-1,restoration,2025-07-19 17:28:053
C._hispanica,A,-8.415599355363266,-8.415599355363266,1,2,-1,restoration,2025-07-19 17:28:053
Other_species,A,-3.0324584345664807,-3.0324584345664807,1,2,-1,restoration,2025-07-19 17:28:053
Nurse_S._viscosa,A,-1.034748441778396,-1.034748441778396,1,2,-1,natural,2025-07-19 17:28:053
Nurse_G._struthium,A,-1.9836156536434346,-1.9836156536434346,1,2,-1,natural,2025-07-19 17:28:053
H._squamatum,A,-1.7002802988741659,-1.7002802988741659,1,2,-1,natural,2025-07-19 17:28:053
S._viscosa,A,-2.6692661780241176,-2.6692661780241176,1,2,-1,natural,2025-07-19 17:28:053
C._hispanica,A,-2.3491752379359436,-2.3491752379359436,1,2,-1,natural,2025-07-19 17:28:053
Other_species,A,-0.4973822903363037,-0.4973822903363037,1,2,-1,natural,2025-07-19 17:28:053
Nurse_S._viscosa,A,-3.787384164281075,-3.787384164281075,1,2,-1,restoration,2025-07-19 17:28:043
Nurse_G._struthium,A,-1.4511181804947257,-1.4511181804947257,1,2,-1,restoration,2025-07-19 17:28:043
H._squamatum,A,-4.756291807838809,-4.756291807838809,1,2,-1,restoration,2025-07-19 17:28:043
S._viscosa,A,-5.034606055202245,-5.034606055202245,1,2,-1,restoration,2025-07-19 17:28:043
C._hispanica,A,-7.758897005462563,-7.758897005462563,1,2,-1,restoration,2025-07-19 17:28:043
Other_species,A,-1.1800407479221624,-1.1800407479221624,1,2,-1,restoration,2025-07-19 17:28:043
Nurse_S._viscosa,A,-0.5615454353095415,-0.5615454353095415,1,2,-1,natural,2025-07-19 17:28:043
Nurse_G._struthium,A,-1.9129764124505282,-1.9129764124505282,1,2,-1,natural,2025-07-19 17:28:043
H._squamatum,A,-1.4762414234192394,-1.4762414234192394,1,2,-1,natural,2025-07-19 17:28:043
S._viscosa,A,-2.3845889594771,-2.3845889594771,1,2,-1,natural,2025-07-19 17:28:043
C._hispanica,A,-2.4630123255516487,-2.4630123255516487,1,2,-1,natural,2025-07-19 17:28:043
Other_species,A,-0.28368133666377887,-0.28368133666377887,1,2,-1,natural,2025-07-19 17:28:043
Nurse_S._viscosa,A,-3.6445646199846786,-3.6445646199846786,1,2,-1,restoration,2025-07-19 17:28:043
Nurse_G._struthium,A,-1.756634053045898,-1.756634053045898,1,2,-1,restoration,2025-07-19 17:28:043
H._squamatum,A,-6.07003251169995,-6.07003251169995,1,2,-1,restoration,2025-07-19 17:28:043
S._viscosa,A,-4.567509101569058,-4.567509101569058,1,2,-1,restoration,2025-07-19 17:28:043
C._hispanica,A,-7.724720860040268,-7.724720860040268,1,2,-1,restoration,2025-07-19 17:28:043
Other_species,A,-1.7648610392396635,-1.7648610392396635,1,2,-1,restoration,2025-07-19 17:28:043
Nurse_S._viscosa,A,-0.6997567797986255,-0.6997567797986255,1,2,-1,natural,2025-07-19 17:28:043
Nurse_G._struthium,A,-1.9737625602716722,-1.9737625602716722,1,2,-1,natural,2025-07-19 17:28:043
H._squamatum,A,-1.376056188146516,-1.376056188146516,1,2,-1,natural,2025-07-19 17:28:043
S._viscosa,A,-2.413222936367973,-2.413222936367973,1,2,-1,natural,2025-07-19 17:28:043
C._hispanica,A,-2.412069069547003,-2.412069069547003,1,2,-1,natural,2025-07-19 17:28:043
Other_species,A,-0.21309544571460634,-0.21309544571460634,1,2,-1,natural,2025-07-19 17:28:043
Nurse_S._viscosa,A,-3.7983603793583023,-3.7983603793583023,1,2,-1,restoration,2025-07-19 17:28:033
Nurse_G._struthium,A,-2.5709831098739766,-2.5709831098739766,1,2,-1,restoration,2025-07-19 17:28:033
H._squamatum,A,-5.27522128606866,-5.27522128606866,1,2,-1,restoration,2025-07-19 17:28:033
S._viscosa,A,-5.269969037992678,-5.269969037992678,1,2,-1,restoration,2025-07-19 17:28:033
C._hispanica,A,-8.195911235175876,-8.195911235175876,1,2,-1,restoration,2025-07-19 17:28:033
Other_species,A,-1.8174898823221497,-1.8174898823221497,1,2,-1,restoration,2025-07-19 17:28:033
Nurse_S._viscosa,A,-1.1396653767346012,-1.1396653767346012,1,2,-1,natural,2025-07-19 17:28:033
Nurse_G._struthium,A,-2.291769264219321,-2.291769264219321,1,2,-1,natural,2025-07-19 17:28:033
H._squamatum,A,-1.8332916958496088,-1.8332916958496088,1,2,-1,natural,2025-07-19 17:28:033
S._viscosa,A,-2.7314207864880045,-2.7314207864880045,1,2,-1,natural,2025-07-19 17:28:033
C._hispanica,A,-2.5410072130232,-2.5410072130232,1,2,-1,natural,2025-07-19 17:28:033
Other_species,A,-0.5931696082184958,-0.5931696082184958,1,2,-1,natural,2025-07-19 17:28:033
Nurse_S._viscosa,A,-2.4966076608044223,-2.4966076608044223,1,2,-1,restoration,2025-07-19 17:28:033
Nurse_G._struthium,A,-1.5219569170215341,-1.5219569170215341,1,2,-1,restoration,2025-07-19 17:28:033
H._squamatum,A,-6.229909313977104,-6.229909313977104,1,2,-1,restoration,2025-07-19 17:28:033
S._viscosa,A,-4.477942659381279,-4.477942659381279,1,2,-1,restoration,2025-07-19 17:28:033
C._hispanica,A,-6.752429238899793,-6.752429238899793,1,2,-1,restoration,2025-07-19 17:28:033
Other_species,A,-0.5426073265217017,-0.5426073265217017,1,2,-1,restoration,2025-07-19 17:28:033
Nurse_S._viscosa,A,-0.7695480200353924,-0.7695480200353924,1,2,-1,natural,2025-07-19 17:28:033
Nurse_G._struthium,A,-1.9011465962916516,-1.9011465962916516,1,2,-1,natural,2025-07-19 17:28:033
H._squamatum,A,-1.8035842885495128,-1.8035842885495128,1,2,-1,natural,2025-07-19 17:28:033
S._viscosa,A,-2.3780857025594697,-2.3780857025594697,1,2,-1,natural,2025-07-19 17:28:033
C._hispanica,A,-2.9223156022490206,-2.9223156022490206,1,2,-1,natural,2025-07-19 17:28:033
Other_species,A,-0.3679868590816647,-0.3679868590816647,1,2,-1,natural,2025-07-19 17:28:033
Nurse_S._viscosa,A,-3.448864156197111,-3.448864156197111,1,2,-1,restoration,2025-07-19 17:28:033
Nurse_G._struthium,A,-2.103607936389338,-2.103607936389338,1,2,-1,restoration,2025-07-19 17:28:033
H._squamatum,A,-4.795224681117271,-4.795224681117271,1,2,-1,restoration,2025-07-19 17:28:033
S._viscosa,A,-4.426280559335906,-4.426280559335906,1,2,-1,restoration,2025-07-19 17:28:033
C._hispanica,A,-6.533072185307715,-6.533072185307715,1,2,-1,restoration,2025-07-19 17:28:033
Other_species,A,-1.2209824412974877,-1.2209824412974877,1,2,-1,restoration,2025-07-19 17:28:033
Nurse_S._viscosa,A,-1.0102682068551851,-1.0102682068551851,1,2,-1,natural,2025-07-19 17:28:033
Nurse_G._struthium,A,-2.3797065878464068,-2.3797065878464068,1,2,-1,natural,2025-07-19 17:28:033
H._squamatum,A,-1.5533639027798176,-1.5533639027798176,1,2,-1,natural,2025-07-19 17:28:033
S._viscosa,A,-2.430323874093787,-2.430323874093787,1,2,-1,natural,2025-07-19 17:28:033
C._hispanica,A,-2.6919350083155544,-2.6919350083155544,1,2,-1,natural,2025-07-19 17:28:033
Other_species,A,-0.3840802581150329,-0.3840802581150329,1,2,-1,natural,2025-07-19 17:28:033
Nurse_S._viscosa,A,-4.719064418163783,-4.719064418163783,1,2,-1,restoration,2025-07-19 17:28:023
Nurse_G._struthium,A,-2.6205468330654575,-2.6205468330654575,1,2,-1,restoration,2025-07-19 17:28:023
H._squamatum,A,-6.092846778224187,-6.092846778224187,1,2,-1,restoration,2025-07-19 17:28:023
S._viscosa,A,-6.237349188298066,-6.237349188298066,1,2,-1,restoration,2025-07-19 17:28:023
C._hispanica,A,-7.9350228041807735,-7.9350228041807735,1,2,-1,restoration,2025-07-19 17:28:023
Other_species,A,-2.5168046519087364,-2.5168046519087364,1,2,-1,restoration,2025-07-19 17:28:023
Nurse_S._viscosa,A,-0.6920188974024489,-0.6920188974024489,1,2,-1,natural,2025-07-19 17:28:023
Nurse_G._struthium,A,-2.198866569357458,-2.198866569357458,1,2,-1,natural,2025-07-19 17:28:023
H._squamatum,A,-1.6141816895188779,-1.6141816895188779,1,2,-1,natural,2025-07-19 17:28:023
S._viscosa,A,-2.698612314492596,-2.698612314492596,1,2,-1,natural,2025-07-19 17:28:023
C._hispanica,A,-2.1340891219377154,-2.1340891219377154,1,2,-1,natural,2025-07-19 17:28:023
Other_species,A,-0.3438882287072637,-0.3438882287072637,1,2,-1,natural,2025-07-19 17:28:023
Nurse_S._viscosa,A,-3.0337894430377514,-3.0337894430377514,1,2,-1,restoration,2025-07-19 17:28:023
Nurse_G._struthium,A,-1.1237503000919988,-1.1237503000919988,1,2,-1,restoration,2025-07-19 17:28:023
H._squamatum,A,-4.743980584268299,-4.743980584268299,1,2,-1,restoration,2025-07-19 17:28:023
S._viscosa,A,-4.629154527631629,-4.629154527631629,1,2,-1,restoration,2025-07-19 17:28:023
C._hispanica,A,-7.596263240938248,-7.596263240938248,1,2,-1,restoration,2025-07-19 17:28:023
Other_species,A,-0.658348569132843,-0.658348569132843,1,2,-1,restoration,2025-07-19 17:28:023
Nurse_S._viscosa,A,-0.8489487189863595,-0.8489487189863595,1,2,-1,natural,2025-07-19 17:28:023
Nurse_G._struthium,A,-2.537225211025831,-2.537225211025831,1,2,-1,natural,2025-07-19 17:28:023
H._squamatum,A,-1.6447137708881003,-1.6447137708881003,1,2,-1,natural,2025-07-19 17:28:023
S._viscosa,A,-2.3810072678916647,-2.3810072678916647,1,2,-1,natural,2025-07-19 17:28:023
C._hispanica,A,-2.6768837747203964,-2.6768837747203964,1,2,-1,natural,2025-07-19 17:28:023
Other_species,A,-0.37480319406222373,-0.37480319406222373,1,2,-1,natural,2025-07-19 17:28:023
Nurse_S._viscosa,A,-3.433446618663676,-3.433446618663676,1,2,-1,restoration,2025-07-19 17:28:013
Nurse_G._struthium,A,-2.2126520482610545,-2.2126520482610545,1,2,-1,restoration,2025-07-19 17:28:013
H._squamatum,A,-4.153683963507984,-4.153683963507984,1,2,-1,restoration,2025-07-19 17:28:013
S._viscosa,A,-4.962542184166783,-4.962542184166783,1,2,-1,restoration,2025-07-19 17:28:013
C._hispanica,A,-6.260654852136182,-6.260654852136182,1,2,-1,restoration,2025-07-19 17:28:013
Other_species,A,-1.2030180928550553,-1.2030180928550553,1,2,-1,restoration,2025-07-19 17:28:013
Nurse_S._viscosa,A,-1.0968667995243337,-1.0968667995243337,1,2,-1,natural,2025-07-19 17:28:013
Nurse_G._struthium,A,-2.2358259350525396,-2.2358259350525396,1,2,-1,natural,2025-07-19 17:28:013
H._squamatum,A,-1.95425608602097,-1.95425608602097,1,2,-1,natural,2025-07-19 17:28:013
S._viscosa,A,-2.896655158719459,-2.896655158719459,1,2,-1,natural,2025-07-19 17:28:013
C._hispanica,A,-2.3989284776885,-2.3989284776885,1,2,-1,natural,2025-07-19 17:28:013
Other_species,A,-0.6152358826814868,-0.6152358826814868,1,2,-1,natural,2025-07-19 17:28:013
Nurse_S._viscosa,A,-5.142396541481106,-5.142396541481106,1,2,-1,restoration,2025-07-19 17:28:013
Nurse_G._struthium,A,-2.506410266156079,-2.506410266156079,1,2,-1,restoration,2025-07-19 17:28:013
H._squamatum,A,-5.234742165813335,-5.234742165813335,1,2,-1,restoration,2025-07-19 17:28:013
S._viscosa,A,-6.09397820516743,-6.09397820516743,1,2,-1,restoration,2025-07-19 17:28:013
C._hispanica,A,-7.012924235871268,-7.012924235871268,1,2,-1,restoration,2025-07-19 17:28:013
Other_species,A,-1.9889088209317582,-1.9889088209317582,1,2,-1,restoration,2025-07-19 17:28:013
Nurse_S._viscosa,A,-0.9299088440410566,-0.9299088440410566,1,2,-1,natural,2025-07-19 17:28:013
Nurse_G._struthium,A,-2.373261811710032,-2.373261811710032,1,2,-1,natural,2025-07-19 17:28:013
H._squamatum,A,-1.7677462016746115,-1.7677462016746115,1,2,-1,natural,2025-07-19 17:28:013
S._viscosa,A,-2.3792019196424974,-2.3792019196424974,1,2,-1,natural,2025-07-19 17:28:013
C._hispanica,A,-2.635071267718493,-2.635071267718493,1,2,-1,natural,2025-07-19 17:28:013
Other_species,A,-0.6651532126897193,-0.6651532126897193,1,2,-1,natural,2025-07-19 17:28:013
Nurse_S._viscosa,A,-3.084599151775934,-3.084599151775934,1,2,-1,restoration,2025-07-19 17:28:013
Nurse_G._struthium,A,-1.8669987358789955,-1.8669987358789955,1,2,-1,restoration,2025-07-19 17:28:013
H._squamatum,A,-5.538913310236474,-5.538913310236474,1,2,-1,restoration,2025-07-19 17:28:013
S._viscosa,A,-4.127065748900584,-4.127065748900584,1,2,-1,restoration,2025-07-19 17:28:013
C._hispanica,A,-8.13533364503717,-8.13533364503717,1,2,-1,restoration,2025-07-19 17:28:013
Other_species,A,-1.088857903408307,-1.088857903408307,1,2,-1,restoration,2025-07-19 17:28:013
Nurse_S._viscosa,A,-0.8417551979894933,-0.8417551979894933,1,2,-1,natural,2025-07-19 17:28:013
Nurse_G._struthium,A,-2.3873905544045138,-2.3873905544045138,1,2,-1,natural,2025-07-19 17:28:013
H._squamatum,A,-1.5966719882657598,-1.5966719882657598,1,2,-1,natural,2025-07-19 17:28:013
S._viscosa,A,-2.360682038124244,-2.360682038124244,1,2,-1,natural,2025-07-19 17:28:013
C._hispanica,A,-2.546777395317977,-2.546777395317977,1,2,-1,natural,2025-07-19 17:28:013
Other_species,A,-0.34357067905897487,-0.34357067905897487,1,2,-1,natural,2025-07-19 17:28:013
Nurse_S._viscosa,A,-3.9531672325668734,-3.9531672325668734,1,2,-1,restoration,2025-07-19 17:28:003
Nurse_G._struthium,A,-2.7851372597153397,-2.7851372597153397,1,2,-1,restoration,2025-07-19 17:28:003
H._squamatum,A,-4.95155036643851,-4.95155036643851,1,2,-1,restoration,2025-07-19 17:28:003
S._viscosa,A,-5.722449326058426,-5.722449326058426,1,2,-1,restoration,2025-07-19 17:28:003
C._hispanica,A,-6.001353530698726,-6.001353530698726,1,2,-1,restoration,2025-07-19 17:28:003
Other_species,A,-1.6320118119275497,-1.6320118119275497,1,2,-1,restoration,2025-07-19 17:28:003
Nurse_S._viscosa,A,-0.9774960795568065,-0.9774960795568065,1,2,-1,natural,2025-07-19 17:28:003
Nurse_G._struthium,A,-2.3430324937978364,-2.3430324937978364,1,2,-1,natural,2025-07-19 17:28:003
H._squamatum,A,-1.64917361396886,-1.64917361396886,1,2,-1,natural,2025-07-19 17:28:003
S._viscosa,A,-2.5975518657036396,-2.5975518657036396,1,2,-1,natural,2025-07-19 17:28:003
C._hispanica,A,-2.3542958834701317,-2.3542958834701317,1,2,-1,natural,2025-07-19 17:28:003
Other_species,A,-0.40972838032531816,-0.40972838032531816,1,2,-1,natural,2025-07-19 17:28:003
Nurse_S._viscosa,A,-3.955574736497298,-3.955574736497298,1,2,-1,restoration,2025-07-19 17:28:003
Nurse_G._struthium,A,-2.3762838793795606,-2.3762838793795606,1,2,-1,restoration,2025-07-19 17:28:003
H._squamatum,A,-6.068541935753359,-6.068541935753359,1,2,-1,restoration,2025-07-19 17:28:003
S._viscosa,A,-4.987713430874456,-4.987713430874456,1,2,-1,restoration,2025-07-19 17:28:003
C._hispanica,A,-6.4628305863357625,-6.4628305863357625,1,2,-1,restoration,2025-07-19 17:28:003
Other_species,A,-1.9830844282303386,-1.9830844282303386,1,2,-1,restoration,2025-07-19 17:28:003
Nurse_S._viscosa,A,-0.8336690387747694,-0.8336690387747694,1,2,-1,natural,2025-07-19 17:28:003
Nurse_G._struthium,A,-2.338928518137501,-2.338928518137501,1,2,-1,natural,2025-07-19 17:28:003
H._squamatum,A,-1.8456831999908667,-1.8456831999908667,1,2,-1,natural,2025-07-19 17:28:003
S._viscosa,A,-2.1500639852796746,-2.1500639852796746,1,2,-1,natural,2025-07-19 17:28:003
C._hispanica,A,-2.5475603113444074,-2.5475603113444074,1,2,-1,natural,2025-07-19 17:28:003
Other_species,A,-0.3096373912463192,-0.3096373912463192,1,2,-1,natural,2025-07-19 17:28:003
Nurse_S._viscosa,A,-5.047465493701796,-5.047465493701796,1,2,-1,restoration,2025-07-19 17:27:593
Nurse_G._struthium,A,-3.661634799773895,-3.661634799773895,1,2,-1,restoration,2025-07-19 17:27:593
H._squamatum,A,-5.5957664212821525,-5.5957664212821525,1,2,-1,restoration,2025-07-19 17:27:593
S._viscosa,A,-5.97664658751107,-5.97664658751107,1,2,-1,restoration,2025-07-19 17:27:593
C._hispanica,A,-6.4424107384275215,-6.4424107384275215,1,2,-1,restoration,2025-07-19 17:27:593
Other_species,A,-2.883646166537395,-2.883646166537395,1,2,-1,restoration,2025-07-19 17:27:593
Nurse_S._viscosa,A,-1.155618133728801,-1.155618133728801,1,2,-1,natural,2025-07-19 17:27:593
Nurse_G._struthium,A,-2.2905207754920864,-2.2905207754920864,1,2,-1,natural,2025-07-19 17:27:593
H._squamatum,A,-1.7112364429869775,-1.7112364429869775,1,2,-1,natural,2025-07-19 17:27:593
S._viscosa,A,-2.5260680408191267,-2.5260680408191267,1,2,-1,natural,2025-07-19 17:27:593
C._hispanica,A,-2.7531144674840267,-2.7531144674840267,1,2,-1,natural,2025-07-19 17:27:593
Other_species,A,-0.46569100979698985,-0.46569100979698985,1,2,-1,natural,2025-07-19 17:27:593
Nurse_S._viscosa,A,-3.7062456901811682,-3.7062456901811682,1,2,-1,restoration,2025-07-19 17:27:593
Nurse_G._struthium,A,-2.285406114860344,-2.285406114860344,1,2,-1,restoration,2025-07-19 17:27:593
H._squamatum,A,-5.561483343201922,-5.561483343201922,1,2,-1,restoration,2025-07-19 17:27:593
S._viscosa,A,-5.769701924351696,-5.769701924351696,1,2,-1,restoration,2025-07-19 17:27:593
C._hispanica,A,-6.645045722040992,-6.645045722040992,1,2,-1,restoration,2025-07-19 17:27:593
Other_species,A,-1.2492873774152637,-1.2492873774152637,1,2,-1,restoration,2025-07-19 17:27:593
Nurse_S._viscosa,A,-0.8458337362993379,-0.8458337362993379,1,2,-1,natural,2025-07-19 17:27:593
Nurse_G._struthium,A,-2.297215188006392,-2.297215188006392,1,2,-1,natural,2025-07-19 17:27:593
H._squamatum,A,-1.6093476173557608,-1.6093476173557608,1,2,-1,natural,2025-07-19 17:27:593
S._viscosa,A,-2.776620560685374,-2.776620560685374,1,2,-1,natural,2025-07-19 17:27:593
C._hispanica,A,-2.59988112765026,-2.59988112765026,1,2,-1,natural,2025-07-19 17:27:593
Other_species,A,-0.6237247381808191,-0.6237247381808191,1,2,-1,natural,2025-07-19 17:27:593
Nurse_S._viscosa,A,-3.417266613632726,-3.417266613632726,1,2,-1,restoration,2025-07-19 17:27:583
Nurse_G._struthium,A,-2.296289950416508,-2.296289950416508,1,2,-1,restoration,2025-07-19 17:27:583
H._squamatum,A,-4.936901622643276,-4.936901622643276,1,2,-1,restoration,2025-07-19 17:27:583
S._viscosa,A,-5.115307854358801,-5.115307854358801,1,2,-1,restoration,2025-07-19 17:27:583
C._hispanica,A,-7.41679241514841,-7.41679241514841,1,2,-1,restoration,2025-07-19 17:27:583
Other_species,A,-1.3154213471936942,-1.3154213471936942,1,2,-1,restoration,2025-07-19 17:27:583
Nurse_S._viscosa,A,-0.8694556161434311,-0.8694556161434311,1,2,-1,natural,2025-07-19 17:27:583
Nurse_G._struthium,A,-2.9443735830363864,-2.9443735830363864,1,2,-1,natural,2025-07-19 17:27:583
H._squamatum,A,-1.6726027263475722,-1.6726027263475722,1,2,-1,natural,2025-07-19 17:27:583
S._viscosa,A,-2.399122324756386,-2.399122324756386,1,2,-1,natural,2025-07-19 17:27:583
C._hispanica,A,-2.560323989567259,-2.560323989567259,1,2,-1,natural,2025-07-19 17:27:583
Other_species,A,-0.7521508224266468,-0.7521508224266468,1,2,-1,natural,2025-07-19 17:27:583
Nurse_S._viscosa,A,-4.0956071905325535,-4.0956071905325535,1,2,-1,restoration,2025-07-19 17:27:583
Nurse_G._struthium,A,-1.769529181583924,-1.769529181583924,1,2,-1,restoration,2025-07-19 17:27:583
H._squamatum,A,-4.61736663046137,-4.61736663046137,1,2,-1,restoration,2025-07-19 17:27:583
S._viscosa,A,-6.435600240536125,-6.435600240536125,1,2,-1,restoration,2025-07-19 17:27:583
C._hispanica,A,-7.268975126231748,-7.268975126231748,1,2,-1,restoration,2025-07-19 17:27:583
Other_species,A,-1.3831881443229717,-1.3831881443229717,1,2,-1,restoration,2025-07-19 17:27:583
Nurse_S._viscosa,A,-0.9617329535791689,-0.9617329535791689,1,2,-1,natural,2025-07-19 17:27:583
Nurse_G._struthium,A,-2.3884663946195217,-2.3884663946195217,1,2,-1,natural,2025-07-19 17:27:583
H._squamatum,A,-1.7175486871269179,-1.7175486871269179,1,2,-1,natural,2025-07-19 17:27:583
S._viscosa,A,-2.6308686034337776,-2.6308686034337776,1,2,-1,natural,2025-07-19 17:27:583
C._hispanica,A,-2.3802477169873573,-2.3802477169873573,1,2,-1,natural,2025-07-19 17:27:583
Other_species,A,-0.4449474936223932,-0.4449474936223932,1,2,-1,natural,2025-07-19 17:27:583
Nurse_S._viscosa,A,-4.130315747781365,-4.130315747781365,1,2,-1,restoration,2025-07-19 17:27:573
Nurse_G._struthium,A,-2.1770415391943194,-2.1770415391943194,1,2,-1,restoration,2025-07-19 17:27:573
H._squamatum,A,-4.772080032632815,-4.772080032632815,1,2,-1,restoration,2025-07-19 17:27:573
S._viscosa,A,-5.588232371057186,-5.588232371057186,1,2,-1,restoration,2025-07-19 17:27:573
C._hispanica,A,-8.436300916811353,-8.436300916811353,1,2,-1,restoration,2025-07-19 17:27:573
Other_species,A,-1.8205029687342424,-1.8205029687342424,1,2,-1,restoration,2025-07-19 17:27:573
Nurse_S._viscosa,A,-1.2039199595433745,-1.2039199595433745,1,2,-1,natural,2025-07-19 17:27:573
Nurse_G._struthium,A,-2.6116501018123772,-2.6116501018123772,1,2,-1,natural,2025-07-19 17:27:573
H._squamatum,A,-1.9566647586512305,-1.9566647586512305,1,2,-1,natural,2025-07-19 17:27:573
S._viscosa,A,-2.5106268715289852,-2.5106268715289852,1,2,-1,natural,2025-07-19 17:27:573
C._hispanica,A,-2.7187960588661584,-2.7187960588661584,1,2,-1,natural,2025-07-19 17:27:573
Other_species,A,-0.7183030705992226,-0.7183030705992226,1,2,-1,natural,2025-07-19 17:27:573
Nurse_S._viscosa,A,-4.223375944159874,-4.223375944159874,1,2,-1,restoration,2025-07-19 17:27:573
Nurse_G._struthium,A,-2.0565480605465907,-2.0565480605465907,1,2,-1,restoration,2025-07-19 17:27:573
H._squamatum,A,-4.274345992048113,-4.274345992048113,1,2,-1,restoration,2025-07-19 17:27:573
S._viscosa,A,-5.438422355213425,-5.438422355213425,1,2,-1,restoration,2025-07-19 17:27:573
C._hispanica,A,-7.363869423022967,-7.363869423022967,1,2,-1,restoration,2025-07-19 17:27:573
Other_species,A,-1.6094985959332475,-1.6094985959332475,1,2,-1,restoration,2025-07-19 17:27:573
Nurse_S._viscosa,A,-0.8593938345607086,-0.8593938345607086,1,2,-1,natural,2025-07-19 17:27:573
Nurse_G._struthium,A,-2.2481532166329323,-2.2481532166329323,1,2,-1,natural,2025-07-19 17:27:573
H._squamatum,A,-1.7080117264340102,-1.7080117264340102,1,2,-1,natural,2025-07-19 17:27:573
S._viscosa,A,-2.8757885121324294,-2.8757885121324294,1,2,-1,natural,2025-07-19 17:27:573
C._hispanica,A,-2.4444144892784174,-2.4444144892784174,1,2,-1,natural,2025-07-19 17:27:573
Other_species,A,-0.5036909020626174,-0.5036909020626174,1,2,-1,natural,2025-07-19 17:27:573
Nurse_S._viscosa,A,-3.968269417751679,-3.968269417751679,1,2,-1,restoration,2025-07-19 17:27:573
Nurse_G._struthium,A,-2.214191429825578,-2.214191429825578,1,2,-1,restoration,2025-07-19 17:27:573
H._squamatum,A,-4.766927437481254,-4.766927437481254,1,2,-1,restoration,2025-07-19 17:27:573
S._viscosa,A,-5.451005386031136,-5.451005386031136,1,2,-1,restoration,2025-07-19 17:27:573
C._hispanica,A,-6.5844649100814365,-6.5844649100814365,1,2,-1,restoration,2025-07-19 17:27:573
Other_species,A,-1.6134686617008438,-1.6134686617008438,1,2,-1,restoration,2025-07-19 17:27:573
Nurse_S._viscosa,A,-1.0233714334720367,-1.0233714334720367,1,2,-1,natural,2025-07-19 17:27:573
Nurse_G._struthium,A,-2.140376327822558,-2.140376327822558,1,2,-1,natural,2025-07-19 17:27:573
H._squamatum,A,-1.7099824253049265,-1.7099824253049265,1,2,-1,natural,2025-07-19 17:27:573
S._viscosa,A,-2.5238988362130628,-2.5238988362130628,1,2,-1,natural,2025-07-19 17:27:573
C._hispanica,A,-2.444096322893781,-2.444096322893781,1,2,-1,natural,2025-07-19 17:27:573
Other_species,A,-0.37951043204524704,-0.37951043204524704,1,2,-1,natural,2025-07-19 17:27:573
Nurse_S._viscosa,A,-2.8196454977779912,-2.8196454977779912,1,2,-1,restoration,2025-07-19 17:27:563
Nurse_G._struthium,A,-1.2385809004355037,-1.2385809004355037,1,2,-1,restoration,2025-07-19 17:27:563
H._squamatum,A,-4.444094467890283,-4.444094467890283,1,2,-1,restoration,2025-07-19 17:27:563
S._viscosa,A,-6.173317463164837,-6.173317463164837,1,2,-1,restoration,2025-07-19 17:27:563
C._hispanica,A,-6.8906662054777845,-6.8906662054777845,1,2,-1,restoration,2025-07-19 17:27:563
Other_species,A,-0.2422003184216542,-0.2422003184216542,1,2,-1,restoration,2025-07-19 17:27:563
Nurse_S._viscosa,A,-0.8829922633635326,-0.8829922633635326,1,2,-1,natural,2025-07-19 17:27:563
Nurse_G._struthium,A,-2.3437768069221865,-2.3437768069221865,1,2,-1,natural,2025-07-19 17:27:563
H._squamatum,A,-2.0732624909339443,-2.0732624909339443,1,2,-1,natural,2025-07-19 17:27:563
S._viscosa,A,-2.9541728379604417,-2.9541728379604417,1,2,-1,natural,2025-07-19 17:27:563
C._hispanica,A,-2.8170740933521077,-2.8170740933521077,1,2,-1,natural,2025-07-19 17:27:563
Other_species,A,-0.4911994721849899,-0.4911994721849899,1,2,-1,natural,2025-07-19 17:27:563
Nurse_S._viscosa,A,-5.064311676474937,-5.064311676474937,1,2,-1,restoration,2025-07-19 17:27:563
Nurse_G._struthium,A,-3.2790559988765358,-3.2790559988765358,1,2,-1,restoration,2025-07-19 17:27:563
H._squamatum,A,-5.657392103283089,-5.657392103283089,1,2,-1,restoration,2025-07-19 17:27:563
S._viscosa,A,-6.616664633088964,-6.616664633088964,1,2,-1,restoration,2025-07-19 17:27:563
C._hispanica,A,-7.138751706329182,-7.138751706329182,1,2,-1,restoration,2025-07-19 17:27:563
Other_species,A,-2.8712470238250223,-2.8712470238250223,1,2,-1,restoration,2025-07-19 17:27:563
Nurse_S._viscosa,A,-1.0491802222578652,-1.0491802222578652,1,2,-1,natural,2025-07-19 17:27:563
Nurse_G._struthium,A,-2.777470060667118,-2.777470060667118,1,2,-1,natural,2025-07-19 17:27:563
H._squamatum,A,-1.7779850561949584,-1.7779850561949584,1,2,-1,natural,2025-07-19 17:27:563
S._viscosa,A,-2.479839416819222,-2.479839416819222,1,2,-1,natural,2025-07-19 17:27:563
C._hispanica,A,-2.8286201144335097,-2.8286201144335097,1,2,-1,natural,2025-07-19 17:27:563
Other_species,A,-0.6594017057107981,-0.6594017057107981,1,2,-1,natural,2025-07-19 17:27:563
Nurse_S._viscosa,A,-4.961938249182679,-4.961938249182679,1,2,-1,restoration,2025-07-19 17:27:563
Nurse_G._struthium,A,-2.1221784436449243,-2.1221784436449243,1,2,-1,restoration,2025-07-19 17:27:563
H._squamatum,A,-4.400638980610136,-4.400638980610136,1,2,-1,restoration,2025-07-19 17:27:563
S._viscosa,A,-6.603802637613466,-6.603802637613466,1,2,-1,restoration,2025-07-19 17:27:563
C._hispanica,A,-7.492802199516841,-7.492802199516841,1,2,-1,restoration,2025-07-19 17:27:563
Other_species,A,-1.77095147294658,-1.77095147294658,1,2,-1,restoration,2025-07-19 17:27:563
Nurse_S._viscosa,A,-0.8801338318112115,-0.8801338318112115,1,2,-1,natural,2025-07-19 17:27:563
Nurse_G._struthium,A,-2.4667440745497884,-2.4667440745497884,1,2,-1,natural,2025-07-19 17:27:563
H._squamatum,A,-1.804515080823971,-1.804515080823971,1,2,-1,natural,2025-07-19 17:27:563
S._viscosa,A,-2.7079092104797216,-2.7079092104797216,1,2,-1,natural,2025-07-19 17:27:563
C._hispanica,A,-2.496389236981136,-2.496389236981136,1,2,-1,natural,2025-07-19 17:27:563
Other_species,A,-0.5166846650257818,-0.5166846650257818,1,2,-1,natural,2025-07-19 17:27:563
Nurse_S._viscosa,A,-4.320541268157793,-4.320541268157793,1,2,-1,restoration,2025-07-19 17:27:553
Nurse_G._struthium,A,-2.919544766798493,-2.919544766798493,1,2,-1,restoration,2025-07-19 17:27:553
H._squamatum,A,-6.498869520590534,-6.498869520590534,1,2,-1,restoration,2025-07-19 17:27:553
S._viscosa,A,-5.969920284832531,-5.969920284832531,1,2,-1,restoration,2025-07-19 17:27:553
C._hispanica,A,-6.515543527017994,-6.515543527017994,1,2,-1,restoration,2025-07-19 17:27:553
Other_species,A,-2.225633500978184,-2.225633500978184,1,2,-1,restoration,2025-07-19 17:27:553
Nurse_S._viscosa,A,-0.9527606887194364,-0.9527606887194364,1,2,-1,natural,2025-07-19 17:27:553
Nurse_G._struthium,A,-2.3064339545707027,-2.3064339545707027,1,2,-1,natural,2025-07-19 17:27:553
H._squamatum,A,-1.7826293421083503,-1.7826293421083503,1,2,-1,natural,2025-07-19 17:27:553
S._viscosa,A,-2.535458757421057,-2.535458757421057,1,2,-1,natural,2025-07-19 17:27:553
C._hispanica,A,-2.4732225773923657,-2.4732225773923657,1,2,-1,natural,2025-07-19 17:27:553
Other_species,A,-0.6521285020990099,-0.6521285020990099,1,2,-1,natural,2025-07-19 17:27:553
Nurse_S._viscosa,A,-4.291930521327644,-4.291930521327644,1,2,-1,restoration,2025-07-19 17:27:553
Nurse_G._struthium,A,-1.9375895712083306,-1.9375895712083306,1,2,-1,restoration,2025-07-19 17:27:553
H._squamatum,A,-5.442612172219557,-5.442612172219557,1,2,-1,restoration,2025-07-19 17:27:553
S._viscosa,A,-5.341370167998459,-5.341370167998459,1,2,-1,restoration,2025-07-19 17:27:553
C._hispanica,A,-6.76094964716472,-6.76094964716472,1,2,-1,restoration,2025-07-19 17:27:553
Other_species,A,-1.456750233950513,-1.456750233950513,1,2,-1,restoration,2025-07-19 17:27:553
Nurse_S._viscosa,A,-1.1502758388211496,-1.1502758388211496,1,2,-1,natural,2025-07-19 17:27:553
Nurse_G._struthium,A,-2.5344945031199306,-2.5344945031199306,1,2,-1,natural,2025-07-19 17:27:553
H._squamatum,A,-1.910378137684786,-1.910378137684786,1,2,-1,natural,2025-07-19 17:27:553
S._viscosa,A,-2.6837938353311044,-2.6837938353311044,1,2,-1,natural,2025-07-19 17:27:553
C._hispanica,A,-2.3175050474864975,-2.3175050474864975,1,2,-1,natural,2025-07-19 17:27:553
Other_species,A,-0.5689010860160411,-0.5689010860160411,1,2,-1,natural,2025-07-19 17:27:553
Nurse_S._viscosa,A,-2.5365578762046304,-2.5365578762046304,1,2,-1,restoration,2025-07-19 17:27:543
Nurse_G._struthium,A,-2.001735095815523,-2.001735095815523,1,2,-1,restoration,2025-07-19 17:27:543
H._squamatum,A,-4.916067944896533,-4.916067944896533,1,2,-1,restoration,2025-07-19 17:27:543
S._viscosa,A,-4.308073951233874,-4.308073951233874,1,2,-1,restoration,2025-07-19 17:27:543
C._hispanica,A,-6.986434785878179,-6.986434785878179,1,2,-1,restoration,2025-07-19 17:27:543
Other_species,A,-0.5045293193670909,-0.5045293193670909,1,2,-1,restoration,2025-07-19 17:27:543
Nurse_S._viscosa,A,-0.45871091299559086,-0.45871091299559086,1,2,-1,natural,2025-07-19 17:27:543
Nurse_G._struthium,A,-2.4653032483784383,-2.4653032483784383,1,2,-1,natural,2025-07-19 17:27:543
H._squamatum,A,-1.577447224505695,-1.577447224505695,1,2,-1,natural,2025-07-19 17:27:543
S._viscosa,A,-2.7472937644131097,-2.7472937644131097,1,2,-1,natural,2025-07-19 17:27:543
C._hispanica,A,-2.2731977552295763,-2.2731977552295763,1,2,-1,natural,2025-07-19 17:27:543
Other_species,A,-0.361910907046046,-0.361910907046046,1,2,-1,natural,2025-07-19 17:27:543
Nurse_S._viscosa,A,-2.6980644379830925,-2.6980644379830925,1,2,-1,restoration,2025-07-19 17:27:543
Nurse_G._struthium,A,-1.678819338230852,-1.678819338230852,1,2,-1,restoration,2025-07-19 17:27:543
H._squamatum,A,-6.2412441242372445,-6.2412441242372445,1,2,-1,restoration,2025-07-19 17:27:543
S._viscosa,A,-4.134670827733172,-4.134670827733172,1,2,-1,restoration,2025-07-19 17:27:543
C._hispanica,A,-8.519145599302702,-8.519145599302702,1,2,-1,restoration,2025-07-19 17:27:543
Other_species,A,-1.041782582694633,-1.041782582694633,1,2,-1,restoration,2025-07-19 17:27:543
Nurse_S._viscosa,A,-0.6996898349920714,-0.6996898349920714,1,2,-1,natural,2025-07-19 17:27:543
Nurse_G._struthium,A,-2.177725435451887,-2.177725435451887,1,2,-1,natural,2025-07-19 17:27:543
H._squamatum,A,-1.6589657336743993,-1.6589657336743993,1,2,-1,natural,2025-07-19 17:27:543
S._viscosa,A,-2.309547747935423,-2.309547747935423,1,2,-1,natural,2025-07-19 17:27:543
C._hispanica,A,-2.599834717664147,-2.599834717664147,1,2,-1,natural,2025-07-19 17:27:543
Other_species,A,-0.19449803940618898,-0.19449803940618898,1,2,-1,natural,2025-07-19 17:27:543
Nurse_S._viscosa,A,-3.7284545875682973,-3.7284545875682973,1,2,-1,restoration,2025-07-19 17:27:543
Nurse_G._struthium,A,-2.532128317051069,-2.532128317051069,1,2,-1,restoration,2025-07-19 17:27:543
H._squamatum,A,-5.285709925929662,-5.285709925929662,1,2,-1,restoration,2025-07-19 17:27:543
S._viscosa,A,-5.2313884966918,-5.2313884966918,1,2,-1,restoration,2025-07-19 17:27:543
C._hispanica,A,-7.3788234378276245,-7.3788234378276245,1,2,-1,restoration,2025-07-19 17:27:543
Other_species,A,-1.5128396322251212,-1.5128396322251212,1,2,-1,restoration,2025-07-19 17:27:543
Nurse_S._viscosa,A,-0.7487395041111207,-0.7487395041111207,1,2,-1,natural,2025-07-19 17:27:543
Nurse_G._struthium,A,-2.150816285335161,-2.150816285335161,1,2,-1,natural,2025-07-19 17:27:543
H._squamatum,A,-1.6633667896294966,-1.6633667896294966,1,2,-1,natural,2025-07-19 17:27:543
S._viscosa,A,-2.395070969667388,-2.395070969667388,1,2,-1,natural,2025-07-19 17:27:543
C._hispanica,A,-2.596587422215029,-2.596587422215029,1,2,-1,natural,2025-07-19 17:27:543
Other_species,A,-0.6172744659290192,-0.6172744659290192,1,2,-1,natural,2025-07-19 17:27:543
Nurse_S._viscosa,A,-3.489138027494604,-3.489138027494604,1,2,-1,restoration,2025-07-19 17:27:533
Nurse_G._struthium,A,-1.6449068960526356,-1.6449068960526356,1,2,-1,restoration,2025-07-19 17:27:533
H._squamatum,A,-5.098302771829994,-5.098302771829994,1,2,-1,restoration,2025-07-19 17:27:533
S._viscosa,A,-6.240980369462646,-6.240980369462646,1,2,-1,restoration,2025-07-19 17:27:533
C._hispanica,A,-8.036779755127117,-8.036779755127117,1,2,-1,restoration,2025-07-19 17:27:533
Other_species,A,-0.8655153451071721,-0.8655153451071721,1,2,-1,restoration,2025-07-19 17:27:533
Nurse_S._viscosa,A,-0.741074907081283,-0.741074907081283,1,2,-1,natural,2025-07-19 17:27:533
Nurse_G._struthium,A,-2.136484659534506,-2.136484659534506,1,2,-1,natural,2025-07-19 17:27:533
H._squamatum,A,-1.5474017414615793,-1.5474017414615793,1,2,-1,natural,2025-07-19 17:27:533
S._viscosa,A,-2.451077868184115,-2.451077868184115,1,2,-1,natural,2025-07-19 17:27:533
C._hispanica,A,-2.745226336164006,-2.745226336164006,1,2,-1,natural,2025-07-19 17:27:533
Other_species,A,-0.3743164240055962,-0.3743164240055962,1,2,-1,natural,2025-07-19 17:27:533
Nurse_S._viscosa,A,-4.141043038957064,-4.141043038957064,1,2,-1,restoration,2025-07-19 17:27:533
Nurse_G._struthium,A,-2.3039174288524022,-2.3039174288524022,1,2,-1,restoration,2025-07-19 17:27:533
H._squamatum,A,-4.537296225053792,-4.537296225053792,1,2,-1,restoration,2025-07-19 17:27:533
S._viscosa,A,-5.188028969448997,-5.188028969448997,1,2,-1,restoration,2025-07-19 17:27:533
C._hispanica,A,-7.275315601134022,-7.275315601134022,1,2,-1,restoration,2025-07-19 17:27:533
Other_species,A,-1.4755456054518177,-1.4755456054518177,1,2,-1,restoration,2025-07-19 17:27:533
Nurse_S._viscosa,A,-1.026312324979379,-1.026312324979379,1,2,-1,natural,2025-07-19 17:27:533
Nurse_G._struthium,A,-2.604866582144861,-2.604866582144861,1,2,-1,natural,2025-07-19 17:27:533
H._squamatum,A,-2.1857443882867105,-2.1857443882867105,1,2,-1,natural,2025-07-19 17:27:533
S._viscosa,A,-2.5222825697163263,-2.5222825697163263,1,2,-1,natural,2025-07-19 17:27:533
C._hispanica,A,-2.310700048520087,-2.310700048520087,1,2,-1,natural,2025-07-19 17:27:533
Other_species,A,-0.5559381743334318,-0.5559381743334318,1,2,-1,natural,2025-07-19 17:27:533
Nurse_S._viscosa,A,-3.6700116781619307,-3.6700116781619307,1,2,-1,restoration,2025-07-19 17:27:533
Nurse_G._struthium,A,-2.117902658951954,-2.117902658951954,1,2,-1,restoration,2025-07-19 17:27:533
H._squamatum,A,-5.204498949304418,-5.204498949304418,1,2,-1,restoration,2025-07-19 17:27:533
S._viscosa,A,-4.87768530347369,-4.87768530347369,1,2,-1,restoration,2025-07-19 17:27:533
C._hispanica,A,-8.129071976750595,-8.129071976750595,1,2,-1,restoration,2025-07-19 17:27:533
Other_species,A,-1.4802626717874392,-1.4802626717874392,1,2,-1,restoration,2025-07-19 17:27:533
Nurse_S._viscosa,A,-0.8146170528935659,-0.8146170528935659,1,2,-1,natural,2025-07-19 17:27:533
Nurse_G._struthium,A,-2.6656640439110544,-2.6656640439110544,1,2,-1,natural,2025-07-19 17:27:533
H._squamatum,A,-1.5121763850072927,-1.5121763850072927,1,2,-1,natural,2025-07-19 17:27:533
S._viscosa,A,-2.2221691975682614,-2.2221691975682614,1,2,-1,natural,2025-07-19 17:27:533
C._hispanica,A,-2.6717661791318736,-2.6717661791318736,1,2,-1,natural,2025-07-19 17:27:533
Other_species,A,-0.37494294613710544,-0.37494294613710544,1,2,-1,natural,2025-07-19 17:27:533
Nurse_S._viscosa,A,-2.9087605239428123,-2.9087605239428123,1,2,-1,restoration,2025-07-19 17:27:523
Nurse_G._struthium,A,-1.7631975331095684,-1.7631975331095684,1,2,-1,restoration,2025-07-19 17:27:523
H._squamatum,A,-5.70966180894244,-5.70966180894244,1,2,-1,restoration,2025-07-19 17:27:523
S._viscosa,A,-4.750023859683412,-4.750023859683412,1,2,-1,restoration,2025-07-19 17:27:523
C._hispanica,A,-5.940733187394967,-5.940733187394967,1,2,-1,restoration,2025-07-19 17:27:523
Other_species,A,-0.663692342874901,-0.663692342874901,1,2,-1,restoration,2025-07-19 17:27:523
Nurse_S._viscosa,A,-1.032597392863481,-1.032597392863481,1,2,-1,natural,2025-07-19 17:27:523
Nurse_G._struthium,A,-2.3931619925123617,-2.3931619925123617,1,2,-1,natural,2025-07-19 17:27:523
H._squamatum,A,-1.8038064918515921,-1.8038064918515921,1,2,-1,natural,2025-07-19 17:27:523
S._viscosa,A,-2.6102936947019817,-2.6102936947019817,1,2,-1,natural,2025-07-19 17:27:523
C._hispanica,A,-2.79924005185814,-2.79924005185814,1,2,-1,natural,2025-07-19 17:27:523
Other_species,A,-0.602028058025175,-0.602028058025175,1,2,-1,natural,2025-07-19 17:27:523
Nurse_S._viscosa,A,-4.486108222613921,-4.486108222613921,1,2,-1,restoration,2025-07-19 17:27:523
Nurse_G._struthium,A,-3.4547060392566395,-3.4547060392566395,1,2,-1,restoration,2025-07-19 17:27:523
H._squamatum,A,-5.86738940089888,-5.86738940089888,1,2,-1,restoration,2025-07-19 17:27:523
S._viscosa,A,-6.344665063592129,-6.344665063592129,1,2,-1,restoration,2025-07-19 17:27:523
C._hispanica,A,-7.32098527506977,-7.32098527506977,1,2,-1,restoration,2025-07-19 17:27:523
Other_species,A,-2.668108878722881,-2.668108878722881,1,2,-1,restoration,2025-07-19 17:27:523
Nurse_S._viscosa,A,-0.66405879643104615,-0.66405879643104615,1,2,-1,natural,2025-07-19 17:27:523
Nurse_G._struthium,A,-2.3939486414316633,-2.3939486414316633,1,2,-1,natural,2025-07-19 17:27:523
H._squamatum,A,-1.6922190421824794,-1.6922190421824794,1,2,-1,natural,2025-07-19 17:27:523
S._viscosa,A,-2.2259466200823126,-2.2259466200823126,1,2,-1,natural,2025-07-19 17:27:523
C._hispanica,A,-2.331145715985606,-2.331145715985606,1,2,-1,natural,2025-07-19 17:27:523
Other_species,A,-0.6284903488713127,-0.6284903488713127,1,2,-1,natural,2025-07-19 17:27:523
Nurse_S._viscosa,A,-3.719982190593946,-3.719982190593946,1,2,-1,restoration,2025-07-19 17:27:523
Nurse_G._struthium,A,-0.8265745407728101,-0.8265745407728101,1,2,-1,restoration,2025-07-19 17:27:523
H._squamatum,A,-3.9930466229315837,-3.9930466229315837,1,2,-1,restoration,2025-07-19 17:27:523
S._viscosa,A,-5.505102941656541,-5.505102941656541,1,2,-1,restoration,2025-07-19 17:27:523
C._hispanica,A,-6.627362282791017,-6.627362282791017,1,2,-1,restoration,2025-07-19 17:27:523
Other_species,A,-0.4949202369884964,-0.4949202369884964,1,2,-1,restoration,2025-07-19 17:27:523
Nurse_S._viscosa,A,-0.6362911759074645,-0.6362911759074645,1,2,-1,natural,2025-07-19 17:27:523
Nurse_G._struthium,A,-2.429466897356603,-2.429466897356603,1,2,-1,natural,2025-07-19 17:27:523
H._squamatum,A,-1.4987290080482776,-1.4987290080482776,1,2,-1,natural,2025-07-19 17:27:523
S._viscosa,A,-2.340797261202379,-2.340797261202379,1,2,-1,natural,2025-07-19 17:27:523
C._hispanica,A,-2.410821964046036,-2.410821964046036,1,2,-1,natural,2025-07-19 17:27:523
Other_species,A,-0.4202225248849637,-0.4202225248849637,1,2,-1,natural,2025-07-19 17:27:523
Nurse_S._viscosa,A,-3.8166051063494657,-3.8166051063494657,1,2,-1,restoration,2025-07-19 17:27:513
Nurse_G._struthium,A,-2.1220537102255626,-2.1220537102255626,1,2,-1,restoration,2025-07-19 17:27:513
H._squamatum,A,-6.058846152662136,-6.058846152662136,1,2,-1,restoration,2025-07-19 17:27:513
S._viscosa,A,-5.021960160793031,-5.021960160793031,1,2,-1,restoration,2025-07-19 17:27:513
C._hispanica,A,-7.841031575147457,-7.841031575147457,1,2,-1,restoration,2025-07-19 17:27:513
Other_species,A,-1.7500035357739003,-1.7500035357739003,1,2,-1,restoration,2025-07-19 17:27:513
Nurse_S._viscosa,A,-0.9854550920447527,-0.9854550920447527,1,2,-1,natural,2025-07-19 17:27:513
Nurse_G._struthium,A,-2.5030175130744934,-2.5030175130744934,1,2,-1,natural,2025-07-19 17:27:513
H._squamatum,A,-1.9390871473933575,-1.9390871473933575,1,2,-1,natural,2025-07-19 17:27:513
S._viscosa,A,-2.583633161045072,-2.583633161045072,1,2,-1,natural,2025-07-19 17:27:513
C._hispanica,A,-2.673535828184047,-2.673535828184047,1,2,-1,natural,2025-07-19 17:27:513
Other_species,A,-0.7526656266194435,-0.7526656266194435,1,2,-1,natural,2025-07-19 17:27:513
Nurse_S._viscosa,A,-3.2272431795093746,-3.2272431795093746,1,2,-1,restoration,2025-07-19 17:27:513
Nurse_G._struthium,A,-0.8818575391765244,-0.8818575391765244,1,2,-1,restoration,2025-07-19 17:27:513
H._squamatum,A,-4.331855807043452,-4.331855807043452,1,2,-1,restoration,2025-07-19 17:27:513
S._viscosa,A,-5.30410639172747,-5.30410639172747,1,2,-1,restoration,2025-07-19 17:27:513
C._hispanica,A,-8.126822041180816,-8.126822041180816,1,2,-1,restoration,2025-07-19 17:27:513
Other_species,A,-0.5169725515183239,-0.5169725515183239,1,2,-1,restoration,2025-07-19 17:27:513
Nurse_S._viscosa,A,-0.7044031330830797,-0.7044031330830797,1,2,-1,natural,2025-07-19 17:27:513
Nurse_G._struthium,A,-2.5777806630946936,-2.5777806630946936,1,2,-1,natural,2025-07-19 17:27:513
H._squamatum,A,-1.5144429416781082,-1.5144429416781082,1,2,-1,natural,2025-07-19 17:27:513
S._viscosa,A,-2.764256820596209,-2.764256820596209,1,2,-1,natural,2025-07-19 17:27:513
C._hispanica,A,-2.4155139453482732,-2.4155139453482732,1,2,-1,natural,2025-07-19 17:27:513
Other_species,A,-0.46132542937698495,-0.46132542937698495,1,2,-1,natural,2025-07-19 17:27:513
Nurse_S._viscosa,A,-4.402166571240297,-4.402166571240297,1,2,-1,restoration,2025-07-19 17:27:503
Nurse_G._struthium,A,-3.0662301670776952,-3.0662301670776952,1,2,-1,restoration,2025-07-19 17:27:503
H._squamatum,A,-5.012546316699537,-5.012546316699537,1,2,-1,restoration,2025-07-19 17:27:503
S._viscosa,A,-5.857560297546805,-5.857560297546805,1,2,-1,restoration,2025-07-19 17:27:503
C._hispanica,A,-7.030646442590764,-7.030646442590764,1,2,-1,restoration,2025-07-19 17:27:503
Other_species,A,-1.7659126015868472,-1.7659126015868472,1,2,-1,restoration,2025-07-19 17:27:503
Nurse_S._viscosa,A,-0.8274369862317824,-0.8274369862317824,1,2,-1,natural,2025-07-19 17:27:503
Nurse_G._struthium,A,-2.1238507850933366,-2.1238507850933366,1,2,-1,natural,2025-07-19 17:27:503
H._squamatum,A,-1.4843670742611819,-1.4843670742611819,1,2,-1,natural,2025-07-19 17:27:503
S._viscosa,A,-2.5139680558277515,-2.5139680558277515,1,2,-1,natural,2025-07-19 17:27:503
C._hispanica,A,-2.5209487928067733,-2.5209487928067733,1,2,-1,natural,2025-07-19 17:27:503
Other_species,A,-0.49099496369573536,-0.49099496369573536,1,2,-1,natural,2025-07-19 17:27:503
Nurse_S._viscosa,A,-4.756066387684154,-4.756066387684154,1,2,-1,restoration,2025-07-19 17:27:503
Nurse_G._struthium,A,-2.453725730894575,-2.453725730894575,1,2,-1,restoration,2025-07-19 17:27:503
H._squamatum,A,-5.04049023492064,-5.04049023492064,1,2,-1,restoration,2025-07-19 17:27:503
S._viscosa,A,-6.337442625600324,-6.337442625600324,1,2,-1,restoration,2025-07-19 17:27:503
C._hispanica,A,-8.0567089558385,-8.0567089558385,1,2,-1,restoration,2025-07-19 17:27:503
Other_species,A,-2.26733832648401,-2.26733832648401,1,2,-1,restoration,2025-07-19 17:27:503
Nurse_S._viscosa,A,-0.7972476375429557,-0.7972476375429557,1,2,-1,natural,2025-07-19 17:27:503
Nurse_G._struthium,A,-2.293445571438347,-2.293445571438347,1,2,-1,natural,2025-07-19 17:27:503
H._squamatum,A,-1.5576858059198309,-1.5576858059198309,1,2,-1,natural,2025-07-19 17:27:503
S._viscosa,A,-2.4552388960869918,-2.4552388960869918,1,2,-1,natural,2025-07-19 17:27:503
C._hispanica,A,-2.359324713578753,-2.359324713578753,1,2,-1,natural,2025-07-19 17:27:503
Other_species,A,-0.3400106153317703,-0.3400106153317703,1,2,-1,natural,2025-07-19 17:27:503
Nurse_S._viscosa,A,-2.6163000389568962,-2.6163000389568962,1,2,-1,restoration,2025-07-19 17:27:493
Nurse_G._struthium,A,-2.1073926069879025,-2.1073926069879025,1,2,-1,restoration,2025-07-19 17:27:493
H._squamatum,A,-5.962236954211559,-5.962236954211559,1,2,-1,restoration,2025-07-19 17:27:493
S._viscosa,A,-4.5751267427198865,-4.5751267427198865,1,2,-1,restoration,2025-07-19 17:27:493
C._hispanica,A,-8.160979893410028,-8.160979893410028,1,2,-1,restoration,2025-07-19 17:27:493
Other_species,A,-0.552334789762682,-0.552334789762682,1,2,-1,restoration,2025-07-19 17:27:493
Nurse_S._viscosa,A,-0.9685628305265911,-0.9685628305265911,1,2,-1,natural,2025-07-19 17:27:493
Nurse_G._struthium,A,-2.548696009506168,-2.548696009506168,1,2,-1,natural,2025-07-19 17:27:493
H._squamatum,A,-1.9918078993737982,-1.9918078993737982,1,2,-1,natural,2025-07-19 17:27:493
S._viscosa,A,-2.7644879735584627,-2.7644879735584627,1,2,-1,natural,2025-07-19 17:27:493
C._hispanica,A,-2.6329241068365845,-2.6329241068365845,1,2,-1,natural,2025-07-19 17:27:493
Other_species,A,-0.7503987916778923,-0.7503987916778923,1,2,-1,natural,2025-07-19 17:27:493
Nurse_S._viscosa,A,-4.536344816154936,-4.536344816154936,1,2,-1,restoration,2025-07-19 17:27:493
Nurse_G._struthium,A,-2.9826777846910844,-2.9826777846910844,1,2,-1,restoration,2025-07-19 17:27:493
H._squamatum,A,-5.431493422018185,-5.431493422018185,1,2,-1,restoration,2025-07-19 17:27:493
S._viscosa,A,-7.7022524613246235,-7.7022524613246235,1,2,-1,restoration,2025-07-19 17:27:493
C._hispanica,A,-8.490853480577602,-8.490853480577602,1,2,-1,restoration,2025-07-19 17:27:493
Other_species,A,-2.6620559263205457,-2.6620559263205457,1,2,-1,restoration,2025-07-19 17:27:493
Nurse_S._viscosa,A,-0.9100029514715292,-0.9100029514715292,1,2,-1,natural,2025-07-19 17:27:493
Nurse_G._struthium,A,-2.2768486528259175,-2.2768486528259175,1,2,-1,natural,2025-07-19 17:27:493
H._squamatum,A,-1.6955884607428555,-1.6955884607428555,1,2,-1,natural,2025-07-19 17:27:493
S._viscosa,A,-2.415292226411943,-2.415292226411943,1,2,-1,natural,2025-07-19 17:27:493
C._hispanica,A,-2.423973027764421,-2.423973027764421,1,2,-1,natural,2025-07-19 17:27:493
Other_species,A,-0.47850762452102136,-0.47850762452102136,1,2,-1,natural,2025-07-19 17:27:493
Nurse_S._viscosa,A,-3.2231059066926933,-3.2231059066926933,1,2,-1,restoration,2025-07-19 17:27:483
Nurse_G._struthium,A,-2.5551600155962073,-2.5551600155962073,1,2,-1,restoration,2025-07-19 17:27:483
H._squamatum,A,-5.139381549013943,-5.139381549013943,1,2,-1,restoration,2025-07-19 17:27:483
S._viscosa,A,-4.871123564443742,-4.871123564443742,1,2,-1,restoration,2025-07-19 17:27:483
C._hispanica,A,-8.277271367980973,-8.277271367980973,1,2,-1,restoration,2025-07-19 17:27:483
Other_species,A,-1.094195513093642,-1.094195513093642,1,2,-1,restoration,2025-07-19 17:27:483
Nurse_S._viscosa,A,-0.8349271804016029,-0.8349271804016029,1,2,-1,natural,2025-07-19 17:27:483
Nurse_G._struthium,A,-2.1784688713099776,-2.1784688713099776,1,2,-1,natural,2025-07-19 17:27:483
H._squamatum,A,-1.4731906823832612,-1.4731906823832612,1,2,-1,natural,2025-07-19 17:27:483
S._viscosa,A,-2.4794099536377456,-2.4794099536377456,1,2,-1,natural,2025-07-19 17:27:483
C._hispanica,A,-2.5046450300381387,-2.5046450300381387,1,2,-1,natural,2025-07-19 17:27:483
Other_species,A,-0.5111913271096289,-0.5111913271096289,1,2,-1,natural,2025-07-19 17:27:483
Nurse_S._viscosa,A,-4.277862322308497,-4.277862322308497,1,2,-1,restoration,2025-07-19 17:27:483
Nurse_G._struthium,A,-2.1275607517400283,-2.1275607517400283,1,2,-1,restoration,2025-07-19 17:27:483
H._squamatum,A,-4.410022825807647,-4.410022825807647,1,2,-1,restoration,2025-07-19 17:27:483
S._viscosa,A,-5.971444244267346,-5.971444244267346,1,2,-1,restoration,2025-07-19 17:27:483
C._hispanica,A,-7.009654208538732,-7.009654208538732,1,2,-1,restoration,2025-07-19 17:27:483
Other_species,A,-1.7788418899473977,-1.7788418899473977,1,2,-1,restoration,2025-07-19 17:27:483
Nurse_S._viscosa,A,-1.0718219414506451,-1.0718219414506451,1,2,-1,natural,2025-07-19 17:27:483
Nurse_G._struthium,A,-2.6830374075129213,-2.6830374075129213,1,2,-1,natural,2025-07-19 17:27:483
H._squamatum,A,-1.8781262286604388,-1.8781262286604388,1,2,-1,natural,2025-07-19 17:27:483
S._viscosa,A,-2.4538452930036465,-2.4538452930036465,1,2,-1,natural,2025-07-19 17:27:483
C._hispanica,A,-2.31947991611314,-2.31947991611314,1,2,-1,natural,2025-07-19 17:27:483
Other_species,A,-0.7705437094179554,-0.7705437094179554,1,2,-1,natural,2025-07-19 17:27:483
Nurse_S._viscosa,A,-4.5598268068201095,-4.5598268068201095,1,2,-1,restoration,2025-07-19 17:27:473
Nurse_G._struthium,A,-1.7723063194234163,-1.7723063194234163,1,2,-1,restoration,2025-07-19 17:27:473
H._squamatum,A,-6.0161046368997155,-6.0161046368997155,1,2,-1,restoration,2025-07-19 17:27:473
S._viscosa,A,-5.4164159164650325,-5.4164159164650325,1,2,-1,restoration,2025-07-19 17:27:473
C._hispanica,A,-7.880966294692528,-7.880966294692528,1,2,-1,restoration,2025-07-19 17:27:473
Other_species,A,-2.012671282709874,-2.012671282709874,1,2,-1,restoration,2025-07-19 17:27:473
Nurse_S._viscosa,A,-1.0085384676948035,-1.0085384676948035,1,2,-1,natural,2025-07-19 17:27:473
Nurse_G._struthium,A,-2.335246253688009,-2.335246253688009,1,2,-1,natural,2025-07-19 17:27:473
H._squamatum,A,-1.5449197080238144,-1.5449197080238144,1,2,-1,natural,2025-07-19 17:27:473
S._viscosa,A,-2.2857638847530044,-2.2857638847530044,1,2,-1,natural,2025-07-19 17:27:473
C._hispanica,A,-2.7719665517895464,-2.7719665517895464,1,2,-1,natural,2025-07-19 17:27:473
Other_species,A,-0.402769993181018,-0.402769993181018,1,2,-1,natural,2025-07-19 17:27:473
Nurse_S._viscosa,A,-4.486710714773004,-4.486710714773004,1,2,-1,restoration,2025-07-19 17:27:473
Nurse_G._struthium,A,-2.0729609110552585,-2.0729609110552585,1,2,-1,restoration,2025-07-19 17:27:473
H._squamatum,A,-4.390082721879392,-4.390082721879392,1,2,-1,restoration,2025-07-19 17:27:473
S._viscosa,A,-5.700506938687668,-5.700506938687668,1,2,-1,restoration,2025-07-19 17:27:473
C._hispanica,A,-6.899497801496555,-6.899497801496555,1,2,-1,restoration,2025-07-19 17:27:473
Other_species,A,-1.4963711000538624,-1.4963711000538624,1,2,-1,restoration,2025-07-19 17:27:473
Nurse_S._viscosa,A,-0.5649450998393645,-0.5649450998393645,1,2,-1,natural,2025-07-19 17:27:473
Nurse_G._struthium,A,-2.5050773809959606,-2.5050773809959606,1,2,-1,natural,2025-07-19 17:27:473
H._squamatum,A,-1.6513717664862724,-1.6513717664862724,1,2,-1,natural,2025-07-19 17:27:473
S._viscosa,A,-2.3404306347842847,-2.3404306347842847,1,2,-1,natural,2025-07-19 17:27:473
C._hispanica,A,-2.643290028537828,-2.643290028537828,1,2,-1,natural,2025-07-19 17:27:473
Other_species,A,-0.3660939883790543,-0.3660939883790543,1,2,-1,natural,2025-07-19 17:27:473
Nurse_S._viscosa,A,-2.9648414263010197,-2.9648414263010197,1,2,-1,restoration,2025-07-19 17:27:463
Nurse_G._struthium,A,-3.158854272651628,-3.158854272651628,1,2,-1,restoration,2025-07-19 17:27:463
H._squamatum,A,-6.5059312377844085,-6.5059312377844085,1,2,-1,restoration,2025-07-19 17:27:463
S._viscosa,A,-5.295697109696027,-5.295697109696027,1,2,-1,restoration,2025-07-19 17:27:463
C._hispanica,A,-6.4400402298920705,-6.4400402298920705,1,2,-1,restoration,2025-07-19 17:27:463
Other_species,A,-1.1054338917625666,-1.1054338917625666,1,2,-1,restoration,2025-07-19 17:27:463
Nurse_S._viscosa,A,-1.0333955072135357,-1.0333955072135357,1,2,-1,natural,2025-07-19 17:27:463
Nurse_G._struthium,A,-2.335289142025514,-2.335289142025514,1,2,-1,natural,2025-07-19 17:27:463
H._squamatum,A,-1.8467515819811597,-1.8467515819811597,1,2,-1,natural,2025-07-19 17:27:463
S._viscosa,A,-2.600704774509637,-2.600704774509637,1,2,-1,natural,2025-07-19 17:27:463
C._hispanica,A,-2.545305674171309,-2.545305674171309,1,2,-1,natural,2025-07-19 17:27:463
Other_species,A,-0.5202302275341659,-0.5202302275341659,1,2,-1,natural,2025-07-19 17:27:463
Nurse_S._viscosa,A,-3.592846905436738,-3.592846905436738,1,2,-1,restoration,2025-07-19 17:27:463
Nurse_G._struthium,A,-2.3958301182075643,-2.3958301182075643,1,2,-1,restoration,2025-07-19 17:27:463
H._squamatum,A,-5.335666906130654,-5.335666906130654,1,2,-1,restoration,2025-07-19 17:27:463
S._viscosa,A,-5.55424569423823,-5.55424569423823,1,2,-1,restoration,2025-07-19 17:27:463
C._hispanica,A,-7.826624570833277,-7.826624570833277,1,2,-1,restoration,2025-07-19 17:27:463
Other_species,A,-1.7881074815438038,-1.7881074815438038,1,2,-1,restoration,2025-07-19 17:27:463
Nurse_S._viscosa,A,-0.8320436252961371,-0.8320436252961371,1,2,-1,natural,2025-07-19 17:27:463
Nurse_G._struthium,A,-2.0715625990903757,-2.0715625990903757,1,2,-1,natural,2025-07-19 17:27:463
H._squamatum,A,-1.5761836435662917,-1.5761836435662917,1,2,-1,natural,2025-07-19 17:27:463
S._viscosa,A,-2.6392918990079686,-2.6392918990079686,1,2,-1,natural,2025-07-19 17:27:463
C._hispanica,A,-2.1846253720841338,-2.1846253720841338,1,2,-1,natural,2025-07-19 17:27:463
Other_species,A,-0.40833362686466407,-0.40833362686466407,1,2,-1,natural,2025-07-19 17:27:463
Nurse_S._viscosa,A,-4.69666451957612,-4.69666451957612,1,2,-1,restoration,2025-07-19 17:27:463
Nurse_G._struthium,A,-2.475501728657321,-2.475501728657321,1,2,-1,restoration,2025-07-19 17:27:463
H._squamatum,A,-5.189004561694725,-5.189004561694725,1,2,-1,restoration,2025-07-19 17:27:463
S._viscosa,A,-6.132901090082125,-6.132901090082125,1,2,-1,restoration,2025-07-19 17:27:463
C._hispanica,A,-7.838312037010167,-7.838312037010167,1,2,-1,restoration,2025-07-19 17:27:463
Other_species,A,-2.2195713972154736,-2.2195713972154736,1,2,-1,restoration,2025-07-19 17:27:463
Nurse_S._viscosa,A,-1.0213172948001596,-1.0213172948001596,1,2,-1,natural,2025-07-19 17:27:463
Nurse_G._struthium,A,-2.1376624626561176,-2.1376624626561176,1,2,-1,natural,2025-07-19 17:27:463
H._squamatum,A,-1.668863917344376,-1.668863917344376,1,2,-1,natural,2025-07-19 17:27:463
S._viscosa,A,-2.7147406125172684,-2.7147406125172684,1,2,-1,natural,2025-07-19 17:27:463
C._hispanica,A,-2.446618632448142,-2.446618632448142,1,2,-1,natural,2025-07-19 17:27:463
Other_species,A,-0.5425760026892088,-0.5425760026892088,1,2,-1,natural,2025-07-19 17:27:463
Nurse_S._viscosa,A,-4.350781627742185,-4.350781627742185,1,2,-1,restoration,2025-07-19 17:27:453
Nurse_G._struthium,A,-0.941057435505289,-0.941057435505289,1,2,-1,restoration,2025-07-19 17:27:453
H._squamatum,A,-4.590776965407908,-4.590776965407908,1,2,-1,restoration,2025-07-19 17:27:453
S._viscosa,A,-5.102037596868646,-5.102037596868646,1,2,-1,restoration,2025-07-19 17:27:453
C._hispanica,A,-6.923066876470289,-6.923066876470289,1,2,-1,restoration,2025-07-19 17:27:453
Other_species,A,-0.8781889439258339,-0.8781889439258339,1,2,-1,restoration,2025-07-19 17:27:453
Nurse_S._viscosa,A,-1.0675847019890987,-1.0675847019890987,1,2,-1,natural,2025-07-19 17:27:453
Nurse_G._struthium,A,-2.311117417441952,-2.311117417441952,1,2,-1,natural,2025-07-19 17:27:453
H._squamatum,A,-1.7853561215559766,-1.7853561215559766,1,2,-1,natural,2025-07-19 17:27:453
S._viscosa,A,-2.592644779400815,-2.592644779400815,1,2,-1,natural,2025-07-19 17:27:453
C._hispanica,A,-2.2879936484120207,-2.2879936484120207,1,2,-1,natural,2025-07-19 17:27:453
Other_species,A,-0.4055939891360956,-0.4055939891360956,1,2,-1,natural,2025-07-19 17:27:453
Nurse_S._viscosa,A,-3.2820221629609945,-3.2820221629609945,1,2,-1,restoration,2025-07-19 17:27:453
Nurse_G._struthium,A,-3.1196892268159244,-3.1196892268159244,1,2,-1,restoration,2025-07-19 17:27:453
H._squamatum,A,-5.846396131523902,-5.846396131523902,1,2,-1,restoration,2025-07-19 17:27:453
S._viscosa,A,-5.06765929782523,-5.06765929782523,1,2,-1,restoration,2025-07-19 17:27:453
C._hispanica,A,-7.415748563527591,-7.415748563527591,1,2,-1,restoration,2025-07-19 17:27:453
Other_species,A,-1.516893103216085,-1.516893103216085,1,2,-1,restoration,2025-07-19 17:27:453
Nurse_S._viscosa,A,-0.9177852892247697,-0.9177852892247697,1,2,-1,natural,2025-07-19 17:27:453
Nurse_G._struthium,A,-2.328328849206296,-2.328328849206296,1,2,-1,natural,2025-07-19 17:27:453
H._squamatum,A,-1.9395769406161343,-1.9395769406161343,1,2,-1,natural,2025-07-19 17:27:453
S._viscosa,A,-2.5033147418166024,-2.5033147418166024,1,2,-1,natural,2025-07-19 17:27:453
C._hispanica,A,-2.571916314348826,-2.571916314348826,1,2,-1,natural,2025-07-19 17:27:453
Other_species,A,-0.5358623573519673,-0.5358623573519673,1,2,-1,natural,2025-07-19 17:27:453
Nurse_S._viscosa,A,-4.644190608694602,-4.644190608694602,1,2,-1,restoration,2025-07-19 17:27:453
Nurse_G._struthium,A,-2.197876096446151,-2.197876096446151,1,2,-1,restoration,2025-07-19 17:27:453
H._squamatum,A,-4.958194323178201,-4.958194323178201,1,2,-1,restoration,2025-07-19 17:27:453
S._viscosa,A,-5.753903851309001,-5.753903851309001,1,2,-1,restoration,2025-07-19 17:27:453
C._hispanica,A,-7.038254586470778,-7.038254586470778,1,2,-1,restoration,2025-07-19 17:27:453
Other_species,A,-1.855859499947423,-1.855859499947423,1,2,-1,restoration,2025-07-19 17:27:453
Nurse_S._viscosa,A,-0.7539545465372873,-0.7539545465372873,1,2,-1,natural,2025-07-19 17:27:453
Nurse_G._struthium,A,-2.291354702380863,-2.291354702380863,1,2,-1,natural,2025-07-19 17:27:453
H._squamatum,A,-1.446569593605736,-1.446569593605736,1,2,-1,natural,2025-07-19 17:27:453
S._viscosa,A,-2.6168606822091727,-2.6168606822091727,1,2,-1,natural,2025-07-19 17:27:453
C._hispanica,A,-2.397536317784648,-2.397536317784648,1,2,-1,natural,2025-07-19 17:27:453
Other_species,A,-0.41782335549872107,-0.41782335549872107,1,2,-1,natural,2025-07-19 17:27:453
Nurse_S._viscosa,A,-2.5782081094148643,-2.5782081094148643,1,2,-1,restoration,2025-07-19 17:27:443
Nurse_G._struthium,A,-2.4420212601594744,-2.4420212601594744,1,2,-1,restoration,2025-07-19 17:27:443
H._squamatum,A,-5.506326937737794,-5.506326937737794,1,2,-1,restoration,2025-07-19 17:27:443
S._viscosa,A,-5.248999281917042,-5.248999281917042,1,2,-1,restoration,2025-07-19 17:27:443
C._hispanica,A,-7.559828379972631,-7.559828379972631,1,2,-1,restoration,2025-07-19 17:27:443
Other_species,A,-0.5547968603219688,-0.5547968603219688,1,2,-1,restoration,2025-07-19 17:27:443
Nurse_S._viscosa,A,-0.8205272115334928,-0.8205272115334928,1,2,-1,natural,2025-07-19 17:27:443
Nurse_G._struthium,A,-2.2575046709647686,-2.2575046709647686,1,2,-1,natural,2025-07-19 17:27:443
H._squamatum,A,-1.5581572802765564,-1.5581572802765564,1,2,-1,natural,2025-07-19 17:27:443
S._viscosa,A,-2.5743493696009265,-2.5743493696009265,1,2,-1,natural,2025-07-19 17:27:443
C._hispanica,A,-2.5995014615343432,-2.5995014615343432,1,2,-1,natural,2025-07-19 17:27:443
Other_species,A,-0.5940887289410329,-0.5940887289410329,1,2,-1,natural,2025-07-19 17:27:443
Nurse_S._viscosa,A,-4.402700217373234,-4.402700217373234,1,2,-1,restoration,2025-07-19 17:27:443
Nurse_G._struthium,A,-2.887379348611499,-2.887379348611499,1,2,-1,restoration,2025-07-19 17:27:443
H._squamatum,A,-6.036064226951274,-6.036064226951274,1,2,-1,restoration,2025-07-19 17:27:443
S._viscosa,A,-5.514841609535274,-5.514841609535274,1,2,-1,restoration,2025-07-19 17:27:443
C._hispanica,A,-7.131297864738103,-7.131297864738103,1,2,-1,restoration,2025-07-19 17:27:443
Other_species,A,-2.010090727705747,-2.010090727705747,1,2,-1,restoration,2025-07-19 17:27:443
Nurse_S._viscosa,A,-0.8889170235582422,-0.8889170235582422,1,2,-1,natural,2025-07-19 17:27:443
Nurse_G._struthium,A,-2.24712069313909,-2.24712069313909,1,2,-1,natural,2025-07-19 17:27:443
H._squamatum,A,-1.8689547758524587,-1.8689547758524587,1,2,-1,natural,2025-07-19 17:27:443
S._viscosa,A,-2.400591927374446,-2.400591927374446,1,2,-1,natural,2025-07-19 17:27:443
C._hispanica,A,-2.71609735112392,-2.71609735112392,1,2,-1,natural,2025-07-19 17:27:443
Other_species,A,-0.7247732167212595,-0.7247732167212595,1,2,-1,natural,2025-07-19 17:27:443
Nurse_S._viscosa,A,-3.66962032899247,-3.66962032899247,1,2,-1,restoration,2025-07-19 17:27:433
Nurse_G._struthium,A,-2.4892882977589443,-2.4892882977589443,1,2,-1,restoration,2025-07-19 17:27:433
H._squamatum,A,-6.566118872673621,-6.566118872673621,1,2,-1,restoration,2025-07-19 17:27:433
S._viscosa,A,-5.684702962581354,-5.684702962581354,1,2,-1,restoration,2025-07-19 17:27:433
C._hispanica,A,-6.485156929836199,-6.485156929836199,1,2,-1,restoration,2025-07-19 17:27:433
Other_species,A,-1.5391641883334053,-1.5391641883334053,1,2,-1,restoration,2025-07-19 17:27:433
Nurse_S._viscosa,A,-0.6827355116591249,-0.6827355116591249,1,2,-1,natural,2025-07-19 17:27:433
Nurse_G._struthium,A,-2.2273772499136157,-2.2273772499136157,1,2,-1,natural,2025-07-19 17:27:433
H._squamatum,A,-1.438504480911368,-1.438504480911368,1,2,-1,natural,2025-07-19 17:27:433
S._viscosa,A,-2.304015735979374,-2.304015735979374,1,2,-1,natural,2025-07-19 17:27:433
C._hispanica,A,-2.6560826898327528,-2.6560826898327528,1,2,-1,natural,2025-07-19 17:27:433
Other_species,A,-0.35027342757852087,-0.35027342757852087,1,2,-1,natural,2025-07-19 17:27:433
Nurse_S._viscosa,A,-4.125509148815325,-4.125509148815325,1,2,-1,restoration,2025-07-19 17:27:433
Nurse_G._struthium,A,-2.9570439229927863,-2.9570439229927863,1,2,-1,restoration,2025-07-19 17:27:433
H._squamatum,A,-6.394255348051484,-6.394255348051484,1,2,-1,restoration,2025-07-19 17:27:433
S._viscosa,A,-5.608575784772688,-5.608575784772688,1,2,-1,restoration,2025-07-19 17:27:433
C._hispanica,A,-7.390386021009583,-7.390386021009583,1,2,-1,restoration,2025-07-19 17:27:433
Other_species,A,-2.274105207086185,-2.274105207086185,1,2,-1,restoration,2025-07-19 17:27:433
Nurse_S._viscosa,A,-1.1572038757445817,-1.1572038757445817,1,2,-1,natural,2025-07-19 17:27:433
Nurse_G._struthium,A,-2.535524249352242,-2.535524249352242,1,2,-1,natural,2025-07-19 17:27:433
H._squamatum,A,-2.0302973555471184,-2.0302973555471184,1,2,-1,natural,2025-07-19 17:27:433
S._viscosa,A,-2.6328141597858847,-2.6328141597858847,1,2,-1,natural,2025-07-19 17:27:433
C._hispanica,A,-2.6217610117359063,-2.6217610117359063,1,2,-1,natural,2025-07-19 17:27:433
Other_species,A,-0.7725633092071186,-0.7725633092071186,1,2,-1,natural,2025-07-19 17:27:433
Nurse_S._viscosa,A,-4.668287291756909,-4.668287291756909,1,2,-1,restoration,2025-07-19 17:27:433
Nurse_G._struthium,A,-1.9908101233637263,-1.9908101233637263,1,2,-1,restoration,2025-07-19 17:27:433
H._squamatum,A,-4.662417194753856,-4.662417194753856,1,2,-1,restoration,2025-07-19 17:27:433
S._viscosa,A,-5.775875208178017,-5.775875208178017,1,2,-1,restoration,2025-07-19 17:27:433
C._hispanica,A,-6.772489500367732,-6.772489500367732,1,2,-1,restoration,2025-07-19 17:27:433
Other_species,A,-1.5714435115257073,-1.5714435115257073,1,2,-1,restoration,2025-07-19 17:27:433
Nurse_S._viscosa,A,-0.8236037355790548,-0.8236037355790548,1,2,-1,natural,2025-07-19 17:27:433
Nurse_G._struthium,A,-2.229034239513487,-2.229034239513487,1,2,-1,natural,2025-07-19 17:27:433
H._squamatum,A,-1.5758234060923875,-1.5758234060923875,1,2,-1,natural,2025-07-19 17:27:433
S._viscosa,A,-2.6800455312259643,-2.6800455312259643,1,2,-1,natural,2025-07-19 17:27:433
C._hispanica,A,-2.3602875804472605,-2.3602875804472605,1,2,-1,natural,2025-07-19 17:27:433
Other_species,A,-0.464895732967178,-0.464895732967178,1,2,-1,natural,2025-07-19 17:27:433
Nurse_S._viscosa,A,-3.6760955540912303,-3.6760955540912303,1,2,-1,restoration,2025-07-19 17:27:423
Nurse_G._struthium,A,-2.050308370528385,-2.050308370528385,1,2,-1,restoration,2025-07-19 17:27:423
H._squamatum,A,-4.901447814969776,-4.901447814969776,1,2,-1,restoration,2025-07-19 17:27:423
S._viscosa,A,-5.424833598020852,-5.424833598020852,1,2,-1,restoration,2025-07-19 17:27:423
C._hispanica,A,-6.843096506830097,-6.843096506830097,1,2,-1,restoration,2025-07-19 17:27:423
Other_species,A,-1.4061021331934598,-1.4061021331934598,1,2,-1,restoration,2025-07-19 17:27:423
Nurse_S._viscosa,A,-1.0705601563381577,-1.0705601563381577,1,2,-1,natural,2025-07-19 17:27:423
Nurse_G._struthium,A,-2.66663495030628,-2.66663495030628,1,2,-1,natural,2025-07-19 17:27:423
H._squamatum,A,-1.895052479310738,-1.895052479310738,1,2,-1,natural,2025-07-19 17:27:423
S._viscosa,A,-2.517070591106575,-2.517070591106575,1,2,-1,natural,2025-07-19 17:27:423
C._hispanica,A,-2.5456815351432076,-2.5456815351432076,1,2,-1,natural,2025-07-19 17:27:423
Other_species,A,-0.5366497193484804,-0.5366497193484804,1,2,-1,natural,2025-07-19 17:27:423
Nurse_S._viscosa,A,-3.4552169618740063,-3.4552169618740063,1,2,-1,restoration,2025-07-19 17:27:423
Nurse_G._struthium,A,-2.3314112460427396,-2.3314112460427396,1,2,-1,restoration,2025-07-19 17:27:423
H._squamatum,A,-5.127277044200331,-5.127277044200331,1,2,-1,restoration,2025-07-19 17:27:423
S._viscosa,A,-4.660876042232771,-4.660876042232771,1,2,-1,restoration,2025-07-19 17:27:423
C._hispanica,A,-6.942429877723835,-6.942429877723835,1,2,-1,restoration,2025-07-19 17:27:423
Other_species,A,-1.1930015774390117,-1.1930015774390117,1,2,-1,restoration,2025-07-19 17:27:423
Nurse_S._viscosa,A,-0.7640550911660874,-0.7640550911660874,1,2,-1,natural,2025-07-19 17:27:423
Nurse_G._struthium,A,-2.1505964477202033,-2.1505964477202033,1,2,-1,natural,2025-07-19 17:27:423
H._squamatum,A,-1.7883514160773848,-1.7883514160773848,1,2,-1,natural,2025-07-19 17:27:423
S._viscosa,A,-2.345165918700394,-2.345165918700394,1,2,-1,natural,2025-07-19 17:27:423
C._hispanica,A,-2.298328530371272,-2.298328530371272,1,2,-1,natural,2025-07-19 17:27:423
Other_species,A,-0.5423248120773957,-0.5423248120773957,1,2,-1,natural,2025-07-19 17:27:423
Nurse_S._viscosa,A,-3.754205598673315,-3.754205598673315,1,2,-1,restoration,2025-07-19 17:27:423
Nurse_G._struthium,A,-2.3109956803754046,-2.3109956803754046,1,2,-1,restoration,2025-07-19 17:27:423
H._squamatum,A,-5.107260864784141,-5.107260864784141,1,2,-1,restoration,2025-07-19 17:27:423
S._viscosa,A,-5.461253519055188,-5.461253519055188,1,2,-1,restoration,2025-07-19 17:27:423
C._hispanica,A,-7.043127417801667,-7.043127417801667,1,2,-1,restoration,2025-07-19 17:27:423
Other_species,A,-1.2703893864030507,-1.2703893864030507,1,2,-1,restoration,2025-07-19 17:27:423
Nurse_S._viscosa,A,-0.8460798164955515,-0.8460798164955515,1,2,-1,natural,2025-07-19 17:27:423
Nurse_G._struthium,A,-2.202180585004873,-2.202180585004873,1,2,-1,natural,2025-07-19 17:27:423
H._squamatum,A,-1.7929826517204948,-1.7929826517204948,1,2,-1,natural,2025-07-19 17:27:423
S._viscosa,A,-2.3100270607430975,-2.3100270607430975,1,2,-1,natural,2025-07-19 17:27:423
C._hispanica,A,-2.63960989319039,-2.63960989319039,1,2,-1,natural,2025-07-19 17:27:423
Other_species,A,-0.36054686641174005,-0.36054686641174005,1,2,-1,natural,2025-07-19 17:27:423
Nurse_S._viscosa,A,-2.6952799596113555,-2.6952799596113555,1,2,-1,restoration,2025-07-19 17:27:413
Nurse_G._struthium,A,-1.7757182730677645,-1.7757182730677645,1,2,-1,restoration,2025-07-19 17:27:413
H._squamatum,A,-5.443612066977071,-5.443612066977071,1,2,-1,restoration,2025-07-19 17:27:413
S._viscosa,A,-4.785156614072822,-4.785156614072822,1,2,-1,restoration,2025-07-19 17:27:413
C._hispanica,A,-6.96432483720907,-6.96432483720907,1,2,-1,restoration,2025-07-19 17:27:413
Other_species,A,-0.8325556757069101,-0.8325556757069101,1,2,-1,restoration,2025-07-19 17:27:413
Nurse_S._viscosa,A,-0.8376999388201525,-0.8376999388201525,1,2,-1,natural,2025-07-19 17:27:413
Nurse_G._struthium,A,-2.401238701211861,-2.401238701211861,1,2,-1,natural,2025-07-19 17:27:413
H._squamatum,A,-1.5067323191212534,-1.5067323191212534,1,2,-1,natural,2025-07-19 17:27:413
S._viscosa,A,-2.6441962709394633,-2.6441962709394633,1,2,-1,natural,2025-07-19 17:27:413
C._hispanica,A,-2.4700232808044658,-2.4700232808044658,1,2,-1,natural,2025-07-19 17:27:413
Other_species,A,-0.4430335851262967,-0.4430335851262967,1,2,-1,natural,2025-07-19 17:27:413
Nurse_S._viscosa,A,-5.357177332494491,-5.357177332494491,1,2,-1,restoration,2025-07-19 17:27:413
Nurse_G._struthium,A,-3.169460210254912,-3.169460210254912,1,2,-1,restoration,2025-07-19 17:27:413
H._squamatum,A,-5.63341402382703,-5.63341402382703,1,2,-1,restoration,2025-07-19 17:27:413
S._viscosa,A,-6.204043779484142,-6.204043779484142,1,2,-1,restoration,2025-07-19 17:27:413
C._hispanica,A,-6.566013675533476,-6.566013675533476,1,2,-1,restoration,2025-07-19 17:27:413
Other_species,A,-2.7984979594547688,-2.7984979594547688,1,2,-1,restoration,2025-07-19 17:27:413
Nurse_S._viscosa,A,-0.7394615591682046,-0.7394615591682046,1,2,-1,natural,2025-07-19 17:27:413
Nurse_G._struthium,A,-2.4668561560503592,-2.4668561560503592,1,2,-1,natural,2025-07-19 17:27:413
H._squamatum,A,-1.6528758399070758,-1.6528758399070758,1,2,-1,natural,2025-07-19 17:27:413
S._viscosa,A,-2.666956055694396,-2.666956055694396,1,2,-1,natural,2025-07-19 17:27:413
C._hispanica,A,-2.89816973283413,-2.89816973283413,1,2,-1,natural,2025-07-19 17:27:413
Other_species,A,-0.5405795902881628,-0.5405795902881628,1,2,-1,natural,2025-07-19 17:27:413
Nurse_S._viscosa,A,-4.441790350008854,-4.441790350008854,1,2,-1,restoration,2025-07-19 17:27:403
Nurse_G._struthium,A,-3.1881966407284748,-3.1881966407284748,1,2,-1,restoration,2025-07-19 17:27:403
H._squamatum,A,-6.553838527232864,-6.553838527232864,1,2,-1,restoration,2025-07-19 17:27:403
S._viscosa,A,-5.343238001508762,-5.343238001508762,1,2,-1,restoration,2025-07-19 17:27:403
C._hispanica,A,-8.267082539844013,-8.267082539844013,1,2,-1,restoration,2025-07-19 17:27:403
Other_species,A,-2.475417959743331,-2.475417959743331,1,2,-1,restoration,2025-07-19 17:27:403
Nurse_S._viscosa,A,-0.9482388194714191,-0.9482388194714191,1,2,-1,natural,2025-07-19 17:27:403
Nurse_G._struthium,A,-2.401889525607566,-2.401889525607566,1,2,-1,natural,2025-07-19 17:27:403
H._squamatum,A,-2.1462472042867216,-2.1462472042867216,1,2,-1,natural,2025-07-19 17:27:403
S._viscosa,A,-2.469363156345849,-2.469363156345849,1,2,-1,natural,2025-07-19 17:27:403
C._hispanica,A,-2.5367425686823823,-2.5367425686823823,1,2,-1,natural,2025-07-19 17:27:403
Other_species,A,-0.7678896892945203,-0.7678896892945203,1,2,-1,natural,2025-07-19 17:27:403
Nurse_S._viscosa,A,-6.982411208645217,-6.982411208645217,1,2,-1,restoration,2025-07-19 17:27:403
Nurse_G._struthium,A,-2.9198584725775953,-2.9198584725775953,1,2,-1,restoration,2025-07-19 17:27:403
H._squamatum,A,-5.848322961873801,-5.848322961873801,1,2,-1,restoration,2025-07-19 17:27:403
S._viscosa,A,-6.749873304736888,-6.749873304736888,1,2,-1,restoration,2025-07-19 17:27:403
C._hispanica,A,-7.798172914993497,-7.798172914993497,1,2,-1,restoration,2025-07-19 17:27:403
Other_species,A,-3.5849734425113358,-3.5849734425113358,1,2,-1,restoration,2025-07-19 17:27:403
Nurse_S._viscosa,A,-0.9445470579019515,-0.9445470579019515,1,2,-1,natural,2025-07-19 17:27:403
Nurse_G._struthium,A,-2.323878453386603,-2.323878453386603,1,2,-1,natural,2025-07-19 17:27:403
H._squamatum,A,-1.7996217603326388,-1.7996217603326388,1,2,-1,natural,2025-07-19 17:27:403
S._viscosa,A,-2.630844510734554,-2.630844510734554,1,2,-1,natural,2025-07-19 17:27:403
C._hispanica,A,-2.5609621258270083,-2.5609621258270083,1,2,-1,natural,2025-07-19 17:27:403
Other_species,A,-0.6094951794068758,-0.6094951794068758,1,2,-1,natural,2025-07-19 17:27:403
Nurse_S._viscosa,A,-3.0506385253823383,-3.0506385253823383,1,2,-1,restoration,2025-07-19 17:27:403
Nurse_G._struthium,A,-2.013966731324009,-2.013966731324009,1,2,-1,restoration,2025-07-19 17:27:403
H._squamatum,A,-5.8020228941876475,-5.8020228941876475,1,2,-1,restoration,2025-07-19 17:27:403
S._viscosa,A,-5.251986476215795,-5.251986476215795,1,2,-1,restoration,2025-07-19 17:27:403
C._hispanica,A,-7.110590983179421,-7.110590983179421,1,2,-1,restoration,2025-07-19 17:27:403
Other_species,A,-1.5561661563222642,-1.5561661563222642,1,2,-1,restoration,2025-07-19 17:27:403
Nurse_S._viscosa,A,-0.6466764777875682,-0.6466764777875682,1,2,-1,natural,2025-07-19 17:27:403
Nurse_G._struthium,A,-2.6210057024797844,-2.6210057024797844,1,2,-1,natural,2025-07-19 17:27:403
H._squamatum,A,-1.673235453593766,-1.673235453593766,1,2,-1,natural,2025-07-19 17:27:403
S._viscosa,A,-2.6005218193747544,-2.6005218193747544,1,2,-1,natural,2025-07-19 17:27:403
C._hispanica,A,-2.4611326572845282,-2.4611326572845282,1,2,-1,natural,2025-07-19 17:27:403
Other_species,A,-0.7565618809252136,-0.7565618809252136,1,2,-1,natural,2025-07-19 17:27:403
Nurse_S._viscosa,A,-3.5934290609991795,-3.5934290609991795,1,2,-1,restoration,2025-07-19 17:27:393
Nurse_G._struthium,A,-2.948128901035665,-2.948128901035665,1,2,-1,restoration,2025-07-19 17:27:393
H._squamatum,A,-6.3920083330071495,-6.3920083330071495,1,2,-1,restoration,2025-07-19 17:27:393
S._viscosa,A,-5.030808494739077,-5.030808494739077,1,2,-1,restoration,2025-07-19 17:27:393
C._hispanica,A,-6.477830245377159,-6.477830245377159,1,2,-1,restoration,2025-07-19 17:27:393
Other_species,A,-1.3547913845954722,-1.3547913845954722,1,2,-1,restoration,2025-07-19 17:27:393
Nurse_S._viscosa,A,-0.9770213131875884,-0.9770213131875884,1,2,-1,natural,2025-07-19 17:27:393
Nurse_G._struthium,A,-2.4582287275902552,-2.4582287275902552,1,2,-1,natural,2025-07-19 17:27:393
H._squamatum,A,-1.4275535690341963,-1.4275535690341963,1,2,-1,natural,2025-07-19 17:27:393
S._viscosa,A,-2.329406295045555,-2.329406295045555,1,2,-1,natural,2025-07-19 17:27:393
C._hispanica,A,-2.480176484011743,-2.480176484011743,1,2,-1,natural,2025-07-19 17:27:393
Other_species,A,-0.5766869382843252,-0.5766869382843252,1,2,-1,natural,2025-07-19 17:27:393
Nurse_S._viscosa,A,-3.0459563749079726,-3.0459563749079726,1,2,-1,restoration,2025-07-19 17:27:393
Nurse_G._struthium,A,-1.8039086296981008,-1.8039086296981008,1,2,-1,restoration,2025-07-19 17:27:393
H._squamatum,A,-6.179036853588936,-6.179036853588936,1,2,-1,restoration,2025-07-19 17:27:393
S._viscosa,A,-5.315128069059659,-5.315128069059659,1,2,-1,restoration,2025-07-19 17:27:393
C._hispanica,A,-7.130049246365653,-7.130049246365653,1,2,-1,restoration,2025-07-19 17:27:393
Other_species,A,-0.9776670790088586,-0.9776670790088586,1,2,-1,restoration,2025-07-19 17:27:393
Nurse_S._viscosa,A,-0.8962983168257579,-0.8962983168257579,1,2,-1,natural,2025-07-19 17:27:393
Nurse_G._struthium,A,-2.4973845987447927,-2.4973845987447927,1,2,-1,natural,2025-07-19 17:27:393
H._squamatum,A,-1.6179286617501687,-1.6179286617501687,1,2,-1,natural,2025-07-19 17:27:393
S._viscosa,A,-2.466595329542493,-2.466595329542493,1,2,-1,natural,2025-07-19 17:27:393
C._hispanica,A,-2.4935458264215833,-2.4935458264215833,1,2,-1,natural,2025-07-19 17:27:393
Other_species,A,-0.7495310224601158,-0.7495310224601158,1,2,-1,natural,2025-07-19 17:27:393
Nurse_S._viscosa,A,-2.057398309553255,-2.057398309553255,1,2,-1,restoration,2025-07-19 17:27:393
Nurse_G._struthium,A,-1.31450753507074,-1.31450753507074,1,2,-1,restoration,2025-07-19 17:27:393
H._squamatum,A,-5.321291927994237,-5.321291927994237,1,2,-1,restoration,2025-07-19 17:27:393
S._viscosa,A,-4.007363277045192,-4.007363277045192,1,2,-1,restoration,2025-07-19 17:27:393
C._hispanica,A,-6.720544183843143,-6.720544183843143,1,2,-1,restoration,2025-07-19 17:27:393
Other_species,A,-0.09172485836775915,-0.09172485836775915,1,2,-1,restoration,2025-07-19 17:27:393
Nurse_S._viscosa,A,-0.9790215142081662,-0.9790215142081662,1,2,-1,natural,2025-07-19 17:27:393
Nurse_G._struthium,A,-2.463692886619912,-2.463692886619912,1,2,-1,natural,2025-07-19 17:27:393
H._squamatum,A,-2.0433502661516547,-2.0433502661516547,1,2,-1,natural,2025-07-19 17:27:393
S._viscosa,A,-2.6054098948300717,-2.6054098948300717,1,2,-1,natural,2025-07-19 17:27:393
C._hispanica,A,-2.786823601574756,-2.786823601574756,1,2,-1,natural,2025-07-19 17:27:393
Other_species,A,-0.7781861234569529,-0.7781861234569529,1,2,-1,natural,2025-07-19 17:27:393
Nurse_S._viscosa,A,-3.4188926202143013,-3.4188926202143013,1,2,-1,restoration,2025-07-19 17:27:383
Nurse_G._struthium,A,-1.71104721431073,-1.71104721431073,1,2,-1,restoration,2025-07-19 17:27:383
H._squamatum,A,-4.371121145940087,-4.371121145940087,1,2,-1,restoration,2025-07-19 17:27:383
S._viscosa,A,-5.002187886593562,-5.002187886593562,1,2,-1,restoration,2025-07-19 17:27:383
C._hispanica,A,-6.826526698954499,-6.826526698954499,1,2,-1,restoration,2025-07-19 17:27:383
Other_species,A,-1.0584108600141628,-1.0584108600141628,1,2,-1,restoration,2025-07-19 17:27:383
Nurse_S._viscosa,A,-0.689017933874331,-0.689017933874331,1,2,-1,natural,2025-07-19 17:27:383
Nurse_G._struthium,A,-2.21448851636385,-2.21448851636385,1,2,-1,natural,2025-07-19 17:27:383
H._squamatum,A,-1.5540369338754683,-1.5540369338754683,1,2,-1,natural,2025-07-19 17:27:383
S._viscosa,A,-2.4867680931556824,-2.4867680931556824,1,2,-1,natural,2025-07-19 17:27:383
C._hispanica,A,-2.575518939672169,-2.575518939672169,1,2,-1,natural,2025-07-19 17:27:383
Other_species,A,-0.3873400677113786,-0.3873400677113786,1,2,-1,natural,2025-07-19 17:27:383
Nurse_S._viscosa,A,-4.185430342051439,-4.185430342051439,1,2,-1,restoration,2025-07-19 17:27:383
Nurse_G._struthium,A,-2.7014999035431466,-2.7014999035431466,1,2,-1,restoration,2025-07-19 17:27:383
H._squamatum,A,-5.87456995782934,-5.87456995782934,1,2,-1,restoration,2025-07-19 17:27:383
S._viscosa,A,-5.54638444922379,-5.54638444922379,1,2,-1,restoration,2025-07-19 17:27:383
C._hispanica,A,-7.325104198742934,-7.325104198742934,1,2,-1,restoration,2025-07-19 17:27:383
Other_species,A,-2.097187691029682,-2.097187691029682,1,2,-1,restoration,2025-07-19 17:27:383
Nurse_S._viscosa,A,-1.2033951956290416,-1.2033951956290416,1,2,-1,natural,2025-07-19 17:27:383
Nurse_G._struthium,A,-2.4615774888123694,-2.4615774888123694,1,2,-1,natural,2025-07-19 17:27:383
H._squamatum,A,-2.005460198706657,-2.005460198706657,1,2,-1,natural,2025-07-19 17:27:383
S._viscosa,A,-2.4201668299632466,-2.4201668299632466,1,2,-1,natural,2025-07-19 17:27:383
C._hispanica,A,-2.6111776029799576,-2.6111776029799576,1,2,-1,natural,2025-07-19 17:27:383
Other_species,A,-0.6416750571750709,-0.6416750571750709,1,2,-1,natural,2025-07-19 17:27:383
