Var1,Var2,Freq,value,min_species_for_fit,order,frac,data_type,tag
Nurse_S._viscosa,Nurse_G._struthium,-8.67020771375326,-8.67020771375326,1,2,-1,restoration,2025-07-19 17:29:053
Nurse_S._viscosa,H._squamatum,3.45448444385755,3.45448444385755,1,2,-1,restoration,2025-07-19 17:29:053
Nurse_G._struthium,H._squamatum,3.95726035643531,3.95726035643531,1,2,-1,restoration,2025-07-19 17:29:053
Nurse_S._viscosa,S._viscosa,2.56937140561056,2.56937140561056,1,2,-1,restoration,2025-07-19 17:29:053
Nurse_G._struthium,S._viscosa,0.583110233242684,0.583110233242684,1,2,-1,restoration,2025-07-19 17:29:053
H._squamatum,S._viscosa,0.249831871374381,0.249831871374381,1,2,-1,restoration,2025-07-19 17:29:053
Nurse_S._viscosa,C._hispanica,2.12083204539275,2.12083204539275,1,2,-1,restoration,2025-07-19 17:29:053
Nurse_G._struthium,C._hispanica,-0.227046045569711,-0.227046045569711,1,2,-1,restoration,2025-07-19 17:29:053
H._squamatum,C._hispanica,-1.16331821728785,-1.16331821728785,1,2,-1,restoration,2025-07-19 17:29:053
S._viscosa,C._hispanica,-0.959460210915355,-0.959460210915355,1,2,-1,restoration,2025-07-19 17:29:053
Nurse_S._viscosa,Other_species,1.33224813004941,1.33224813004941,1,2,-1,restoration,2025-07-19 17:29:053
Nurse_G._struthium,Other_species,1.80711528833924,1.80711528833924,1,2,-1,restoration,2025-07-19 17:29:053
H._squamatum,Other_species,0.899069257463412,0.899069257463412,1,2,-1,restoration,2025-07-19 17:29:053
S._viscosa,Other_species,1.14620505749695,1.14620505749695,1,2,-1,restoration,2025-07-19 17:29:053
C._hispanica,Other_species,1.56002281221899,1.56002281221899,1,2,-1,restoration,2025-07-19 17:29:053
Nurse_S._viscosa,Nurse_G._struthium,-6.88511045850174,-6.88511045850174,1,2,-1,natural,2025-07-19 17:29:053
Nurse_S._viscosa,H._squamatum,1.3283727300275,1.3283727300275,1,2,-1,natural,2025-07-19 17:29:053
Nurse_G._struthium,H._squamatum,0.489585602765284,0.489585602765284,1,2,-1,natural,2025-07-19 17:29:053
Nurse_S._viscosa,S._viscosa,-0.458215978749526,-0.458215978749526,1,2,-1,natural,2025-07-19 17:29:053
Nurse_G._struthium,S._viscosa,0.683184341813199,0.683184341813199,1,2,-1,natural,2025-07-19 17:29:053
H._squamatum,S._viscosa,1.08070862207493,1.08070862207493,1,2,-1,natural,2025-07-19 17:29:053
Nurse_S._viscosa,C._hispanica,0.967941444632237,0.967941444632237,1,2,-1,natural,2025-07-19 17:29:053
Nurse_G._struthium,C._hispanica,0.0784145451058725,0.0784145451058725,1,2,-1,natural,2025-07-19 17:29:053
H._squamatum,C._hispanica,0.557877212462811,0.557877212462811,1,2,-1,natural,2025-07-19 17:29:053
S._viscosa,C._hispanica,0.687212174900074,0.687212174900074,1,2,-1,natural,2025-07-19 17:29:053
Nurse_S._viscosa,Other_species,-0.106211598619807,-0.106211598619807,1,2,-1,natural,2025-07-19 17:29:053
Nurse_G._struthium,Other_species,1.8952998977737,1.8952998977737,1,2,-1,natural,2025-07-19 17:29:053
H._squamatum,Other_species,0.659724096042187,0.659724096042187,1,2,-1,natural,2025-07-19 17:29:053
S._viscosa,Other_species,0.881904042676627,0.881904042676627,1,2,-1,natural,2025-07-19 17:29:053
C._hispanica,Other_species,0.548303715774455,0.548303715774455,1,2,-1,natural,2025-07-19 17:29:053
Nurse_S._viscosa,Nurse_G._struthium,-8.06136335255068,-8.06136335255068,1,2,-1,restoration,2025-07-19 17:29:043
Nurse_S._viscosa,H._squamatum,1.64160762293163,1.64160762293163,1,2,-1,restoration,2025-07-19 17:29:043
Nurse_G._struthium,H._squamatum,2.29058826163104,2.29058826163104,1,2,-1,restoration,2025-07-19 17:29:043
Nurse_S._viscosa,S._viscosa,3.87284490462477,3.87284490462477,1,2,-1,restoration,2025-07-19 17:29:043
Nurse_G._struthium,S._viscosa,1.18977113624593,1.18977113624593,1,2,-1,restoration,2025-07-19 17:29:043
H._squamatum,S._viscosa,1.06010563730275,1.06010563730275,1,2,-1,restoration,2025-07-19 17:29:043
Nurse_S._viscosa,C._hispanica,3.25902745873626,3.25902745873626,1,2,-1,restoration,2025-07-19 17:29:043
Nurse_G._struthium,C._hispanica,1.76923251028772,1.76923251028772,1,2,-1,restoration,2025-07-19 17:29:043
H._squamatum,C._hispanica,-1.70104050001343,-1.70104050001343,1,2,-1,restoration,2025-07-19 17:29:043
S._viscosa,C._hispanica,-0.576233920692329,-0.576233920692329,1,2,-1,restoration,2025-07-19 17:29:043
Nurse_S._viscosa,Other_species,3.43385865015156,3.43385865015156,1,2,-1,restoration,2025-07-19 17:29:043
Nurse_G._struthium,Other_species,3.37757626364723,3.37757626364723,1,2,-1,restoration,2025-07-19 17:29:043
H._squamatum,Other_species,1.59303203832822,1.59303203832822,1,2,-1,restoration,2025-07-19 17:29:043
S._viscosa,Other_species,1.925154889119,1.925154889119,1,2,-1,restoration,2025-07-19 17:29:043
C._hispanica,Other_species,2.15254541709595,2.15254541709595,1,2,-1,restoration,2025-07-19 17:29:043
Nurse_S._viscosa,Nurse_G._struthium,-6.96477397092725,-6.96477397092725,1,2,-1,natural,2025-07-19 17:29:043
Nurse_S._viscosa,H._squamatum,1.21928066286251,1.21928066286251,1,2,-1,natural,2025-07-19 17:29:043
Nurse_G._struthium,H._squamatum,0.437993606229227,0.437993606229227,1,2,-1,natural,2025-07-19 17:29:043
Nurse_S._viscosa,S._viscosa,-0.566520445323997,-0.566520445323997,1,2,-1,natural,2025-07-19 17:29:043
Nurse_G._struthium,S._viscosa,0.510772036622633,0.510772036622633,1,2,-1,natural,2025-07-19 17:29:043
H._squamatum,S._viscosa,1.19359063363742,1.19359063363742,1,2,-1,natural,2025-07-19 17:29:043
Nurse_S._viscosa,C._hispanica,0.49659995774251,0.49659995774251,1,2,-1,natural,2025-07-19 17:29:043
Nurse_G._struthium,C._hispanica,-0.0382101709392383,-0.0382101709392383,1,2,-1,natural,2025-07-19 17:29:043
H._squamatum,C._hispanica,0.702011356182182,0.702011356182182,1,2,-1,natural,2025-07-19 17:29:043
S._viscosa,C._hispanica,0.356007084150474,0.356007084150474,1,2,-1,natural,2025-07-19 17:29:043
Nurse_S._viscosa,Other_species,-0.153635920285856,-0.153635920285856,1,2,-1,natural,2025-07-19 17:29:043
Nurse_G._struthium,Other_species,1.74079961143878,1.74079961143878,1,2,-1,natural,2025-07-19 17:29:043
H._squamatum,Other_species,0.403927255490758,0.403927255490758,1,2,-1,natural,2025-07-19 17:29:043
S._viscosa,Other_species,0.520435724798931,0.520435724798931,1,2,-1,natural,2025-07-19 17:29:043
C._hispanica,Other_species,0.230305633324136,0.230305633324136,1,2,-1,natural,2025-07-19 17:29:043
Nurse_S._viscosa,Nurse_G._struthium,-8.45426163614242,-8.45426163614242,1,2,-1,restoration,2025-07-19 17:29:043
Nurse_S._viscosa,H._squamatum,1.1436929079935,1.1436929079935,1,2,-1,restoration,2025-07-19 17:29:043
Nurse_G._struthium,H._squamatum,2.9690217688135,2.9690217688135,1,2,-1,restoration,2025-07-19 17:29:043
Nurse_S._viscosa,S._viscosa,4.05093480723592,4.05093480723592,1,2,-1,restoration,2025-07-19 17:29:043
Nurse_G._struthium,S._viscosa,1.67789331569955,1.67789331569955,1,2,-1,restoration,2025-07-19 17:29:043
H._squamatum,S._viscosa,0.245687422455911,0.245687422455911,1,2,-1,restoration,2025-07-19 17:29:043
Nurse_S._viscosa,C._hispanica,3.64930388431202,3.64930388431202,1,2,-1,restoration,2025-07-19 17:29:043
Nurse_G._struthium,C._hispanica,1.42893128567715,1.42893128567715,1,2,-1,restoration,2025-07-19 17:29:043
H._squamatum,C._hispanica,0.582011381741305,0.582011381741305,1,2,-1,restoration,2025-07-19 17:29:043
S._viscosa,C._hispanica,-1.03485898463516,-1.03485898463516,1,2,-1,restoration,2025-07-19 17:29:043
Nurse_S._viscosa,Other_species,3.24457352154543,3.24457352154543,1,2,-1,restoration,2025-07-19 17:29:043
Nurse_G._struthium,Other_species,3.41191430416965,3.41191430416965,1,2,-1,restoration,2025-07-19 17:29:043
H._squamatum,Other_species,-0.0330608500465434,-0.0330608500465434,1,2,-1,restoration,2025-07-19 17:29:043
S._viscosa,Other_species,1.07909566792381,1.07909566792381,1,2,-1,restoration,2025-07-19 17:29:043
C._hispanica,Other_species,2.36002533823812,2.36002533823812,1,2,-1,restoration,2025-07-19 17:29:043
Nurse_S._viscosa,Nurse_G._struthium,-6.85464219005807,-6.85464219005807,1,2,-1,natural,2025-07-19 17:29:043
Nurse_S._viscosa,H._squamatum,1.02505981009727,1.02505981009727,1,2,-1,natural,2025-07-19 17:29:043
Nurse_G._struthium,H._squamatum,0.321669509274486,0.321669509274486,1,2,-1,natural,2025-07-19 17:29:043
Nurse_S._viscosa,S._viscosa,-0.505746781687697,-0.505746781687697,1,2,-1,natural,2025-07-19 17:29:043
Nurse_G._struthium,S._viscosa,0.421723412021492,0.421723412021492,1,2,-1,natural,2025-07-19 17:29:043
H._squamatum,S._viscosa,1.01650797405099,1.01650797405099,1,2,-1,natural,2025-07-19 17:29:043
Nurse_S._viscosa,C._hispanica,0.712098956806927,0.712098956806927,1,2,-1,natural,2025-07-19 17:29:043
Nurse_G._struthium,C._hispanica,-0.107746757478162,-0.107746757478162,1,2,-1,natural,2025-07-19 17:29:043
H._squamatum,C._hispanica,0.781829425584152,0.781829425584152,1,2,-1,natural,2025-07-19 17:29:043
S._viscosa,C._hispanica,0.850890385694995,0.850890385694995,1,2,-1,natural,2025-07-19 17:29:043
Nurse_S._viscosa,Other_species,-0.0418658529878986,-0.0418658529878986,1,2,-1,natural,2025-07-19 17:29:043
Nurse_G._struthium,Other_species,2.08928956828903,2.08928956828903,1,2,-1,natural,2025-07-19 17:29:043
H._squamatum,Other_species,0.698491680436421,0.698491680436421,1,2,-1,natural,2025-07-19 17:29:043
S._viscosa,Other_species,0.643955688751186,0.643955688751186,1,2,-1,natural,2025-07-19 17:29:043
C._hispanica,Other_species,0.419815163545122,0.419815163545122,1,2,-1,natural,2025-07-19 17:29:043
Nurse_S._viscosa,Nurse_G._struthium,-7.40031225328816,-7.40031225328816,1,2,-1,restoration,2025-07-19 17:29:033
Nurse_S._viscosa,H._squamatum,2.36356907109257,2.36356907109257,1,2,-1,restoration,2025-07-19 17:29:033
Nurse_G._struthium,H._squamatum,2.34331901657334,2.34331901657334,1,2,-1,restoration,2025-07-19 17:29:033
Nurse_S._viscosa,S._viscosa,2.8710324302086,2.8710324302086,1,2,-1,restoration,2025-07-19 17:29:033
Nurse_G._struthium,S._viscosa,1.05657817259573,1.05657817259573,1,2,-1,restoration,2025-07-19 17:29:033
H._squamatum,S._viscosa,0.592958647166519,0.592958647166519,1,2,-1,restoration,2025-07-19 17:29:033
Nurse_S._viscosa,C._hispanica,2.02080159211701,2.02080159211701,1,2,-1,restoration,2025-07-19 17:29:033
Nurse_G._struthium,C._hispanica,0.419250740782892,0.419250740782892,1,2,-1,restoration,2025-07-19 17:29:033
H._squamatum,C._hispanica,-1.76004616008371,-1.76004616008371,1,2,-1,restoration,2025-07-19 17:29:033
S._viscosa,C._hispanica,0.305671201023026,0.305671201023026,1,2,-1,restoration,2025-07-19 17:29:033
Nurse_S._viscosa,Other_species,1.41371704839761,1.41371704839761,1,2,-1,restoration,2025-07-19 17:29:033
Nurse_G._struthium,Other_species,2.24748192780926,2.24748192780926,1,2,-1,restoration,2025-07-19 17:29:033
H._squamatum,Other_species,1.15260730082826,1.15260730082826,1,2,-1,restoration,2025-07-19 17:29:033
S._viscosa,Other_species,1.11676268586585,1.11676268586585,1,2,-1,restoration,2025-07-19 17:29:033
C._hispanica,Other_species,2.39975593994061,2.39975593994061,1,2,-1,restoration,2025-07-19 17:29:033
Nurse_S._viscosa,Nurse_G._struthium,-6.69684004073449,-6.69684004073449,1,2,-1,natural,2025-07-19 17:29:033
Nurse_S._viscosa,H._squamatum,1.04042868064417,1.04042868064417,1,2,-1,natural,2025-07-19 17:29:033
Nurse_G._struthium,H._squamatum,0.39722403975402,0.39722403975402,1,2,-1,natural,2025-07-19 17:29:033
Nurse_S._viscosa,S._viscosa,-0.388236684035832,-0.388236684035832,1,2,-1,natural,2025-07-19 17:29:033
Nurse_G._struthium,S._viscosa,0.795369947513439,0.795369947513439,1,2,-1,natural,2025-07-19 17:29:033
H._squamatum,S._viscosa,0.906200821696228,0.906200821696228,1,2,-1,natural,2025-07-19 17:29:033
Nurse_S._viscosa,C._hispanica,0.716243009003358,0.716243009003358,1,2,-1,natural,2025-07-19 17:29:033
Nurse_G._struthium,C._hispanica,-0.175355961220481,-0.175355961220481,1,2,-1,natural,2025-07-19 17:29:033
H._squamatum,C._hispanica,0.615923266521686,0.615923266521686,1,2,-1,natural,2025-07-19 17:29:033
S._viscosa,C._hispanica,1.00586563510636,1.00586563510636,1,2,-1,natural,2025-07-19 17:29:033
Nurse_S._viscosa,Other_species,-0.343125174238716,-0.343125174238716,1,2,-1,natural,2025-07-19 17:29:033
Nurse_G._struthium,Other_species,1.87298856151379,1.87298856151379,1,2,-1,natural,2025-07-19 17:29:033
H._squamatum,Other_species,0.595945959082947,0.595945959082947,1,2,-1,natural,2025-07-19 17:29:033
S._viscosa,Other_species,0.68713565891413,0.68713565891413,1,2,-1,natural,2025-07-19 17:29:033
C._hispanica,Other_species,0.624927449959405,0.624927449959405,1,2,-1,natural,2025-07-19 17:29:033
Nurse_S._viscosa,Nurse_G._struthium,-7.8629199474533,-7.8629199474533,1,2,-1,restoration,2025-07-19 17:29:033
Nurse_S._viscosa,H._squamatum,1.89569414568311,1.89569414568311,1,2,-1,restoration,2025-07-19 17:29:033
Nurse_G._struthium,H._squamatum,2.47370771498908,2.47370771498908,1,2,-1,restoration,2025-07-19 17:29:033
Nurse_S._viscosa,S._viscosa,4.29153442622065,4.29153442622065,1,2,-1,restoration,2025-07-19 17:29:033
Nurse_G._struthium,S._viscosa,1.52657330001333,1.52657330001333,1,2,-1,restoration,2025-07-19 17:29:033
H._squamatum,S._viscosa,-0.0283650875709872,-0.0283650875709872,1,2,-1,restoration,2025-07-19 17:29:033
Nurse_S._viscosa,C._hispanica,3.64179852459632,3.64179852459632,1,2,-1,restoration,2025-07-19 17:29:033
Nurse_G._struthium,C._hispanica,0.447300178735499,0.447300178735499,1,2,-1,restoration,2025-07-19 17:29:033
H._squamatum,C._hispanica,-1.34381205303389,-1.34381205303389,1,2,-1,restoration,2025-07-19 17:29:033
S._viscosa,C._hispanica,-0.795545482514674,-0.795545482514674,1,2,-1,restoration,2025-07-19 17:29:033
Nurse_S._viscosa,Other_species,2.34204491204927,2.34204491204927,1,2,-1,restoration,2025-07-19 17:29:033
Nurse_G._struthium,Other_species,1.81887191448882,1.81887191448882,1,2,-1,restoration,2025-07-19 17:29:033
H._squamatum,Other_species,0.756154200716643,0.756154200716643,1,2,-1,restoration,2025-07-19 17:29:033
S._viscosa,Other_species,1.3029857751132,1.3029857751132,1,2,-1,restoration,2025-07-19 17:29:033
C._hispanica,Other_species,1.949933389355,1.949933389355,1,2,-1,restoration,2025-07-19 17:29:033
Nurse_S._viscosa,Nurse_G._struthium,-7.13361922668211,-7.13361922668211,1,2,-1,natural,2025-07-19 17:29:033
Nurse_S._viscosa,H._squamatum,1.14307694893043,1.14307694893043,1,2,-1,natural,2025-07-19 17:29:033
Nurse_G._struthium,H._squamatum,0.476144015393626,0.476144015393626,1,2,-1,natural,2025-07-19 17:29:033
Nurse_S._viscosa,S._viscosa,-0.368121540697525,-0.368121540697525,1,2,-1,natural,2025-07-19 17:29:033
Nurse_G._struthium,S._viscosa,0.765209798485358,0.765209798485358,1,2,-1,natural,2025-07-19 17:29:033
H._squamatum,S._viscosa,0.956607257012366,0.956607257012366,1,2,-1,natural,2025-07-19 17:29:033
Nurse_S._viscosa,C._hispanica,0.925393461418879,0.925393461418879,1,2,-1,natural,2025-07-19 17:29:033
Nurse_G._struthium,C._hispanica,0.339519386839681,0.339519386839681,1,2,-1,natural,2025-07-19 17:29:033
H._squamatum,C._hispanica,0.740109843779229,0.740109843779229,1,2,-1,natural,2025-07-19 17:29:033
S._viscosa,C._hispanica,0.694973156375575,0.694973156375575,1,2,-1,natural,2025-07-19 17:29:033
Nurse_S._viscosa,Other_species,0.101558498070028,0.101558498070028,1,2,-1,natural,2025-07-19 17:29:033
Nurse_G._struthium,Other_species,1.86320014552204,1.86320014552204,1,2,-1,natural,2025-07-19 17:29:033
H._squamatum,Other_species,0.48130299675477,0.48130299675477,1,2,-1,natural,2025-07-19 17:29:033
S._viscosa,Other_species,0.456458669499024,0.456458669499024,1,2,-1,natural,2025-07-19 17:29:033
C._hispanica,Other_species,0.344709864013387,0.344709864013387,1,2,-1,natural,2025-07-19 17:29:033
Nurse_S._viscosa,Nurse_G._struthium,-9.18442091681624,-9.18442091681624,1,2,-1,restoration,2025-07-19 17:29:023
Nurse_S._viscosa,H._squamatum,2.5493571408969,2.5493571408969,1,2,-1,restoration,2025-07-19 17:29:023
Nurse_G._struthium,H._squamatum,3.27112312986525,3.27112312986525,1,2,-1,restoration,2025-07-19 17:29:023
Nurse_S._viscosa,S._viscosa,4.10486052903361,4.10486052903361,1,2,-1,restoration,2025-07-19 17:29:023
Nurse_G._struthium,S._viscosa,1.93829984794508,1.93829984794508,1,2,-1,restoration,2025-07-19 17:29:023
H._squamatum,S._viscosa,0.712890931737959,0.712890931737959,1,2,-1,restoration,2025-07-19 17:29:023
Nurse_S._viscosa,C._hispanica,1.46590785213403,1.46590785213403,1,2,-1,restoration,2025-07-19 17:29:023
Nurse_G._struthium,C._hispanica,0.401693965896091,0.401693965896091,1,2,-1,restoration,2025-07-19 17:29:023
H._squamatum,C._hispanica,-0.427961097587433,-0.427961097587433,1,2,-1,restoration,2025-07-19 17:29:023
S._viscosa,C._hispanica,0.579107389803148,0.579107389803148,1,2,-1,restoration,2025-07-19 17:29:023
Nurse_S._viscosa,Other_species,3.44130462441571,3.44130462441571,1,2,-1,restoration,2025-07-19 17:29:023
Nurse_G._struthium,Other_species,3.42707984562198,3.42707984562198,1,2,-1,restoration,2025-07-19 17:29:023
H._squamatum,Other_species,-0.0637125638768134,-0.0637125638768134,1,2,-1,restoration,2025-07-19 17:29:023
S._viscosa,Other_species,1.31800931654657,1.31800931654657,1,2,-1,restoration,2025-07-19 17:29:023
C._hispanica,Other_species,2.46871811195841,2.46871811195841,1,2,-1,restoration,2025-07-19 17:29:023
Nurse_S._viscosa,Nurse_G._struthium,-6.84396588787912,-6.84396588787912,1,2,-1,natural,2025-07-19 17:29:023
Nurse_S._viscosa,H._squamatum,0.945707545245334,0.945707545245334,1,2,-1,natural,2025-07-19 17:29:023
Nurse_G._struthium,H._squamatum,0.438557878815292,0.438557878815292,1,2,-1,natural,2025-07-19 17:29:023
Nurse_S._viscosa,S._viscosa,-0.379601687081906,-0.379601687081906,1,2,-1,natural,2025-07-19 17:29:023
Nurse_G._struthium,S._viscosa,0.784246387551489,0.784246387551489,1,2,-1,natural,2025-07-19 17:29:023
H._squamatum,S._viscosa,1.16109785328129,1.16109785328129,1,2,-1,natural,2025-07-19 17:29:023
Nurse_S._viscosa,C._hispanica,0.580305613788371,0.580305613788371,1,2,-1,natural,2025-07-19 17:29:023
Nurse_G._struthium,C._hispanica,-0.0444266938495975,-0.0444266938495975,1,2,-1,natural,2025-07-19 17:29:023
H._squamatum,C._hispanica,0.673656809834944,0.673656809834944,1,2,-1,natural,2025-07-19 17:29:023
S._viscosa,C._hispanica,0.668235863850798,0.668235863850798,1,2,-1,natural,2025-07-19 17:29:023
Nurse_S._viscosa,Other_species,-0.307760147015689,-0.307760147015689,1,2,-1,natural,2025-07-19 17:29:023
Nurse_G._struthium,Other_species,1.58301978326267,1.58301978326267,1,2,-1,natural,2025-07-19 17:29:023
H._squamatum,Other_species,0.560603649246728,0.560603649246728,1,2,-1,natural,2025-07-19 17:29:023
S._viscosa,Other_species,0.637967800723516,0.637967800723516,1,2,-1,natural,2025-07-19 17:29:023
C._hispanica,Other_species,0.213714925099444,0.213714925099444,1,2,-1,natural,2025-07-19 17:29:023
Nurse_S._viscosa,Nurse_G._struthium,-7.1819492308572,-7.1819492308572,1,2,-1,restoration,2025-07-19 17:29:023
Nurse_S._viscosa,H._squamatum,1.53798813889435,1.53798813889435,1,2,-1,restoration,2025-07-19 17:29:023
Nurse_G._struthium,H._squamatum,2.39612531334754,2.39612531334754,1,2,-1,restoration,2025-07-19 17:29:023
Nurse_S._viscosa,S._viscosa,3.52191340984887,3.52191340984887,1,2,-1,restoration,2025-07-19 17:29:023
Nurse_G._struthium,S._viscosa,0.79232048875021,0.79232048875021,1,2,-1,restoration,2025-07-19 17:29:023
H._squamatum,S._viscosa,0.581142900786256,0.581142900786256,1,2,-1,restoration,2025-07-19 17:29:023
Nurse_S._viscosa,C._hispanica,3.07717281133919,3.07717281133919,1,2,-1,restoration,2025-07-19 17:29:023
Nurse_G._struthium,C._hispanica,0.382956753447036,0.382956753447036,1,2,-1,restoration,2025-07-19 17:29:023
H._squamatum,C._hispanica,0.046122018850122,0.046122018850122,1,2,-1,restoration,2025-07-19 17:29:023
S._viscosa,C._hispanica,0.584934230571323,0.584934230571323,1,2,-1,restoration,2025-07-19 17:29:023
Nurse_S._viscosa,Other_species,1.37124703601226,1.37124703601226,1,2,-1,restoration,2025-07-19 17:29:023
Nurse_G._struthium,Other_species,1.4483993021157,1.4483993021157,1,2,-1,restoration,2025-07-19 17:29:023
H._squamatum,Other_species,0.382466470985806,0.382466470985806,1,2,-1,restoration,2025-07-19 17:29:023
S._viscosa,Other_species,1.39186723950914,1.39186723950914,1,2,-1,restoration,2025-07-19 17:29:023
C._hispanica,Other_species,2.0041602424815,2.0041602424815,1,2,-1,restoration,2025-07-19 17:29:023
Nurse_S._viscosa,Nurse_G._struthium,-6.95160643366,-6.95160643366,1,2,-1,natural,2025-07-19 17:29:023
Nurse_S._viscosa,H._squamatum,1.48507727899595,1.48507727899595,1,2,-1,natural,2025-07-19 17:29:023
Nurse_G._struthium,H._squamatum,0.638235111579568,0.638235111579568,1,2,-1,natural,2025-07-19 17:29:023
Nurse_S._viscosa,S._viscosa,-0.676352922419312,-0.676352922419312,1,2,-1,natural,2025-07-19 17:29:023
Nurse_G._struthium,S._viscosa,0.827840119611935,0.827840119611935,1,2,-1,natural,2025-07-19 17:29:023
H._squamatum,S._viscosa,1.16132414697759,1.16132414697759,1,2,-1,natural,2025-07-19 17:29:023
Nurse_S._viscosa,C._hispanica,0.847679271752942,0.847679271752942,1,2,-1,natural,2025-07-19 17:29:023
Nurse_G._struthium,C._hispanica,0.106317060636525,0.106317060636525,1,2,-1,natural,2025-07-19 17:29:023
H._squamatum,C._hispanica,0.593718271476341,0.593718271476341,1,2,-1,natural,2025-07-19 17:29:023
S._viscosa,C._hispanica,0.670230813358642,0.670230813358642,1,2,-1,natural,2025-07-19 17:29:023
Nurse_S._viscosa,Other_species,-0.113678765573953,-0.113678765573953,1,2,-1,natural,2025-07-19 17:29:023
Nurse_G._struthium,Other_species,1.99052013396392,1.99052013396392,1,2,-1,natural,2025-07-19 17:29:023
H._squamatum,Other_species,0.705706865838137,0.705706865838137,1,2,-1,natural,2025-07-19 17:29:023
S._viscosa,Other_species,0.571509095921999,0.571509095921999,1,2,-1,natural,2025-07-19 17:29:023
C._hispanica,Other_species,0.689389392874151,0.689389392874151,1,2,-1,natural,2025-07-19 17:29:023
Nurse_S._viscosa,Nurse_G._struthium,-8.49966724683343,-8.49966724683343,1,2,-1,restoration,2025-07-19 17:29:013
Nurse_S._viscosa,H._squamatum,3.26498704186217,3.26498704186217,1,2,-1,restoration,2025-07-19 17:29:013
Nurse_G._struthium,H._squamatum,3.60893716295311,3.60893716295311,1,2,-1,restoration,2025-07-19 17:29:013
Nurse_S._viscosa,S._viscosa,3.13233136956176,3.13233136956176,1,2,-1,restoration,2025-07-19 17:29:013
Nurse_G._struthium,S._viscosa,0.803998414435421,0.803998414435421,1,2,-1,restoration,2025-07-19 17:29:013
H._squamatum,S._viscosa,0.681539193645766,0.681539193645766,1,2,-1,restoration,2025-07-19 17:29:013
Nurse_S._viscosa,C._hispanica,2.60618392902619,2.60618392902619,1,2,-1,restoration,2025-07-19 17:29:013
Nurse_G._struthium,C._hispanica,-0.534132738560301,-0.534132738560301,1,2,-1,restoration,2025-07-19 17:29:013
H._squamatum,C._hispanica,-0.10708913614992,-0.10708913614992,1,2,-1,restoration,2025-07-19 17:29:013
S._viscosa,C._hispanica,-0.637770197990408,-0.637770197990408,1,2,-1,restoration,2025-07-19 17:29:013
Nurse_S._viscosa,Other_species,1.00796771486603,1.00796771486603,1,2,-1,restoration,2025-07-19 17:29:013
Nurse_G._struthium,Other_species,1.06123389283403,1.06123389283403,1,2,-1,restoration,2025-07-19 17:29:013
H._squamatum,Other_species,-0.0358382604912615,-0.0358382604912615,1,2,-1,restoration,2025-07-19 17:29:013
S._viscosa,Other_species,1.52545560185594,1.52545560185594,1,2,-1,restoration,2025-07-19 17:29:013
C._hispanica,Other_species,2.48155435936493,2.48155435936493,1,2,-1,restoration,2025-07-19 17:29:013
Nurse_S._viscosa,Nurse_G._struthium,-6.66714843834566,-6.66714843834566,1,2,-1,natural,2025-07-19 17:29:013
Nurse_S._viscosa,H._squamatum,1.3106707826975,1.3106707826975,1,2,-1,natural,2025-07-19 17:29:013
Nurse_G._struthium,H._squamatum,0.515607053312654,0.515607053312654,1,2,-1,natural,2025-07-19 17:29:013
Nurse_S._viscosa,S._viscosa,-0.507018588496884,-0.507018588496884,1,2,-1,natural,2025-07-19 17:29:013
Nurse_G._struthium,S._viscosa,0.585842438885839,0.585842438885839,1,2,-1,natural,2025-07-19 17:29:013
H._squamatum,S._viscosa,1.13564811703382,1.13564811703382,1,2,-1,natural,2025-07-19 17:29:013
Nurse_S._viscosa,C._hispanica,0.515567669491552,0.515567669491552,1,2,-1,natural,2025-07-19 17:29:013
Nurse_G._struthium,C._hispanica,-0.21807278959689,-0.21807278959689,1,2,-1,natural,2025-07-19 17:29:013
H._squamatum,C._hispanica,0.553953232575829,0.553953232575829,1,2,-1,natural,2025-07-19 17:29:013
S._viscosa,C._hispanica,0.787707702203907,0.787707702203907,1,2,-1,natural,2025-07-19 17:29:013
Nurse_S._viscosa,Other_species,-0.180210010429729,-0.180210010429729,1,2,-1,natural,2025-07-19 17:29:013
Nurse_G._struthium,Other_species,1.88300067868505,1.88300067868505,1,2,-1,natural,2025-07-19 17:29:013
H._squamatum,Other_species,0.612344108909891,0.612344108909891,1,2,-1,natural,2025-07-19 17:29:013
S._viscosa,Other_species,0.767111077557001,0.767111077557001,1,2,-1,natural,2025-07-19 17:29:013
C._hispanica,Other_species,0.379553561255007,0.379553561255007,1,2,-1,natural,2025-07-19 17:29:013
Nurse_S._viscosa,Nurse_G._struthium,-8.06380385019816,-8.06380385019816,1,2,-1,restoration,2025-07-19 17:29:013
Nurse_S._viscosa,H._squamatum,2.74192360019751,2.74192360019751,1,2,-1,restoration,2025-07-19 17:29:013
Nurse_G._struthium,H._squamatum,2.62225122000971,2.62225122000971,1,2,-1,restoration,2025-07-19 17:29:013
Nurse_S._viscosa,S._viscosa,3.44946619851044,3.44946619851044,1,2,-1,restoration,2025-07-19 17:29:013
Nurse_G._struthium,S._viscosa,0.853578992360805,0.853578992360805,1,2,-1,restoration,2025-07-19 17:29:013
H._squamatum,S._viscosa,0.212175493557909,0.212175493557909,1,2,-1,restoration,2025-07-19 17:29:013
Nurse_S._viscosa,C._hispanica,1.64745209140894,1.64745209140894,1,2,-1,restoration,2025-07-19 17:29:013
Nurse_G._struthium,C._hispanica,0.801249108974452,0.801249108974452,1,2,-1,restoration,2025-07-19 17:29:013
H._squamatum,C._hispanica,-0.157841877413451,-0.157841877413451,1,2,-1,restoration,2025-07-19 17:29:013
S._viscosa,C._hispanica,0.777694744669905,0.777694744669905,1,2,-1,restoration,2025-07-19 17:29:013
Nurse_S._viscosa,Other_species,2.27782990895447,2.27782990895447,1,2,-1,restoration,2025-07-19 17:29:013
Nurse_G._struthium,Other_species,1.6396595875453,1.6396595875453,1,2,-1,restoration,2025-07-19 17:29:013
H._squamatum,Other_species,1.16800035416988,1.16800035416988,1,2,-1,restoration,2025-07-19 17:29:013
S._viscosa,Other_species,0.885627125629634,0.885627125629634,1,2,-1,restoration,2025-07-19 17:29:013
C._hispanica,Other_species,2.3388022879018,2.3388022879018,1,2,-1,restoration,2025-07-19 17:29:013
Nurse_S._viscosa,Nurse_G._struthium,-6.76045102117858,-6.76045102117858,1,2,-1,natural,2025-07-19 17:29:013
Nurse_S._viscosa,H._squamatum,0.968110891773894,0.968110891773894,1,2,-1,natural,2025-07-19 17:29:013
Nurse_G._struthium,H._squamatum,0.356254274685846,0.356254274685846,1,2,-1,natural,2025-07-19 17:29:013
Nurse_S._viscosa,S._viscosa,-0.542809656000817,-0.542809656000817,1,2,-1,natural,2025-07-19 17:29:013
Nurse_G._struthium,S._viscosa,0.635172324654542,0.635172324654542,1,2,-1,natural,2025-07-19 17:29:013
H._squamatum,S._viscosa,1.10512379443013,1.10512379443013,1,2,-1,natural,2025-07-19 17:29:013
Nurse_S._viscosa,C._hispanica,0.706220059915956,0.706220059915956,1,2,-1,natural,2025-07-19 17:29:013
Nurse_G._struthium,C._hispanica,0.0914570791985137,0.0914570791985137,1,2,-1,natural,2025-07-19 17:29:013
H._squamatum,C._hispanica,0.597059160994295,0.597059160994295,1,2,-1,natural,2025-07-19 17:29:013
S._viscosa,C._hispanica,0.596015923101148,0.596015923101148,1,2,-1,natural,2025-07-19 17:29:013
Nurse_S._viscosa,Other_species,-0.256941889932746,-0.256941889932746,1,2,-1,natural,2025-07-19 17:29:013
Nurse_G._struthium,Other_species,2.1419626382136,2.1419626382136,1,2,-1,natural,2025-07-19 17:29:013
H._squamatum,Other_species,0.628715853888886,0.628715853888886,1,2,-1,natural,2025-07-19 17:29:013
S._viscosa,Other_species,0.721940369257007,0.721940369257007,1,2,-1,natural,2025-07-19 17:29:013
C._hispanica,Other_species,0.509506751577933,0.509506751577933,1,2,-1,natural,2025-07-19 17:29:013
Nurse_S._viscosa,Nurse_G._struthium,-6.93149135337249,-6.93149135337249,1,2,-1,restoration,2025-07-19 17:29:003
Nurse_S._viscosa,H._squamatum,1.9075017032157,1.9075017032157,1,2,-1,restoration,2025-07-19 17:29:003
Nurse_G._struthium,H._squamatum,1.85480213142702,1.85480213142702,1,2,-1,restoration,2025-07-19 17:29:003
Nurse_S._viscosa,S._viscosa,2.94445921864364,2.94445921864364,1,2,-1,restoration,2025-07-19 17:29:003
Nurse_G._struthium,S._viscosa,0.516938961746349,0.516938961746349,1,2,-1,restoration,2025-07-19 17:29:003
H._squamatum,S._viscosa,0.273555595717475,0.273555595717475,1,2,-1,restoration,2025-07-19 17:29:003
Nurse_S._viscosa,C._hispanica,2.4608269745987,2.4608269745987,1,2,-1,restoration,2025-07-19 17:29:003
Nurse_G._struthium,C._hispanica,0.515710124464163,0.515710124464163,1,2,-1,restoration,2025-07-19 17:29:003
H._squamatum,C._hispanica,0.0838608165299302,0.0838608165299302,1,2,-1,restoration,2025-07-19 17:29:003
S._viscosa,C._hispanica,0.524632487301378,0.524632487301378,1,2,-1,restoration,2025-07-19 17:29:003
Nurse_S._viscosa,Other_species,2.43879886004012,2.43879886004012,1,2,-1,restoration,2025-07-19 17:29:003
Nurse_G._struthium,Other_species,2.28662764771358,2.28662764771358,1,2,-1,restoration,2025-07-19 17:29:003
H._squamatum,Other_species,1.27366532302339,1.27366532302339,1,2,-1,restoration,2025-07-19 17:29:003
S._viscosa,Other_species,1.24275916823065,1.24275916823065,1,2,-1,restoration,2025-07-19 17:29:003
C._hispanica,Other_species,2.05341019123578,2.05341019123578,1,2,-1,restoration,2025-07-19 17:29:003
Nurse_S._viscosa,Nurse_G._struthium,-6.88042618616098,-6.88042618616098,1,2,-1,natural,2025-07-19 17:29:003
Nurse_S._viscosa,H._squamatum,1.49601358027482,1.49601358027482,1,2,-1,natural,2025-07-19 17:29:003
Nurse_G._struthium,H._squamatum,0.296253197192129,0.296253197192129,1,2,-1,natural,2025-07-19 17:29:003
Nurse_S._viscosa,S._viscosa,-0.509728467536709,-0.509728467536709,1,2,-1,natural,2025-07-19 17:29:003
Nurse_G._struthium,S._viscosa,0.925377885771775,0.925377885771775,1,2,-1,natural,2025-07-19 17:29:003
H._squamatum,S._viscosa,1.23135217692671,1.23135217692671,1,2,-1,natural,2025-07-19 17:29:003
Nurse_S._viscosa,C._hispanica,1.01072318530903,1.01072318530903,1,2,-1,natural,2025-07-19 17:29:003
Nurse_G._struthium,C._hispanica,-0.0835079861593,-0.0835079861593,1,2,-1,natural,2025-07-19 17:29:003
H._squamatum,C._hispanica,0.370837666577491,0.370837666577491,1,2,-1,natural,2025-07-19 17:29:003
S._viscosa,C._hispanica,0.970601749683719,0.970601749683719,1,2,-1,natural,2025-07-19 17:29:003
Nurse_S._viscosa,Other_species,0.07013940830398,0.07013940830398,1,2,-1,natural,2025-07-19 17:29:003
Nurse_G._struthium,Other_species,2.38640256617308,2.38640256617308,1,2,-1,natural,2025-07-19 17:29:003
H._squamatum,Other_species,0.83231748120486,0.83231748120486,1,2,-1,natural,2025-07-19 17:29:003
S._viscosa,Other_species,0.600029334020642,0.600029334020642,1,2,-1,natural,2025-07-19 17:29:003
C._hispanica,Other_species,0.660550449743243,0.660550449743243,1,2,-1,natural,2025-07-19 17:29:003
Nurse_S._viscosa,Nurse_G._struthium,-7.70670639746577,-7.70670639746577,1,2,-1,restoration,2025-07-19 17:28:593
Nurse_S._viscosa,H._squamatum,1.87745020247251,1.87745020247251,1,2,-1,restoration,2025-07-19 17:28:593
Nurse_G._struthium,H._squamatum,2.92660851443959,2.92660851443959,1,2,-1,restoration,2025-07-19 17:28:593
Nurse_S._viscosa,S._viscosa,3.4140946681863,3.4140946681863,1,2,-1,restoration,2025-07-19 17:28:593
Nurse_G._struthium,S._viscosa,1.0066860933097,1.0066860933097,1,2,-1,restoration,2025-07-19 17:28:593
H._squamatum,S._viscosa,0.0518407980899781,0.0518407980899781,1,2,-1,restoration,2025-07-19 17:28:593
Nurse_S._viscosa,C._hispanica,2.85890446708587,2.85890446708587,1,2,-1,restoration,2025-07-19 17:28:593
Nurse_G._struthium,C._hispanica,0.794122170359132,0.794122170359132,1,2,-1,restoration,2025-07-19 17:28:593
H._squamatum,C._hispanica,1.12311184716811,1.12311184716811,1,2,-1,restoration,2025-07-19 17:28:593
S._viscosa,C._hispanica,-0.351651026875501,-0.351651026875501,1,2,-1,restoration,2025-07-19 17:28:593
Nurse_S._viscosa,Other_species,2.42905580606201,2.42905580606201,1,2,-1,restoration,2025-07-19 17:28:593
Nurse_G._struthium,Other_species,2.58680807273264,2.58680807273264,1,2,-1,restoration,2025-07-19 17:28:593
H._squamatum,Other_species,0.324505991680008,0.324505991680008,1,2,-1,restoration,2025-07-19 17:28:593
S._viscosa,Other_species,1.24013628352397,1.24013628352397,1,2,-1,restoration,2025-07-19 17:28:593
C._hispanica,Other_species,1.41046833546644,1.41046833546644,1,2,-1,restoration,2025-07-19 17:28:593
Nurse_S._viscosa,Nurse_G._struthium,-6.71403431819735,-6.71403431819735,1,2,-1,natural,2025-07-19 17:28:593
Nurse_S._viscosa,H._squamatum,1.25463610750525,1.25463610750525,1,2,-1,natural,2025-07-19 17:28:593
Nurse_G._struthium,H._squamatum,0.382643736875444,0.382643736875444,1,2,-1,natural,2025-07-19 17:28:593
Nurse_S._viscosa,S._viscosa,-0.623848636352961,-0.623848636352961,1,2,-1,natural,2025-07-19 17:28:593
Nurse_G._struthium,S._viscosa,1.00058355862649,1.00058355862649,1,2,-1,natural,2025-07-19 17:28:593
H._squamatum,S._viscosa,0.907429595942305,0.907429595942305,1,2,-1,natural,2025-07-19 17:28:593
Nurse_S._viscosa,C._hispanica,0.722449218073213,0.722449218073213,1,2,-1,natural,2025-07-19 17:28:593
Nurse_G._struthium,C._hispanica,0.146893524207099,0.146893524207099,1,2,-1,natural,2025-07-19 17:28:593
H._squamatum,C._hispanica,0.708098882644302,0.708098882644302,1,2,-1,natural,2025-07-19 17:28:593
S._viscosa,C._hispanica,0.831829203878813,0.831829203878813,1,2,-1,natural,2025-07-19 17:28:593
Nurse_S._viscosa,Other_species,-0.128394238096991,-0.128394238096991,1,2,-1,natural,2025-07-19 17:28:593
Nurse_G._struthium,Other_species,1.54082293643185,1.54082293643185,1,2,-1,natural,2025-07-19 17:28:593
H._squamatum,Other_species,0.769910182808468,0.769910182808468,1,2,-1,natural,2025-07-19 17:28:593
S._viscosa,Other_species,0.652062937338261,0.652062937338261,1,2,-1,natural,2025-07-19 17:28:593
C._hispanica,Other_species,0.421613807065899,0.421613807065899,1,2,-1,natural,2025-07-19 17:28:593
Nurse_S._viscosa,Nurse_G._struthium,-8.88466852317783,-8.88466852317783,1,2,-1,restoration,2025-07-19 17:28:593
Nurse_S._viscosa,H._squamatum,2.68785769525189,2.68785769525189,1,2,-1,restoration,2025-07-19 17:28:593
Nurse_G._struthium,H._squamatum,3.53871705361632,3.53871705361632,1,2,-1,restoration,2025-07-19 17:28:593
Nurse_S._viscosa,S._viscosa,3.33633363235633,3.33633363235633,1,2,-1,restoration,2025-07-19 17:28:593
Nurse_G._struthium,S._viscosa,1.02560972379745,1.02560972379745,1,2,-1,restoration,2025-07-19 17:28:593
H._squamatum,S._viscosa,1.35091513622007,1.35091513622007,1,2,-1,restoration,2025-07-19 17:28:593
Nurse_S._viscosa,C._hispanica,3.01487995510002,3.01487995510002,1,2,-1,restoration,2025-07-19 17:28:593
Nurse_G._struthium,C._hispanica,1.64907350520757,1.64907350520757,1,2,-1,restoration,2025-07-19 17:28:593
H._squamatum,C._hispanica,0.594505714773548,0.594505714773548,1,2,-1,restoration,2025-07-19 17:28:593
S._viscosa,C._hispanica,-0.448941601955867,-0.448941601955867,1,2,-1,restoration,2025-07-19 17:28:593
Nurse_S._viscosa,Other_species,2.08614204575617,2.08614204575617,1,2,-1,restoration,2025-07-19 17:28:593
Nurse_G._struthium,Other_species,3.21464694369076,3.21464694369076,1,2,-1,restoration,2025-07-19 17:28:593
H._squamatum,Other_species,0.55032122208316,0.55032122208316,1,2,-1,restoration,2025-07-19 17:28:593
S._viscosa,Other_species,1.52288503718958,1.52288503718958,1,2,-1,restoration,2025-07-19 17:28:593
C._hispanica,Other_species,2.01263245291212,2.01263245291212,1,2,-1,restoration,2025-07-19 17:28:593
Nurse_S._viscosa,Nurse_G._struthium,-6.82375584816386,-6.82375584816386,1,2,-1,natural,2025-07-19 17:28:593
Nurse_S._viscosa,H._squamatum,1.02632674122508,1.02632674122508,1,2,-1,natural,2025-07-19 17:28:593
Nurse_G._struthium,H._squamatum,0.556393621527426,0.556393621527426,1,2,-1,natural,2025-07-19 17:28:593
Nurse_S._viscosa,S._viscosa,-0.678508940194303,-0.678508940194303,1,2,-1,natural,2025-07-19 17:28:593
Nurse_G._struthium,S._viscosa,0.596511354789185,0.596511354789185,1,2,-1,natural,2025-07-19 17:28:593
H._squamatum,S._viscosa,0.987794176735164,0.987794176735164,1,2,-1,natural,2025-07-19 17:28:593
Nurse_S._viscosa,C._hispanica,0.58876895310849,0.58876895310849,1,2,-1,natural,2025-07-19 17:28:593
Nurse_G._struthium,C._hispanica,-0.491677803642103,-0.491677803642103,1,2,-1,natural,2025-07-19 17:28:593
H._squamatum,C._hispanica,0.831634552100401,0.831634552100401,1,2,-1,natural,2025-07-19 17:28:593
S._viscosa,C._hispanica,0.908227437669156,0.908227437669156,1,2,-1,natural,2025-07-19 17:28:593
Nurse_S._viscosa,Other_species,0.097657744195943,0.097657744195943,1,2,-1,natural,2025-07-19 17:28:593
Nurse_G._struthium,Other_species,1.62525682218327,1.62525682218327,1,2,-1,natural,2025-07-19 17:28:593
H._squamatum,Other_species,0.633448262122055,0.633448262122055,1,2,-1,natural,2025-07-19 17:28:593
S._viscosa,Other_species,0.972535352794592,0.972535352794592,1,2,-1,natural,2025-07-19 17:28:593
C._hispanica,Other_species,0.599861155498473,0.599861155498473,1,2,-1,natural,2025-07-19 17:28:593
Nurse_S._viscosa,Nurse_G._struthium,-8.10187854712696,-8.10187854712696,1,2,-1,restoration,2025-07-19 17:28:583
Nurse_S._viscosa,H._squamatum,2.58586896600515,2.58586896600515,1,2,-1,restoration,2025-07-19 17:28:583
Nurse_G._struthium,H._squamatum,2.98134523334859,2.98134523334859,1,2,-1,restoration,2025-07-19 17:28:583
Nurse_S._viscosa,S._viscosa,2.83227621444269,2.83227621444269,1,2,-1,restoration,2025-07-19 17:28:583
Nurse_G._struthium,S._viscosa,0.670072682968093,0.670072682968093,1,2,-1,restoration,2025-07-19 17:28:583
H._squamatum,S._viscosa,0.485763511806258,0.485763511806258,1,2,-1,restoration,2025-07-19 17:28:583
Nurse_S._viscosa,C._hispanica,1.76568334684012,1.76568334684012,1,2,-1,restoration,2025-07-19 17:28:583
Nurse_G._struthium,C._hispanica,1.36192549970928,1.36192549970928,1,2,-1,restoration,2025-07-19 17:28:583
H._squamatum,C._hispanica,-0.395046229641758,-0.395046229641758,1,2,-1,restoration,2025-07-19 17:28:583
S._viscosa,C._hispanica,0.916539396820057,0.916539396820057,1,2,-1,restoration,2025-07-19 17:28:583
Nurse_S._viscosa,Other_species,2.09182701096129,2.09182701096129,1,2,-1,restoration,2025-07-19 17:28:583
Nurse_G._struthium,Other_species,2.59911813496247,2.59911813496247,1,2,-1,restoration,2025-07-19 17:28:583
H._squamatum,Other_species,0.129216084985556,0.129216084985556,1,2,-1,restoration,2025-07-19 17:28:583
S._viscosa,Other_species,1.50483278061562,1.50483278061562,1,2,-1,restoration,2025-07-19 17:28:583
C._hispanica,Other_species,1.77443981021416,1.77443981021416,1,2,-1,restoration,2025-07-19 17:28:583
Nurse_S._viscosa,Nurse_G._struthium,-6.88893343381015,-6.88893343381015,1,2,-1,natural,2025-07-19 17:28:583
Nurse_S._viscosa,H._squamatum,0.791274271939901,0.791274271939901,1,2,-1,natural,2025-07-19 17:28:583
Nurse_G._struthium,H._squamatum,0.384909159699345,0.384909159699345,1,2,-1,natural,2025-07-19 17:28:583
Nurse_S._viscosa,S._viscosa,-0.626709008234334,-0.626709008234334,1,2,-1,natural,2025-07-19 17:28:583
Nurse_G._struthium,S._viscosa,0.48936328280329,0.48936328280329,1,2,-1,natural,2025-07-19 17:28:583
H._squamatum,S._viscosa,0.929837507550167,0.929837507550167,1,2,-1,natural,2025-07-19 17:28:583
Nurse_S._viscosa,C._hispanica,0.753115411742215,0.753115411742215,1,2,-1,natural,2025-07-19 17:28:583
Nurse_G._struthium,C._hispanica,-0.0781437933947497,-0.0781437933947497,1,2,-1,natural,2025-07-19 17:28:583
H._squamatum,C._hispanica,0.83384209095334,0.83384209095334,1,2,-1,natural,2025-07-19 17:28:583
S._viscosa,C._hispanica,0.848579641168001,0.848579641168001,1,2,-1,natural,2025-07-19 17:28:583
Nurse_S._viscosa,Other_species,-0.120873926328476,-0.120873926328476,1,2,-1,natural,2025-07-19 17:28:583
Nurse_G._struthium,Other_species,1.6471816757048101,1.6471816757048101,1,2,-1,natural,2025-07-19 17:28:583
H._squamatum,Other_species,0.680334441903208,0.680334441903208,1,2,-1,natural,2025-07-19 17:28:583
S._viscosa,Other_species,0.614278334401562,0.614278334401562,1,2,-1,natural,2025-07-19 17:28:583
C._hispanica,Other_species,0.497539822648127,0.497539822648127,1,2,-1,natural,2025-07-19 17:28:583
Nurse_S._viscosa,Nurse_G._struthium,-7.75276203844179,-7.75276203844179,1,2,-1,restoration,2025-07-19 17:28:583
Nurse_S._viscosa,H._squamatum,2.18335788674014,2.18335788674014,1,2,-1,restoration,2025-07-19 17:28:583
Nurse_G._struthium,H._squamatum,2.83929913029739,2.83929913029739,1,2,-1,restoration,2025-07-19 17:28:583
Nurse_S._viscosa,S._viscosa,3.99644880875979,3.99644880875979,1,2,-1,restoration,2025-07-19 17:28:583
Nurse_G._struthium,S._viscosa,1.36362262150241,1.36362262150241,1,2,-1,restoration,2025-07-19 17:28:583
H._squamatum,S._viscosa,-0.200932296288721,-0.200932296288721,1,2,-1,restoration,2025-07-19 17:28:583
Nurse_S._viscosa,C._hispanica,3.31362619777332,3.31362619777332,1,2,-1,restoration,2025-07-19 17:28:583
Nurse_G._struthium,C._hispanica,0.502741277543244,0.502741277543244,1,2,-1,restoration,2025-07-19 17:28:583
H._squamatum,C._hispanica,-0.92760163825888,-0.92760163825888,1,2,-1,restoration,2025-07-19 17:28:583
S._viscosa,C._hispanica,-2.45054141424105,-2.45054141424105,1,2,-1,restoration,2025-07-19 17:28:583
Nurse_S._viscosa,Other_species,2.51599868926795,2.51599868926795,1,2,-1,restoration,2025-07-19 17:28:583
Nurse_G._struthium,Other_species,2.06065221236124,2.06065221236124,1,2,-1,restoration,2025-07-19 17:28:583
H._squamatum,Other_species,-0.101127336823247,-0.101127336823247,1,2,-1,restoration,2025-07-19 17:28:583
S._viscosa,Other_species,0.865458655456953,0.865458655456953,1,2,-1,restoration,2025-07-19 17:28:583
C._hispanica,Other_species,1.61514495604139,1.61514495604139,1,2,-1,restoration,2025-07-19 17:28:583
Nurse_S._viscosa,Nurse_G._struthium,-6.94435726941634,-6.94435726941634,1,2,-1,natural,2025-07-19 17:28:583
Nurse_S._viscosa,H._squamatum,1.21034058359911,1.21034058359911,1,2,-1,natural,2025-07-19 17:28:583
Nurse_G._struthium,H._squamatum,0.634585957508284,0.634585957508284,1,2,-1,natural,2025-07-19 17:28:583
Nurse_S._viscosa,S._viscosa,-0.592971133806972,-0.592971133806972,1,2,-1,natural,2025-07-19 17:28:583
Nurse_G._struthium,S._viscosa,0.507595573711579,0.507595573711579,1,2,-1,natural,2025-07-19 17:28:583
H._squamatum,S._viscosa,1.07258766092537,1.07258766092537,1,2,-1,natural,2025-07-19 17:28:583
Nurse_S._viscosa,C._hispanica,0.551169040584407,0.551169040584407,1,2,-1,natural,2025-07-19 17:28:583
Nurse_G._struthium,C._hispanica,-0.250179817532683,-0.250179817532683,1,2,-1,natural,2025-07-19 17:28:583
H._squamatum,C._hispanica,0.647549023926584,0.647549023926584,1,2,-1,natural,2025-07-19 17:28:583
S._viscosa,C._hispanica,0.62601033019336,0.62601033019336,1,2,-1,natural,2025-07-19 17:28:583
Nurse_S._viscosa,Other_species,-0.216132873461512,-0.216132873461512,1,2,-1,natural,2025-07-19 17:28:583
Nurse_G._struthium,Other_species,1.96950130348921,1.96950130348921,1,2,-1,natural,2025-07-19 17:28:583
H._squamatum,Other_species,0.767973556934095,0.767973556934095,1,2,-1,natural,2025-07-19 17:28:583
S._viscosa,Other_species,0.582544503997872,0.582544503997872,1,2,-1,natural,2025-07-19 17:28:583
C._hispanica,Other_species,0.372455538247332,0.372455538247332,1,2,-1,natural,2025-07-19 17:28:583
Nurse_S._viscosa,Nurse_G._struthium,-7.1218418645599,-7.1218418645599,1,2,-1,restoration,2025-07-19 17:28:573
Nurse_S._viscosa,H._squamatum,1.8298147295216,1.8298147295216,1,2,-1,restoration,2025-07-19 17:28:573
Nurse_G._struthium,H._squamatum,2.50226236740603,2.50226236740603,1,2,-1,restoration,2025-07-19 17:28:573
Nurse_S._viscosa,S._viscosa,3.33557597718117,3.33557597718117,1,2,-1,restoration,2025-07-19 17:28:573
Nurse_G._struthium,S._viscosa,1.16255270320617,1.16255270320617,1,2,-1,restoration,2025-07-19 17:28:573
H._squamatum,S._viscosa,0.171246690648163,0.171246690648163,1,2,-1,restoration,2025-07-19 17:28:573
Nurse_S._viscosa,C._hispanica,2.2455064289158,2.2455064289158,1,2,-1,restoration,2025-07-19 17:28:573
Nurse_G._struthium,C._hispanica,1.3978486470004,1.3978486470004,1,2,-1,restoration,2025-07-19 17:28:573
H._squamatum,C._hispanica,-0.654604491120811,-0.654604491120811,1,2,-1,restoration,2025-07-19 17:28:573
S._viscosa,C._hispanica,-1.31678505630351,-1.31678505630351,1,2,-1,restoration,2025-07-19 17:28:573
Nurse_S._viscosa,Other_species,1.78964291645555,1.78964291645555,1,2,-1,restoration,2025-07-19 17:28:573
Nurse_G._struthium,Other_species,2.97697889239066,2.97697889239066,1,2,-1,restoration,2025-07-19 17:28:573
H._squamatum,Other_species,1.58160784898487,1.58160784898487,1,2,-1,restoration,2025-07-19 17:28:573
S._viscosa,Other_species,0.928530391444687,0.928530391444687,1,2,-1,restoration,2025-07-19 17:28:573
C._hispanica,Other_species,1.54191404210191,1.54191404210191,1,2,-1,restoration,2025-07-19 17:28:573
Nurse_S._viscosa,Nurse_G._struthium,-6.81336884327011,-6.81336884327011,1,2,-1,natural,2025-07-19 17:28:573
Nurse_S._viscosa,H._squamatum,1.17061979902166,1.17061979902166,1,2,-1,natural,2025-07-19 17:28:573
Nurse_G._struthium,H._squamatum,0.353325352486601,0.353325352486601,1,2,-1,natural,2025-07-19 17:28:573
Nurse_S._viscosa,S._viscosa,-0.612601866369693,-0.612601866369693,1,2,-1,natural,2025-07-19 17:28:573
Nurse_G._struthium,S._viscosa,0.711385110132662,0.711385110132662,1,2,-1,natural,2025-07-19 17:28:573
H._squamatum,S._viscosa,0.993969532732295,0.993969532732295,1,2,-1,natural,2025-07-19 17:28:573
Nurse_S._viscosa,C._hispanica,0.811350256928357,0.811350256928357,1,2,-1,natural,2025-07-19 17:28:573
Nurse_G._struthium,C._hispanica,0.0344850275703594,0.0344850275703594,1,2,-1,natural,2025-07-19 17:28:573
H._squamatum,C._hispanica,0.607140194085327,0.607140194085327,1,2,-1,natural,2025-07-19 17:28:573
S._viscosa,C._hispanica,0.81755806621207,0.81755806621207,1,2,-1,natural,2025-07-19 17:28:573
Nurse_S._viscosa,Other_species,-0.115976837038023,-0.115976837038023,1,2,-1,natural,2025-07-19 17:28:573
Nurse_G._struthium,Other_species,1.97758136413032,1.97758136413032,1,2,-1,natural,2025-07-19 17:28:573
H._squamatum,Other_species,0.669895105824841,0.669895105824841,1,2,-1,natural,2025-07-19 17:28:573
S._viscosa,Other_species,0.764091905034297,0.764091905034297,1,2,-1,natural,2025-07-19 17:28:573
C._hispanica,Other_species,0.510845739193348,0.510845739193348,1,2,-1,natural,2025-07-19 17:28:573
Nurse_S._viscosa,Nurse_G._struthium,-7.48398854261021,-7.48398854261021,1,2,-1,restoration,2025-07-19 17:28:563
Nurse_S._viscosa,H._squamatum,2.42806644326889,2.42806644326889,1,2,-1,restoration,2025-07-19 17:28:563
Nurse_G._struthium,H._squamatum,2.46490217370282,2.46490217370282,1,2,-1,restoration,2025-07-19 17:28:563
Nurse_S._viscosa,S._viscosa,3.30305924362689,3.30305924362689,1,2,-1,restoration,2025-07-19 17:28:563
Nurse_G._struthium,S._viscosa,0.603771013489325,0.603771013489325,1,2,-1,restoration,2025-07-19 17:28:563
H._squamatum,S._viscosa,0.290320649770906,0.290320649770906,1,2,-1,restoration,2025-07-19 17:28:563
Nurse_S._viscosa,C._hispanica,3.33585225077557,3.33585225077557,1,2,-1,restoration,2025-07-19 17:28:563
Nurse_G._struthium,C._hispanica,0.944670161554492,0.944670161554492,1,2,-1,restoration,2025-07-19 17:28:563
H._squamatum,C._hispanica,-0.528648793809531,-0.528648793809531,1,2,-1,restoration,2025-07-19 17:28:563
S._viscosa,C._hispanica,-0.409267879665213,-0.409267879665213,1,2,-1,restoration,2025-07-19 17:28:563
Nurse_S._viscosa,Other_species,2.34109910055031,2.34109910055031,1,2,-1,restoration,2025-07-19 17:28:563
Nurse_G._struthium,Other_species,2.46235930092387,2.46235930092387,1,2,-1,restoration,2025-07-19 17:28:563
H._squamatum,Other_species,0.255814648870626,0.255814648870626,1,2,-1,restoration,2025-07-19 17:28:563
S._viscosa,Other_species,0.915379686465733,0.915379686465733,1,2,-1,restoration,2025-07-19 17:28:563
C._hispanica,Other_species,2.19763052577584,2.19763052577584,1,2,-1,restoration,2025-07-19 17:28:563
Nurse_S._viscosa,Nurse_G._struthium,-7.04287026595401,-7.04287026595401,1,2,-1,natural,2025-07-19 17:28:563
Nurse_S._viscosa,H._squamatum,1.3142310314566,1.3142310314566,1,2,-1,natural,2025-07-19 17:28:563
Nurse_G._struthium,H._squamatum,0.489402775108174,0.489402775108174,1,2,-1,natural,2025-07-19 17:28:563
Nurse_S._viscosa,S._viscosa,-0.538561071872897,-0.538561071872897,1,2,-1,natural,2025-07-19 17:28:563
Nurse_G._struthium,S._viscosa,0.715437205042089,0.715437205042089,1,2,-1,natural,2025-07-19 17:28:563
H._squamatum,S._viscosa,1.02199491725331,1.02199491725331,1,2,-1,natural,2025-07-19 17:28:563
Nurse_S._viscosa,C._hispanica,0.716075661700062,0.716075661700062,1,2,-1,natural,2025-07-19 17:28:563
Nurse_G._struthium,C._hispanica,0.0369907051646427,0.0369907051646427,1,2,-1,natural,2025-07-19 17:28:563
H._squamatum,C._hispanica,0.733565021252335,0.733565021252335,1,2,-1,natural,2025-07-19 17:28:563
S._viscosa,C._hispanica,0.625093931067066,0.625093931067066,1,2,-1,natural,2025-07-19 17:28:563
Nurse_S._viscosa,Other_species,-0.147308452716273,-0.147308452716273,1,2,-1,natural,2025-07-19 17:28:563
Nurse_G._struthium,Other_species,1.88061224744238,1.88061224744238,1,2,-1,natural,2025-07-19 17:28:563
H._squamatum,Other_species,0.599571312334829,0.599571312334829,1,2,-1,natural,2025-07-19 17:28:563
S._viscosa,Other_species,0.401725505009946,0.401725505009946,1,2,-1,natural,2025-07-19 17:28:563
C._hispanica,Other_species,0.556065380014464,0.556065380014464,1,2,-1,natural,2025-07-19 17:28:563
Nurse_S._viscosa,Nurse_G._struthium,-7.16819963075941,-7.16819963075941,1,2,-1,restoration,2025-07-19 17:28:563
Nurse_S._viscosa,H._squamatum,1.66311058739976,1.66311058739976,1,2,-1,restoration,2025-07-19 17:28:563
Nurse_G._struthium,H._squamatum,2.57392065805191,2.57392065805191,1,2,-1,restoration,2025-07-19 17:28:563
Nurse_S._viscosa,S._viscosa,2.97122131376764,2.97122131376764,1,2,-1,restoration,2025-07-19 17:28:563
Nurse_G._struthium,S._viscosa,0.584914003187093,0.584914003187093,1,2,-1,restoration,2025-07-19 17:28:563
H._squamatum,S._viscosa,0.609304519545707,0.609304519545707,1,2,-1,restoration,2025-07-19 17:28:563
Nurse_S._viscosa,C._hispanica,1.87359526243158,1.87359526243158,1,2,-1,restoration,2025-07-19 17:28:563
Nurse_G._struthium,C._hispanica,0.825381717433999,0.825381717433999,1,2,-1,restoration,2025-07-19 17:28:563
H._squamatum,C._hispanica,0.385606354834193,0.385606354834193,1,2,-1,restoration,2025-07-19 17:28:563
S._viscosa,C._hispanica,0.368212528386555,0.368212528386555,1,2,-1,restoration,2025-07-19 17:28:563
Nurse_S._viscosa,Other_species,2.22258387498262,2.22258387498262,1,2,-1,restoration,2025-07-19 17:28:563
Nurse_G._struthium,Other_species,2.29012471301514,2.29012471301514,1,2,-1,restoration,2025-07-19 17:28:563
H._squamatum,Other_species,-0.322709974369186,-0.322709974369186,1,2,-1,restoration,2025-07-19 17:28:563
S._viscosa,Other_species,1.24785214570339,1.24785214570339,1,2,-1,restoration,2025-07-19 17:28:563
C._hispanica,Other_species,2.57725090824212,2.57725090824212,1,2,-1,restoration,2025-07-19 17:28:563
Nurse_S._viscosa,Nurse_G._struthium,-6.85150797871977,-6.85150797871977,1,2,-1,natural,2025-07-19 17:28:563
Nurse_S._viscosa,H._squamatum,1.17363227645306,1.17363227645306,1,2,-1,natural,2025-07-19 17:28:563
Nurse_G._struthium,H._squamatum,0.556889892691683,0.556889892691683,1,2,-1,natural,2025-07-19 17:28:563
Nurse_S._viscosa,S._viscosa,-0.489173307582792,-0.489173307582792,1,2,-1,natural,2025-07-19 17:28:563
Nurse_G._struthium,S._viscosa,0.933495327291496,0.933495327291496,1,2,-1,natural,2025-07-19 17:28:563
H._squamatum,S._viscosa,1.08982432898019,1.08982432898019,1,2,-1,natural,2025-07-19 17:28:563
Nurse_S._viscosa,C._hispanica,0.563937337545277,0.563937337545277,1,2,-1,natural,2025-07-19 17:28:563
Nurse_G._struthium,C._hispanica,-0.399462316266688,-0.399462316266688,1,2,-1,natural,2025-07-19 17:28:563
H._squamatum,C._hispanica,0.730532263580129,0.730532263580129,1,2,-1,natural,2025-07-19 17:28:563
S._viscosa,C._hispanica,0.622237507623796,0.622237507623796,1,2,-1,natural,2025-07-19 17:28:563
Nurse_S._viscosa,Other_species,-0.132730011235921,-0.132730011235921,1,2,-1,natural,2025-07-19 17:28:563
Nurse_G._struthium,Other_species,1.77436198315115,1.77436198315115,1,2,-1,natural,2025-07-19 17:28:563
H._squamatum,Other_species,0.607826294025396,0.607826294025396,1,2,-1,natural,2025-07-19 17:28:563
S._viscosa,Other_species,0.504804773499327,0.504804773499327,1,2,-1,natural,2025-07-19 17:28:563
C._hispanica,Other_species,0.50666197129192,0.50666197129192,1,2,-1,natural,2025-07-19 17:28:563
Nurse_S._viscosa,Nurse_G._struthium,-7.52497785308364,-7.52497785308364,1,2,-1,restoration,2025-07-19 17:28:553
Nurse_S._viscosa,H._squamatum,2.31556879878953,2.31556879878953,1,2,-1,restoration,2025-07-19 17:28:553
Nurse_G._struthium,H._squamatum,3.85853304958958,3.85853304958958,1,2,-1,restoration,2025-07-19 17:28:553
Nurse_S._viscosa,S._viscosa,2.70047202220561,2.70047202220561,1,2,-1,restoration,2025-07-19 17:28:553
Nurse_G._struthium,S._viscosa,0.253198131269167,0.253198131269167,1,2,-1,restoration,2025-07-19 17:28:553
H._squamatum,S._viscosa,1.01623801878319,1.01623801878319,1,2,-1,restoration,2025-07-19 17:28:553
Nurse_S._viscosa,C._hispanica,3.06249779684872,3.06249779684872,1,2,-1,restoration,2025-07-19 17:28:553
Nurse_G._struthium,C._hispanica,2.07146929121905,2.07146929121905,1,2,-1,restoration,2025-07-19 17:28:553
H._squamatum,C._hispanica,-1.5064340551524,-1.5064340551524,1,2,-1,restoration,2025-07-19 17:28:553
S._viscosa,C._hispanica,0.106646915037113,0.106646915037113,1,2,-1,restoration,2025-07-19 17:28:553
Nurse_S._viscosa,Other_species,1.9717270333079,1.9717270333079,1,2,-1,restoration,2025-07-19 17:28:553
Nurse_G._struthium,Other_species,3.24395642120233,3.24395642120233,1,2,-1,restoration,2025-07-19 17:28:553
H._squamatum,Other_species,0.510334026502861,0.510334026502861,1,2,-1,restoration,2025-07-19 17:28:553
S._viscosa,Other_species,2.33685878708017,2.33685878708017,1,2,-1,restoration,2025-07-19 17:28:553
C._hispanica,Other_species,2.12647719536451,2.12647719536451,1,2,-1,restoration,2025-07-19 17:28:553
Nurse_S._viscosa,Nurse_G._struthium,-6.97620855132252,-6.97620855132252,1,2,-1,natural,2025-07-19 17:28:553
Nurse_S._viscosa,H._squamatum,1.04353026672856,1.04353026672856,1,2,-1,natural,2025-07-19 17:28:553
Nurse_G._struthium,H._squamatum,0.334906072491792,0.334906072491792,1,2,-1,natural,2025-07-19 17:28:553
Nurse_S._viscosa,S._viscosa,-0.324714372422376,-0.324714372422376,1,2,-1,natural,2025-07-19 17:28:553
Nurse_G._struthium,S._viscosa,0.603840007388754,0.603840007388754,1,2,-1,natural,2025-07-19 17:28:553
H._squamatum,S._viscosa,0.930235433754045,0.930235433754045,1,2,-1,natural,2025-07-19 17:28:553
Nurse_S._viscosa,C._hispanica,0.665190359476846,0.665190359476846,1,2,-1,natural,2025-07-19 17:28:553
Nurse_G._struthium,C._hispanica,0.10437490590371,0.10437490590371,1,2,-1,natural,2025-07-19 17:28:553
H._squamatum,C._hispanica,0.52375301570241,0.52375301570241,1,2,-1,natural,2025-07-19 17:28:553
S._viscosa,C._hispanica,0.785154330873669,0.785154330873669,1,2,-1,natural,2025-07-19 17:28:553
Nurse_S._viscosa,Other_species,-0.0915400950197998,-0.0915400950197998,1,2,-1,natural,2025-07-19 17:28:553
Nurse_G._struthium,Other_species,1.87740393568492,1.87740393568492,1,2,-1,natural,2025-07-19 17:28:553
H._squamatum,Other_species,0.57188280008511,0.57188280008511,1,2,-1,natural,2025-07-19 17:28:553
S._viscosa,Other_species,0.652709613728869,0.652709613728869,1,2,-1,natural,2025-07-19 17:28:553
C._hispanica,Other_species,0.536538810360813,0.536538810360813,1,2,-1,natural,2025-07-19 17:28:553
Nurse_S._viscosa,Nurse_G._struthium,-7.25509021265979,-7.25509021265979,1,2,-1,restoration,2025-07-19 17:28:543
Nurse_S._viscosa,H._squamatum,2.05420980262089,2.05420980262089,1,2,-1,restoration,2025-07-19 17:28:543
Nurse_G._struthium,H._squamatum,2.13643464488289,2.13643464488289,1,2,-1,restoration,2025-07-19 17:28:543
Nurse_S._viscosa,S._viscosa,3.30938666069006,3.30938666069006,1,2,-1,restoration,2025-07-19 17:28:543
Nurse_G._struthium,S._viscosa,0.904265320299318,0.904265320299318,1,2,-1,restoration,2025-07-19 17:28:543
H._squamatum,S._viscosa,0.323176997218151,0.323176997218151,1,2,-1,restoration,2025-07-19 17:28:543
Nurse_S._viscosa,C._hispanica,3.45813857251059,3.45813857251059,1,2,-1,restoration,2025-07-19 17:28:543
Nurse_G._struthium,C._hispanica,1.44808356016259,1.44808356016259,1,2,-1,restoration,2025-07-19 17:28:543
H._squamatum,C._hispanica,-0.26246472725805,-0.26246472725805,1,2,-1,restoration,2025-07-19 17:28:543
S._viscosa,C._hispanica,-0.502437652091411,-0.502437652091411,1,2,-1,restoration,2025-07-19 17:28:543
Nurse_S._viscosa,Other_species,3.03607056463307,3.03607056463307,1,2,-1,restoration,2025-07-19 17:28:543
Nurse_G._struthium,Other_species,3.12183894238128,3.12183894238128,1,2,-1,restoration,2025-07-19 17:28:543
H._squamatum,Other_species,0.440446001025278,0.440446001025278,1,2,-1,restoration,2025-07-19 17:28:543
S._viscosa,Other_species,1.26039501214924,1.26039501214924,1,2,-1,restoration,2025-07-19 17:28:543
C._hispanica,Other_species,2.4228686900262,2.4228686900262,1,2,-1,restoration,2025-07-19 17:28:543
Nurse_S._viscosa,Nurse_G._struthium,-6.90747880023569,-6.90747880023569,1,2,-1,natural,2025-07-19 17:28:543
Nurse_S._viscosa,H._squamatum,1.17497942649504,1.17497942649504,1,2,-1,natural,2025-07-19 17:28:543
Nurse_G._struthium,H._squamatum,0.553240324795802,0.553240324795802,1,2,-1,natural,2025-07-19 17:28:543
Nurse_S._viscosa,S._viscosa,-0.42672433747632,-0.42672433747632,1,2,-1,natural,2025-07-19 17:28:543
Nurse_G._struthium,S._viscosa,1.03649195924362,1.03649195924362,1,2,-1,natural,2025-07-19 17:28:543
H._squamatum,S._viscosa,1.30410332779693,1.30410332779693,1,2,-1,natural,2025-07-19 17:28:543
Nurse_S._viscosa,C._hispanica,0.817745217853082,0.817745217853082,1,2,-1,natural,2025-07-19 17:28:543
Nurse_G._struthium,C._hispanica,-0.0259223515726131,-0.0259223515726131,1,2,-1,natural,2025-07-19 17:28:543
H._squamatum,C._hispanica,0.509535574736193,0.509535574736193,1,2,-1,natural,2025-07-19 17:28:543
S._viscosa,C._hispanica,0.759060633549316,0.759060633549316,1,2,-1,natural,2025-07-19 17:28:543
Nurse_S._viscosa,Other_species,-0.185264155818475,-0.185264155818475,1,2,-1,natural,2025-07-19 17:28:543
Nurse_G._struthium,Other_species,1.47483658437873,1.47483658437873,1,2,-1,natural,2025-07-19 17:28:543
H._squamatum,Other_species,0.580233075747394,0.580233075747394,1,2,-1,natural,2025-07-19 17:28:543
S._viscosa,Other_species,0.493293671058566,0.493293671058566,1,2,-1,natural,2025-07-19 17:28:543
C._hispanica,Other_species,0.507974451883254,0.507974451883254,1,2,-1,natural,2025-07-19 17:28:543
Nurse_S._viscosa,Nurse_G._struthium,-7.07749415766397,-7.07749415766397,1,2,-1,restoration,2025-07-19 17:28:543
Nurse_S._viscosa,H._squamatum,2.04401883912028,2.04401883912028,1,2,-1,restoration,2025-07-19 17:28:543
Nurse_G._struthium,H._squamatum,2.57578657390525,2.57578657390525,1,2,-1,restoration,2025-07-19 17:28:543
Nurse_S._viscosa,S._viscosa,2.8391194148125,2.8391194148125,1,2,-1,restoration,2025-07-19 17:28:543
Nurse_G._struthium,S._viscosa,-0.0289155578379163,-0.0289155578379163,1,2,-1,restoration,2025-07-19 17:28:543
H._squamatum,S._viscosa,0.034443271762445,0.034443271762445,1,2,-1,restoration,2025-07-19 17:28:543
Nurse_S._viscosa,C._hispanica,1.86811492967159,1.86811492967159,1,2,-1,restoration,2025-07-19 17:28:543
Nurse_G._struthium,C._hispanica,0.139207325444317,0.139207325444317,1,2,-1,restoration,2025-07-19 17:28:543
H._squamatum,C._hispanica,-1.16055721376201,-1.16055721376201,1,2,-1,restoration,2025-07-19 17:28:543
S._viscosa,C._hispanica,-0.00434358462478631,-0.00434358462478631,1,2,-1,restoration,2025-07-19 17:28:543
Nurse_S._viscosa,Other_species,1.42889372367291,1.42889372367291,1,2,-1,restoration,2025-07-19 17:28:543
Nurse_G._struthium,Other_species,1.65852608158539,1.65852608158539,1,2,-1,restoration,2025-07-19 17:28:543
H._squamatum,Other_species,0.279089926732218,0.279089926732218,1,2,-1,restoration,2025-07-19 17:28:543
S._viscosa,Other_species,2.0620050582328,2.0620050582328,1,2,-1,restoration,2025-07-19 17:28:543
C._hispanica,Other_species,1.68499126082726,1.68499126082726,1,2,-1,restoration,2025-07-19 17:28:543
Nurse_S._viscosa,Nurse_G._struthium,-6.72300224556929,-6.72300224556929,1,2,-1,natural,2025-07-19 17:28:543
Nurse_S._viscosa,H._squamatum,0.813493920481419,0.813493920481419,1,2,-1,natural,2025-07-19 17:28:543
Nurse_G._struthium,H._squamatum,0.560173714596159,0.560173714596159,1,2,-1,natural,2025-07-19 17:28:543
Nurse_S._viscosa,S._viscosa,-0.46402026948529,-0.46402026948529,1,2,-1,natural,2025-07-19 17:28:543
Nurse_G._struthium,S._viscosa,0.891692987441007,0.891692987441007,1,2,-1,natural,2025-07-19 17:28:543
H._squamatum,S._viscosa,0.888001303106178,0.888001303106178,1,2,-1,natural,2025-07-19 17:28:543
Nurse_S._viscosa,C._hispanica,0.763420147990924,0.763420147990924,1,2,-1,natural,2025-07-19 17:28:543
Nurse_G._struthium,C._hispanica,-0.307629439347901,-0.307629439347901,1,2,-1,natural,2025-07-19 17:28:543
H._squamatum,C._hispanica,0.6651274433039,0.6651274433039,1,2,-1,natural,2025-07-19 17:28:543
S._viscosa,C._hispanica,0.673466791938793,0.673466791938793,1,2,-1,natural,2025-07-19 17:28:543
Nurse_S._viscosa,Other_species,-0.176717604272152,-0.176717604272152,1,2,-1,natural,2025-07-19 17:28:543
Nurse_G._struthium,Other_species,1.66981315948696,1.66981315948696,1,2,-1,natural,2025-07-19 17:28:543
H._squamatum,Other_species,0.592011131024263,0.592011131024263,1,2,-1,natural,2025-07-19 17:28:543
S._viscosa,Other_species,0.592650671262468,0.592650671262468,1,2,-1,natural,2025-07-19 17:28:543
C._hispanica,Other_species,0.620005392338248,0.620005392338248,1,2,-1,natural,2025-07-19 17:28:543
Nurse_S._viscosa,Nurse_G._struthium,-7.3673107734904,-7.3673107734904,1,2,-1,restoration,2025-07-19 17:28:533
Nurse_S._viscosa,H._squamatum,3.0418280867566,3.0418280867566,1,2,-1,restoration,2025-07-19 17:28:533
Nurse_G._struthium,H._squamatum,3.56880255154254,3.56880255154254,1,2,-1,restoration,2025-07-19 17:28:533
Nurse_S._viscosa,S._viscosa,3.11560030559838,3.11560030559838,1,2,-1,restoration,2025-07-19 17:28:533
Nurse_G._struthium,S._viscosa,0.184238656278234,0.184238656278234,1,2,-1,restoration,2025-07-19 17:28:533
H._squamatum,S._viscosa,0.299620623424437,0.299620623424437,1,2,-1,restoration,2025-07-19 17:28:533
Nurse_S._viscosa,C._hispanica,1.46733916400114,1.46733916400114,1,2,-1,restoration,2025-07-19 17:28:533
Nurse_G._struthium,C._hispanica,-0.615050175362949,-0.615050175362949,1,2,-1,restoration,2025-07-19 17:28:533
H._squamatum,C._hispanica,0.314924524283715,0.314924524283715,1,2,-1,restoration,2025-07-19 17:28:533
S._viscosa,C._hispanica,-0.72246047051745,-0.72246047051745,1,2,-1,restoration,2025-07-19 17:28:533
Nurse_S._viscosa,Other_species,2.08094687183898,2.08094687183898,1,2,-1,restoration,2025-07-19 17:28:533
Nurse_G._struthium,Other_species,2.90494319745788,2.90494319745788,1,2,-1,restoration,2025-07-19 17:28:533
H._squamatum,Other_species,0.315899150114432,0.315899150114432,1,2,-1,restoration,2025-07-19 17:28:533
S._viscosa,Other_species,1.69914360076814,1.69914360076814,1,2,-1,restoration,2025-07-19 17:28:533
C._hispanica,Other_species,2.25196116801606,2.25196116801606,1,2,-1,restoration,2025-07-19 17:28:533
Nurse_S._viscosa,Nurse_G._struthium,-6.93017999463506,-6.93017999463506,1,2,-1,natural,2025-07-19 17:28:533
Nurse_S._viscosa,H._squamatum,1.01874611111304,1.01874611111304,1,2,-1,natural,2025-07-19 17:28:533
Nurse_G._struthium,H._squamatum,0.593433136115962,0.593433136115962,1,2,-1,natural,2025-07-19 17:28:533
Nurse_S._viscosa,S._viscosa,-0.477986164228151,-0.477986164228151,1,2,-1,natural,2025-07-19 17:28:533
Nurse_G._struthium,S._viscosa,0.669043386957986,0.669043386957986,1,2,-1,natural,2025-07-19 17:28:533
H._squamatum,S._viscosa,0.838805501003572,0.838805501003572,1,2,-1,natural,2025-07-19 17:28:533
Nurse_S._viscosa,C._hispanica,0.288863209966646,0.288863209966646,1,2,-1,natural,2025-07-19 17:28:533
Nurse_G._struthium,C._hispanica,-0.418782443625721,-0.418782443625721,1,2,-1,natural,2025-07-19 17:28:533
H._squamatum,C._hispanica,0.660965978598619,0.660965978598619,1,2,-1,natural,2025-07-19 17:28:533
S._viscosa,C._hispanica,0.970210196090043,0.970210196090043,1,2,-1,natural,2025-07-19 17:28:533
Nurse_S._viscosa,Other_species,-0.299672714483841,-0.299672714483841,1,2,-1,natural,2025-07-19 17:28:533
Nurse_G._struthium,Other_species,1.77747837506393,1.77747837506393,1,2,-1,natural,2025-07-19 17:28:533
H._squamatum,Other_species,0.442183672717907,0.442183672717907,1,2,-1,natural,2025-07-19 17:28:533
S._viscosa,Other_species,0.898887295017709,0.898887295017709,1,2,-1,natural,2025-07-19 17:28:533
C._hispanica,Other_species,0.52485398971721,0.52485398971721,1,2,-1,natural,2025-07-19 17:28:533
Nurse_S._viscosa,Nurse_G._struthium,-7.96330286716569,-7.96330286716569,1,2,-1,restoration,2025-07-19 17:28:533
Nurse_S._viscosa,H._squamatum,2.90318195896579,2.90318195896579,1,2,-1,restoration,2025-07-19 17:28:533
Nurse_G._struthium,H._squamatum,3.20326936898063,3.20326936898063,1,2,-1,restoration,2025-07-19 17:28:533
Nurse_S._viscosa,S._viscosa,3.17569886257707,3.17569886257707,1,2,-1,restoration,2025-07-19 17:28:533
Nurse_G._struthium,S._viscosa,1.17946037610487,1.17946037610487,1,2,-1,restoration,2025-07-19 17:28:533
H._squamatum,S._viscosa,0.311561753159458,0.311561753159458,1,2,-1,restoration,2025-07-19 17:28:533
Nurse_S._viscosa,C._hispanica,2.44414336524632,2.44414336524632,1,2,-1,restoration,2025-07-19 17:28:533
Nurse_G._struthium,C._hispanica,0.876305146955924,0.876305146955924,1,2,-1,restoration,2025-07-19 17:28:533
H._squamatum,C._hispanica,0.949887211456997,0.949887211456997,1,2,-1,restoration,2025-07-19 17:28:533
S._viscosa,C._hispanica,-0.427299750788263,-0.427299750788263,1,2,-1,restoration,2025-07-19 17:28:533
Nurse_S._viscosa,Other_species,1.80298978650376,1.80298978650376,1,2,-1,restoration,2025-07-19 17:28:533
Nurse_G._struthium,Other_species,2.46862444542978,2.46862444542978,1,2,-1,restoration,2025-07-19 17:28:533
H._squamatum,Other_species,0.959033913614425,0.959033913614425,1,2,-1,restoration,2025-07-19 17:28:533
S._viscosa,Other_species,1.06309373744784,1.06309373744784,1,2,-1,restoration,2025-07-19 17:28:533
C._hispanica,Other_species,2.22059609194171,2.22059609194171,1,2,-1,restoration,2025-07-19 17:28:533
Nurse_S._viscosa,Nurse_G._struthium,-7.03348444872887,-7.03348444872887,1,2,-1,natural,2025-07-19 17:28:533
Nurse_S._viscosa,H._squamatum,1.20623722915389,1.20623722915389,1,2,-1,natural,2025-07-19 17:28:533
Nurse_G._struthium,H._squamatum,0.547221805760076,0.547221805760076,1,2,-1,natural,2025-07-19 17:28:533
Nurse_S._viscosa,S._viscosa,-0.507661852592619,-0.507661852592619,1,2,-1,natural,2025-07-19 17:28:533
Nurse_G._struthium,S._viscosa,0.6739594920085,0.6739594920085,1,2,-1,natural,2025-07-19 17:28:533
H._squamatum,S._viscosa,1.09237055104467,1.09237055104467,1,2,-1,natural,2025-07-19 17:28:533
Nurse_S._viscosa,C._hispanica,0.956973829736598,0.956973829736598,1,2,-1,natural,2025-07-19 17:28:533
Nurse_G._struthium,C._hispanica,7.63462371002423e-4,7.63462371002423e-4,1,2,-1,natural,2025-07-19 17:28:533
H._squamatum,C._hispanica,0.454065722202959,0.454065722202959,1,2,-1,natural,2025-07-19 17:28:533
S._viscosa,C._hispanica,0.628052987736391,0.628052987736391,1,2,-1,natural,2025-07-19 17:28:533
Nurse_S._viscosa,Other_species,0.0458714552725394,0.0458714552725394,1,2,-1,natural,2025-07-19 17:28:533
Nurse_G._struthium,Other_species,2.07458491382799,2.07458491382799,1,2,-1,natural,2025-07-19 17:28:533
H._squamatum,Other_species,0.730596854302213,0.730596854302213,1,2,-1,natural,2025-07-19 17:28:533
S._viscosa,Other_species,0.762187433735018,0.762187433735018,1,2,-1,natural,2025-07-19 17:28:533
C._hispanica,Other_species,0.731558364789881,0.731558364789881,1,2,-1,natural,2025-07-19 17:28:533
Nurse_S._viscosa,Nurse_G._struthium,-7.7449879116104,-7.7449879116104,1,2,-1,restoration,2025-07-19 17:28:523
Nurse_S._viscosa,H._squamatum,3.38853317001708,3.38853317001708,1,2,-1,restoration,2025-07-19 17:28:523
Nurse_G._struthium,H._squamatum,3.52180364273187,3.52180364273187,1,2,-1,restoration,2025-07-19 17:28:523
Nurse_S._viscosa,S._viscosa,2.7332116391607,2.7332116391607,1,2,-1,restoration,2025-07-19 17:28:523
Nurse_G._struthium,S._viscosa,0.808763578737035,0.808763578737035,1,2,-1,restoration,2025-07-19 17:28:523
H._squamatum,S._viscosa,-0.5265469196954,-0.5265469196954,1,2,-1,restoration,2025-07-19 17:28:523
Nurse_S._viscosa,C._hispanica,0.52132484995799,0.52132484995799,1,2,-1,restoration,2025-07-19 17:28:523
Nurse_G._struthium,C._hispanica,-0.0662151524045076,-0.0662151524045076,1,2,-1,restoration,2025-07-19 17:28:523
H._squamatum,C._hispanica,0.63965915670345,0.63965915670345,1,2,-1,restoration,2025-07-19 17:28:523
S._viscosa,C._hispanica,0.950548548040683,0.950548548040683,1,2,-1,restoration,2025-07-19 17:28:523
Nurse_S._viscosa,Other_species,2.78078113824168,2.78078113824168,1,2,-1,restoration,2025-07-19 17:28:523
Nurse_G._struthium,Other_species,4.0236511556916,4.0236511556916,1,2,-1,restoration,2025-07-19 17:28:523
H._squamatum,Other_species,1.51655741763718,1.51655741763718,1,2,-1,restoration,2025-07-19 17:28:523
S._viscosa,Other_species,1.64404769128837,1.64404769128837,1,2,-1,restoration,2025-07-19 17:28:523
C._hispanica,Other_species,2.65497179061673,2.65497179061673,1,2,-1,restoration,2025-07-19 17:28:523
Nurse_S._viscosa,Nurse_G._struthium,-6.65384139076491,-6.65384139076491,1,2,-1,natural,2025-07-19 17:28:523
Nurse_S._viscosa,H._squamatum,1.02157173747153,1.02157173747153,1,2,-1,natural,2025-07-19 17:28:523
Nurse_G._struthium,H._squamatum,0.265360335971437,0.265360335971437,1,2,-1,natural,2025-07-19 17:28:523
Nurse_S._viscosa,S._viscosa,-0.61865125274313,-0.61865125274313,1,2,-1,natural,2025-07-19 17:28:523
Nurse_G._struthium,S._viscosa,0.512176116225938,0.512176116225938,1,2,-1,natural,2025-07-19 17:28:523
H._squamatum,S._viscosa,1.02059248926738,1.02059248926738,1,2,-1,natural,2025-07-19 17:28:523
Nurse_S._viscosa,C._hispanica,0.638584070294555,0.638584070294555,1,2,-1,natural,2025-07-19 17:28:523
Nurse_G._struthium,C._hispanica,-0.116043114644241,-0.116043114644241,1,2,-1,natural,2025-07-19 17:28:523
H._squamatum,C._hispanica,0.366863329247443,0.366863329247443,1,2,-1,natural,2025-07-19 17:28:523
S._viscosa,C._hispanica,0.859081164453403,0.859081164453403,1,2,-1,natural,2025-07-19 17:28:523
Nurse_S._viscosa,Other_species,-0.251547969334647,-0.251547969334647,1,2,-1,natural,2025-07-19 17:28:523
Nurse_G._struthium,Other_species,2.00361161227986,2.00361161227986,1,2,-1,natural,2025-07-19 17:28:523
H._squamatum,Other_species,0.666096086140248,0.666096086140248,1,2,-1,natural,2025-07-19 17:28:523
S._viscosa,Other_species,0.618554175217701,0.618554175217701,1,2,-1,natural,2025-07-19 17:28:523
C._hispanica,Other_species,0.563728344655289,0.563728344655289,1,2,-1,natural,2025-07-19 17:28:523
Nurse_S._viscosa,Nurse_G._struthium,-7.87742077442986,-7.87742077442986,1,2,-1,restoration,2025-07-19 17:28:513
Nurse_S._viscosa,H._squamatum,2.44523229068828,2.44523229068828,1,2,-1,restoration,2025-07-19 17:28:513
Nurse_G._struthium,H._squamatum,3.88666646949207,3.88666646949207,1,2,-1,restoration,2025-07-19 17:28:513
Nurse_S._viscosa,S._viscosa,2.79458599146779,2.79458599146779,1,2,-1,restoration,2025-07-19 17:28:513
Nurse_G._struthium,S._viscosa,0.0336613194464144,0.0336613194464144,1,2,-1,restoration,2025-07-19 17:28:513
H._squamatum,S._viscosa,1.09110152775947,1.09110152775947,1,2,-1,restoration,2025-07-19 17:28:513
Nurse_S._viscosa,C._hispanica,3.528014730821,3.528014730821,1,2,-1,restoration,2025-07-19 17:28:513
Nurse_G._struthium,C._hispanica,1.4891249468321,1.4891249468321,1,2,-1,restoration,2025-07-19 17:28:513
H._squamatum,C._hispanica,-1.81053936839064,-1.81053936839064,1,2,-1,restoration,2025-07-19 17:28:513
S._viscosa,C._hispanica,-0.17749600636738,-0.17749600636738,1,2,-1,restoration,2025-07-19 17:28:513
Nurse_S._viscosa,Other_species,2.25917127847504,2.25917127847504,1,2,-1,restoration,2025-07-19 17:28:513
Nurse_G._struthium,Other_species,2.42977275379579,2.42977275379579,1,2,-1,restoration,2025-07-19 17:28:513
H._squamatum,Other_species,0.147513151503446,0.147513151503446,1,2,-1,restoration,2025-07-19 17:28:513
S._viscosa,Other_species,2.01551448114155,2.01551448114155,1,2,-1,restoration,2025-07-19 17:28:513
C._hispanica,Other_species,2.42563448760214,2.42563448760214,1,2,-1,restoration,2025-07-19 17:28:513
Nurse_S._viscosa,Nurse_G._struthium,-6.88316808273133,-6.88316808273133,1,2,-1,natural,2025-07-19 17:28:513
Nurse_S._viscosa,H._squamatum,1.15435496499761,1.15435496499761,1,2,-1,natural,2025-07-19 17:28:513
Nurse_G._struthium,H._squamatum,0.357126444851183,0.357126444851183,1,2,-1,natural,2025-07-19 17:28:513
Nurse_S._viscosa,S._viscosa,-0.54558166562734,-0.54558166562734,1,2,-1,natural,2025-07-19 17:28:513
Nurse_G._struthium,S._viscosa,0.630160703455069,0.630160703455069,1,2,-1,natural,2025-07-19 17:28:513
H._squamatum,S._viscosa,0.934621619652912,0.934621619652912,1,2,-1,natural,2025-07-19 17:28:513
Nurse_S._viscosa,C._hispanica,0.541448788772533,0.541448788772533,1,2,-1,natural,2025-07-19 17:28:513
Nurse_G._struthium,C._hispanica,0.0664753790585032,0.0664753790585032,1,2,-1,natural,2025-07-19 17:28:513
H._squamatum,C._hispanica,0.781045993584183,0.781045993584183,1,2,-1,natural,2025-07-19 17:28:513
S._viscosa,C._hispanica,0.508949698074237,0.508949698074237,1,2,-1,natural,2025-07-19 17:28:513
Nurse_S._viscosa,Other_species,0.0466627954064024,0.0466627954064024,1,2,-1,natural,2025-07-19 17:28:513
Nurse_G._struthium,Other_species,1.86602154531354,1.86602154531354,1,2,-1,natural,2025-07-19 17:28:513
H._squamatum,Other_species,0.441037821882338,0.441037821882338,1,2,-1,natural,2025-07-19 17:28:513
S._viscosa,Other_species,0.78295210081264,0.78295210081264,1,2,-1,natural,2025-07-19 17:28:513
C._hispanica,Other_species,0.335157266781896,0.335157266781896,1,2,-1,natural,2025-07-19 17:28:513
Nurse_S._viscosa,Nurse_G._struthium,-7.21775109394068,-7.21775109394068,1,2,-1,restoration,2025-07-19 17:28:513
Nurse_S._viscosa,H._squamatum,1.70387581796596,1.70387581796596,1,2,-1,restoration,2025-07-19 17:28:513
Nurse_G._struthium,H._squamatum,2.35557314119355,2.35557314119355,1,2,-1,restoration,2025-07-19 17:28:513
Nurse_S._viscosa,S._viscosa,3.1740892744588,3.1740892744588,1,2,-1,restoration,2025-07-19 17:28:513
Nurse_G._struthium,S._viscosa,0.607860489827451,0.607860489827451,1,2,-1,restoration,2025-07-19 17:28:513
H._squamatum,S._viscosa,0.446171392092549,0.446171392092549,1,2,-1,restoration,2025-07-19 17:28:513
Nurse_S._viscosa,C._hispanica,3.45371275516384,3.45371275516384,1,2,-1,restoration,2025-07-19 17:28:513
Nurse_G._struthium,C._hispanica,1.30918816290052,1.30918816290052,1,2,-1,restoration,2025-07-19 17:28:513
H._squamatum,C._hispanica,-1.13035187436352,-1.13035187436352,1,2,-1,restoration,2025-07-19 17:28:513
S._viscosa,C._hispanica,-0.289731896471287,-0.289731896471287,1,2,-1,restoration,2025-07-19 17:28:513
Nurse_S._viscosa,Other_species,1.92762307098572,1.92762307098572,1,2,-1,restoration,2025-07-19 17:28:513
Nurse_G._struthium,Other_species,1.79536710768679,1.79536710768679,1,2,-1,restoration,2025-07-19 17:28:513
H._squamatum,Other_species,-0.131487751264743,-0.131487751264743,1,2,-1,restoration,2025-07-19 17:28:513
S._viscosa,Other_species,1.28919987949404,1.28919987949404,1,2,-1,restoration,2025-07-19 17:28:513
C._hispanica,Other_species,2.07724490540457,2.07724490540457,1,2,-1,restoration,2025-07-19 17:28:513
Nurse_S._viscosa,Nurse_G._struthium,-6.9038150044995,-6.9038150044995,1,2,-1,natural,2025-07-19 17:28:513
Nurse_S._viscosa,H._squamatum,1.26903251358523,1.26903251358523,1,2,-1,natural,2025-07-19 17:28:513
Nurse_G._struthium,H._squamatum,0.343214989968131,0.343214989968131,1,2,-1,natural,2025-07-19 17:28:513
Nurse_S._viscosa,S._viscosa,-0.664591236885435,-0.664591236885435,1,2,-1,natural,2025-07-19 17:28:513
Nurse_G._struthium,S._viscosa,0.631727507884093,0.631727507884093,1,2,-1,natural,2025-07-19 17:28:513
H._squamatum,S._viscosa,1.0139507807698,1.0139507807698,1,2,-1,natural,2025-07-19 17:28:513
Nurse_S._viscosa,C._hispanica,0.572275740553888,0.572275740553888,1,2,-1,natural,2025-07-19 17:28:513
Nurse_G._struthium,C._hispanica,-0.098586171216184,-0.098586171216184,1,2,-1,natural,2025-07-19 17:28:513
H._squamatum,C._hispanica,0.803350487437707,0.803350487437707,1,2,-1,natural,2025-07-19 17:28:513
S._viscosa,C._hispanica,0.909776511743345,0.909776511743345,1,2,-1,natural,2025-07-19 17:28:513
Nurse_S._viscosa,Other_species,-0.173734823862413,-0.173734823862413,1,2,-1,natural,2025-07-19 17:28:513
Nurse_G._struthium,Other_species,1.54406938748401,1.54406938748401,1,2,-1,natural,2025-07-19 17:28:513
H._squamatum,Other_species,0.707364952967966,0.707364952967966,1,2,-1,natural,2025-07-19 17:28:513
S._viscosa,Other_species,0.653095636461312,0.653095636461312,1,2,-1,natural,2025-07-19 17:28:513
C._hispanica,Other_species,0.642281414082833,0.642281414082833,1,2,-1,natural,2025-07-19 17:28:513
Nurse_S._viscosa,Nurse_G._struthium,-7.21482361900757,-7.21482361900757,1,2,-1,restoration,2025-07-19 17:28:503
Nurse_S._viscosa,H._squamatum,0.889112618267686,0.889112618267686,1,2,-1,restoration,2025-07-19 17:28:503
Nurse_G._struthium,H._squamatum,1.61481501321111,1.61481501321111,1,2,-1,restoration,2025-07-19 17:28:503
Nurse_S._viscosa,S._viscosa,3.23858002567258,3.23858002567258,1,2,-1,restoration,2025-07-19 17:28:503
Nurse_G._struthium,S._viscosa,1.07950075807567,1.07950075807567,1,2,-1,restoration,2025-07-19 17:28:503
H._squamatum,S._viscosa,0.568997886836303,0.568997886836303,1,2,-1,restoration,2025-07-19 17:28:503
Nurse_S._viscosa,C._hispanica,2.56930229376747,2.56930229376747,1,2,-1,restoration,2025-07-19 17:28:503
Nurse_G._struthium,C._hispanica,0.361932224408639,0.361932224408639,1,2,-1,restoration,2025-07-19 17:28:503
H._squamatum,C._hispanica,-0.140882248213216,-0.140882248213216,1,2,-1,restoration,2025-07-19 17:28:503
S._viscosa,C._hispanica,-0.115984771946871,-0.115984771946871,1,2,-1,restoration,2025-07-19 17:28:503
Nurse_S._viscosa,Other_species,0.983828996359538,0.983828996359538,1,2,-1,restoration,2025-07-19 17:28:503
Nurse_G._struthium,Other_species,0.645809789006261,0.645809789006261,1,2,-1,restoration,2025-07-19 17:28:503
H._squamatum,Other_species,-0.309778031988743,-0.309778031988743,1,2,-1,restoration,2025-07-19 17:28:503
S._viscosa,Other_species,1.82388281803291,1.82388281803291,1,2,-1,restoration,2025-07-19 17:28:503
C._hispanica,Other_species,2.21748273209156,2.21748273209156,1,2,-1,restoration,2025-07-19 17:28:503
Nurse_S._viscosa,Nurse_G._struthium,-6.87320165009108,-6.87320165009108,1,2,-1,natural,2025-07-19 17:28:503
Nurse_S._viscosa,H._squamatum,1.36234567035246,1.36234567035246,1,2,-1,natural,2025-07-19 17:28:503
Nurse_G._struthium,H._squamatum,0.477000510333635,0.477000510333635,1,2,-1,natural,2025-07-19 17:28:503
Nurse_S._viscosa,S._viscosa,-0.325292881720349,-0.325292881720349,1,2,-1,natural,2025-07-19 17:28:503
Nurse_G._struthium,S._viscosa,0.821742210196658,0.821742210196658,1,2,-1,natural,2025-07-19 17:28:503
H._squamatum,S._viscosa,1.06464610928815,1.06464610928815,1,2,-1,natural,2025-07-19 17:28:503
Nurse_S._viscosa,C._hispanica,0.854798991731868,0.854798991731868,1,2,-1,natural,2025-07-19 17:28:503
Nurse_G._struthium,C._hispanica,-0.0175817003945074,-0.0175817003945074,1,2,-1,natural,2025-07-19 17:28:503
H._squamatum,C._hispanica,0.603288139875844,0.603288139875844,1,2,-1,natural,2025-07-19 17:28:503
S._viscosa,C._hispanica,0.736613925375341,0.736613925375341,1,2,-1,natural,2025-07-19 17:28:503
Nurse_S._viscosa,Other_species,-0.355101392016075,-0.355101392016075,1,2,-1,natural,2025-07-19 17:28:503
Nurse_G._struthium,Other_species,1.76277475437315,1.76277475437315,1,2,-1,natural,2025-07-19 17:28:503
H._squamatum,Other_species,0.722785022635647,0.722785022635647,1,2,-1,natural,2025-07-19 17:28:503
S._viscosa,Other_species,0.592118130597815,0.592118130597815,1,2,-1,natural,2025-07-19 17:28:503
C._hispanica,Other_species,0.488542754153659,0.488542754153659,1,2,-1,natural,2025-07-19 17:28:503
Nurse_S._viscosa,Nurse_G._struthium,-6.78542544250444,-6.78542544250444,1,2,-1,restoration,2025-07-19 17:28:503
Nurse_S._viscosa,H._squamatum,1.59683872869353,1.59683872869353,1,2,-1,restoration,2025-07-19 17:28:503
Nurse_G._struthium,H._squamatum,2.70091725538686,2.70091725538686,1,2,-1,restoration,2025-07-19 17:28:503
Nurse_S._viscosa,S._viscosa,2.79479886704682,2.79479886704682,1,2,-1,restoration,2025-07-19 17:28:503
Nurse_G._struthium,S._viscosa,0.351229713242455,0.351229713242455,1,2,-1,restoration,2025-07-19 17:28:503
H._squamatum,S._viscosa,-0.822626241123343,-0.822626241123343,1,2,-1,restoration,2025-07-19 17:28:503
Nurse_S._viscosa,C._hispanica,2.96304374117297,2.96304374117297,1,2,-1,restoration,2025-07-19 17:28:503
Nurse_G._struthium,C._hispanica,1.09881858266324,1.09881858266324,1,2,-1,restoration,2025-07-19 17:28:503
H._squamatum,C._hispanica,-1.3042870724349,-1.3042870724349,1,2,-1,restoration,2025-07-19 17:28:503
S._viscosa,C._hispanica,-0.274745524217689,-0.274745524217689,1,2,-1,restoration,2025-07-19 17:28:503
Nurse_S._viscosa,Other_species,3.06101163245442,3.06101163245442,1,2,-1,restoration,2025-07-19 17:28:503
Nurse_G._struthium,Other_species,2.96877282861452,2.96877282861452,1,2,-1,restoration,2025-07-19 17:28:503
H._squamatum,Other_species,0.424859284979088,0.424859284979088,1,2,-1,restoration,2025-07-19 17:28:503
S._viscosa,Other_species,2.71701214545611,2.71701214545611,1,2,-1,restoration,2025-07-19 17:28:503
C._hispanica,Other_species,2.38517183590482,2.38517183590482,1,2,-1,restoration,2025-07-19 17:28:503
Nurse_S._viscosa,Nurse_G._struthium,-6.79480649620789,-6.79480649620789,1,2,-1,natural,2025-07-19 17:28:503
Nurse_S._viscosa,H._squamatum,0.975735274070762,0.975735274070762,1,2,-1,natural,2025-07-19 17:28:503
Nurse_G._struthium,H._squamatum,0.510333694502245,0.510333694502245,1,2,-1,natural,2025-07-19 17:28:503
Nurse_S._viscosa,S._viscosa,-0.789182947417459,-0.789182947417459,1,2,-1,natural,2025-07-19 17:28:503
Nurse_G._struthium,S._viscosa,0.675827881521829,0.675827881521829,1,2,-1,natural,2025-07-19 17:28:503
H._squamatum,S._viscosa,0.995473765769959,0.995473765769959,1,2,-1,natural,2025-07-19 17:28:503
Nurse_S._viscosa,C._hispanica,0.703225575772809,0.703225575772809,1,2,-1,natural,2025-07-19 17:28:503
Nurse_G._struthium,C._hispanica,-0.402171552484803,-0.402171552484803,1,2,-1,natural,2025-07-19 17:28:503
H._squamatum,C._hispanica,0.795169124992864,0.795169124992864,1,2,-1,natural,2025-07-19 17:28:503
S._viscosa,C._hispanica,0.991329620530983,0.991329620530983,1,2,-1,natural,2025-07-19 17:28:503
Nurse_S._viscosa,Other_species,-0.106685949162603,-0.106685949162603,1,2,-1,natural,2025-07-19 17:28:503
Nurse_G._struthium,Other_species,1.84949761384559,1.84949761384559,1,2,-1,natural,2025-07-19 17:28:503
H._squamatum,Other_species,0.603271898129377,0.603271898129377,1,2,-1,natural,2025-07-19 17:28:503
S._viscosa,Other_species,0.414475216684949,0.414475216684949,1,2,-1,natural,2025-07-19 17:28:503
C._hispanica,Other_species,0.69425784706737,0.69425784706737,1,2,-1,natural,2025-07-19 17:28:503
Nurse_S._viscosa,Nurse_G._struthium,-7.98184236827674,-7.98184236827674,1,2,-1,restoration,2025-07-19 17:28:493
Nurse_S._viscosa,H._squamatum,2.54791438965744,2.54791438965744,1,2,-1,restoration,2025-07-19 17:28:493
Nurse_G._struthium,H._squamatum,2.78497589594486,2.78497589594486,1,2,-1,restoration,2025-07-19 17:28:493
Nurse_S._viscosa,S._viscosa,3.01961608348258,3.01961608348258,1,2,-1,restoration,2025-07-19 17:28:493
Nurse_G._struthium,S._viscosa,0.906834923889295,0.906834923889295,1,2,-1,restoration,2025-07-19 17:28:493
H._squamatum,S._viscosa,0.502258994654996,0.502258994654996,1,2,-1,restoration,2025-07-19 17:28:493
Nurse_S._viscosa,C._hispanica,2.71218903712392,2.71218903712392,1,2,-1,restoration,2025-07-19 17:28:493
Nurse_G._struthium,C._hispanica,0.683237949103484,0.683237949103484,1,2,-1,restoration,2025-07-19 17:28:493
H._squamatum,C._hispanica,-1.78046955695523,-1.78046955695523,1,2,-1,restoration,2025-07-19 17:28:493
S._viscosa,C._hispanica,-0.217281361589235,-0.217281361589235,1,2,-1,restoration,2025-07-19 17:28:493
Nurse_S._viscosa,Other_species,2.10667226293924,2.10667226293924,1,2,-1,restoration,2025-07-19 17:28:493
Nurse_G._struthium,Other_species,2.43470507983401,2.43470507983401,1,2,-1,restoration,2025-07-19 17:28:493
H._squamatum,Other_species,0.598346584569523,0.598346584569523,1,2,-1,restoration,2025-07-19 17:28:493
S._viscosa,Other_species,1.33947181933582,1.33947181933582,1,2,-1,restoration,2025-07-19 17:28:493
C._hispanica,Other_species,2.81282257735461,2.81282257735461,1,2,-1,restoration,2025-07-19 17:28:493
Nurse_S._viscosa,Nurse_G._struthium,-7.00421413093475,-7.00421413093475,1,2,-1,natural,2025-07-19 17:28:493
Nurse_S._viscosa,H._squamatum,1.44246150381814,1.44246150381814,1,2,-1,natural,2025-07-19 17:28:493
Nurse_G._struthium,H._squamatum,0.64565911702548,0.64565911702548,1,2,-1,natural,2025-07-19 17:28:493
Nurse_S._viscosa,S._viscosa,-0.395504230624688,-0.395504230624688,1,2,-1,natural,2025-07-19 17:28:493
Nurse_G._struthium,S._viscosa,0.759410039414734,0.759410039414734,1,2,-1,natural,2025-07-19 17:28:493
H._squamatum,S._viscosa,1.05950309361245,1.05950309361245,1,2,-1,natural,2025-07-19 17:28:493
Nurse_S._viscosa,C._hispanica,0.748900931464033,0.748900931464033,1,2,-1,natural,2025-07-19 17:28:493
Nurse_G._struthium,C._hispanica,0.0267140240779917,0.0267140240779917,1,2,-1,natural,2025-07-19 17:28:493
H._squamatum,C._hispanica,0.698917943163923,0.698917943163923,1,2,-1,natural,2025-07-19 17:28:493
S._viscosa,C._hispanica,0.713197251203358,0.713197251203358,1,2,-1,natural,2025-07-19 17:28:493
Nurse_S._viscosa,Other_species,-0.409613574723284,-0.409613574723284,1,2,-1,natural,2025-07-19 17:28:493
Nurse_G._struthium,Other_species,1.69339300335247,1.69339300335247,1,2,-1,natural,2025-07-19 17:28:493
H._squamatum,Other_species,0.612914169766089,0.612914169766089,1,2,-1,natural,2025-07-19 17:28:493
S._viscosa,Other_species,0.498446171390042,0.498446171390042,1,2,-1,natural,2025-07-19 17:28:493
C._hispanica,Other_species,0.252607416871329,0.252607416871329,1,2,-1,natural,2025-07-19 17:28:493
Nurse_S._viscosa,Nurse_G._struthium,-7.16454154744481,-7.16454154744481,1,2,-1,restoration,2025-07-19 17:28:483
Nurse_S._viscosa,H._squamatum,2.18773517029829,2.18773517029829,1,2,-1,restoration,2025-07-19 17:28:483
Nurse_G._struthium,H._squamatum,2.26090015026138,2.26090015026138,1,2,-1,restoration,2025-07-19 17:28:483
Nurse_S._viscosa,S._viscosa,3.39514475874818,3.39514475874818,1,2,-1,restoration,2025-07-19 17:28:483
Nurse_G._struthium,S._viscosa,0.937105676057481,0.937105676057481,1,2,-1,restoration,2025-07-19 17:28:483
H._squamatum,S._viscosa,-0.190664807924581,-0.190664807924581,1,2,-1,restoration,2025-07-19 17:28:483
Nurse_S._viscosa,C._hispanica,2.1947506954778,2.1947506954778,1,2,-1,restoration,2025-07-19 17:28:483
Nurse_G._struthium,C._hispanica,0.209948596120154,0.209948596120154,1,2,-1,restoration,2025-07-19 17:28:483
H._squamatum,C._hispanica,-1.2900170128031,-1.2900170128031,1,2,-1,restoration,2025-07-19 17:28:483
S._viscosa,C._hispanica,0.347714076967742,0.347714076967742,1,2,-1,restoration,2025-07-19 17:28:483
Nurse_S._viscosa,Other_species,2.70575621248107,2.70575621248107,1,2,-1,restoration,2025-07-19 17:28:483
Nurse_G._struthium,Other_species,2.85643788552166,2.85643788552166,1,2,-1,restoration,2025-07-19 17:28:483
H._squamatum,Other_species,0.398877112629124,0.398877112629124,1,2,-1,restoration,2025-07-19 17:28:483
S._viscosa,Other_species,1.29145152844303,1.29145152844303,1,2,-1,restoration,2025-07-19 17:28:483
C._hispanica,Other_species,1.79011011177212,1.79011011177212,1,2,-1,restoration,2025-07-19 17:28:483
Nurse_S._viscosa,Nurse_G._struthium,-6.72591063506926,-6.72591063506926,1,2,-1,natural,2025-07-19 17:28:483
Nurse_S._viscosa,H._squamatum,1.00571563985626,1.00571563985626,1,2,-1,natural,2025-07-19 17:28:483
Nurse_G._struthium,H._squamatum,0.525368518122361,0.525368518122361,1,2,-1,natural,2025-07-19 17:28:483
Nurse_S._viscosa,S._viscosa,-0.349284779546157,-0.349284779546157,1,2,-1,natural,2025-07-19 17:28:483
Nurse_G._struthium,S._viscosa,0.677270566561382,0.677270566561382,1,2,-1,natural,2025-07-19 17:28:483
H._squamatum,S._viscosa,0.975841178114023,0.975841178114023,1,2,-1,natural,2025-07-19 17:28:483
Nurse_S._viscosa,C._hispanica,0.74998292448972,0.74998292448972,1,2,-1,natural,2025-07-19 17:28:483
Nurse_G._struthium,C._hispanica,-0.219696659399095,-0.219696659399095,1,2,-1,natural,2025-07-19 17:28:483
H._squamatum,C._hispanica,0.791952865736466,0.791952865736466,1,2,-1,natural,2025-07-19 17:28:483
S._viscosa,C._hispanica,0.537810115631305,0.537810115631305,1,2,-1,natural,2025-07-19 17:28:483
Nurse_S._viscosa,Other_species,-0.169943737259799,-0.169943737259799,1,2,-1,natural,2025-07-19 17:28:483
Nurse_G._struthium,Other_species,1.9351350822226,1.9351350822226,1,2,-1,natural,2025-07-19 17:28:483
H._squamatum,Other_species,0.75570676372523,0.75570676372523,1,2,-1,natural,2025-07-19 17:28:483
S._viscosa,Other_species,0.732589078606005,0.732589078606005,1,2,-1,natural,2025-07-19 17:28:483
C._hispanica,Other_species,0.529033404258005,0.529033404258005,1,2,-1,natural,2025-07-19 17:28:483
Nurse_S._viscosa,Nurse_G._struthium,-9.07944727542572,-9.07944727542572,1,2,-1,restoration,2025-07-19 17:28:483
Nurse_S._viscosa,H._squamatum,2.73164394123043,2.73164394123043,1,2,-1,restoration,2025-07-19 17:28:483
Nurse_G._struthium,H._squamatum,4.19511676162132,4.19511676162132,1,2,-1,restoration,2025-07-19 17:28:483
Nurse_S._viscosa,S._viscosa,3.23118489754573,3.23118489754573,1,2,-1,restoration,2025-07-19 17:28:483
Nurse_G._struthium,S._viscosa,1.09944553873386,1.09944553873386,1,2,-1,restoration,2025-07-19 17:28:483
H._squamatum,S._viscosa,0.740538784022169,0.740538784022169,1,2,-1,restoration,2025-07-19 17:28:483
Nurse_S._viscosa,C._hispanica,2.3460586529103,2.3460586529103,1,2,-1,restoration,2025-07-19 17:28:483
Nurse_G._struthium,C._hispanica,0.183886173222527,0.183886173222527,1,2,-1,restoration,2025-07-19 17:28:483
H._squamatum,C._hispanica,0.230305572119719,0.230305572119719,1,2,-1,restoration,2025-07-19 17:28:483
S._viscosa,C._hispanica,-0.547771502014571,-0.547771502014571,1,2,-1,restoration,2025-07-19 17:28:483
Nurse_S._viscosa,Other_species,2.42287151260184,2.42287151260184,1,2,-1,restoration,2025-07-19 17:28:483
Nurse_G._struthium,Other_species,2.58614057585115,2.58614057585115,1,2,-1,restoration,2025-07-19 17:28:483
H._squamatum,Other_species,0.226757191757899,0.226757191757899,1,2,-1,restoration,2025-07-19 17:28:483
S._viscosa,Other_species,1.95094460549757,1.95094460549757,1,2,-1,restoration,2025-07-19 17:28:483
C._hispanica,Other_species,1.96396323241995,1.96396323241995,1,2,-1,restoration,2025-07-19 17:28:483
Nurse_S._viscosa,Nurse_G._struthium,-7.05326806809456,-7.05326806809456,1,2,-1,natural,2025-07-19 17:28:483
Nurse_S._viscosa,H._squamatum,1.17420165121356,1.17420165121356,1,2,-1,natural,2025-07-19 17:28:483
Nurse_G._struthium,H._squamatum,0.34194849858153,0.34194849858153,1,2,-1,natural,2025-07-19 17:28:483
Nurse_S._viscosa,S._viscosa,-0.731960799485715,-0.731960799485715,1,2,-1,natural,2025-07-19 17:28:483
Nurse_G._struthium,S._viscosa,0.607482723412347,0.607482723412347,1,2,-1,natural,2025-07-19 17:28:483
H._squamatum,S._viscosa,0.913833034783544,0.913833034783544,1,2,-1,natural,2025-07-19 17:28:483
Nurse_S._viscosa,C._hispanica,0.718886101758456,0.718886101758456,1,2,-1,natural,2025-07-19 17:28:483
Nurse_G._struthium,C._hispanica,0.0761990325094343,0.0761990325094343,1,2,-1,natural,2025-07-19 17:28:483
H._squamatum,C._hispanica,0.546362938552078,0.546362938552078,1,2,-1,natural,2025-07-19 17:28:483
S._viscosa,C._hispanica,0.799308011179405,0.799308011179405,1,2,-1,natural,2025-07-19 17:28:483
Nurse_S._viscosa,Other_species,-0.266932799001156,-0.266932799001156,1,2,-1,natural,2025-07-19 17:28:483
Nurse_G._struthium,Other_species,1.90278299200066,1.90278299200066,1,2,-1,natural,2025-07-19 17:28:483
H._squamatum,Other_species,0.591373601565966,0.591373601565966,1,2,-1,natural,2025-07-19 17:28:483
S._viscosa,Other_species,0.353166790446019,0.353166790446019,1,2,-1,natural,2025-07-19 17:28:483
C._hispanica,Other_species,0.41569273579438,0.41569273579438,1,2,-1,natural,2025-07-19 17:28:483
Nurse_S._viscosa,Nurse_G._struthium,-8.24519040499841,-8.24519040499841,1,2,-1,restoration,2025-07-19 17:28:473
Nurse_S._viscosa,H._squamatum,3.11204248763369,3.11204248763369,1,2,-1,restoration,2025-07-19 17:28:473
Nurse_G._struthium,H._squamatum,4.06543092891632,4.06543092891632,1,2,-1,restoration,2025-07-19 17:28:473
Nurse_S._viscosa,S._viscosa,2.93331952129613,2.93331952129613,1,2,-1,restoration,2025-07-19 17:28:473
Nurse_G._struthium,S._viscosa,0.470756763073146,0.470756763073146,1,2,-1,restoration,2025-07-19 17:28:473
H._squamatum,S._viscosa,-0.0182967717017731,-0.0182967717017731,1,2,-1,restoration,2025-07-19 17:28:473
Nurse_S._viscosa,C._hispanica,1.78373177773388,1.78373177773388,1,2,-1,restoration,2025-07-19 17:28:473
Nurse_G._struthium,C._hispanica,1.0092405247744,1.0092405247744,1,2,-1,restoration,2025-07-19 17:28:473
H._squamatum,C._hispanica,-1.16291981627007,-1.16291981627007,1,2,-1,restoration,2025-07-19 17:28:473
S._viscosa,C._hispanica,0.149367856792264,0.149367856792264,1,2,-1,restoration,2025-07-19 17:28:473
Nurse_S._viscosa,Other_species,1.22027882384465,1.22027882384465,1,2,-1,restoration,2025-07-19 17:28:473
Nurse_G._struthium,Other_species,1.51785608358064,1.51785608358064,1,2,-1,restoration,2025-07-19 17:28:473
H._squamatum,Other_species,-0.32839606387704,-0.32839606387704,1,2,-1,restoration,2025-07-19 17:28:473
S._viscosa,Other_species,1.02173254731319,1.02173254731319,1,2,-1,restoration,2025-07-19 17:28:473
C._hispanica,Other_species,2.28332610604413,2.28332610604413,1,2,-1,restoration,2025-07-19 17:28:473
Nurse_S._viscosa,Nurse_G._struthium,-6.94676131335012,-6.94676131335012,1,2,-1,natural,2025-07-19 17:28:473
Nurse_S._viscosa,H._squamatum,1.10044889714699,1.10044889714699,1,2,-1,natural,2025-07-19 17:28:473
Nurse_G._struthium,H._squamatum,0.414864768655322,0.414864768655322,1,2,-1,natural,2025-07-19 17:28:473
Nurse_S._viscosa,S._viscosa,-0.450206500752808,-0.450206500752808,1,2,-1,natural,2025-07-19 17:28:473
Nurse_G._struthium,S._viscosa,1.01047169557893,1.01047169557893,1,2,-1,natural,2025-07-19 17:28:473
H._squamatum,S._viscosa,0.937156344695499,0.937156344695499,1,2,-1,natural,2025-07-19 17:28:473
Nurse_S._viscosa,C._hispanica,0.47453676867218,0.47453676867218,1,2,-1,natural,2025-07-19 17:28:473
Nurse_G._struthium,C._hispanica,-0.251148378443699,-0.251148378443699,1,2,-1,natural,2025-07-19 17:28:473
H._squamatum,C._hispanica,0.456094917196819,0.456094917196819,1,2,-1,natural,2025-07-19 17:28:473
S._viscosa,C._hispanica,1.04647376552931,1.04647376552931,1,2,-1,natural,2025-07-19 17:28:473
Nurse_S._viscosa,Other_species,-0.0808620599983804,-0.0808620599983804,1,2,-1,natural,2025-07-19 17:28:473
Nurse_G._struthium,Other_species,2.04625353019021,2.04625353019021,1,2,-1,natural,2025-07-19 17:28:473
H._squamatum,Other_species,0.715300692379757,0.715300692379757,1,2,-1,natural,2025-07-19 17:28:473
S._viscosa,Other_species,0.54990104928365,0.54990104928365,1,2,-1,natural,2025-07-19 17:28:473
C._hispanica,Other_species,0.6228131941245,0.6228131941245,1,2,-1,natural,2025-07-19 17:28:473
Nurse_S._viscosa,Nurse_G._struthium,-7.52610761028912,-7.52610761028912,1,2,-1,restoration,2025-07-19 17:28:473
Nurse_S._viscosa,H._squamatum,1.84519746408031,1.84519746408031,1,2,-1,restoration,2025-07-19 17:28:473
Nurse_G._struthium,H._squamatum,2.65074245613682,2.65074245613682,1,2,-1,restoration,2025-07-19 17:28:473
Nurse_S._viscosa,S._viscosa,2.46613841115044,2.46613841115044,1,2,-1,restoration,2025-07-19 17:28:473
Nurse_G._struthium,S._viscosa,0.604343587559396,0.604343587559396,1,2,-1,restoration,2025-07-19 17:28:473
H._squamatum,S._viscosa,1.2668435846045,1.2668435846045,1,2,-1,restoration,2025-07-19 17:28:473
Nurse_S._viscosa,C._hispanica,1.56641322196367,1.56641322196367,1,2,-1,restoration,2025-07-19 17:28:473
Nurse_G._struthium,C._hispanica,1.00722442284521,1.00722442284521,1,2,-1,restoration,2025-07-19 17:28:473
H._squamatum,C._hispanica,-0.444401619323871,-0.444401619323871,1,2,-1,restoration,2025-07-19 17:28:473
S._viscosa,C._hispanica,0.897902357135127,0.897902357135127,1,2,-1,restoration,2025-07-19 17:28:473
Nurse_S._viscosa,Other_species,1.04356571330627,1.04356571330627,1,2,-1,restoration,2025-07-19 17:28:473
Nurse_G._struthium,Other_species,1.54811409581265,1.54811409581265,1,2,-1,restoration,2025-07-19 17:28:473
H._squamatum,Other_species,0.280227229814,0.280227229814,1,2,-1,restoration,2025-07-19 17:28:473
S._viscosa,Other_species,0.632923061619665,0.632923061619665,1,2,-1,restoration,2025-07-19 17:28:473
C._hispanica,Other_species,1.87089036045319,1.87089036045319,1,2,-1,restoration,2025-07-19 17:28:473
Nurse_S._viscosa,Nurse_G._struthium,-6.96035886440344,-6.96035886440344,1,2,-1,natural,2025-07-19 17:28:473
Nurse_S._viscosa,H._squamatum,1.18251325003605,1.18251325003605,1,2,-1,natural,2025-07-19 17:28:473
Nurse_G._struthium,H._squamatum,0.225015774523312,0.225015774523312,1,2,-1,natural,2025-07-19 17:28:473
Nurse_S._viscosa,S._viscosa,-0.499713962769629,-0.499713962769629,1,2,-1,natural,2025-07-19 17:28:473
Nurse_G._struthium,S._viscosa,0.849319060819747,0.849319060819747,1,2,-1,natural,2025-07-19 17:28:473
H._squamatum,S._viscosa,1.05673753575456,1.05673753575456,1,2,-1,natural,2025-07-19 17:28:473
Nurse_S._viscosa,C._hispanica,0.839596035991692,0.839596035991692,1,2,-1,natural,2025-07-19 17:28:473
Nurse_G._struthium,C._hispanica,0.0631500987185982,0.0631500987185982,1,2,-1,natural,2025-07-19 17:28:473
H._squamatum,C._hispanica,0.341013191578473,0.341013191578473,1,2,-1,natural,2025-07-19 17:28:473
S._viscosa,C._hispanica,0.874359491602529,0.874359491602529,1,2,-1,natural,2025-07-19 17:28:473
Nurse_S._viscosa,Other_species,-0.350466475226816,-0.350466475226816,1,2,-1,natural,2025-07-19 17:28:473
Nurse_G._struthium,Other_species,1.84677251411712,1.84677251411712,1,2,-1,natural,2025-07-19 17:28:473
H._squamatum,Other_species,0.645965641833909,0.645965641833909,1,2,-1,natural,2025-07-19 17:28:473
S._viscosa,Other_species,0.506371287057811,0.506371287057811,1,2,-1,natural,2025-07-19 17:28:473
C._hispanica,Other_species,0.418468212097164,0.418468212097164,1,2,-1,natural,2025-07-19 17:28:473
Nurse_S._viscosa,Nurse_G._struthium,-9.87498612696999,-9.87498612696999,1,2,-1,restoration,2025-07-19 17:28:463
Nurse_S._viscosa,H._squamatum,3.37962360823592,3.37962360823592,1,2,-1,restoration,2025-07-19 17:28:463
Nurse_G._struthium,H._squamatum,4.95690671441036,4.95690671441036,1,2,-1,restoration,2025-07-19 17:28:463
Nurse_S._viscosa,S._viscosa,3.29334716099997,3.29334716099997,1,2,-1,restoration,2025-07-19 17:28:463
Nurse_G._struthium,S._viscosa,0.882929474789497,0.882929474789497,1,2,-1,restoration,2025-07-19 17:28:463
H._squamatum,S._viscosa,0.51033411861414,0.51033411861414,1,2,-1,restoration,2025-07-19 17:28:463
Nurse_S._viscosa,C._hispanica,1.80674581241502,1.80674581241502,1,2,-1,restoration,2025-07-19 17:28:463
Nurse_G._struthium,C._hispanica,0.97147540606228,0.97147540606228,1,2,-1,restoration,2025-07-19 17:28:463
H._squamatum,C._hispanica,0.134069152050284,0.134069152050284,1,2,-1,restoration,2025-07-19 17:28:463
S._viscosa,C._hispanica,1.05930678030851,1.05930678030851,1,2,-1,restoration,2025-07-19 17:28:463
Nurse_S._viscosa,Other_species,2.51892522524283,2.51892522524283,1,2,-1,restoration,2025-07-19 17:28:463
Nurse_G._struthium,Other_species,3.39998676258818,3.39998676258818,1,2,-1,restoration,2025-07-19 17:28:463
H._squamatum,Other_species,-0.0814116138614791,-0.0814116138614791,1,2,-1,restoration,2025-07-19 17:28:463
S._viscosa,Other_species,1.63505274632294,1.63505274632294,1,2,-1,restoration,2025-07-19 17:28:463
C._hispanica,Other_species,1.25663726934066,1.25663726934066,1,2,-1,restoration,2025-07-19 17:28:463
Nurse_S._viscosa,Nurse_G._struthium,-6.77099832743599,-6.77099832743599,1,2,-1,natural,2025-07-19 17:28:463
Nurse_S._viscosa,H._squamatum,1.0387450410957,1.0387450410957,1,2,-1,natural,2025-07-19 17:28:463
Nurse_G._struthium,H._squamatum,0.655153144617474,0.655153144617474,1,2,-1,natural,2025-07-19 17:28:463
Nurse_S._viscosa,S._viscosa,-0.633998313812215,-0.633998313812215,1,2,-1,natural,2025-07-19 17:28:463
Nurse_G._struthium,S._viscosa,0.62447643549267,0.62447643549267,1,2,-1,natural,2025-07-19 17:28:463
H._squamatum,S._viscosa,1.14811618969706,1.14811618969706,1,2,-1,natural,2025-07-19 17:28:463
Nurse_S._viscosa,C._hispanica,0.688085251815971,0.688085251815971,1,2,-1,natural,2025-07-19 17:28:463
Nurse_G._struthium,C._hispanica,-0.122033886543064,-0.122033886543064,1,2,-1,natural,2025-07-19 17:28:463
H._squamatum,C._hispanica,0.625028021985232,0.625028021985232,1,2,-1,natural,2025-07-19 17:28:463
S._viscosa,C._hispanica,0.601007526976467,0.601007526976467,1,2,-1,natural,2025-07-19 17:28:463
Nurse_S._viscosa,Other_species,-0.238380487520482,-0.238380487520482,1,2,-1,natural,2025-07-19 17:28:463
Nurse_G._struthium,Other_species,2.08114831860885,2.08114831860885,1,2,-1,natural,2025-07-19 17:28:463
H._squamatum,Other_species,0.597021622264702,0.597021622264702,1,2,-1,natural,2025-07-19 17:28:463
S._viscosa,Other_species,0.675056559598355,0.675056559598355,1,2,-1,natural,2025-07-19 17:28:463
C._hispanica,Other_species,0.538448211823236,0.538448211823236,1,2,-1,natural,2025-07-19 17:28:463
Nurse_S._viscosa,Nurse_G._struthium,-8.81439142977671,-8.81439142977671,1,2,-1,restoration,2025-07-19 17:28:463
Nurse_S._viscosa,H._squamatum,3.40099861633057,3.40099861633057,1,2,-1,restoration,2025-07-19 17:28:463
Nurse_G._struthium,H._squamatum,3.49676837447003,3.49676837447003,1,2,-1,restoration,2025-07-19 17:28:463
Nurse_S._viscosa,S._viscosa,4.32201092171168,4.32201092171168,1,2,-1,restoration,2025-07-19 17:28:463
Nurse_G._struthium,S._viscosa,1.68893010176568,1.68893010176568,1,2,-1,restoration,2025-07-19 17:28:463
H._squamatum,S._viscosa,0.179477620839128,0.179477620839128,1,2,-1,restoration,2025-07-19 17:28:463
Nurse_S._viscosa,C._hispanica,4.09902393500331,4.09902393500331,1,2,-1,restoration,2025-07-19 17:28:463
Nurse_G._struthium,C._hispanica,1.18542172321457,1.18542172321457,1,2,-1,restoration,2025-07-19 17:28:463
H._squamatum,C._hispanica,0.33463286750095,0.33463286750095,1,2,-1,restoration,2025-07-19 17:28:463
S._viscosa,C._hispanica,-0.653082735917683,-0.653082735917683,1,2,-1,restoration,2025-07-19 17:28:463
Nurse_S._viscosa,Other_species,3.45403752924678,3.45403752924678,1,2,-1,restoration,2025-07-19 17:28:463
Nurse_G._struthium,Other_species,3.85625486521468,3.85625486521468,1,2,-1,restoration,2025-07-19 17:28:463
H._squamatum,Other_species,1.27278084380658,1.27278084380658,1,2,-1,restoration,2025-07-19 17:28:463
S._viscosa,Other_species,1.44536564589922,1.44536564589922,1,2,-1,restoration,2025-07-19 17:28:463
C._hispanica,Other_species,2.88145535246591,2.88145535246591,1,2,-1,restoration,2025-07-19 17:28:463
Nurse_S._viscosa,Nurse_G._struthium,-6.91669575707822,-6.91669575707822,1,2,-1,natural,2025-07-19 17:28:463
Nurse_S._viscosa,H._squamatum,0.997589872642403,0.997589872642403,1,2,-1,natural,2025-07-19 17:28:463
Nurse_G._struthium,H._squamatum,0.41461262416712,0.41461262416712,1,2,-1,natural,2025-07-19 17:28:463
Nurse_S._viscosa,S._viscosa,-0.513202041658296,-0.513202041658296,1,2,-1,natural,2025-07-19 17:28:463
Nurse_G._struthium,S._viscosa,0.821743530617858,0.821743530617858,1,2,-1,natural,2025-07-19 17:28:463
H._squamatum,S._viscosa,1.04861468771068,1.04861468771068,1,2,-1,natural,2025-07-19 17:28:463
Nurse_S._viscosa,C._hispanica,0.70357051620237,0.70357051620237,1,2,-1,natural,2025-07-19 17:28:463
Nurse_G._struthium,C._hispanica,0.21242563260452,0.21242563260452,1,2,-1,natural,2025-07-19 17:28:463
H._squamatum,C._hispanica,0.656560611497952,0.656560611497952,1,2,-1,natural,2025-07-19 17:28:463
S._viscosa,C._hispanica,0.772420689985091,0.772420689985091,1,2,-1,natural,2025-07-19 17:28:463
Nurse_S._viscosa,Other_species,-0.0722226543727964,-0.0722226543727964,1,2,-1,natural,2025-07-19 17:28:463
Nurse_G._struthium,Other_species,1.71885442202535,1.71885442202535,1,2,-1,natural,2025-07-19 17:28:463
H._squamatum,Other_species,0.664078723562724,0.664078723562724,1,2,-1,natural,2025-07-19 17:28:463
S._viscosa,Other_species,0.653923613094503,0.653923613094503,1,2,-1,natural,2025-07-19 17:28:463
C._hispanica,Other_species,0.357340240164999,0.357340240164999,1,2,-1,natural,2025-07-19 17:28:463
Nurse_S._viscosa,Nurse_G._struthium,-7.00430129723789,-7.00430129723789,1,2,-1,restoration,2025-07-19 17:28:453
Nurse_S._viscosa,H._squamatum,1.96323282165967,1.96323282165967,1,2,-1,restoration,2025-07-19 17:28:453
Nurse_G._struthium,H._squamatum,2.17748991238618,2.17748991238618,1,2,-1,restoration,2025-07-19 17:28:453
Nurse_S._viscosa,S._viscosa,3.28227957607875,3.28227957607875,1,2,-1,restoration,2025-07-19 17:28:453
Nurse_G._struthium,S._viscosa,0.69384096332662,0.69384096332662,1,2,-1,restoration,2025-07-19 17:28:453
H._squamatum,S._viscosa,0.292616967991605,0.292616967991605,1,2,-1,restoration,2025-07-19 17:28:453
Nurse_S._viscosa,C._hispanica,2.29610201330657,2.29610201330657,1,2,-1,restoration,2025-07-19 17:28:453
Nurse_G._struthium,C._hispanica,-1.99436100238586,-1.99436100238586,1,2,-1,restoration,2025-07-19 17:28:453
H._squamatum,C._hispanica,0.345747040269034,0.345747040269034,1,2,-1,restoration,2025-07-19 17:28:453
S._viscosa,C._hispanica,-0.11806676335747,-0.11806676335747,1,2,-1,restoration,2025-07-19 17:28:453
Nurse_S._viscosa,Other_species,1.88556863651215,1.88556863651215,1,2,-1,restoration,2025-07-19 17:28:453
Nurse_G._struthium,Other_species,2.11499844044024,2.11499844044024,1,2,-1,restoration,2025-07-19 17:28:453
H._squamatum,Other_species,1.07765529634096,1.07765529634096,1,2,-1,restoration,2025-07-19 17:28:453
S._viscosa,Other_species,1.91656276563554,1.91656276563554,1,2,-1,restoration,2025-07-19 17:28:453
C._hispanica,Other_species,2.3604191322755,2.3604191322755,1,2,-1,restoration,2025-07-19 17:28:453
Nurse_S._viscosa,Nurse_G._struthium,-6.85704314133106,-6.85704314133106,1,2,-1,natural,2025-07-19 17:28:453
Nurse_S._viscosa,H._squamatum,1.38504034701616,1.38504034701616,1,2,-1,natural,2025-07-19 17:28:453
Nurse_G._struthium,H._squamatum,0.579141009708772,0.579141009708772,1,2,-1,natural,2025-07-19 17:28:453
Nurse_S._viscosa,S._viscosa,-0.471558996559028,-0.471558996559028,1,2,-1,natural,2025-07-19 17:28:453
Nurse_G._struthium,S._viscosa,0.913182517688164,0.913182517688164,1,2,-1,natural,2025-07-19 17:28:453
H._squamatum,S._viscosa,1.04831811082322,1.04831811082322,1,2,-1,natural,2025-07-19 17:28:453
Nurse_S._viscosa,C._hispanica,0.722521199319359,0.722521199319359,1,2,-1,natural,2025-07-19 17:28:453
Nurse_G._struthium,C._hispanica,-0.222564696597224,-0.222564696597224,1,2,-1,natural,2025-07-19 17:28:453
H._squamatum,C._hispanica,0.615964070230799,0.615964070230799,1,2,-1,natural,2025-07-19 17:28:453
S._viscosa,C._hispanica,0.893763786482158,0.893763786482158,1,2,-1,natural,2025-07-19 17:28:453
Nurse_S._viscosa,Other_species,-0.0326951233758117,-0.0326951233758117,1,2,-1,natural,2025-07-19 17:28:453
Nurse_G._struthium,Other_species,1.89866007041771,1.89866007041771,1,2,-1,natural,2025-07-19 17:28:453
H._squamatum,Other_species,0.753900984008661,0.753900984008661,1,2,-1,natural,2025-07-19 17:28:453
S._viscosa,Other_species,0.515087182512084,0.515087182512084,1,2,-1,natural,2025-07-19 17:28:453
C._hispanica,Other_species,0.690740300816144,0.690740300816144,1,2,-1,natural,2025-07-19 17:28:453
Nurse_S._viscosa,Nurse_G._struthium,-7.32338362497106,-7.32338362497106,1,2,-1,restoration,2025-07-19 17:28:453
Nurse_S._viscosa,H._squamatum,2.25752463956256,2.25752463956256,1,2,-1,restoration,2025-07-19 17:28:453
Nurse_G._struthium,H._squamatum,2.61675741951654,2.61675741951654,1,2,-1,restoration,2025-07-19 17:28:453
Nurse_S._viscosa,S._viscosa,3.19228166574377,3.19228166574377,1,2,-1,restoration,2025-07-19 17:28:453
Nurse_G._struthium,S._viscosa,1.06846101681064,1.06846101681064,1,2,-1,restoration,2025-07-19 17:28:453
H._squamatum,S._viscosa,-1.40053196650614,-1.40053196650614,1,2,-1,restoration,2025-07-19 17:28:453
Nurse_S._viscosa,C._hispanica,1.29354763082786,1.29354763082786,1,2,-1,restoration,2025-07-19 17:28:453
Nurse_G._struthium,C._hispanica,0.411612999929527,0.411612999929527,1,2,-1,restoration,2025-07-19 17:28:453
H._squamatum,C._hispanica,-1.0975972533663,-1.0975972533663,1,2,-1,restoration,2025-07-19 17:28:453
S._viscosa,C._hispanica,0.435343366796462,0.435343366796462,1,2,-1,restoration,2025-07-19 17:28:453
Nurse_S._viscosa,Other_species,2.68501249848828,2.68501249848828,1,2,-1,restoration,2025-07-19 17:28:453
Nurse_G._struthium,Other_species,2.53714863563182,2.53714863563182,1,2,-1,restoration,2025-07-19 17:28:453
H._squamatum,Other_species,0.370837646217506,0.370837646217506,1,2,-1,restoration,2025-07-19 17:28:453
S._viscosa,Other_species,1.56867693068336,1.56867693068336,1,2,-1,restoration,2025-07-19 17:28:453
C._hispanica,Other_species,2.82721035280242,2.82721035280242,1,2,-1,restoration,2025-07-19 17:28:453
Nurse_S._viscosa,Nurse_G._struthium,-6.91565905331685,-6.91565905331685,1,2,-1,natural,2025-07-19 17:28:453
Nurse_S._viscosa,H._squamatum,1.17420151143092,1.17420151143092,1,2,-1,natural,2025-07-19 17:28:453
Nurse_G._struthium,H._squamatum,0.778136095353859,0.778136095353859,1,2,-1,natural,2025-07-19 17:28:453
Nurse_S._viscosa,S._viscosa,-0.740717071194373,-0.740717071194373,1,2,-1,natural,2025-07-19 17:28:453
Nurse_G._struthium,S._viscosa,0.565900835883063,0.565900835883063,1,2,-1,natural,2025-07-19 17:28:453
H._squamatum,S._viscosa,1.0323445625685,1.0323445625685,1,2,-1,natural,2025-07-19 17:28:453
Nurse_S._viscosa,C._hispanica,0.586794883754796,0.586794883754796,1,2,-1,natural,2025-07-19 17:28:453
Nurse_G._struthium,C._hispanica,-0.283404290203361,-0.283404290203361,1,2,-1,natural,2025-07-19 17:28:453
H._squamatum,C._hispanica,0.646442975737044,0.646442975737044,1,2,-1,natural,2025-07-19 17:28:453
S._viscosa,C._hispanica,0.73470384531327,0.73470384531327,1,2,-1,natural,2025-07-19 17:28:453
Nurse_S._viscosa,Other_species,-0.432736189793265,-0.432736189793265,1,2,-1,natural,2025-07-19 17:28:453
Nurse_G._struthium,Other_species,1.45220605551537,1.45220605551537,1,2,-1,natural,2025-07-19 17:28:453
H._squamatum,Other_species,0.538731934136694,0.538731934136694,1,2,-1,natural,2025-07-19 17:28:453
S._viscosa,Other_species,0.271304586558814,0.271304586558814,1,2,-1,natural,2025-07-19 17:28:453
C._hispanica,Other_species,0.382416455215142,0.382416455215142,1,2,-1,natural,2025-07-19 17:28:453
Nurse_S._viscosa,Nurse_G._struthium,-7.53351812037332,-7.53351812037332,1,2,-1,restoration,2025-07-19 17:28:443
Nurse_S._viscosa,H._squamatum,2.4244800647239,2.4244800647239,1,2,-1,restoration,2025-07-19 17:28:443
Nurse_G._struthium,H._squamatum,3.35267641245843,3.35267641245843,1,2,-1,restoration,2025-07-19 17:28:443
Nurse_S._viscosa,S._viscosa,3.49406064174305,3.49406064174305,1,2,-1,restoration,2025-07-19 17:28:443
Nurse_G._struthium,S._viscosa,0.702624739525211,0.702624739525211,1,2,-1,restoration,2025-07-19 17:28:443
H._squamatum,S._viscosa,-0.247771159822201,-0.247771159822201,1,2,-1,restoration,2025-07-19 17:28:443
Nurse_S._viscosa,C._hispanica,2.01075802349914,2.01075802349914,1,2,-1,restoration,2025-07-19 17:28:443
Nurse_G._struthium,C._hispanica,-0.580920206010601,-0.580920206010601,1,2,-1,restoration,2025-07-19 17:28:443
H._squamatum,C._hispanica,0.270275279082987,0.270275279082987,1,2,-1,restoration,2025-07-19 17:28:443
S._viscosa,C._hispanica,-0.237642279623691,-0.237642279623691,1,2,-1,restoration,2025-07-19 17:28:443
Nurse_S._viscosa,Other_species,2.2913279631684502,2.2913279631684502,1,2,-1,restoration,2025-07-19 17:28:443
Nurse_G._struthium,Other_species,2.02993889267459,2.02993889267459,1,2,-1,restoration,2025-07-19 17:28:443
H._squamatum,Other_species,-0.113023756864199,-0.113023756864199,1,2,-1,restoration,2025-07-19 17:28:443
S._viscosa,Other_species,0.92060669633895,0.92060669633895,1,2,-1,restoration,2025-07-19 17:28:443
C._hispanica,Other_species,1.87767601692925,1.87767601692925,1,2,-1,restoration,2025-07-19 17:28:443
Nurse_S._viscosa,Nurse_G._struthium,-6.85079427574692,-6.85079427574692,1,2,-1,natural,2025-07-19 17:28:443
Nurse_S._viscosa,H._squamatum,1.03022194039084,1.03022194039084,1,2,-1,natural,2025-07-19 17:28:443
Nurse_G._struthium,H._squamatum,0.318777090741481,0.318777090741481,1,2,-1,natural,2025-07-19 17:28:443
Nurse_S._viscosa,S._viscosa,-0.759729386339234,-0.759729386339234,1,2,-1,natural,2025-07-19 17:28:443
Nurse_G._struthium,S._viscosa,0.387695763509738,0.387695763509738,1,2,-1,natural,2025-07-19 17:28:443
H._squamatum,S._viscosa,1.17496295389354,1.17496295389354,1,2,-1,natural,2025-07-19 17:28:443
Nurse_S._viscosa,C._hispanica,0.763211795231878,0.763211795231878,1,2,-1,natural,2025-07-19 17:28:443
Nurse_G._struthium,C._hispanica,-0.219494007724221,-0.219494007724221,1,2,-1,natural,2025-07-19 17:28:443
H._squamatum,C._hispanica,0.624792486376166,0.624792486376166,1,2,-1,natural,2025-07-19 17:28:443
S._viscosa,C._hispanica,0.478494805160876,0.478494805160876,1,2,-1,natural,2025-07-19 17:28:443
Nurse_S._viscosa,Other_species,0.0248402218997796,0.0248402218997796,1,2,-1,natural,2025-07-19 17:28:443
Nurse_G._struthium,Other_species,2.0053331204826,2.0053331204826,1,2,-1,natural,2025-07-19 17:28:443
H._squamatum,Other_species,0.544163303024378,0.544163303024378,1,2,-1,natural,2025-07-19 17:28:443
S._viscosa,Other_species,1.1320854617944,1.1320854617944,1,2,-1,natural,2025-07-19 17:28:443
C._hispanica,Other_species,0.423332062653922,0.423332062653922,1,2,-1,natural,2025-07-19 17:28:443
Nurse_S._viscosa,Nurse_G._struthium,-7.27948386764758,-7.27948386764758,1,2,-1,restoration,2025-07-19 17:28:443
Nurse_S._viscosa,H._squamatum,1.96261680341247,1.96261680341247,1,2,-1,restoration,2025-07-19 17:28:443
Nurse_G._struthium,H._squamatum,2.23186135818754,2.23186135818754,1,2,-1,restoration,2025-07-19 17:28:443
Nurse_S._viscosa,S._viscosa,3.73264550976144,3.73264550976144,1,2,-1,restoration,2025-07-19 17:28:443
Nurse_G._struthium,S._viscosa,0.816751709236787,0.816751709236787,1,2,-1,restoration,2025-07-19 17:28:443
H._squamatum,S._viscosa,0.113799907993844,0.113799907993844,1,2,-1,restoration,2025-07-19 17:28:443
Nurse_S._viscosa,C._hispanica,2.58321470923121,2.58321470923121,1,2,-1,restoration,2025-07-19 17:28:443
Nurse_G._struthium,C._hispanica,0.185964939506377,0.185964939506377,1,2,-1,restoration,2025-07-19 17:28:443
H._squamatum,C._hispanica,-1.51318254003943,-1.51318254003943,1,2,-1,restoration,2025-07-19 17:28:443
S._viscosa,C._hispanica,-0.715817138444913,-0.715817138444913,1,2,-1,restoration,2025-07-19 17:28:443
Nurse_S._viscosa,Other_species,1.98269431394929,1.98269431394929,1,2,-1,restoration,2025-07-19 17:28:443
Nurse_G._struthium,Other_species,2.1731457185244,2.1731457185244,1,2,-1,restoration,2025-07-19 17:28:443
H._squamatum,Other_species,1.10159104326367,1.10159104326367,1,2,-1,restoration,2025-07-19 17:28:443
S._viscosa,Other_species,1.47620899972588,1.47620899972588,1,2,-1,restoration,2025-07-19 17:28:443
C._hispanica,Other_species,2.00685624532499,2.00685624532499,1,2,-1,restoration,2025-07-19 17:28:443
Nurse_S._viscosa,Nurse_G._struthium,-6.99857711867673,-6.99857711867673,1,2,-1,natural,2025-07-19 17:28:443
Nurse_S._viscosa,H._squamatum,1.29890827625767,1.29890827625767,1,2,-1,natural,2025-07-19 17:28:443
Nurse_G._struthium,H._squamatum,0.485551234215537,0.485551234215537,1,2,-1,natural,2025-07-19 17:28:443
Nurse_S._viscosa,S._viscosa,-0.444355174339117,-0.444355174339117,1,2,-1,natural,2025-07-19 17:28:443
Nurse_G._struthium,S._viscosa,0.515323731657177,0.515323731657177,1,2,-1,natural,2025-07-19 17:28:443
H._squamatum,S._viscosa,1.15531263109556,1.15531263109556,1,2,-1,natural,2025-07-19 17:28:443
Nurse_S._viscosa,C._hispanica,0.947624178923967,0.947624178923967,1,2,-1,natural,2025-07-19 17:28:443
Nurse_G._struthium,C._hispanica,0.218002856974388,0.218002856974388,1,2,-1,natural,2025-07-19 17:28:443
H._squamatum,C._hispanica,0.511571235768865,0.511571235768865,1,2,-1,natural,2025-07-19 17:28:443
S._viscosa,C._hispanica,0.851186301091025,0.851186301091025,1,2,-1,natural,2025-07-19 17:28:443
Nurse_S._viscosa,Other_species,-0.21940239389171,-0.21940239389171,1,2,-1,natural,2025-07-19 17:28:443
Nurse_G._struthium,Other_species,1.80824906405123,1.80824906405123,1,2,-1,natural,2025-07-19 17:28:443
H._squamatum,Other_species,0.630336153764793,0.630336153764793,1,2,-1,natural,2025-07-19 17:28:443
S._viscosa,Other_species,0.718453311328107,0.718453311328107,1,2,-1,natural,2025-07-19 17:28:443
C._hispanica,Other_species,0.367129114893923,0.367129114893923,1,2,-1,natural,2025-07-19 17:28:443
Nurse_S._viscosa,Nurse_G._struthium,-8.09231830966211,-8.09231830966211,1,2,-1,restoration,2025-07-19 17:28:443
Nurse_S._viscosa,H._squamatum,3.24133978468765,3.24133978468765,1,2,-1,restoration,2025-07-19 17:28:443
Nurse_G._struthium,H._squamatum,3.27197435020785,3.27197435020785,1,2,-1,restoration,2025-07-19 17:28:443
Nurse_S._viscosa,S._viscosa,2.94249519462719,2.94249519462719,1,2,-1,restoration,2025-07-19 17:28:443
Nurse_G._struthium,S._viscosa,0.6095542518516,0.6095542518516,1,2,-1,restoration,2025-07-19 17:28:443
H._squamatum,S._viscosa,0.601743597062993,0.601743597062993,1,2,-1,restoration,2025-07-19 17:28:443
Nurse_S._viscosa,C._hispanica,2.4405655473363,2.4405655473363,1,2,-1,restoration,2025-07-19 17:28:443
Nurse_G._struthium,C._hispanica,0.820832529723264,0.820832529723264,1,2,-1,restoration,2025-07-19 17:28:443
H._squamatum,C._hispanica,0.351082390943704,0.351082390943704,1,2,-1,restoration,2025-07-19 17:28:443
S._viscosa,C._hispanica,-0.613774583444859,-0.613774583444859,1,2,-1,restoration,2025-07-19 17:28:443
Nurse_S._viscosa,Other_species,2.25676293106929,2.25676293106929,1,2,-1,restoration,2025-07-19 17:28:443
Nurse_G._struthium,Other_species,2.70526807147042,2.70526807147042,1,2,-1,restoration,2025-07-19 17:28:443
H._squamatum,Other_species,0.689967275969734,0.689967275969734,1,2,-1,restoration,2025-07-19 17:28:443
S._viscosa,Other_species,1.48359998689647,1.48359998689647,1,2,-1,restoration,2025-07-19 17:28:443
C._hispanica,Other_species,1.98791958829153,1.98791958829153,1,2,-1,restoration,2025-07-19 17:28:443
Nurse_S._viscosa,Nurse_G._struthium,-6.94224108236539,-6.94224108236539,1,2,-1,natural,2025-07-19 17:28:443
Nurse_S._viscosa,H._squamatum,1.2116438799998,1.2116438799998,1,2,-1,natural,2025-07-19 17:28:443
Nurse_G._struthium,H._squamatum,0.506250813086166,0.506250813086166,1,2,-1,natural,2025-07-19 17:28:443
Nurse_S._viscosa,S._viscosa,-0.510294335116456,-0.510294335116456,1,2,-1,natural,2025-07-19 17:28:443
Nurse_G._struthium,S._viscosa,0.848480563240814,0.848480563240814,1,2,-1,natural,2025-07-19 17:28:443
H._squamatum,S._viscosa,1.07571232360639,1.07571232360639,1,2,-1,natural,2025-07-19 17:28:443
Nurse_S._viscosa,C._hispanica,0.560248223534373,0.560248223534373,1,2,-1,natural,2025-07-19 17:28:443
Nurse_G._struthium,C._hispanica,-0.0957562094411411,-0.0957562094411411,1,2,-1,natural,2025-07-19 17:28:443
H._squamatum,C._hispanica,0.744894598561028,0.744894598561028,1,2,-1,natural,2025-07-19 17:28:443
S._viscosa,C._hispanica,0.750445575573832,0.750445575573832,1,2,-1,natural,2025-07-19 17:28:443
Nurse_S._viscosa,Other_species,-0.163479570223136,-0.163479570223136,1,2,-1,natural,2025-07-19 17:28:443
Nurse_G._struthium,Other_species,1.57308451158955,1.57308451158955,1,2,-1,natural,2025-07-19 17:28:443
H._squamatum,Other_species,0.685312071538557,0.685312071538557,1,2,-1,natural,2025-07-19 17:28:443
S._viscosa,Other_species,0.551394519551144,0.551394519551144,1,2,-1,natural,2025-07-19 17:28:443
C._hispanica,Other_species,0.41096445942152,0.41096445942152,1,2,-1,natural,2025-07-19 17:28:443
Nurse_S._viscosa,Nurse_G._struthium,-7.55529299473618,-7.55529299473618,1,2,-1,restoration,2025-07-19 17:28:433
Nurse_S._viscosa,H._squamatum,1.52736805320171,1.52736805320171,1,2,-1,restoration,2025-07-19 17:28:433
Nurse_G._struthium,H._squamatum,2.24814101792756,2.24814101792756,1,2,-1,restoration,2025-07-19 17:28:433
Nurse_S._viscosa,S._viscosa,3.61733201573715,3.61733201573715,1,2,-1,restoration,2025-07-19 17:28:433
Nurse_G._struthium,S._viscosa,1.32481293179511,1.32481293179511,1,2,-1,restoration,2025-07-19 17:28:433
H._squamatum,S._viscosa,0.918138033277585,0.918138033277585,1,2,-1,restoration,2025-07-19 17:28:433
Nurse_S._viscosa,C._hispanica,2.00926315419717,2.00926315419717,1,2,-1,restoration,2025-07-19 17:28:433
Nurse_G._struthium,C._hispanica,0.153045297351504,0.153045297351504,1,2,-1,restoration,2025-07-19 17:28:433
H._squamatum,C._hispanica,-1.55981797981942,-1.55981797981942,1,2,-1,restoration,2025-07-19 17:28:433
S._viscosa,C._hispanica,0.337446257811627,0.337446257811627,1,2,-1,restoration,2025-07-19 17:28:433
Nurse_S._viscosa,Other_species,2.67330247517414,2.67330247517414,1,2,-1,restoration,2025-07-19 17:28:433
Nurse_G._struthium,Other_species,2.44274834967089,2.44274834967089,1,2,-1,restoration,2025-07-19 17:28:433
H._squamatum,Other_species,0.330909304899777,0.330909304899777,1,2,-1,restoration,2025-07-19 17:28:433
S._viscosa,Other_species,1.39565963605384,1.39565963605384,1,2,-1,restoration,2025-07-19 17:28:433
C._hispanica,Other_species,3.03928766382695,3.03928766382695,1,2,-1,restoration,2025-07-19 17:28:433
Nurse_S._viscosa,Nurse_G._struthium,-6.77903167897067,-6.77903167897067,1,2,-1,natural,2025-07-19 17:28:433
Nurse_S._viscosa,H._squamatum,0.998620710384174,0.998620710384174,1,2,-1,natural,2025-07-19 17:28:433
Nurse_G._struthium,H._squamatum,0.218683116820749,0.218683116820749,1,2,-1,natural,2025-07-19 17:28:433
Nurse_S._viscosa,S._viscosa,-0.54229359825045,-0.54229359825045,1,2,-1,natural,2025-07-19 17:28:433
Nurse_G._struthium,S._viscosa,0.897078760448646,0.897078760448646,1,2,-1,natural,2025-07-19 17:28:433
H._squamatum,S._viscosa,0.845558787896487,0.845558787896487,1,2,-1,natural,2025-07-19 17:28:433
Nurse_S._viscosa,C._hispanica,0.799775692988217,0.799775692988217,1,2,-1,natural,2025-07-19 17:28:433
Nurse_G._struthium,C._hispanica,-0.0432007783070499,-0.0432007783070499,1,2,-1,natural,2025-07-19 17:28:433
H._squamatum,C._hispanica,0.558656113802,0.558656113802,1,2,-1,natural,2025-07-19 17:28:433
S._viscosa,C._hispanica,0.870660642149303,0.870660642149303,1,2,-1,natural,2025-07-19 17:28:433
Nurse_S._viscosa,Other_species,-0.292703082122632,-0.292703082122632,1,2,-1,natural,2025-07-19 17:28:433
Nurse_G._struthium,Other_species,1.74427296066555,1.74427296066555,1,2,-1,natural,2025-07-19 17:28:433
H._squamatum,Other_species,0.507881977794898,0.507881977794898,1,2,-1,natural,2025-07-19 17:28:433
S._viscosa,Other_species,0.483939368974594,0.483939368974594,1,2,-1,natural,2025-07-19 17:28:433
C._hispanica,Other_species,0.555252942696909,0.555252942696909,1,2,-1,natural,2025-07-19 17:28:433
Nurse_S._viscosa,Nurse_G._struthium,-7.73693524928862,-7.73693524928862,1,2,-1,restoration,2025-07-19 17:28:433
Nurse_S._viscosa,H._squamatum,2.45010360188785,2.45010360188785,1,2,-1,restoration,2025-07-19 17:28:433
Nurse_G._struthium,H._squamatum,2.69106904545908,2.69106904545908,1,2,-1,restoration,2025-07-19 17:28:433
Nurse_S._viscosa,S._viscosa,2.94210096401893,2.94210096401893,1,2,-1,restoration,2025-07-19 17:28:433
Nurse_G._struthium,S._viscosa,0.881877672383288,0.881877672383288,1,2,-1,restoration,2025-07-19 17:28:433
H._squamatum,S._viscosa,-0.470513773649927,-0.470513773649927,1,2,-1,restoration,2025-07-19 17:28:433
Nurse_S._viscosa,C._hispanica,3.4012098793781,3.4012098793781,1,2,-1,restoration,2025-07-19 17:28:433
Nurse_G._struthium,C._hispanica,1.5390023678893,1.5390023678893,1,2,-1,restoration,2025-07-19 17:28:433
H._squamatum,C._hispanica,0.402657228537698,0.402657228537698,1,2,-1,restoration,2025-07-19 17:28:433
S._viscosa,C._hispanica,0.392175853646674,0.392175853646674,1,2,-1,restoration,2025-07-19 17:28:433
Nurse_S._viscosa,Other_species,2.72733584378645,2.72733584378645,1,2,-1,restoration,2025-07-19 17:28:433
Nurse_G._struthium,Other_species,2.37662725466167,2.37662725466167,1,2,-1,restoration,2025-07-19 17:28:433
H._squamatum,Other_species,0.280941257609232,0.280941257609232,1,2,-1,restoration,2025-07-19 17:28:433
S._viscosa,Other_species,1.07773081030535,1.07773081030535,1,2,-1,restoration,2025-07-19 17:28:433
C._hispanica,Other_species,2.49500143909594,2.49500143909594,1,2,-1,restoration,2025-07-19 17:28:433
Nurse_S._viscosa,Nurse_G._struthium,-6.74313716020847,-6.74313716020847,1,2,-1,natural,2025-07-19 17:28:433
Nurse_S._viscosa,H._squamatum,1.21731496318575,1.21731496318575,1,2,-1,natural,2025-07-19 17:28:433
Nurse_G._struthium,H._squamatum,0.815488715976753,0.815488715976753,1,2,-1,natural,2025-07-19 17:28:433
Nurse_S._viscosa,S._viscosa,-0.742677460870102,-0.742677460870102,1,2,-1,natural,2025-07-19 17:28:433
Nurse_G._struthium,S._viscosa,0.648954002452619,0.648954002452619,1,2,-1,natural,2025-07-19 17:28:433
H._squamatum,S._viscosa,0.964412842830798,0.964412842830798,1,2,-1,natural,2025-07-19 17:28:433
Nurse_S._viscosa,C._hispanica,0.831224359148486,0.831224359148486,1,2,-1,natural,2025-07-19 17:28:433
Nurse_G._struthium,C._hispanica,-0.0693880161971619,-0.0693880161971619,1,2,-1,natural,2025-07-19 17:28:433
H._squamatum,C._hispanica,0.450309675151281,0.450309675151281,1,2,-1,natural,2025-07-19 17:28:433
S._viscosa,C._hispanica,0.977122089073553,0.977122089073553,1,2,-1,natural,2025-07-19 17:28:433
Nurse_S._viscosa,Other_species,-0.343383431257479,-0.343383431257479,1,2,-1,natural,2025-07-19 17:28:433
Nurse_G._struthium,Other_species,1.93883828033677,1.93883828033677,1,2,-1,natural,2025-07-19 17:28:433
H._squamatum,Other_species,0.444476653982973,0.444476653982973,1,2,-1,natural,2025-07-19 17:28:433
S._viscosa,Other_species,0.676287785910476,0.676287785910476,1,2,-1,natural,2025-07-19 17:28:433
C._hispanica,Other_species,0.337521937045997,0.337521937045997,1,2,-1,natural,2025-07-19 17:28:433
Nurse_S._viscosa,Nurse_G._struthium,-8.01772167133065,-8.01772167133065,1,2,-1,restoration,2025-07-19 17:28:433
Nurse_S._viscosa,H._squamatum,2.71038740038892,2.71038740038892,1,2,-1,restoration,2025-07-19 17:28:433
Nurse_G._struthium,H._squamatum,3.33895594051819,3.33895594051819,1,2,-1,restoration,2025-07-19 17:28:433
Nurse_S._viscosa,S._viscosa,3.34952921901374,3.34952921901374,1,2,-1,restoration,2025-07-19 17:28:433
Nurse_G._struthium,S._viscosa,1.33667290458797,1.33667290458797,1,2,-1,restoration,2025-07-19 17:28:433
H._squamatum,S._viscosa,0.418969595199041,0.418969595199041,1,2,-1,restoration,2025-07-19 17:28:433
Nurse_S._viscosa,C._hispanica,1.99115601047313,1.99115601047313,1,2,-1,restoration,2025-07-19 17:28:433
Nurse_G._struthium,C._hispanica,-0.225677628092343,-0.225677628092343,1,2,-1,restoration,2025-07-19 17:28:433
H._squamatum,C._hispanica,1.08477844372277,1.08477844372277,1,2,-1,restoration,2025-07-19 17:28:433
S._viscosa,C._hispanica,0.516350477126267,0.516350477126267,1,2,-1,restoration,2025-07-19 17:28:433
Nurse_S._viscosa,Other_species,1.64707752730443,1.64707752730443,1,2,-1,restoration,2025-07-19 17:28:433
Nurse_G._struthium,Other_species,2.16512711546606,2.16512711546606,1,2,-1,restoration,2025-07-19 17:28:433
H._squamatum,Other_species,0.40700429706106,0.40700429706106,1,2,-1,restoration,2025-07-19 17:28:433
S._viscosa,Other_species,1.26856823159501,1.26856823159501,1,2,-1,restoration,2025-07-19 17:28:433
C._hispanica,Other_species,2.43505156822153,2.43505156822153,1,2,-1,restoration,2025-07-19 17:28:433
Nurse_S._viscosa,Nurse_G._struthium,-7.03301448197759,-7.03301448197759,1,2,-1,natural,2025-07-19 17:28:433
Nurse_S._viscosa,H._squamatum,1.16040923457628,1.16040923457628,1,2,-1,natural,2025-07-19 17:28:433
Nurse_G._struthium,H._squamatum,0.500689686725732,0.500689686725732,1,2,-1,natural,2025-07-19 17:28:433
Nurse_S._viscosa,S._viscosa,-0.505279187970431,-0.505279187970431,1,2,-1,natural,2025-07-19 17:28:433
Nurse_G._struthium,S._viscosa,0.534581491304169,0.534581491304169,1,2,-1,natural,2025-07-19 17:28:433
H._squamatum,S._viscosa,0.959770015652442,0.959770015652442,1,2,-1,natural,2025-07-19 17:28:433
Nurse_S._viscosa,C._hispanica,0.676773473327521,0.676773473327521,1,2,-1,natural,2025-07-19 17:28:433
Nurse_G._struthium,C._hispanica,-0.191524762900083,-0.191524762900083,1,2,-1,natural,2025-07-19 17:28:433
H._squamatum,C._hispanica,0.587773016300625,0.587773016300625,1,2,-1,natural,2025-07-19 17:28:433
S._viscosa,C._hispanica,0.8633776590162,0.8633776590162,1,2,-1,natural,2025-07-19 17:28:433
Nurse_S._viscosa,Other_species,-0.0897219544313042,-0.0897219544313042,1,2,-1,natural,2025-07-19 17:28:433
Nurse_G._struthium,Other_species,2.24892548412281,2.24892548412281,1,2,-1,natural,2025-07-19 17:28:433
H._squamatum,Other_species,0.710225166751343,0.710225166751343,1,2,-1,natural,2025-07-19 17:28:433
S._viscosa,Other_species,0.48456662081596,0.48456662081596,1,2,-1,natural,2025-07-19 17:28:433
C._hispanica,Other_species,0.83420058001644,0.83420058001644,1,2,-1,natural,2025-07-19 17:28:433
Nurse_S._viscosa,Nurse_G._struthium,-8.57395483468328,-8.57395483468328,1,2,-1,restoration,2025-07-19 17:28:423
Nurse_S._viscosa,H._squamatum,2.20346757418229,2.20346757418229,1,2,-1,restoration,2025-07-19 17:28:423
Nurse_G._struthium,H._squamatum,2.58017080659996,2.58017080659996,1,2,-1,restoration,2025-07-19 17:28:423
Nurse_S._viscosa,S._viscosa,4.01244389522934,4.01244389522934,1,2,-1,restoration,2025-07-19 17:28:423
Nurse_G._struthium,S._viscosa,1.97259476619967,1.97259476619967,1,2,-1,restoration,2025-07-19 17:28:423
H._squamatum,S._viscosa,0.310515340386511,0.310515340386511,1,2,-1,restoration,2025-07-19 17:28:423
Nurse_S._viscosa,C._hispanica,2.56854059531709,2.56854059531709,1,2,-1,restoration,2025-07-19 17:28:423
Nurse_G._struthium,C._hispanica,0.536600742114494,0.536600742114494,1,2,-1,restoration,2025-07-19 17:28:423
H._squamatum,C._hispanica,0.451493862478664,0.451493862478664,1,2,-1,restoration,2025-07-19 17:28:423
S._viscosa,C._hispanica,0.355495535446919,0.355495535446919,1,2,-1,restoration,2025-07-19 17:28:423
Nurse_S._viscosa,Other_species,2.6157171559539,2.6157171559539,1,2,-1,restoration,2025-07-19 17:28:423
Nurse_G._struthium,Other_species,2.64019087739526,2.64019087739526,1,2,-1,restoration,2025-07-19 17:28:423
H._squamatum,Other_species,0.339774564389402,0.339774564389402,1,2,-1,restoration,2025-07-19 17:28:423
S._viscosa,Other_species,1.23965818760845,1.23965818760845,1,2,-1,restoration,2025-07-19 17:28:423
C._hispanica,Other_species,1.30322439067142,1.30322439067142,1,2,-1,restoration,2025-07-19 17:28:423
Nurse_S._viscosa,Nurse_G._struthium,-6.73189598657522,-6.73189598657522,1,2,-1,natural,2025-07-19 17:28:423
Nurse_S._viscosa,H._squamatum,1.06645241803907,1.06645241803907,1,2,-1,natural,2025-07-19 17:28:423
Nurse_G._struthium,H._squamatum,0.391339973414719,0.391339973414719,1,2,-1,natural,2025-07-19 17:28:423
Nurse_S._viscosa,S._viscosa,-0.463336947036763,-0.463336947036763,1,2,-1,natural,2025-07-19 17:28:423
Nurse_G._struthium,S._viscosa,0.850466710727307,0.850466710727307,1,2,-1,natural,2025-07-19 17:28:423
H._squamatum,S._viscosa,0.859864936374634,0.859864936374634,1,2,-1,natural,2025-07-19 17:28:423
Nurse_S._viscosa,C._hispanica,0.57089873849261,0.57089873849261,1,2,-1,natural,2025-07-19 17:28:423
Nurse_G._struthium,C._hispanica,-0.360477781687628,-0.360477781687628,1,2,-1,natural,2025-07-19 17:28:423
H._squamatum,C._hispanica,0.682291450124452,0.682291450124452,1,2,-1,natural,2025-07-19 17:28:423
S._viscosa,C._hispanica,0.41947628736129,0.41947628736129,1,2,-1,natural,2025-07-19 17:28:423
Nurse_S._viscosa,Other_species,-0.287247461618254,-0.287247461618254,1,2,-1,natural,2025-07-19 17:28:423
Nurse_G._struthium,Other_species,1.32222733131066,1.32222733131066,1,2,-1,natural,2025-07-19 17:28:423
H._squamatum,Other_species,0.511419384025319,0.511419384025319,1,2,-1,natural,2025-07-19 17:28:423
S._viscosa,Other_species,0.748995866219256,0.748995866219256,1,2,-1,natural,2025-07-19 17:28:423
C._hispanica,Other_species,0.540436819211624,0.540436819211624,1,2,-1,natural,2025-07-19 17:28:423
Nurse_S._viscosa,Nurse_G._struthium,-7.59208122539888,-7.59208122539888,1,2,-1,restoration,2025-07-19 17:28:423
Nurse_S._viscosa,H._squamatum,1.92303893323574,1.92303893323574,1,2,-1,restoration,2025-07-19 17:28:423
Nurse_G._struthium,H._squamatum,2.22496598514245,2.22496598514245,1,2,-1,restoration,2025-07-19 17:28:423
Nurse_S._viscosa,S._viscosa,2.79200666756754,2.79200666756754,1,2,-1,restoration,2025-07-19 17:28:423
Nurse_G._struthium,S._viscosa,0.259231088067596,0.259231088067596,1,2,-1,restoration,2025-07-19 17:28:423
H._squamatum,S._viscosa,0.0451258622095634,0.0451258622095634,1,2,-1,restoration,2025-07-19 17:28:423
Nurse_S._viscosa,C._hispanica,2.96390418658963,2.96390418658963,1,2,-1,restoration,2025-07-19 17:28:423
Nurse_G._struthium,C._hispanica,1.9113965725508,1.9113965725508,1,2,-1,restoration,2025-07-19 17:28:423
H._squamatum,C._hispanica,0.524811069088721,0.524811069088721,1,2,-1,restoration,2025-07-19 17:28:423
S._viscosa,C._hispanica,0.290236019264622,0.290236019264622,1,2,-1,restoration,2025-07-19 17:28:423
Nurse_S._viscosa,Other_species,1.71119947624889,1.71119947624889,1,2,-1,restoration,2025-07-19 17:28:423
Nurse_G._struthium,Other_species,1.89183829649293,1.89183829649293,1,2,-1,restoration,2025-07-19 17:28:423
H._squamatum,Other_species,0.0647912471040252,0.0647912471040252,1,2,-1,restoration,2025-07-19 17:28:423
S._viscosa,Other_species,1.15695016103723,1.15695016103723,1,2,-1,restoration,2025-07-19 17:28:423
C._hispanica,Other_species,2.34333215412794,2.34333215412794,1,2,-1,restoration,2025-07-19 17:28:423
Nurse_S._viscosa,Nurse_G._struthium,-6.75999632851687,-6.75999632851687,1,2,-1,natural,2025-07-19 17:28:423
Nurse_S._viscosa,H._squamatum,1.11610483305657,1.11610483305657,1,2,-1,natural,2025-07-19 17:28:423
Nurse_G._struthium,H._squamatum,0.301463804107262,0.301463804107262,1,2,-1,natural,2025-07-19 17:28:423
Nurse_S._viscosa,S._viscosa,-0.460622090671391,-0.460622090671391,1,2,-1,natural,2025-07-19 17:28:423
Nurse_G._struthium,S._viscosa,1.11073854564824,1.11073854564824,1,2,-1,natural,2025-07-19 17:28:423
H._squamatum,S._viscosa,1.00438887265232,1.00438887265232,1,2,-1,natural,2025-07-19 17:28:423
Nurse_S._viscosa,C._hispanica,0.502000463576511,0.502000463576511,1,2,-1,natural,2025-07-19 17:28:423
Nurse_G._struthium,C._hispanica,-0.399371338505381,-0.399371338505381,1,2,-1,natural,2025-07-19 17:28:423
H._squamatum,C._hispanica,0.542317098699095,0.542317098699095,1,2,-1,natural,2025-07-19 17:28:423
S._viscosa,C._hispanica,0.809566693376365,0.809566693376365,1,2,-1,natural,2025-07-19 17:28:423
Nurse_S._viscosa,Other_species,-0.0638105538076896,-0.0638105538076896,1,2,-1,natural,2025-07-19 17:28:423
Nurse_G._struthium,Other_species,1.68766636360043,1.68766636360043,1,2,-1,natural,2025-07-19 17:28:423
H._squamatum,Other_species,0.730886248206497,0.730886248206497,1,2,-1,natural,2025-07-19 17:28:423
S._viscosa,Other_species,0.510112725588144,0.510112725588144,1,2,-1,natural,2025-07-19 17:28:423
C._hispanica,Other_species,0.63368611321963,0.63368611321963,1,2,-1,natural,2025-07-19 17:28:423
Nurse_S._viscosa,Nurse_G._struthium,-7.37720333477905,-7.37720333477905,1,2,-1,restoration,2025-07-19 17:28:413
Nurse_S._viscosa,H._squamatum,1.40916420069532,1.40916420069532,1,2,-1,restoration,2025-07-19 17:28:413
Nurse_G._struthium,H._squamatum,2.42602844285507,2.42602844285507,1,2,-1,restoration,2025-07-19 17:28:413
Nurse_S._viscosa,S._viscosa,3.35847261198022,3.35847261198022,1,2,-1,restoration,2025-07-19 17:28:413
Nurse_G._struthium,S._viscosa,0.3736456500202,0.3736456500202,1,2,-1,restoration,2025-07-19 17:28:413
H._squamatum,S._viscosa,1.07236659107921,1.07236659107921,1,2,-1,restoration,2025-07-19 17:28:413
Nurse_S._viscosa,C._hispanica,3.08453253153246,3.08453253153246,1,2,-1,restoration,2025-07-19 17:28:413
Nurse_G._struthium,C._hispanica,1.04727028874467,1.04727028874467,1,2,-1,restoration,2025-07-19 17:28:413
H._squamatum,C._hispanica,0.933261686750713,0.933261686750713,1,2,-1,restoration,2025-07-19 17:28:413
S._viscosa,C._hispanica,-0.490472645523699,-0.490472645523699,1,2,-1,restoration,2025-07-19 17:28:413
Nurse_S._viscosa,Other_species,2.35072847745407,2.35072847745407,1,2,-1,restoration,2025-07-19 17:28:413
Nurse_G._struthium,Other_species,2.38897021464153,2.38897021464153,1,2,-1,restoration,2025-07-19 17:28:413
H._squamatum,Other_species,0.258937651721083,0.258937651721083,1,2,-1,restoration,2025-07-19 17:28:413
S._viscosa,Other_species,1.02752878178399,1.02752878178399,1,2,-1,restoration,2025-07-19 17:28:413
C._hispanica,Other_species,1.74191477623743,1.74191477623743,1,2,-1,restoration,2025-07-19 17:28:413
Nurse_S._viscosa,Nurse_G._struthium,-6.91068799782125,-6.91068799782125,1,2,-1,natural,2025-07-19 17:28:413
Nurse_S._viscosa,H._squamatum,0.927593136854333,0.927593136854333,1,2,-1,natural,2025-07-19 17:28:413
Nurse_G._struthium,H._squamatum,0.328492435150316,0.328492435150316,1,2,-1,natural,2025-07-19 17:28:413
Nurse_S._viscosa,S._viscosa,-0.37878345603547,-0.37878345603547,1,2,-1,natural,2025-07-19 17:28:413
Nurse_G._struthium,S._viscosa,0.84558749195421,0.84558749195421,1,2,-1,natural,2025-07-19 17:28:413
H._squamatum,S._viscosa,1.08883907174739,1.08883907174739,1,2,-1,natural,2025-07-19 17:28:413
Nurse_S._viscosa,C._hispanica,0.719147841360496,0.719147841360496,1,2,-1,natural,2025-07-19 17:28:413
Nurse_G._struthium,C._hispanica,-0.129833494282498,-0.129833494282498,1,2,-1,natural,2025-07-19 17:28:413
H._squamatum,C._hispanica,0.653071986798072,0.653071986798072,1,2,-1,natural,2025-07-19 17:28:413
S._viscosa,C._hispanica,0.917483375577063,0.917483375577063,1,2,-1,natural,2025-07-19 17:28:413
Nurse_S._viscosa,Other_species,-0.413805744235478,-0.413805744235478,1,2,-1,natural,2025-07-19 17:28:413
Nurse_G._struthium,Other_species,1.72871275541143,1.72871275541143,1,2,-1,natural,2025-07-19 17:28:413
H._squamatum,Other_species,0.268598738811084,0.268598738811084,1,2,-1,natural,2025-07-19 17:28:413
S._viscosa,Other_species,0.403796132749477,0.403796132749477,1,2,-1,natural,2025-07-19 17:28:413
C._hispanica,Other_species,0.745861439130964,0.745861439130964,1,2,-1,natural,2025-07-19 17:28:413
Nurse_S._viscosa,Nurse_G._struthium,-8.42312747702788,-8.42312747702788,1,2,-1,restoration,2025-07-19 17:28:413
Nurse_S._viscosa,H._squamatum,2.68292654276997,2.68292654276997,1,2,-1,restoration,2025-07-19 17:28:413
Nurse_G._struthium,H._squamatum,2.43378450190315,2.43378450190315,1,2,-1,restoration,2025-07-19 17:28:413
Nurse_S._viscosa,S._viscosa,3.73371393285347,3.73371393285347,1,2,-1,restoration,2025-07-19 17:28:413
Nurse_G._struthium,S._viscosa,1.59409854952172,1.59409854952172,1,2,-1,restoration,2025-07-19 17:28:413
H._squamatum,S._viscosa,0.359860462739461,0.359860462739461,1,2,-1,restoration,2025-07-19 17:28:413
Nurse_S._viscosa,C._hispanica,1.95408587550068,1.95408587550068,1,2,-1,restoration,2025-07-19 17:28:413
Nurse_G._struthium,C._hispanica,0.118298966169009,0.118298966169009,1,2,-1,restoration,2025-07-19 17:28:413
H._squamatum,C._hispanica,-1.25079038251606,-1.25079038251606,1,2,-1,restoration,2025-07-19 17:28:413
S._viscosa,C._hispanica,-0.75965790286587,-0.75965790286587,1,2,-1,restoration,2025-07-19 17:28:413
Nurse_S._viscosa,Other_species,2.8430275984514,2.8430275984514,1,2,-1,restoration,2025-07-19 17:28:413
Nurse_G._struthium,Other_species,2.97448291135464,2.97448291135464,1,2,-1,restoration,2025-07-19 17:28:413
H._squamatum,Other_species,0.715305567896202,0.715305567896202,1,2,-1,restoration,2025-07-19 17:28:413
S._viscosa,Other_species,1.0892949293403,1.0892949293403,1,2,-1,restoration,2025-07-19 17:28:413
C._hispanica,Other_species,1.71496765259211,1.71496765259211,1,2,-1,restoration,2025-07-19 17:28:413
Nurse_S._viscosa,Nurse_G._struthium,-6.97443223139981,-6.97443223139981,1,2,-1,natural,2025-07-19 17:28:413
Nurse_S._viscosa,H._squamatum,1.15217737043614,1.15217737043614,1,2,-1,natural,2025-07-19 17:28:413
Nurse_G._struthium,H._squamatum,0.577622135184539,0.577622135184539,1,2,-1,natural,2025-07-19 17:28:413
Nurse_S._viscosa,S._viscosa,-0.483184742997646,-0.483184742997646,1,2,-1,natural,2025-07-19 17:28:413
Nurse_G._struthium,S._viscosa,0.718719983916922,0.718719983916922,1,2,-1,natural,2025-07-19 17:28:413
H._squamatum,S._viscosa,1.16734693229265,1.16734693229265,1,2,-1,natural,2025-07-19 17:28:413
Nurse_S._viscosa,C._hispanica,0.616175882766004,0.616175882766004,1,2,-1,natural,2025-07-19 17:28:413
Nurse_G._struthium,C._hispanica,-0.0768248022251724,-0.0768248022251724,1,2,-1,natural,2025-07-19 17:28:413
H._squamatum,C._hispanica,0.672364039395752,0.672364039395752,1,2,-1,natural,2025-07-19 17:28:413
S._viscosa,C._hispanica,0.672810625771809,0.672810625771809,1,2,-1,natural,2025-07-19 17:28:413
Nurse_S._viscosa,Other_species,-0.198159036422942,-0.198159036422942,1,2,-1,natural,2025-07-19 17:28:413
Nurse_G._struthium,Other_species,1.54500878348484,1.54500878348484,1,2,-1,natural,2025-07-19 17:28:413
H._squamatum,Other_species,0.558735057030252,0.558735057030252,1,2,-1,natural,2025-07-19 17:28:413
S._viscosa,Other_species,0.473434344835728,0.473434344835728,1,2,-1,natural,2025-07-19 17:28:413
C._hispanica,Other_species,0.282128932971472,0.282128932971472,1,2,-1,natural,2025-07-19 17:28:413
Nurse_S._viscosa,Nurse_G._struthium,-8.26457841806195,-8.26457841806195,1,2,-1,restoration,2025-07-19 17:28:413
Nurse_S._viscosa,H._squamatum,2.90767514356454,2.90767514356454,1,2,-1,restoration,2025-07-19 17:28:413
Nurse_G._struthium,H._squamatum,3.73642510382393,3.73642510382393,1,2,-1,restoration,2025-07-19 17:28:413
Nurse_S._viscosa,S._viscosa,2.83393444167942,2.83393444167942,1,2,-1,restoration,2025-07-19 17:28:413
Nurse_G._struthium,S._viscosa,0.889081958317079,0.889081958317079,1,2,-1,restoration,2025-07-19 17:28:413
H._squamatum,S._viscosa,-0.283738159450598,-0.283738159450598,1,2,-1,restoration,2025-07-19 17:28:413
Nurse_S._viscosa,C._hispanica,1.26342002361074,1.26342002361074,1,2,-1,restoration,2025-07-19 17:28:413
Nurse_G._struthium,C._hispanica,1.06242666058851,1.06242666058851,1,2,-1,restoration,2025-07-19 17:28:413
H._squamatum,C._hispanica,-0.169647534963602,-0.169647534963602,1,2,-1,restoration,2025-07-19 17:28:413
S._viscosa,C._hispanica,0.246866897154646,0.246866897154646,1,2,-1,restoration,2025-07-19 17:28:413
Nurse_S._viscosa,Other_species,1.80982563354153,1.80982563354153,1,2,-1,restoration,2025-07-19 17:28:413
Nurse_G._struthium,Other_species,3.00409783862942,3.00409783862942,1,2,-1,restoration,2025-07-19 17:28:413
H._squamatum,Other_species,0.210074310729137,0.210074310729137,1,2,-1,restoration,2025-07-19 17:28:413
S._viscosa,Other_species,0.855207279779905,0.855207279779905,1,2,-1,restoration,2025-07-19 17:28:413
C._hispanica,Other_species,2.05098618447985,2.05098618447985,1,2,-1,restoration,2025-07-19 17:28:413
Nurse_S._viscosa,Nurse_G._struthium,-6.76652707411481,-6.76652707411481,1,2,-1,natural,2025-07-19 17:28:413
Nurse_S._viscosa,H._squamatum,1.17587627139388,1.17587627139388,1,2,-1,natural,2025-07-19 17:28:413
Nurse_G._struthium,H._squamatum,0.298269149544261,0.298269149544261,1,2,-1,natural,2025-07-19 17:28:413
Nurse_S._viscosa,S._viscosa,-0.41253216360669,-0.41253216360669,1,2,-1,natural,2025-07-19 17:28:413
Nurse_G._struthium,S._viscosa,0.78442381770701,0.78442381770701,1,2,-1,natural,2025-07-19 17:28:413
H._squamatum,S._viscosa,1.11774575286436,1.11774575286436,1,2,-1,natural,2025-07-19 17:28:413
Nurse_S._viscosa,C._hispanica,0.866244632236002,0.866244632236002,1,2,-1,natural,2025-07-19 17:28:413
Nurse_G._struthium,C._hispanica,-0.306247519794188,-0.306247519794188,1,2,-1,natural,2025-07-19 17:28:413
H._squamatum,C._hispanica,0.621908201826917,0.621908201826917,1,2,-1,natural,2025-07-19 17:28:413
S._viscosa,C._hispanica,0.747563495542149,0.747563495542149,1,2,-1,natural,2025-07-19 17:28:413
Nurse_S._viscosa,Other_species,-0.170957203533875,-0.170957203533875,1,2,-1,natural,2025-07-19 17:28:413
Nurse_G._struthium,Other_species,1.99275508510575,1.99275508510575,1,2,-1,natural,2025-07-19 17:28:413
H._squamatum,Other_species,0.74442327703306,0.74442327703306,1,2,-1,natural,2025-07-19 17:28:413
S._viscosa,Other_species,0.55977167468507,0.55977167468507,1,2,-1,natural,2025-07-19 17:28:413
C._hispanica,Other_species,0.639285695711647,0.639285695711647,1,2,-1,natural,2025-07-19 17:28:413
Nurse_S._viscosa,Nurse_G._struthium,-7.23654810745897,-7.23654810745897,1,2,-1,restoration,2025-07-19 17:28:403
Nurse_S._viscosa,H._squamatum,2.06097087362637,2.06097087362637,1,2,-1,restoration,2025-07-19 17:28:403
Nurse_G._struthium,H._squamatum,1.95666110804701,1.95666110804701,1,2,-1,restoration,2025-07-19 17:28:403
Nurse_S._viscosa,S._viscosa,2.45900487579905,2.45900487579905,1,2,-1,restoration,2025-07-19 17:28:403
Nurse_G._struthium,S._viscosa,0.537039533800864,0.537039533800864,1,2,-1,restoration,2025-07-19 17:28:403
H._squamatum,S._viscosa,0.0931003960419999,0.0931003960419999,1,2,-1,restoration,2025-07-19 17:28:403
Nurse_S._viscosa,C._hispanica,1.43764388149403,1.43764388149403,1,2,-1,restoration,2025-07-19 17:28:403
Nurse_G._struthium,C._hispanica,0.631632563395254,0.631632563395254,1,2,-1,restoration,2025-07-19 17:28:403
H._squamatum,C._hispanica,0.393240835462775,0.393240835462775,1,2,-1,restoration,2025-07-19 17:28:403
S._viscosa,C._hispanica,0.84060385551841,0.84060385551841,1,2,-1,restoration,2025-07-19 17:28:403
Nurse_S._viscosa,Other_species,1.53561710119464,1.53561710119464,1,2,-1,restoration,2025-07-19 17:28:403
Nurse_G._struthium,Other_species,1.93476398715104,1.93476398715104,1,2,-1,restoration,2025-07-19 17:28:403
H._squamatum,Other_species,0.959983242522466,0.959983242522466,1,2,-1,restoration,2025-07-19 17:28:403
S._viscosa,Other_species,0.911164222128667,0.911164222128667,1,2,-1,restoration,2025-07-19 17:28:403
C._hispanica,Other_species,2.07787987832703,2.07787987832703,1,2,-1,restoration,2025-07-19 17:28:403
Nurse_S._viscosa,Nurse_G._struthium,-6.98710765756385,-6.98710765756385,1,2,-1,natural,2025-07-19 17:28:403
Nurse_S._viscosa,H._squamatum,1.36181191385858,1.36181191385858,1,2,-1,natural,2025-07-19 17:28:403
Nurse_G._struthium,H._squamatum,0.374092939287083,0.374092939287083,1,2,-1,natural,2025-07-19 17:28:403
Nurse_S._viscosa,S._viscosa,-0.366181460059141,-0.366181460059141,1,2,-1,natural,2025-07-19 17:28:403
Nurse_G._struthium,S._viscosa,0.699136280525692,0.699136280525692,1,2,-1,natural,2025-07-19 17:28:403
H._squamatum,S._viscosa,1.04332554527727,1.04332554527727,1,2,-1,natural,2025-07-19 17:28:403
Nurse_S._viscosa,C._hispanica,0.892776539231513,0.892776539231513,1,2,-1,natural,2025-07-19 17:28:403
Nurse_G._struthium,C._hispanica,-0.151704125886977,-0.151704125886977,1,2,-1,natural,2025-07-19 17:28:403
H._squamatum,C._hispanica,0.382909670450746,0.382909670450746,1,2,-1,natural,2025-07-19 17:28:403
S._viscosa,C._hispanica,0.816324948133445,0.816324948133445,1,2,-1,natural,2025-07-19 17:28:403
Nurse_S._viscosa,Other_species,-0.172711377146386,-0.172711377146386,1,2,-1,natural,2025-07-19 17:28:403
Nurse_G._struthium,Other_species,2.27414508333216,2.27414508333216,1,2,-1,natural,2025-07-19 17:28:403
H._squamatum,Other_species,0.860475064556896,0.860475064556896,1,2,-1,natural,2025-07-19 17:28:403
S._viscosa,Other_species,0.718820981651627,0.718820981651627,1,2,-1,natural,2025-07-19 17:28:403
C._hispanica,Other_species,0.618691811896024,0.618691811896024,1,2,-1,natural,2025-07-19 17:28:403
Nurse_S._viscosa,Nurse_G._struthium,-8.35523975142923,-8.35523975142923,1,2,-1,restoration,2025-07-19 17:28:403
Nurse_S._viscosa,H._squamatum,2.89977525401054,2.89977525401054,1,2,-1,restoration,2025-07-19 17:28:403
Nurse_G._struthium,H._squamatum,2.82069888901562,2.82069888901562,1,2,-1,restoration,2025-07-19 17:28:403
Nurse_S._viscosa,S._viscosa,3.97337599541653,3.97337599541653,1,2,-1,restoration,2025-07-19 17:28:403
Nurse_G._struthium,S._viscosa,1.81649233081136,1.81649233081136,1,2,-1,restoration,2025-07-19 17:28:403
H._squamatum,S._viscosa,-0.277283321031102,-0.277283321031102,1,2,-1,restoration,2025-07-19 17:28:403
Nurse_S._viscosa,C._hispanica,2.28908286461705,2.28908286461705,1,2,-1,restoration,2025-07-19 17:28:403
Nurse_G._struthium,C._hispanica,0.908659838386095,0.908659838386095,1,2,-1,restoration,2025-07-19 17:28:403
H._squamatum,C._hispanica,-0.5588929087187,-0.5588929087187,1,2,-1,restoration,2025-07-19 17:28:403
S._viscosa,C._hispanica,-0.187233382134389,-0.187233382134389,1,2,-1,restoration,2025-07-19 17:28:403
Nurse_S._viscosa,Other_species,2.87178189068854,2.87178189068854,1,2,-1,restoration,2025-07-19 17:28:403
Nurse_G._struthium,Other_species,3.13177795105305,3.13177795105305,1,2,-1,restoration,2025-07-19 17:28:403
H._squamatum,Other_species,1.42284605260381,1.42284605260381,1,2,-1,restoration,2025-07-19 17:28:403
S._viscosa,Other_species,1.54577207807601,1.54577207807601,1,2,-1,restoration,2025-07-19 17:28:403
C._hispanica,Other_species,2.74796637058878,2.74796637058878,1,2,-1,restoration,2025-07-19 17:28:403
Nurse_S._viscosa,Nurse_G._struthium,-6.96119693474894,-6.96119693474894,1,2,-1,natural,2025-07-19 17:28:403
Nurse_S._viscosa,H._squamatum,1.22787429934285,1.22787429934285,1,2,-1,natural,2025-07-19 17:28:403
Nurse_G._struthium,H._squamatum,0.499092069464837,0.499092069464837,1,2,-1,natural,2025-07-19 17:28:403
Nurse_S._viscosa,S._viscosa,-0.5755382412233,-0.5755382412233,1,2,-1,natural,2025-07-19 17:28:403
Nurse_G._struthium,S._viscosa,0.824695028657334,0.824695028657334,1,2,-1,natural,2025-07-19 17:28:403
H._squamatum,S._viscosa,0.886812600431092,0.886812600431092,1,2,-1,natural,2025-07-19 17:28:403
Nurse_S._viscosa,C._hispanica,0.571963242365104,0.571963242365104,1,2,-1,natural,2025-07-19 17:28:403
Nurse_G._struthium,C._hispanica,-0.0836827888337154,-0.0836827888337154,1,2,-1,natural,2025-07-19 17:28:403
H._squamatum,C._hispanica,0.796979789790454,0.796979789790454,1,2,-1,natural,2025-07-19 17:28:403
S._viscosa,C._hispanica,0.687882285749018,0.687882285749018,1,2,-1,natural,2025-07-19 17:28:403
Nurse_S._viscosa,Other_species,-0.0982846980959641,-0.0982846980959641,1,2,-1,natural,2025-07-19 17:28:403
Nurse_G._struthium,Other_species,1.81806231638211,1.81806231638211,1,2,-1,natural,2025-07-19 17:28:403
H._squamatum,Other_species,0.613958361250013,0.613958361250013,1,2,-1,natural,2025-07-19 17:28:403
S._viscosa,Other_species,0.800877666621001,0.800877666621001,1,2,-1,natural,2025-07-19 17:28:403
C._hispanica,Other_species,0.494446309338572,0.494446309338572,1,2,-1,natural,2025-07-19 17:28:403
Nurse_S._viscosa,Nurse_G._struthium,-7.34583838905526,-7.34583838905526,1,2,-1,restoration,2025-07-19 17:28:393
Nurse_S._viscosa,H._squamatum,3.18804062332753,3.18804062332753,1,2,-1,restoration,2025-07-19 17:28:393
Nurse_G._struthium,H._squamatum,3.09358910734434,3.09358910734434,1,2,-1,restoration,2025-07-19 17:28:393
Nurse_S._viscosa,S._viscosa,2.92644534739098,2.92644534739098,1,2,-1,restoration,2025-07-19 17:28:393
Nurse_G._struthium,S._viscosa,0.311857083809705,0.311857083809705,1,2,-1,restoration,2025-07-19 17:28:393
H._squamatum,S._viscosa,-0.214861818248284,-0.214861818248284,1,2,-1,restoration,2025-07-19 17:28:393
Nurse_S._viscosa,C._hispanica,2.1778879570031,2.1778879570031,1,2,-1,restoration,2025-07-19 17:28:393
Nurse_G._struthium,C._hispanica,0.164294462845777,0.164294462845777,1,2,-1,restoration,2025-07-19 17:28:393
H._squamatum,C._hispanica,-1.18546553015152,-1.18546553015152,1,2,-1,restoration,2025-07-19 17:28:393
S._viscosa,C._hispanica,-0.948693001233552,-0.948693001233552,1,2,-1,restoration,2025-07-19 17:28:393
Nurse_S._viscosa,Other_species,1.42469149989546,1.42469149989546,1,2,-1,restoration,2025-07-19 17:28:393
Nurse_G._struthium,Other_species,2.08320501706693,2.08320501706693,1,2,-1,restoration,2025-07-19 17:28:393
H._squamatum,Other_species,1.28834456447569,1.28834456447569,1,2,-1,restoration,2025-07-19 17:28:393
S._viscosa,Other_species,1.86428298942597,1.86428298942597,1,2,-1,restoration,2025-07-19 17:28:393
C._hispanica,Other_species,1.88832466018941,1.88832466018941,1,2,-1,restoration,2025-07-19 17:28:393
Nurse_S._viscosa,Nurse_G._struthium,-7.07993706369924,-7.07993706369924,1,2,-1,natural,2025-07-19 17:28:393
Nurse_S._viscosa,H._squamatum,1.37120190560343,1.37120190560343,1,2,-1,natural,2025-07-19 17:28:393
Nurse_G._struthium,H._squamatum,0.819258571501379,0.819258571501379,1,2,-1,natural,2025-07-19 17:28:393
Nurse_S._viscosa,S._viscosa,-0.764838542438859,-0.764838542438859,1,2,-1,natural,2025-07-19 17:28:393
Nurse_G._struthium,S._viscosa,0.664967545797307,0.664967545797307,1,2,-1,natural,2025-07-19 17:28:393
H._squamatum,S._viscosa,0.902357005281546,0.902357005281546,1,2,-1,natural,2025-07-19 17:28:393
Nurse_S._viscosa,C._hispanica,0.677279943271708,0.677279943271708,1,2,-1,natural,2025-07-19 17:28:393
Nurse_G._struthium,C._hispanica,-0.396747613636751,-0.396747613636751,1,2,-1,natural,2025-07-19 17:28:393
H._squamatum,C._hispanica,0.671648613189311,0.671648613189311,1,2,-1,natural,2025-07-19 17:28:393
S._viscosa,C._hispanica,0.949688104645813,0.949688104645813,1,2,-1,natural,2025-07-19 17:28:393
Nurse_S._viscosa,Other_species,-0.179387246853223,-0.179387246853223,1,2,-1,natural,2025-07-19 17:28:393
Nurse_G._struthium,Other_species,1.93868420723265,1.93868420723265,1,2,-1,natural,2025-07-19 17:28:393
H._squamatum,Other_species,0.678239106836082,0.678239106836082,1,2,-1,natural,2025-07-19 17:28:393
S._viscosa,Other_species,0.478041727487345,0.478041727487345,1,2,-1,natural,2025-07-19 17:28:393
C._hispanica,Other_species,0.567245697757326,0.567245697757326,1,2,-1,natural,2025-07-19 17:28:393
Nurse_S._viscosa,Nurse_G._struthium,-9.63668428173976,-9.63668428173976,1,2,-1,restoration,2025-07-19 17:28:393
Nurse_S._viscosa,H._squamatum,3.19993857305443,3.19993857305443,1,2,-1,restoration,2025-07-19 17:28:393
Nurse_G._struthium,H._squamatum,4.19549440742084,4.19549440742084,1,2,-1,restoration,2025-07-19 17:28:393
Nurse_S._viscosa,S._viscosa,4.28009622042841,4.28009622042841,1,2,-1,restoration,2025-07-19 17:28:393
Nurse_G._struthium,S._viscosa,1.89178210537219,1.89178210537219,1,2,-1,restoration,2025-07-19 17:28:393
H._squamatum,S._viscosa,0.22784218639744,0.22784218639744,1,2,-1,restoration,2025-07-19 17:28:393
Nurse_S._viscosa,C._hispanica,2.30992716183939,2.30992716183939,1,2,-1,restoration,2025-07-19 17:28:393
Nurse_G._struthium,C._hispanica,0.869055307883598,0.869055307883598,1,2,-1,restoration,2025-07-19 17:28:393
H._squamatum,C._hispanica,-0.124266061626408,-0.124266061626408,1,2,-1,restoration,2025-07-19 17:28:393
S._viscosa,C._hispanica,-0.403817999045753,-0.403817999045753,1,2,-1,restoration,2025-07-19 17:28:393
Nurse_S._viscosa,Other_species,3.33829815685465,3.33829815685465,1,2,-1,restoration,2025-07-19 17:28:393
Nurse_G._struthium,Other_species,3.56450816554281,3.56450816554281,1,2,-1,restoration,2025-07-19 17:28:393
H._squamatum,Other_species,0.379538067251717,0.379538067251717,1,2,-1,restoration,2025-07-19 17:28:393
S._viscosa,Other_species,0.942752505437913,0.942752505437913,1,2,-1,restoration,2025-07-19 17:28:393
C._hispanica,Other_species,2.44693706384586,2.44693706384586,1,2,-1,restoration,2025-07-19 17:28:393
Nurse_S._viscosa,Nurse_G._struthium,-6.90124269988289,-6.90124269988289,1,2,-1,natural,2025-07-19 17:28:393
Nurse_S._viscosa,H._squamatum,0.995132431001494,0.995132431001494,1,2,-1,natural,2025-07-19 17:28:393
Nurse_G._struthium,H._squamatum,0.513778239915163,0.513778239915163,1,2,-1,natural,2025-07-19 17:28:393
Nurse_S._viscosa,S._viscosa,-0.550089882988964,-0.550089882988964,1,2,-1,natural,2025-07-19 17:28:393
Nurse_G._struthium,S._viscosa,0.81079114642633,0.81079114642633,1,2,-1,natural,2025-07-19 17:28:393
H._squamatum,S._viscosa,0.667477993772732,0.667477993772732,1,2,-1,natural,2025-07-19 17:28:393
Nurse_S._viscosa,C._hispanica,0.710993272449644,0.710993272449644,1,2,-1,natural,2025-07-19 17:28:393
Nurse_G._struthium,C._hispanica,-0.127307800332159,-0.127307800332159,1,2,-1,natural,2025-07-19 17:28:393
H._squamatum,C._hispanica,0.690790498925506,0.690790498925506,1,2,-1,natural,2025-07-19 17:28:393
S._viscosa,C._hispanica,0.841477061030925,0.841477061030925,1,2,-1,natural,2025-07-19 17:28:393
Nurse_S._viscosa,Other_species,-0.156340534376988,-0.156340534376988,1,2,-1,natural,2025-07-19 17:28:393
Nurse_G._struthium,Other_species,1.95373384595296,1.95373384595296,1,2,-1,natural,2025-07-19 17:28:393
H._squamatum,Other_species,0.525273947915621,0.525273947915621,1,2,-1,natural,2025-07-19 17:28:393
S._viscosa,Other_species,0.551743000222751,0.551743000222751,1,2,-1,natural,2025-07-19 17:28:393
C._hispanica,Other_species,0.662236170526163,0.662236170526163,1,2,-1,natural,2025-07-19 17:28:393
Nurse_S._viscosa,Nurse_G._struthium,-8.46035213314407,-8.46035213314407,1,2,-1,restoration,2025-07-19 17:28:393
Nurse_S._viscosa,H._squamatum,3.01581683646504,3.01581683646504,1,2,-1,restoration,2025-07-19 17:28:393
Nurse_G._struthium,H._squamatum,3.96752669476724,3.96752669476724,1,2,-1,restoration,2025-07-19 17:28:393
Nurse_S._viscosa,S._viscosa,2.64230805895382,2.64230805895382,1,2,-1,restoration,2025-07-19 17:28:393
Nurse_G._struthium,S._viscosa,0.508232634137598,0.508232634137598,1,2,-1,restoration,2025-07-19 17:28:393
H._squamatum,S._viscosa,0.451957210695506,0.451957210695506,1,2,-1,restoration,2025-07-19 17:28:393
Nurse_S._viscosa,C._hispanica,1.93296547871434,1.93296547871434,1,2,-1,restoration,2025-07-19 17:28:393
Nurse_G._struthium,C._hispanica,0.263987033430179,0.263987033430179,1,2,-1,restoration,2025-07-19 17:28:393
H._squamatum,C._hispanica,0.225502775702523,0.225502775702523,1,2,-1,restoration,2025-07-19 17:28:393
S._viscosa,C._hispanica,-0.177548656806066,-0.177548656806066,1,2,-1,restoration,2025-07-19 17:28:393
Nurse_S._viscosa,Other_species,2.26317917693014,2.26317917693014,1,2,-1,restoration,2025-07-19 17:28:393
Nurse_G._struthium,Other_species,3.10413818427152,3.10413818427152,1,2,-1,restoration,2025-07-19 17:28:393
H._squamatum,Other_species,0.700957646187286,0.700957646187286,1,2,-1,restoration,2025-07-19 17:28:393
S._viscosa,Other_species,0.989923240186296,0.989923240186296,1,2,-1,restoration,2025-07-19 17:28:393
C._hispanica,Other_species,1.72777021216828,1.72777021216828,1,2,-1,restoration,2025-07-19 17:28:393
Nurse_S._viscosa,Nurse_G._struthium,-6.88863220889394,-6.88863220889394,1,2,-1,natural,2025-07-19 17:28:393
Nurse_S._viscosa,H._squamatum,1.22204413232625,1.22204413232625,1,2,-1,natural,2025-07-19 17:28:393
Nurse_G._struthium,H._squamatum,0.371731483777559,0.371731483777559,1,2,-1,natural,2025-07-19 17:28:393
Nurse_S._viscosa,S._viscosa,-0.794038310359514,-0.794038310359514,1,2,-1,natural,2025-07-19 17:28:393
Nurse_G._struthium,S._viscosa,0.602026220610282,0.602026220610282,1,2,-1,natural,2025-07-19 17:28:393
H._squamatum,S._viscosa,1.18714177135676,1.18714177135676,1,2,-1,natural,2025-07-19 17:28:393
Nurse_S._viscosa,C._hispanica,0.858391485689972,0.858391485689972,1,2,-1,natural,2025-07-19 17:28:393
Nurse_G._struthium,C._hispanica,-0.18565303616391,-0.18565303616391,1,2,-1,natural,2025-07-19 17:28:393
H._squamatum,C._hispanica,0.708817497461761,0.708817497461761,1,2,-1,natural,2025-07-19 17:28:393
S._viscosa,C._hispanica,0.6452262837604,0.6452262837604,1,2,-1,natural,2025-07-19 17:28:393
Nurse_S._viscosa,Other_species,0.0199329095989445,0.0199329095989445,1,2,-1,natural,2025-07-19 17:28:393
Nurse_G._struthium,Other_species,1.81643118617207,1.81643118617207,1,2,-1,natural,2025-07-19 17:28:393
H._squamatum,Other_species,0.520439333927016,0.520439333927016,1,2,-1,natural,2025-07-19 17:28:393
S._viscosa,Other_species,0.585104546170402,0.585104546170402,1,2,-1,natural,2025-07-19 17:28:393
C._hispanica,Other_species,0.400861790861929,0.400861790861929,1,2,-1,natural,2025-07-19 17:28:393
Nurse_S._viscosa,Nurse_G._struthium,-6.97324550746214,-6.97324550746214,1,2,-1,restoration,2025-07-19 17:28:383
Nurse_S._viscosa,H._squamatum,2.21502875600314,2.21502875600314,1,2,-1,restoration,2025-07-19 17:28:383
Nurse_G._struthium,H._squamatum,1.9615968188599,1.9615968188599,1,2,-1,restoration,2025-07-19 17:28:383
Nurse_S._viscosa,S._viscosa,2.37447720263151,2.37447720263151,1,2,-1,restoration,2025-07-19 17:28:383
Nurse_G._struthium,S._viscosa,0.0211275546160933,0.0211275546160933,1,2,-1,restoration,2025-07-19 17:28:383
H._squamatum,S._viscosa,-0.789330162540997,-0.789330162540997,1,2,-1,restoration,2025-07-19 17:28:383
Nurse_S._viscosa,C._hispanica,3.44148443264462,3.44148443264462,1,2,-1,restoration,2025-07-19 17:28:383
Nurse_G._struthium,C._hispanica,1.58265603647166,1.58265603647166,1,2,-1,restoration,2025-07-19 17:28:383
H._squamatum,C._hispanica,-0.135189509164792,-0.135189509164792,1,2,-1,restoration,2025-07-19 17:28:383
S._viscosa,C._hispanica,0.3389286087918,0.3389286087918,1,2,-1,restoration,2025-07-19 17:28:383
Nurse_S._viscosa,Other_species,1.66584872523746,1.66584872523746,1,2,-1,restoration,2025-07-19 17:28:383
Nurse_G._struthium,Other_species,1.53731835745,1.53731835745,1,2,-1,restoration,2025-07-19 17:28:383
H._squamatum,Other_species,0.113641512140203,0.113641512140203,1,2,-1,restoration,2025-07-19 17:28:383
S._viscosa,Other_species,1.65975377580375,1.65975377580375,1,2,-1,restoration,2025-07-19 17:28:383
C._hispanica,Other_species,2.01138051310953,2.01138051310953,1,2,-1,restoration,2025-07-19 17:28:383
Nurse_S._viscosa,Nurse_G._struthium,-6.88845075540623,-6.88845075540623,1,2,-1,natural,2025-07-19 17:28:383
Nurse_S._viscosa,H._squamatum,1.16534349437703,1.16534349437703,1,2,-1,natural,2025-07-19 17:28:383
Nurse_G._struthium,H._squamatum,0.579414244542672,0.579414244542672,1,2,-1,natural,2025-07-19 17:28:383
Nurse_S._viscosa,S._viscosa,-0.398635146128988,-0.398635146128988,1,2,-1,natural,2025-07-19 17:28:383
Nurse_G._struthium,S._viscosa,0.864370964892981,0.864370964892981,1,2,-1,natural,2025-07-19 17:28:383
H._squamatum,S._viscosa,0.880231070467094,0.880231070467094,1,2,-1,natural,2025-07-19 17:28:383
Nurse_S._viscosa,C._hispanica,0.665966212784224,0.665966212784224,1,2,-1,natural,2025-07-19 17:28:383
Nurse_G._struthium,C._hispanica,-0.347713640709713,-0.347713640709713,1,2,-1,natural,2025-07-19 17:28:383
H._squamatum,C._hispanica,0.632849327021057,0.632849327021057,1,2,-1,natural,2025-07-19 17:28:383
S._viscosa,C._hispanica,1.00256403625818,1.00256403625818,1,2,-1,natural,2025-07-19 17:28:383
Nurse_S._viscosa,Other_species,-0.0744569867270595,-0.0744569867270595,1,2,-1,natural,2025-07-19 17:28:383
Nurse_G._struthium,Other_species,1.9010326745461,1.9010326745461,1,2,-1,natural,2025-07-19 17:28:383
H._squamatum,Other_species,0.659728469331645,0.659728469331645,1,2,-1,natural,2025-07-19 17:28:383
S._viscosa,Other_species,0.607826786887384,0.607826786887384,1,2,-1,natural,2025-07-19 17:28:383
C._hispanica,Other_species,0.377393852578073,0.377393852578073,1,2,-1,natural,2025-07-19 17:28:383
Nurse_S._viscosa,Nurse_G._struthium,-8.24592899850665,-8.24592899850665,1,2,-1,restoration,2025-07-19 17:28:383
Nurse_S._viscosa,H._squamatum,2.06860591530769,2.06860591530769,1,2,-1,restoration,2025-07-19 17:28:383
Nurse_G._struthium,H._squamatum,3.31686394100824,3.31686394100824,1,2,-1,restoration,2025-07-19 17:28:383
Nurse_S._viscosa,S._viscosa,3.75909996053308,3.75909996053308,1,2,-1,restoration,2025-07-19 17:28:383
Nurse_G._struthium,S._viscosa,1.71314867415497,1.71314867415497,1,2,-1,restoration,2025-07-19 17:28:383
H._squamatum,S._viscosa,0.290266633816175,0.290266633816175,1,2,-1,restoration,2025-07-19 17:28:383
Nurse_S._viscosa,C._hispanica,2.23394563358893,2.23394563358893,1,2,-1,restoration,2025-07-19 17:28:383
Nurse_G._struthium,C._hispanica,0.319051731002521,0.319051731002521,1,2,-1,restoration,2025-07-19 17:28:383
H._squamatum,C._hispanica,-0.0563334772414854,-0.0563334772414854,1,2,-1,restoration,2025-07-19 17:28:383
S._viscosa,C._hispanica,0.0788836436840111,0.0788836436840111,1,2,-1,restoration,2025-07-19 17:28:383
Nurse_S._viscosa,Other_species,1.89974526642002,1.89974526642002,1,2,-1,restoration,2025-07-19 17:28:383
Nurse_G._struthium,Other_species,2.29851809063003,2.29851809063003,1,2,-1,restoration,2025-07-19 17:28:383
H._squamatum,Other_species,-0.040429727627537,-0.040429727627537,1,2,-1,restoration,2025-07-19 17:28:383
S._viscosa,Other_species,1.37710360596107,1.37710360596107,1,2,-1,restoration,2025-07-19 17:28:383
C._hispanica,Other_species,3.16620646574662,3.16620646574662,1,2,-1,restoration,2025-07-19 17:28:383
Nurse_S._viscosa,Nurse_G._struthium,-6.8816245284402,-6.8816245284402,1,2,-1,natural,2025-07-19 17:28:383
Nurse_S._viscosa,H._squamatum,1.2379672782954,1.2379672782954,1,2,-1,natural,2025-07-19 17:28:383
Nurse_G._struthium,H._squamatum,0.37250499833541,0.37250499833541,1,2,-1,natural,2025-07-19 17:28:383
Nurse_S._viscosa,S._viscosa,-0.436135185473232,-0.436135185473232,1,2,-1,natural,2025-07-19 17:28:383
Nurse_G._struthium,S._viscosa,0.716457251099997,0.716457251099997,1,2,-1,natural,2025-07-19 17:28:383
H._squamatum,S._viscosa,0.909956913374663,0.909956913374663,1,2,-1,natural,2025-07-19 17:28:383
Nurse_S._viscosa,C._hispanica,0.496264368104938,0.496264368104938,1,2,-1,natural,2025-07-19 17:28:383
Nurse_G._struthium,C._hispanica,-0.167980310241144,-0.167980310241144,1,2,-1,natural,2025-07-19 17:28:383
H._squamatum,C._hispanica,0.435210971771248,0.435210971771248,1,2,-1,natural,2025-07-19 17:28:383
S._viscosa,C._hispanica,0.641223822291505,0.641223822291505,1,2,-1,natural,2025-07-19 17:28:383
Nurse_S._viscosa,Other_species,-0.0764849412932889,-0.0764849412932889,1,2,-1,natural,2025-07-19 17:28:383
Nurse_G._struthium,Other_species,1.67383050048217,1.67383050048217,1,2,-1,natural,2025-07-19 17:28:383
H._squamatum,Other_species,0.499938298408021,0.499938298408021,1,2,-1,natural,2025-07-19 17:28:383
S._viscosa,Other_species,0.726345443336098,0.726345443336098,1,2,-1,natural,2025-07-19 17:28:383
C._hispanica,Other_species,0.446693591399537,0.446693591399537,1,2,-1,natural,2025-07-19 17:28:383
Nurse_S._viscosa,Nurse_G._struthium,-7.21729812430001,-7.21729812430001,1,2,-1,restoration,2025-07-19 17:28:373
Nurse_S._viscosa,H._squamatum,1.27352434857144,1.27352434857144,1,2,-1,restoration,2025-07-19 17:28:373
Nurse_G._struthium,H._squamatum,2.34558540046744,2.34558540046744,1,2,-1,restoration,2025-07-19 17:28:373
Nurse_S._viscosa,S._viscosa,3.45333351342098,3.45333351342098,1,2,-1,restoration,2025-07-19 17:28:373
Nurse_G._struthium,S._viscosa,0.919479359699895,0.919479359699895,1,2,-1,restoration,2025-07-19 17:28:373
H._squamatum,S._viscosa,0.502769575834769,0.502769575834769,1,2,-1,restoration,2025-07-19 17:28:373
Nurse_S._viscosa,C._hispanica,2.38989810205537,2.38989810205537,1,2,-1,restoration,2025-07-19 17:28:373
Nurse_G._struthium,C._hispanica,0.422275371055941,0.422275371055941,1,2,-1,restoration,2025-07-19 17:28:373
H._squamatum,C._hispanica,-1.32087800528676,-1.32087800528676,1,2,-1,restoration,2025-07-19 17:28:373
S._viscosa,C._hispanica,-0.086112990926587,-0.086112990926587,1,2,-1,restoration,2025-07-19 17:28:373
Nurse_S._viscosa,Other_species,1.32618483352776,1.32618483352776,1,2,-1,restoration,2025-07-19 17:28:373
Nurse_G._struthium,Other_species,1.53550739680377,1.53550739680377,1,2,-1,restoration,2025-07-19 17:28:373
H._squamatum,Other_species,-0.108651022174371,-0.108651022174371,1,2,-1,restoration,2025-07-19 17:28:373
S._viscosa,Other_species,1.48836120862076,1.48836120862076,1,2,-1,restoration,2025-07-19 17:28:373
C._hispanica,Other_species,1.89100711429679,1.89100711429679,1,2,-1,restoration,2025-07-19 17:28:373
Nurse_S._viscosa,Nurse_G._struthium,-6.87815434008798,-6.87815434008798,1,2,-1,natural,2025-07-19 17:28:373
Nurse_S._viscosa,H._squamatum,1.17851368238618,1.17851368238618,1,2,-1,natural,2025-07-19 17:28:373
Nurse_G._struthium,H._squamatum,0.707502018922959,0.707502018922959,1,2,-1,natural,2025-07-19 17:28:373
Nurse_S._viscosa,S._viscosa,-0.613979652047077,-0.613979652047077,1,2,-1,natural,2025-07-19 17:28:373
Nurse_G._struthium,S._viscosa,0.68852057238646,0.68852057238646,1,2,-1,natural,2025-07-19 17:28:373
H._squamatum,S._viscosa,0.917416324122991,0.917416324122991,1,2,-1,natural,2025-07-19 17:28:373
Nurse_S._viscosa,C._hispanica,0.568301242502552,0.568301242502552,1,2,-1,natural,2025-07-19 17:28:373
Nurse_G._struthium,C._hispanica,-0.391233329063765,-0.391233329063765,1,2,-1,natural,2025-07-19 17:28:373
H._squamatum,C._hispanica,0.64496811874403,0.64496811874403,1,2,-1,natural,2025-07-19 17:28:373
S._viscosa,C._hispanica,0.831655185453356,0.831655185453356,1,2,-1,natural,2025-07-19 17:28:373
Nurse_S._viscosa,Other_species,-0.225956481513606,-0.225956481513606,1,2,-1,natural,2025-07-19 17:28:373
Nurse_G._struthium,Other_species,1.71694098959369,1.71694098959369,1,2,-1,natural,2025-07-19 17:28:373
H._squamatum,Other_species,0.608247679687744,0.608247679687744,1,2,-1,natural,2025-07-19 17:28:373
S._viscosa,Other_species,0.759552497842219,0.759552497842219,1,2,-1,natural,2025-07-19 17:28:373
C._hispanica,Other_species,0.344075029290362,0.344075029290362,1,2,-1,natural,2025-07-19 17:28:373
Nurse_S._viscosa,Nurse_G._struthium,-7.12283953936163,-7.12283953936163,1,2,-1,restoration,2025-07-19 17:28:373
Nurse_S._viscosa,H._squamatum,1.69937030046705,1.69937030046705,1,2,-1,restoration,2025-07-19 17:28:373
Nurse_G._struthium,H._squamatum,2.61374781550408,2.61374781550408,1,2,-1,restoration,2025-07-19 17:28:373
Nurse_S._viscosa,S._viscosa,2.94491222479324,2.94491222479324,1,2,-1,restoration,2025-07-19 17:28:373
Nurse_G._struthium,S._viscosa,0.922404196731177,0.922404196731177,1,2,-1,restoration,2025-07-19 17:28:373
H._squamatum,S._viscosa,-0.756140405008753,-0.756140405008753,1,2,-1,restoration,2025-07-19 17:28:373
Nurse_S._viscosa,C._hispanica,1.90514003805084,1.90514003805084,1,2,-1,restoration,2025-07-19 17:28:373
Nurse_G._struthium,C._hispanica,0.848060075439802,0.848060075439802,1,2,-1,restoration,2025-07-19 17:28:373
H._squamatum,C._hispanica,-1.32209520619479,-1.32209520619479,1,2,-1,restoration,2025-07-19 17:28:373
S._viscosa,C._hispanica,0.588278853903815,0.588278853903815,1,2,-1,restoration,2025-07-19 17:28:373
Nurse_S._viscosa,Other_species,2.02605466818349,2.02605466818349,1,2,-1,restoration,2025-07-19 17:28:373
Nurse_G._struthium,Other_species,2.25991107029805,2.25991107029805,1,2,-1,restoration,2025-07-19 17:28:373
H._squamatum,Other_species,0.606308060678977,0.606308060678977,1,2,-1,restoration,2025-07-19 17:28:373
S._viscosa,Other_species,1.02588317554659,1.02588317554659,1,2,-1,restoration,2025-07-19 17:28:373
C._hispanica,Other_species,1.99915164772614,1.99915164772614,1,2,-1,restoration,2025-07-19 17:28:373
Nurse_S._viscosa,Nurse_G._struthium,-7.00905126926417,-7.00905126926417,1,2,-1,natural,2025-07-19 17:28:373
Nurse_S._viscosa,H._squamatum,1.16521862758082,1.16521862758082,1,2,-1,natural,2025-07-19 17:28:373
Nurse_G._struthium,H._squamatum,0.579312291892055,0.579312291892055,1,2,-1,natural,2025-07-19 17:28:373
Nurse_S._viscosa,S._viscosa,-0.401585465989491,-0.401585465989491,1,2,-1,natural,2025-07-19 17:28:373
Nurse_G._struthium,S._viscosa,0.617291383342865,0.617291383342865,1,2,-1,natural,2025-07-19 17:28:373
H._squamatum,S._viscosa,0.974221850284137,0.974221850284137,1,2,-1,natural,2025-07-19 17:28:373
Nurse_S._viscosa,C._hispanica,0.734307046892774,0.734307046892774,1,2,-1,natural,2025-07-19 17:28:373
Nurse_G._struthium,C._hispanica,-0.273595536078451,-0.273595536078451,1,2,-1,natural,2025-07-19 17:28:373
H._squamatum,C._hispanica,0.745070381894156,0.745070381894156,1,2,-1,natural,2025-07-19 17:28:373
S._viscosa,C._hispanica,0.651202204178462,0.651202204178462,1,2,-1,natural,2025-07-19 17:28:373
Nurse_S._viscosa,Other_species,-0.424305138769599,-0.424305138769599,1,2,-1,natural,2025-07-19 17:28:373
Nurse_G._struthium,Other_species,1.51860835989516,1.51860835989516,1,2,-1,natural,2025-07-19 17:28:373
H._squamatum,Other_species,0.488076348519789,0.488076348519789,1,2,-1,natural,2025-07-19 17:28:373
S._viscosa,Other_species,0.471593576313456,0.471593576313456,1,2,-1,natural,2025-07-19 17:28:373
C._hispanica,Other_species,0.4240781798557,0.4240781798557,1,2,-1,natural,2025-07-19 17:28:373
Nurse_S._viscosa,Nurse_G._struthium,-6.77642949386175,-6.77642949386175,1,2,-1,restoration,2025-07-19 17:28:363
Nurse_S._viscosa,H._squamatum,0.916630069856736,0.916630069856736,1,2,-1,restoration,2025-07-19 17:28:363
Nurse_G._struthium,H._squamatum,2.57554989899549,2.57554989899549,1,2,-1,restoration,2025-07-19 17:28:363
Nurse_S._viscosa,S._viscosa,3.24022684769198,3.24022684769198,1,2,-1,restoration,2025-07-19 17:28:363
Nurse_G._struthium,S._viscosa,0.446562662434902,0.446562662434902,1,2,-1,restoration,2025-07-19 17:28:363
H._squamatum,S._viscosa,0.834528878032094,0.834528878032094,1,2,-1,restoration,2025-07-19 17:28:363
Nurse_S._viscosa,C._hispanica,1.93001815587525,1.93001815587525,1,2,-1,restoration,2025-07-19 17:28:363
Nurse_G._struthium,C._hispanica,0.473719946617999,0.473719946617999,1,2,-1,restoration,2025-07-19 17:28:363
H._squamatum,C._hispanica,1.10144376817489,1.10144376817489,1,2,-1,restoration,2025-07-19 17:28:363
S._viscosa,C._hispanica,0.835694150544009,0.835694150544009,1,2,-1,restoration,2025-07-19 17:28:363
Nurse_S._viscosa,Other_species,1.88586030220228,1.88586030220228,1,2,-1,restoration,2025-07-19 17:28:363
Nurse_G._struthium,Other_species,2.75734151982975,2.75734151982975,1,2,-1,restoration,2025-07-19 17:28:363
H._squamatum,Other_species,-0.253168213110086,-0.253168213110086,1,2,-1,restoration,2025-07-19 17:28:363
S._viscosa,Other_species,1.014215969837,1.014215969837,1,2,-1,restoration,2025-07-19 17:28:363
C._hispanica,Other_species,1.91050278976433,1.91050278976433,1,2,-1,restoration,2025-07-19 17:28:363
Nurse_S._viscosa,Nurse_G._struthium,-6.79570347349038,-6.79570347349038,1,2,-1,natural,2025-07-19 17:28:363
Nurse_S._viscosa,H._squamatum,1.12270243043745,1.12270243043745,1,2,-1,natural,2025-07-19 17:28:363
Nurse_G._struthium,H._squamatum,0.496341615478423,0.496341615478423,1,2,-1,natural,2025-07-19 17:28:363
Nurse_S._viscosa,S._viscosa,-0.443449075959506,-0.443449075959506,1,2,-1,natural,2025-07-19 17:28:363
Nurse_G._struthium,S._viscosa,0.607559306715805,0.607559306715805,1,2,-1,natural,2025-07-19 17:28:363
H._squamatum,S._viscosa,1.11033951544354,1.11033951544354,1,2,-1,natural,2025-07-19 17:28:363
Nurse_S._viscosa,C._hispanica,0.528637659398571,0.528637659398571,1,2,-1,natural,2025-07-19 17:28:363
Nurse_G._struthium,C._hispanica,-0.053171112758833,-0.053171112758833,1,2,-1,natural,2025-07-19 17:28:363
H._squamatum,C._hispanica,0.858389266641395,0.858389266641395,1,2,-1,natural,2025-07-19 17:28:363
S._viscosa,C._hispanica,0.488420231147219,0.488420231147219,1,2,-1,natural,2025-07-19 17:28:363
Nurse_S._viscosa,Other_species,0.0385977838692551,0.0385977838692551,1,2,-1,natural,2025-07-19 17:28:363
Nurse_G._struthium,Other_species,1.9771127175984,1.9771127175984,1,2,-1,natural,2025-07-19 17:28:363
H._squamatum,Other_species,0.669963883705592,0.669963883705592,1,2,-1,natural,2025-07-19 17:28:363
S._viscosa,Other_species,0.857136210118133,0.857136210118133,1,2,-1,natural,2025-07-19 17:28:363
C._hispanica,Other_species,0.481341801165978,0.481341801165978,1,2,-1,natural,2025-07-19 17:28:363
Nurse_S._viscosa,Nurse_G._struthium,-8.00494511650014,-8.00494511650014,1,2,-1,restoration,2025-07-19 17:28:363
Nurse_S._viscosa,H._squamatum,2.14956352174647,2.14956352174647,1,2,-1,restoration,2025-07-19 17:28:363
Nurse_G._struthium,H._squamatum,2.58612155091679,2.58612155091679,1,2,-1,restoration,2025-07-19 17:28:363
Nurse_S._viscosa,S._viscosa,3.02036012916449,3.02036012916449,1,2,-1,restoration,2025-07-19 17:28:363
Nurse_G._struthium,S._viscosa,1.49062918205117,1.49062918205117,1,2,-1,restoration,2025-07-19 17:28:363
H._squamatum,S._viscosa,0.19134411275518,0.19134411275518,1,2,-1,restoration,2025-07-19 17:28:363
Nurse_S._viscosa,C._hispanica,2.56135943370362,2.56135943370362,1,2,-1,restoration,2025-07-19 17:28:363
Nurse_G._struthium,C._hispanica,1.08562378107448,1.08562378107448,1,2,-1,restoration,2025-07-19 17:28:363
H._squamatum,C._hispanica,-1.48993641346666,-1.48993641346666,1,2,-1,restoration,2025-07-19 17:28:363
S._viscosa,C._hispanica,0.265473381623214,0.265473381623214,1,2,-1,restoration,2025-07-19 17:28:363
Nurse_S._viscosa,Other_species,2.52900304792862,2.52900304792862,1,2,-1,restoration,2025-07-19 17:28:363
Nurse_G._struthium,Other_species,3.03747187753912,3.03747187753912,1,2,-1,restoration,2025-07-19 17:28:363
H._squamatum,Other_species,0.957825119253571,0.957825119253571,1,2,-1,restoration,2025-07-19 17:28:363
S._viscosa,Other_species,1.09815049688621,1.09815049688621,1,2,-1,restoration,2025-07-19 17:28:363
C._hispanica,Other_species,1.66563549821869,1.66563549821869,1,2,-1,restoration,2025-07-19 17:28:363
Nurse_S._viscosa,Nurse_G._struthium,-6.87391447329177,-6.87391447329177,1,2,-1,natural,2025-07-19 17:28:363
Nurse_S._viscosa,H._squamatum,1.12090947530071,1.12090947530071,1,2,-1,natural,2025-07-19 17:28:363
Nurse_G._struthium,H._squamatum,0.445397603721893,0.445397603721893,1,2,-1,natural,2025-07-19 17:28:363
Nurse_S._viscosa,S._viscosa,-0.447422155912904,-0.447422155912904,1,2,-1,natural,2025-07-19 17:28:363
Nurse_G._struthium,S._viscosa,0.68375856951444,0.68375856951444,1,2,-1,natural,2025-07-19 17:28:363
H._squamatum,S._viscosa,0.989176135595869,0.989176135595869,1,2,-1,natural,2025-07-19 17:28:363
Nurse_S._viscosa,C._hispanica,0.840497222310822,0.840497222310822,1,2,-1,natural,2025-07-19 17:28:363
Nurse_G._struthium,C._hispanica,-0.226386829518308,-0.226386829518308,1,2,-1,natural,2025-07-19 17:28:363
H._squamatum,C._hispanica,0.815856834748421,0.815856834748421,1,2,-1,natural,2025-07-19 17:28:363
S._viscosa,C._hispanica,0.649015347725202,0.649015347725202,1,2,-1,natural,2025-07-19 17:28:363
Nurse_S._viscosa,Other_species,-0.178124826299541,-0.178124826299541,1,2,-1,natural,2025-07-19 17:28:363
Nurse_G._struthium,Other_species,1.66345701571188,1.66345701571188,1,2,-1,natural,2025-07-19 17:28:363
H._squamatum,Other_species,0.605440433731499,0.605440433731499,1,2,-1,natural,2025-07-19 17:28:363
S._viscosa,Other_species,0.402796682436436,0.402796682436436,1,2,-1,natural,2025-07-19 17:28:363
C._hispanica,Other_species,0.541173791845201,0.541173791845201,1,2,-1,natural,2025-07-19 17:28:363
Nurse_S._viscosa,Nurse_G._struthium,-8.16784139044625,-8.16784139044625,1,2,-1,restoration,2025-07-19 17:28:353
Nurse_S._viscosa,H._squamatum,1.88871833339453,1.88871833339453,1,2,-1,restoration,2025-07-19 17:28:353
Nurse_G._struthium,H._squamatum,3.65520225102283,3.65520225102283,1,2,-1,restoration,2025-07-19 17:28:353
Nurse_S._viscosa,S._viscosa,2.97401436513305,2.97401436513305,1,2,-1,restoration,2025-07-19 17:28:353
Nurse_G._struthium,S._viscosa,0.917533616177365,0.917533616177365,1,2,-1,restoration,2025-07-19 17:28:353
H._squamatum,S._viscosa,0.905425838362417,0.905425838362417,1,2,-1,restoration,2025-07-19 17:28:353
Nurse_S._viscosa,C._hispanica,2.92494146920241,2.92494146920241,1,2,-1,restoration,2025-07-19 17:28:353
Nurse_G._struthium,C._hispanica,0.952323277107701,0.952323277107701,1,2,-1,restoration,2025-07-19 17:28:353
H._squamatum,C._hispanica,1.73599885697488,1.73599885697488,1,2,-1,restoration,2025-07-19 17:28:353
S._viscosa,C._hispanica,-0.12485169165014,-0.12485169165014,1,2,-1,restoration,2025-07-19 17:28:353
Nurse_S._viscosa,Other_species,2.15094012097545,2.15094012097545,1,2,-1,restoration,2025-07-19 17:28:353
Nurse_G._struthium,Other_species,3.32150005298863,3.32150005298863,1,2,-1,restoration,2025-07-19 17:28:353
H._squamatum,Other_species,0.571107022524235,0.571107022524235,1,2,-1,restoration,2025-07-19 17:28:353
S._viscosa,Other_species,1.32858717812453,1.32858717812453,1,2,-1,restoration,2025-07-19 17:28:353
C._hispanica,Other_species,1.75299136712191,1.75299136712191,1,2,-1,restoration,2025-07-19 17:28:353
Nurse_S._viscosa,Nurse_G._struthium,-6.92926698390187,-6.92926698390187,1,2,-1,natural,2025-07-19 17:28:353
Nurse_S._viscosa,H._squamatum,1.49303863592197,1.49303863592197,1,2,-1,natural,2025-07-19 17:28:353
Nurse_G._struthium,H._squamatum,0.618173496102813,0.618173496102813,1,2,-1,natural,2025-07-19 17:28:353
Nurse_S._viscosa,S._viscosa,-0.514828684389508,-0.514828684389508,1,2,-1,natural,2025-07-19 17:28:353
Nurse_G._struthium,S._viscosa,0.808700511810688,0.808700511810688,1,2,-1,natural,2025-07-19 17:28:353
H._squamatum,S._viscosa,1.01937306148531,1.01937306148531,1,2,-1,natural,2025-07-19 17:28:353
Nurse_S._viscosa,C._hispanica,0.515592450449391,0.515592450449391,1,2,-1,natural,2025-07-19 17:28:353
Nurse_G._struthium,C._hispanica,-0.339503712633467,-0.339503712633467,1,2,-1,natural,2025-07-19 17:28:353
H._squamatum,C._hispanica,0.682106839867308,0.682106839867308,1,2,-1,natural,2025-07-19 17:28:353
S._viscosa,C._hispanica,0.653772756078783,0.653772756078783,1,2,-1,natural,2025-07-19 17:28:353
Nurse_S._viscosa,Other_species,-0.212877985284445,-0.212877985284445,1,2,-1,natural,2025-07-19 17:28:353
Nurse_G._struthium,Other_species,1.63728344953946,1.63728344953946,1,2,-1,natural,2025-07-19 17:28:353
H._squamatum,Other_species,0.717423291319858,0.717423291319858,1,2,-1,natural,2025-07-19 17:28:353
S._viscosa,Other_species,0.587687015509937,0.587687015509937,1,2,-1,natural,2025-07-19 17:28:353
C._hispanica,Other_species,0.578211958499369,0.578211958499369,1,2,-1,natural,2025-07-19 17:28:353
Nurse_S._viscosa,Nurse_G._struthium,-7.48041470930043,-7.48041470930043,1,2,-1,restoration,2025-07-19 17:28:343
Nurse_S._viscosa,H._squamatum,1.88441235297203,1.88441235297203,1,2,-1,restoration,2025-07-19 17:28:343
Nurse_G._struthium,H._squamatum,2.33660954802955,2.33660954802955,1,2,-1,restoration,2025-07-19 17:28:343
Nurse_S._viscosa,S._viscosa,3.15382970286903,3.15382970286903,1,2,-1,restoration,2025-07-19 17:28:343
Nurse_G._struthium,S._viscosa,0.820286042362603,0.820286042362603,1,2,-1,restoration,2025-07-19 17:28:343
H._squamatum,S._viscosa,0.237150238866168,0.237150238866168,1,2,-1,restoration,2025-07-19 17:28:343
Nurse_S._viscosa,C._hispanica,2.53590381875306,2.53590381875306,1,2,-1,restoration,2025-07-19 17:28:343
Nurse_G._struthium,C._hispanica,0.162427559056863,0.162427559056863,1,2,-1,restoration,2025-07-19 17:28:343
H._squamatum,C._hispanica,-1.40229876142949,-1.40229876142949,1,2,-1,restoration,2025-07-19 17:28:343
S._viscosa,C._hispanica,-0.626379904607807,-0.626379904607807,1,2,-1,restoration,2025-07-19 17:28:343
Nurse_S._viscosa,Other_species,2.20110467239902,2.20110467239902,1,2,-1,restoration,2025-07-19 17:28:343
Nurse_G._struthium,Other_species,2.29325988217079,2.29325988217079,1,2,-1,restoration,2025-07-19 17:28:343
H._squamatum,Other_species,0.138409959923833,0.138409959923833,1,2,-1,restoration,2025-07-19 17:28:343
S._viscosa,Other_species,1.19040084905562,1.19040084905562,1,2,-1,restoration,2025-07-19 17:28:343
C._hispanica,Other_species,2.02921727762588,2.02921727762588,1,2,-1,restoration,2025-07-19 17:28:343
Nurse_S._viscosa,Nurse_G._struthium,-6.90209085033931,-6.90209085033931,1,2,-1,natural,2025-07-19 17:28:343
Nurse_S._viscosa,H._squamatum,1.13114090064482,1.13114090064482,1,2,-1,natural,2025-07-19 17:28:343
Nurse_G._struthium,H._squamatum,0.451181744893017,0.451181744893017,1,2,-1,natural,2025-07-19 17:28:343
Nurse_S._viscosa,S._viscosa,-0.415944923917449,-0.415944923917449,1,2,-1,natural,2025-07-19 17:28:343
Nurse_G._struthium,S._viscosa,0.842208213054858,0.842208213054858,1,2,-1,natural,2025-07-19 17:28:343
H._squamatum,S._viscosa,0.952540896104558,0.952540896104558,1,2,-1,natural,2025-07-19 17:28:343
Nurse_S._viscosa,C._hispanica,0.559935061533343,0.559935061533343,1,2,-1,natural,2025-07-19 17:28:343
Nurse_G._struthium,C._hispanica,-0.245818512172801,-0.245818512172801,1,2,-1,natural,2025-07-19 17:28:343
H._squamatum,C._hispanica,0.624719192365648,0.624719192365648,1,2,-1,natural,2025-07-19 17:28:343
S._viscosa,C._hispanica,0.936941484794904,0.936941484794904,1,2,-1,natural,2025-07-19 17:28:343
Nurse_S._viscosa,Other_species,-0.136911662142156,-0.136911662142156,1,2,-1,natural,2025-07-19 17:28:343
Nurse_G._struthium,Other_species,1.87066232146161,1.87066232146161,1,2,-1,natural,2025-07-19 17:28:343
H._squamatum,Other_species,0.529897849943394,0.529897849943394,1,2,-1,natural,2025-07-19 17:28:343
S._viscosa,Other_species,0.624802861539095,0.624802861539095,1,2,-1,natural,2025-07-19 17:28:343
C._hispanica,Other_species,0.497425750003211,0.497425750003211,1,2,-1,natural,2025-07-19 17:28:343
Nurse_S._viscosa,Nurse_G._struthium,-7.10426774516453,-7.10426774516453,1,2,-1,restoration,2025-07-19 17:28:343
Nurse_S._viscosa,H._squamatum,1.88787020248287,1.88787020248287,1,2,-1,restoration,2025-07-19 17:28:343
Nurse_G._struthium,H._squamatum,2.32865495073973,2.32865495073973,1,2,-1,restoration,2025-07-19 17:28:343
Nurse_S._viscosa,S._viscosa,2.73502875284737,2.73502875284737,1,2,-1,restoration,2025-07-19 17:28:343
Nurse_G._struthium,S._viscosa,0.718970937802791,0.718970937802791,1,2,-1,restoration,2025-07-19 17:28:343
H._squamatum,S._viscosa,0.855881226327766,0.855881226327766,1,2,-1,restoration,2025-07-19 17:28:343
Nurse_S._viscosa,C._hispanica,2.2251417045299,2.2251417045299,1,2,-1,restoration,2025-07-19 17:28:343
Nurse_G._struthium,C._hispanica,0.441881257175601,0.441881257175601,1,2,-1,restoration,2025-07-19 17:28:343
H._squamatum,C._hispanica,0.944556231923429,0.944556231923429,1,2,-1,restoration,2025-07-19 17:28:343
S._viscosa,C._hispanica,0.0144916037703033,0.0144916037703033,1,2,-1,restoration,2025-07-19 17:28:343
Nurse_S._viscosa,Other_species,2.01452908441324,2.01452908441324,1,2,-1,restoration,2025-07-19 17:28:343
Nurse_G._struthium,Other_species,2.44337259435374,2.44337259435374,1,2,-1,restoration,2025-07-19 17:28:343
H._squamatum,Other_species,0.138489592897803,0.138489592897803,1,2,-1,restoration,2025-07-19 17:28:343
S._viscosa,Other_species,1.09685154357605,1.09685154357605,1,2,-1,restoration,2025-07-19 17:28:343
C._hispanica,Other_species,1.92514848423039,1.92514848423039,1,2,-1,restoration,2025-07-19 17:28:343
Nurse_S._viscosa,Nurse_G._struthium,-6.91502689910975,-6.91502689910975,1,2,-1,natural,2025-07-19 17:28:343
Nurse_S._viscosa,H._squamatum,0.943598918286966,0.943598918286966,1,2,-1,natural,2025-07-19 17:28:343
Nurse_G._struthium,H._squamatum,0.416125405021982,0.416125405021982,1,2,-1,natural,2025-07-19 17:28:343
Nurse_S._viscosa,S._viscosa,-0.563303359955235,-0.563303359955235,1,2,-1,natural,2025-07-19 17:28:343
Nurse_G._struthium,S._viscosa,1.01731219872823,1.01731219872823,1,2,-1,natural,2025-07-19 17:28:343
H._squamatum,S._viscosa,1.03550069872934,1.03550069872934,1,2,-1,natural,2025-07-19 17:28:343
Nurse_S._viscosa,C._hispanica,0.734570264298282,0.734570264298282,1,2,-1,natural,2025-07-19 17:28:343
Nurse_G._struthium,C._hispanica,-0.0402342184030686,-0.0402342184030686,1,2,-1,natural,2025-07-19 17:28:343
H._squamatum,C._hispanica,0.55319703307213,0.55319703307213,1,2,-1,natural,2025-07-19 17:28:343
S._viscosa,C._hispanica,0.69331826969366706,0.69331826969366706,1,2,-1,natural,2025-07-19 17:28:343
Nurse_S._viscosa,Other_species,-0.255899688872228,-0.255899688872228,1,2,-1,natural,2025-07-19 17:28:343
Nurse_G._struthium,Other_species,1.69560480771807,1.69560480771807,1,2,-1,natural,2025-07-19 17:28:343
H._squamatum,Other_species,0.534873341744507,0.534873341744507,1,2,-1,natural,2025-07-19 17:28:343
S._viscosa,Other_species,0.448085074772949,0.448085074772949,1,2,-1,natural,2025-07-19 17:28:343
C._hispanica,Other_species,0.468454928881174,0.468454928881174,1,2,-1,natural,2025-07-19 17:28:343
Nurse_S._viscosa,Nurse_G._struthium,-7.03948759632561,-7.03948759632561,1,2,-1,restoration,2025-07-19 17:28:333
Nurse_S._viscosa,H._squamatum,2.24443181318776,2.24443181318776,1,2,-1,restoration,2025-07-19 17:28:333
Nurse_G._struthium,H._squamatum,2.22996493427646,2.22996493427646,1,2,-1,restoration,2025-07-19 17:28:333
Nurse_S._viscosa,S._viscosa,3.10952338746521,3.10952338746521,1,2,-1,restoration,2025-07-19 17:28:333
Nurse_G._struthium,S._viscosa,0.143306570645704,0.143306570645704,1,2,-1,restoration,2025-07-19 17:28:333
H._squamatum,S._viscosa,-0.242171972229929,-0.242171972229929,1,2,-1,restoration,2025-07-19 17:28:333
Nurse_S._viscosa,C._hispanica,2.48437451748202,2.48437451748202,1,2,-1,restoration,2025-07-19 17:28:333
Nurse_G._struthium,C._hispanica,0.95851562088416,0.95851562088416,1,2,-1,restoration,2025-07-19 17:28:333
H._squamatum,C._hispanica,-1.5763341392854,-1.5763341392854,1,2,-1,restoration,2025-07-19 17:28:333
S._viscosa,C._hispanica,-1.50160470668209,-1.50160470668209,1,2,-1,restoration,2025-07-19 17:28:333
Nurse_S._viscosa,Other_species,1.51147410941274,1.51147410941274,1,2,-1,restoration,2025-07-19 17:28:333
Nurse_G._struthium,Other_species,1.63332597067883,1.63332597067883,1,2,-1,restoration,2025-07-19 17:28:333
H._squamatum,Other_species,0.677036212859183,0.677036212859183,1,2,-1,restoration,2025-07-19 17:28:333
S._viscosa,Other_species,1.32170630501223,1.32170630501223,1,2,-1,restoration,2025-07-19 17:28:333
C._hispanica,Other_species,2.22883858957801,2.22883858957801,1,2,-1,restoration,2025-07-19 17:28:333
Nurse_S._viscosa,Nurse_G._struthium,-6.87707485249974,-6.87707485249974,1,2,-1,natural,2025-07-19 17:28:333
Nurse_S._viscosa,H._squamatum,1.22361452814906,1.22361452814906,1,2,-1,natural,2025-07-19 17:28:333
Nurse_G._struthium,H._squamatum,0.681377799288977,0.681377799288977,1,2,-1,natural,2025-07-19 17:28:333
Nurse_S._viscosa,S._viscosa,-0.6358882494588,-0.6358882494588,1,2,-1,natural,2025-07-19 17:28:333
Nurse_G._struthium,S._viscosa,0.768038111009926,0.768038111009926,1,2,-1,natural,2025-07-19 17:28:333
H._squamatum,S._viscosa,1.17445533150277,1.17445533150277,1,2,-1,natural,2025-07-19 17:28:333
Nurse_S._viscosa,C._hispanica,0.881321354831111,0.881321354831111,1,2,-1,natural,2025-07-19 17:28:333
Nurse_G._struthium,C._hispanica,-0.095032107163053,-0.095032107163053,1,2,-1,natural,2025-07-19 17:28:333
H._squamatum,C._hispanica,0.380545070049545,0.380545070049545,1,2,-1,natural,2025-07-19 17:28:333
S._viscosa,C._hispanica,0.790636069600656,0.790636069600656,1,2,-1,natural,2025-07-19 17:28:333
Nurse_S._viscosa,Other_species,-0.232320636489926,-0.232320636489926,1,2,-1,natural,2025-07-19 17:28:333
Nurse_G._struthium,Other_species,2.20993772880515,2.20993772880515,1,2,-1,natural,2025-07-19 17:28:333
H._squamatum,Other_species,0.558079876665928,0.558079876665928,1,2,-1,natural,2025-07-19 17:28:333
S._viscosa,Other_species,0.551747894243067,0.551747894243067,1,2,-1,natural,2025-07-19 17:28:333
C._hispanica,Other_species,0.710948554164542,0.710948554164542,1,2,-1,natural,2025-07-19 17:28:333
Nurse_S._viscosa,Nurse_G._struthium,-7.59473450515333,-7.59473450515333,1,2,-1,restoration,2025-07-19 17:28:333
Nurse_S._viscosa,H._squamatum,2.15752336317292,2.15752336317292,1,2,-1,restoration,2025-07-19 17:28:333
Nurse_G._struthium,H._squamatum,2.30836324242731,2.30836324242731,1,2,-1,restoration,2025-07-19 17:28:333
Nurse_S._viscosa,S._viscosa,2.81043783243925,2.81043783243925,1,2,-1,restoration,2025-07-19 17:28:333
Nurse_G._struthium,S._viscosa,0.564388398411507,0.564388398411507,1,2,-1,restoration,2025-07-19 17:28:333
H._squamatum,S._viscosa,-0.230670379709081,-0.230670379709081,1,2,-1,restoration,2025-07-19 17:28:333
Nurse_S._viscosa,C._hispanica,3.1046845618475,3.1046845618475,1,2,-1,restoration,2025-07-19 17:28:333
Nurse_G._struthium,C._hispanica,1.86033097594768,1.86033097594768,1,2,-1,restoration,2025-07-19 17:28:333
H._squamatum,C._hispanica,0.27218142729212,0.27218142729212,1,2,-1,restoration,2025-07-19 17:28:333
S._viscosa,C._hispanica,1.12904837626648,1.12904837626648,1,2,-1,restoration,2025-07-19 17:28:333
Nurse_S._viscosa,Other_species,2.06205496423881,2.06205496423881,1,2,-1,restoration,2025-07-19 17:28:333
Nurse_G._struthium,Other_species,2.59931274619308,2.59931274619308,1,2,-1,restoration,2025-07-19 17:28:333
H._squamatum,Other_species,1.50472663145584,1.50472663145584,1,2,-1,restoration,2025-07-19 17:28:333
S._viscosa,Other_species,1.16955868697065,1.16955868697065,1,2,-1,restoration,2025-07-19 17:28:333
C._hispanica,Other_species,2.48665645203177,2.48665645203177,1,2,-1,restoration,2025-07-19 17:28:333
Nurse_S._viscosa,Nurse_G._struthium,-6.76189550943877,-6.76189550943877,1,2,-1,natural,2025-07-19 17:28:333
Nurse_S._viscosa,H._squamatum,0.842755699033445,0.842755699033445,1,2,-1,natural,2025-07-19 17:28:333
Nurse_G._struthium,H._squamatum,0.394324153712608,0.394324153712608,1,2,-1,natural,2025-07-19 17:28:333
Nurse_S._viscosa,S._viscosa,-0.358990970877972,-0.358990970877972,1,2,-1,natural,2025-07-19 17:28:333
Nurse_G._struthium,S._viscosa,0.775767822341978,0.775767822341978,1,2,-1,natural,2025-07-19 17:28:333
H._squamatum,S._viscosa,0.9365320837723,0.9365320837723,1,2,-1,natural,2025-07-19 17:28:333
Nurse_S._viscosa,C._hispanica,0.933512436827393,0.933512436827393,1,2,-1,natural,2025-07-19 17:28:333
Nurse_G._struthium,C._hispanica,-0.0995050060209333,-0.0995050060209333,1,2,-1,natural,2025-07-19 17:28:333
H._squamatum,C._hispanica,0.576413740129242,0.576413740129242,1,2,-1,natural,2025-07-19 17:28:333
S._viscosa,C._hispanica,0.624512336774721,0.624512336774721,1,2,-1,natural,2025-07-19 17:28:333
Nurse_S._viscosa,Other_species,-0.183994136807976,-0.183994136807976,1,2,-1,natural,2025-07-19 17:28:333
Nurse_G._struthium,Other_species,1.93036060477276,1.93036060477276,1,2,-1,natural,2025-07-19 17:28:333
H._squamatum,Other_species,0.770519204437699,0.770519204437699,1,2,-1,natural,2025-07-19 17:28:333
S._viscosa,Other_species,0.727612347597856,0.727612347597856,1,2,-1,natural,2025-07-19 17:28:333
C._hispanica,Other_species,0.523261536887323,0.523261536887323,1,2,-1,natural,2025-07-19 17:28:333
Nurse_S._viscosa,Nurse_G._struthium,-7.83062936763024,-7.83062936763024,1,2,-1,restoration,2025-07-19 17:28:333
Nurse_S._viscosa,H._squamatum,2.4288143479343,2.4288143479343,1,2,-1,restoration,2025-07-19 17:28:333
Nurse_G._struthium,H._squamatum,3.07630762739305,3.07630762739305,1,2,-1,restoration,2025-07-19 17:28:333
Nurse_S._viscosa,S._viscosa,3.4321612271745,3.4321612271745,1,2,-1,restoration,2025-07-19 17:28:333
Nurse_G._struthium,S._viscosa,1.06703906042408,1.06703906042408,1,2,-1,restoration,2025-07-19 17:28:333
H._squamatum,S._viscosa,0.0274545916061378,0.0274545916061378,1,2,-1,restoration,2025-07-19 17:28:333
Nurse_S._viscosa,C._hispanica,2.87792004591076,2.87792004591076,1,2,-1,restoration,2025-07-19 17:28:333
Nurse_G._struthium,C._hispanica,1.04946715144991,1.04946715144991,1,2,-1,restoration,2025-07-19 17:28:333
H._squamatum,C._hispanica,-0.465654976037392,-0.465654976037392,1,2,-1,restoration,2025-07-19 17:28:333
S._viscosa,C._hispanica,-0.951481642819748,-0.951481642819748,1,2,-1,restoration,2025-07-19 17:28:333
Nurse_S._viscosa,Other_species,2.91039693988828,2.91039693988828,1,2,-1,restoration,2025-07-19 17:28:333
Nurse_G._struthium,Other_species,2.75787006571131,2.75787006571131,1,2,-1,restoration,2025-07-19 17:28:333
H._squamatum,Other_species,0.0569181182840515,0.0569181182840515,1,2,-1,restoration,2025-07-19 17:28:333
S._viscosa,Other_species,1.20105596123512,1.20105596123512,1,2,-1,restoration,2025-07-19 17:28:333
C._hispanica,Other_species,2.64383455011089,2.64383455011089,1,2,-1,restoration,2025-07-19 17:28:333
Nurse_S._viscosa,Nurse_G._struthium,-6.8923087241589,-6.8923087241589,1,2,-1,natural,2025-07-19 17:28:333
Nurse_S._viscosa,H._squamatum,1.30466193787556,1.30466193787556,1,2,-1,natural,2025-07-19 17:28:333
Nurse_G._struthium,H._squamatum,0.61704279743728,0.61704279743728,1,2,-1,natural,2025-07-19 17:28:333
Nurse_S._viscosa,S._viscosa,-0.522323575181972,-0.522323575181972,1,2,-1,natural,2025-07-19 17:28:333
Nurse_G._struthium,S._viscosa,0.791794789366858,0.791794789366858,1,2,-1,natural,2025-07-19 17:28:333
H._squamatum,S._viscosa,0.935428765123156,0.935428765123156,1,2,-1,natural,2025-07-19 17:28:333
Nurse_S._viscosa,C._hispanica,0.829810357221127,0.829810357221127,1,2,-1,natural,2025-07-19 17:28:333
Nurse_G._struthium,C._hispanica,0.186191667365752,0.186191667365752,1,2,-1,natural,2025-07-19 17:28:333
H._squamatum,C._hispanica,0.890287889348227,0.890287889348227,1,2,-1,natural,2025-07-19 17:28:333
S._viscosa,C._hispanica,0.525725682134496,0.525725682134496,1,2,-1,natural,2025-07-19 17:28:333
Nurse_S._viscosa,Other_species,-0.393755737209222,-0.393755737209222,1,2,-1,natural,2025-07-19 17:28:333
Nurse_G._struthium,Other_species,1.69911763301189,1.69911763301189,1,2,-1,natural,2025-07-19 17:28:333
H._squamatum,Other_species,0.582882707663453,0.582882707663453,1,2,-1,natural,2025-07-19 17:28:333
S._viscosa,Other_species,0.456522453688122,0.456522453688122,1,2,-1,natural,2025-07-19 17:28:333
C._hispanica,Other_species,0.38192822399751303,0.38192822399751303,1,2,-1,natural,2025-07-19 17:28:333
Nurse_S._viscosa,Nurse_G._struthium,-8.11088328694935,-8.11088328694935,1,2,-1,restoration,2025-07-19 17:28:323
Nurse_S._viscosa,H._squamatum,3.12291877158871,3.12291877158871,1,2,-1,restoration,2025-07-19 17:28:323
Nurse_G._struthium,H._squamatum,3.6170219205092,3.6170219205092,1,2,-1,restoration,2025-07-19 17:28:323
Nurse_S._viscosa,S._viscosa,3.90250763164541,3.90250763164541,1,2,-1,restoration,2025-07-19 17:28:323
Nurse_G._struthium,S._viscosa,1.1016823321886,1.1016823321886,1,2,-1,restoration,2025-07-19 17:28:323
H._squamatum,S._viscosa,0.615951306020473,0.615951306020473,1,2,-1,restoration,2025-07-19 17:28:323
Nurse_S._viscosa,C._hispanica,2.68771348875864,2.68771348875864,1,2,-1,restoration,2025-07-19 17:28:323
Nurse_G._struthium,C._hispanica,-0.246952877854009,-0.246952877854009,1,2,-1,restoration,2025-07-19 17:28:323
H._squamatum,C._hispanica,0.0606851352085816,0.0606851352085816,1,2,-1,restoration,2025-07-19 17:28:323
S._viscosa,C._hispanica,-0.322466807772258,-0.322466807772258,1,2,-1,restoration,2025-07-19 17:28:323
Nurse_S._viscosa,Other_species,3.50328053320577,3.50328053320577,1,2,-1,restoration,2025-07-19 17:28:323
Nurse_G._struthium,Other_species,3.84932252994298,3.84932252994298,1,2,-1,restoration,2025-07-19 17:28:323
H._squamatum,Other_species,0.264134683855635,0.264134683855635,1,2,-1,restoration,2025-07-19 17:28:323
S._viscosa,Other_species,2.2337282660888,2.2337282660888,1,2,-1,restoration,2025-07-19 17:28:323
C._hispanica,Other_species,2.2025655718969,2.2025655718969,1,2,-1,restoration,2025-07-19 17:28:323
Nurse_S._viscosa,Nurse_G._struthium,-6.7738573721002,-6.7738573721002,1,2,-1,natural,2025-07-19 17:28:323
Nurse_S._viscosa,H._squamatum,1.32588064901883,1.32588064901883,1,2,-1,natural,2025-07-19 17:28:323
Nurse_G._struthium,H._squamatum,0.739948420268398,0.739948420268398,1,2,-1,natural,2025-07-19 17:28:323
Nurse_S._viscosa,S._viscosa,-0.546112990712519,-0.546112990712519,1,2,-1,natural,2025-07-19 17:28:323
Nurse_G._struthium,S._viscosa,0.670195351744454,0.670195351744454,1,2,-1,natural,2025-07-19 17:28:323
H._squamatum,S._viscosa,1.11891885053743,1.11891885053743,1,2,-1,natural,2025-07-19 17:28:323
Nurse_S._viscosa,C._hispanica,0.765428811111829,0.765428811111829,1,2,-1,natural,2025-07-19 17:28:323
Nurse_G._struthium,C._hispanica,-0.357269323598934,-0.357269323598934,1,2,-1,natural,2025-07-19 17:28:323
H._squamatum,C._hispanica,0.750123542805229,0.750123542805229,1,2,-1,natural,2025-07-19 17:28:323
S._viscosa,C._hispanica,0.75474413088972,0.75474413088972,1,2,-1,natural,2025-07-19 17:28:323
Nurse_S._viscosa,Other_species,-0.0847186055184976,-0.0847186055184976,1,2,-1,natural,2025-07-19 17:28:323
Nurse_G._struthium,Other_species,1.7819903770136,1.7819903770136,1,2,-1,natural,2025-07-19 17:28:323
H._squamatum,Other_species,0.514352517320325,0.514352517320325,1,2,-1,natural,2025-07-19 17:28:323
S._viscosa,Other_species,0.728302095379193,0.728302095379193,1,2,-1,natural,2025-07-19 17:28:323
C._hispanica,Other_species,0.359846510469901,0.359846510469901,1,2,-1,natural,2025-07-19 17:28:323
Nurse_S._viscosa,Nurse_G._struthium,-7.68851237959263,-7.68851237959263,1,2,-1,restoration,2025-07-19 17:28:323
Nurse_S._viscosa,H._squamatum,2.38164490106782,2.38164490106782,1,2,-1,restoration,2025-07-19 17:28:323
Nurse_G._struthium,H._squamatum,2.48283314480748,2.48283314480748,1,2,-1,restoration,2025-07-19 17:28:323
Nurse_S._viscosa,S._viscosa,3.49541191455211,3.49541191455211,1,2,-1,restoration,2025-07-19 17:28:323
Nurse_G._struthium,S._viscosa,1.25231481344353,1.25231481344353,1,2,-1,restoration,2025-07-19 17:28:323
H._squamatum,S._viscosa,0.364025401495228,0.364025401495228,1,2,-1,restoration,2025-07-19 17:28:323
Nurse_S._viscosa,C._hispanica,1.58176006786775,1.58176006786775,1,2,-1,restoration,2025-07-19 17:28:323
Nurse_G._struthium,C._hispanica,-0.742743733644302,-0.742743733644302,1,2,-1,restoration,2025-07-19 17:28:323
H._squamatum,C._hispanica,-1.3647008638341,-1.3647008638341,1,2,-1,restoration,2025-07-19 17:28:323
S._viscosa,C._hispanica,-0.132359766907403,-0.132359766907403,1,2,-1,restoration,2025-07-19 17:28:323
Nurse_S._viscosa,Other_species,2.07348327166758,2.07348327166758,1,2,-1,restoration,2025-07-19 17:28:323
Nurse_G._struthium,Other_species,1.80708951810622,1.80708951810622,1,2,-1,restoration,2025-07-19 17:28:323
H._squamatum,Other_species,0.0215207041904601,0.0215207041904601,1,2,-1,restoration,2025-07-19 17:28:323
S._viscosa,Other_species,1.53827291441226,1.53827291441226,1,2,-1,restoration,2025-07-19 17:28:323
C._hispanica,Other_species,1.67689183563925,1.67689183563925,1,2,-1,restoration,2025-07-19 17:28:323
Nurse_S._viscosa,Nurse_G._struthium,-6.85578083167215,-6.85578083167215,1,2,-1,natural,2025-07-19 17:28:323
Nurse_S._viscosa,H._squamatum,1.10402222199157,1.10402222199157,1,2,-1,natural,2025-07-19 17:28:323
Nurse_G._struthium,H._squamatum,0.52449771697293,0.52449771697293,1,2,-1,natural,2025-07-19 17:28:323
Nurse_S._viscosa,S._viscosa,-0.303171414416867,-0.303171414416867,1,2,-1,natural,2025-07-19 17:28:323
Nurse_G._struthium,S._viscosa,0.839582297916729,0.839582297916729,1,2,-1,natural,2025-07-19 17:28:323
H._squamatum,S._viscosa,0.934082097362137,0.934082097362137,1,2,-1,natural,2025-07-19 17:28:323
Nurse_S._viscosa,C._hispanica,0.713840457151006,0.713840457151006,1,2,-1,natural,2025-07-19 17:28:323
Nurse_G._struthium,C._hispanica,-0.114001376576906,-0.114001376576906,1,2,-1,natural,2025-07-19 17:28:323
H._squamatum,C._hispanica,0.49894749947267,0.49894749947267,1,2,-1,natural,2025-07-19 17:28:323
S._viscosa,C._hispanica,0.813046175228466,0.813046175228466,1,2,-1,natural,2025-07-19 17:28:323
Nurse_S._viscosa,Other_species,-0.291417461939852,-0.291417461939852,1,2,-1,natural,2025-07-19 17:28:323
Nurse_G._struthium,Other_species,1.62448607530203,1.62448607530203,1,2,-1,natural,2025-07-19 17:28:323
H._squamatum,Other_species,0.524855990346739,0.524855990346739,1,2,-1,natural,2025-07-19 17:28:323
S._viscosa,Other_species,0.553820392590713,0.553820392590713,1,2,-1,natural,2025-07-19 17:28:323
C._hispanica,Other_species,0.491013925091228,0.491013925091228,1,2,-1,natural,2025-07-19 17:28:323
Nurse_S._viscosa,Nurse_G._struthium,-8.69705489848446,-8.69705489848446,1,2,-1,restoration,2025-07-19 17:28:313
Nurse_S._viscosa,H._squamatum,2.56828397982605,2.56828397982605,1,2,-1,restoration,2025-07-19 17:28:313
Nurse_G._struthium,H._squamatum,3.03661938862607,3.03661938862607,1,2,-1,restoration,2025-07-19 17:28:313
Nurse_S._viscosa,S._viscosa,3.85617220183132,3.85617220183132,1,2,-1,restoration,2025-07-19 17:28:313
Nurse_G._struthium,S._viscosa,1.76202164917995,1.76202164917995,1,2,-1,restoration,2025-07-19 17:28:313
H._squamatum,S._viscosa,0.180464062119319,0.180464062119319,1,2,-1,restoration,2025-07-19 17:28:313
Nurse_S._viscosa,C._hispanica,2.33398963892951,2.33398963892951,1,2,-1,restoration,2025-07-19 17:28:313
Nurse_G._struthium,C._hispanica,0.940590211059547,0.940590211059547,1,2,-1,restoration,2025-07-19 17:28:313
H._squamatum,C._hispanica,-0.384172744424666,-0.384172744424666,1,2,-1,restoration,2025-07-19 17:28:313
S._viscosa,C._hispanica,-0.0135723599271482,-0.0135723599271482,1,2,-1,restoration,2025-07-19 17:28:313
Nurse_S._viscosa,Other_species,3.25270959956253,3.25270959956253,1,2,-1,restoration,2025-07-19 17:28:313
Nurse_G._struthium,Other_species,2.99433796085463,2.99433796085463,1,2,-1,restoration,2025-07-19 17:28:313
H._squamatum,Other_species,-0.00755113831285355,-0.00755113831285355,1,2,-1,restoration,2025-07-19 17:28:313
S._viscosa,Other_species,2.13013530564616,2.13013530564616,1,2,-1,restoration,2025-07-19 17:28:313
C._hispanica,Other_species,2.20745703359978,2.20745703359978,1,2,-1,restoration,2025-07-19 17:28:313
Nurse_S._viscosa,Nurse_G._struthium,-6.98023860168831,-6.98023860168831,1,2,-1,natural,2025-07-19 17:28:313
Nurse_S._viscosa,H._squamatum,1.421092458127,1.421092458127,1,2,-1,natural,2025-07-19 17:28:313
Nurse_G._struthium,H._squamatum,0.699790882758924,0.699790882758924,1,2,-1,natural,2025-07-19 17:28:313
Nurse_S._viscosa,S._viscosa,-0.588861109349811,-0.588861109349811,1,2,-1,natural,2025-07-19 17:28:313
Nurse_G._struthium,S._viscosa,0.632292807992427,0.632292807992427,1,2,-1,natural,2025-07-19 17:28:313
H._squamatum,S._viscosa,1.11340978813992,1.11340978813992,1,2,-1,natural,2025-07-19 17:28:313
Nurse_S._viscosa,C._hispanica,0.705894967292788,0.705894967292788,1,2,-1,natural,2025-07-19 17:28:313
Nurse_G._struthium,C._hispanica,-0.0884630294976475,-0.0884630294976475,1,2,-1,natural,2025-07-19 17:28:313
H._squamatum,C._hispanica,0.68192181790892,0.68192181790892,1,2,-1,natural,2025-07-19 17:28:313
S._viscosa,C._hispanica,0.648656967927883,0.648656967927883,1,2,-1,natural,2025-07-19 17:28:313
Nurse_S._viscosa,Other_species,-0.0112680849857052,-0.0112680849857052,1,2,-1,natural,2025-07-19 17:28:313
Nurse_G._struthium,Other_species,1.8689330307753,1.8689330307753,1,2,-1,natural,2025-07-19 17:28:313
H._squamatum,Other_species,0.597965446412013,0.597965446412013,1,2,-1,natural,2025-07-19 17:28:313
S._viscosa,Other_species,0.511615834846929,0.511615834846929,1,2,-1,natural,2025-07-19 17:28:313
C._hispanica,Other_species,0.496529125142223,0.496529125142223,1,2,-1,natural,2025-07-19 17:28:313
Nurse_S._viscosa,Nurse_G._struthium,-7.23878200257077,-7.23878200257077,1,2,-1,restoration,2025-07-19 17:28:313
Nurse_S._viscosa,H._squamatum,1.74265448851051,1.74265448851051,1,2,-1,restoration,2025-07-19 17:28:313
Nurse_G._struthium,H._squamatum,2.50551466299107,2.50551466299107,1,2,-1,restoration,2025-07-19 17:28:313
Nurse_S._viscosa,S._viscosa,3.31040735515081,3.31040735515081,1,2,-1,restoration,2025-07-19 17:28:313
Nurse_G._struthium,S._viscosa,0.920314179744657,0.920314179744657,1,2,-1,restoration,2025-07-19 17:28:313
H._squamatum,S._viscosa,-0.316217494412039,-0.316217494412039,1,2,-1,restoration,2025-07-19 17:28:313
Nurse_S._viscosa,C._hispanica,2.64492701443951,2.64492701443951,1,2,-1,restoration,2025-07-19 17:28:313
Nurse_G._struthium,C._hispanica,0.872409934601033,0.872409934601033,1,2,-1,restoration,2025-07-19 17:28:313
H._squamatum,C._hispanica,0.165266239396894,0.165266239396894,1,2,-1,restoration,2025-07-19 17:28:313
S._viscosa,C._hispanica,0.739609850957357,0.739609850957357,1,2,-1,restoration,2025-07-19 17:28:313
Nurse_S._viscosa,Other_species,1.81520148663789,1.81520148663789,1,2,-1,restoration,2025-07-19 17:28:313
Nurse_G._struthium,Other_species,1.68965751013041,1.68965751013041,1,2,-1,restoration,2025-07-19 17:28:313
H._squamatum,Other_species,-0.467795567284084,-0.467795567284084,1,2,-1,restoration,2025-07-19 17:28:313
S._viscosa,Other_species,1.48439058752736,1.48439058752736,1,2,-1,restoration,2025-07-19 17:28:313
C._hispanica,Other_species,1.5849362848504,1.5849362848504,1,2,-1,restoration,2025-07-19 17:28:313
Nurse_S._viscosa,Nurse_G._struthium,-6.97803564658576,-6.97803564658576,1,2,-1,natural,2025-07-19 17:28:313
Nurse_S._viscosa,H._squamatum,1.2644008196988,1.2644008196988,1,2,-1,natural,2025-07-19 17:28:313
Nurse_G._struthium,H._squamatum,0.743397126198127,0.743397126198127,1,2,-1,natural,2025-07-19 17:28:313
Nurse_S._viscosa,S._viscosa,-0.729492144578901,-0.729492144578901,1,2,-1,natural,2025-07-19 17:28:313
Nurse_G._struthium,S._viscosa,0.479098942479908,0.479098942479908,1,2,-1,natural,2025-07-19 17:28:313
H._squamatum,S._viscosa,0.999010268562868,0.999010268562868,1,2,-1,natural,2025-07-19 17:28:313
Nurse_S._viscosa,C._hispanica,0.618025487502156,0.618025487502156,1,2,-1,natural,2025-07-19 17:28:313
Nurse_G._struthium,C._hispanica,-0.295182677881916,-0.295182677881916,1,2,-1,natural,2025-07-19 17:28:313
H._squamatum,C._hispanica,0.802165046111107,0.802165046111107,1,2,-1,natural,2025-07-19 17:28:313
S._viscosa,C._hispanica,0.859110696448887,0.859110696448887,1,2,-1,natural,2025-07-19 17:28:313
Nurse_S._viscosa,Other_species,0.0747803690476136,0.0747803690476136,1,2,-1,natural,2025-07-19 17:28:313
Nurse_G._struthium,Other_species,1.95478921978904,1.95478921978904,1,2,-1,natural,2025-07-19 17:28:313
H._squamatum,Other_species,0.394253689137576,0.394253689137576,1,2,-1,natural,2025-07-19 17:28:313
S._viscosa,Other_species,0.735908451304005,0.735908451304005,1,2,-1,natural,2025-07-19 17:28:313
C._hispanica,Other_species,0.32526684601879,0.32526684601879,1,2,-1,natural,2025-07-19 17:28:313
Nurse_S._viscosa,Nurse_G._struthium,-8.14141347042658,-8.14141347042658,1,2,-1,restoration,2025-07-19 17:28:313
Nurse_S._viscosa,H._squamatum,2.09864123888475,2.09864123888475,1,2,-1,restoration,2025-07-19 17:28:313
Nurse_G._struthium,H._squamatum,2.94168163801346,2.94168163801346,1,2,-1,restoration,2025-07-19 17:28:313
Nurse_S._viscosa,S._viscosa,3.34691092888535,3.34691092888535,1,2,-1,restoration,2025-07-19 17:28:313
Nurse_G._struthium,S._viscosa,1.6169246772315,1.6169246772315,1,2,-1,restoration,2025-07-19 17:28:313
H._squamatum,S._viscosa,-0.137519492961457,-0.137519492961457,1,2,-1,restoration,2025-07-19 17:28:313
Nurse_S._viscosa,C._hispanica,1.88108393837774,1.88108393837774,1,2,-1,restoration,2025-07-19 17:28:313
Nurse_G._struthium,C._hispanica,0.973981551057097,0.973981551057097,1,2,-1,restoration,2025-07-19 17:28:313
H._squamatum,C._hispanica,-0.0648974687899216,-0.0648974687899216,1,2,-1,restoration,2025-07-19 17:28:313
S._viscosa,C._hispanica,-0.438747088889308,-0.438747088889308,1,2,-1,restoration,2025-07-19 17:28:313
Nurse_S._viscosa,Other_species,1.88377602967701,1.88377602967701,1,2,-1,restoration,2025-07-19 17:28:313
Nurse_G._struthium,Other_species,2.03378477298746,2.03378477298746,1,2,-1,restoration,2025-07-19 17:28:313
H._squamatum,Other_species,0.108100459867708,0.108100459867708,1,2,-1,restoration,2025-07-19 17:28:313
S._viscosa,Other_species,0.809523289596675,0.809523289596675,1,2,-1,restoration,2025-07-19 17:28:313
C._hispanica,Other_species,2.00150293103972,2.00150293103972,1,2,-1,restoration,2025-07-19 17:28:313
Nurse_S._viscosa,Nurse_G._struthium,-7.02625680006784,-7.02625680006784,1,2,-1,natural,2025-07-19 17:28:313
Nurse_S._viscosa,H._squamatum,1.42037046326529,1.42037046326529,1,2,-1,natural,2025-07-19 17:28:313
Nurse_G._struthium,H._squamatum,0.720235339138241,0.720235339138241,1,2,-1,natural,2025-07-19 17:28:313
Nurse_S._viscosa,S._viscosa,-0.602103372179291,-0.602103372179291,1,2,-1,natural,2025-07-19 17:28:313
Nurse_G._struthium,S._viscosa,0.585385947088902,0.585385947088902,1,2,-1,natural,2025-07-19 17:28:313
H._squamatum,S._viscosa,0.961236333179956,0.961236333179956,1,2,-1,natural,2025-07-19 17:28:313
Nurse_S._viscosa,C._hispanica,0.615214560897444,0.615214560897444,1,2,-1,natural,2025-07-19 17:28:313
Nurse_G._struthium,C._hispanica,0.0156666945616157,0.0156666945616157,1,2,-1,natural,2025-07-19 17:28:313
H._squamatum,C._hispanica,0.799394229153999,0.799394229153999,1,2,-1,natural,2025-07-19 17:28:313
S._viscosa,C._hispanica,0.785560097855788,0.785560097855788,1,2,-1,natural,2025-07-19 17:28:313
Nurse_S._viscosa,Other_species,-0.139253842133761,-0.139253842133761,1,2,-1,natural,2025-07-19 17:28:313
Nurse_G._struthium,Other_species,1.81135154718232,1.81135154718232,1,2,-1,natural,2025-07-19 17:28:313
H._squamatum,Other_species,0.618526944014839,0.618526944014839,1,2,-1,natural,2025-07-19 17:28:313
S._viscosa,Other_species,0.654277519790699,0.654277519790699,1,2,-1,natural,2025-07-19 17:28:313
C._hispanica,Other_species,0.522450754147085,0.522450754147085,1,2,-1,natural,2025-07-19 17:28:313
Nurse_S._viscosa,Nurse_G._struthium,-8.93129908893538,-8.93129908893538,1,2,-1,restoration,2025-07-19 17:28:303
Nurse_S._viscosa,H._squamatum,3.3251487892999,3.3251487892999,1,2,-1,restoration,2025-07-19 17:28:303
Nurse_G._struthium,H._squamatum,3.90173193020765,3.90173193020765,1,2,-1,restoration,2025-07-19 17:28:303
Nurse_S._viscosa,S._viscosa,2.91543159615749,2.91543159615749,1,2,-1,restoration,2025-07-19 17:28:303
Nurse_G._struthium,S._viscosa,0.927701870430956,0.927701870430956,1,2,-1,restoration,2025-07-19 17:28:303
H._squamatum,S._viscosa,0.255182383952703,0.255182383952703,1,2,-1,restoration,2025-07-19 17:28:303
Nurse_S._viscosa,C._hispanica,2.00137166338307,2.00137166338307,1,2,-1,restoration,2025-07-19 17:28:303
Nurse_G._struthium,C._hispanica,0.380108911025454,0.380108911025454,1,2,-1,restoration,2025-07-19 17:28:303
H._squamatum,C._hispanica,-1.4988220523281,-1.4988220523281,1,2,-1,restoration,2025-07-19 17:28:303
S._viscosa,C._hispanica,0.480332279687341,0.480332279687341,1,2,-1,restoration,2025-07-19 17:28:303
Nurse_S._viscosa,Other_species,1.54108889839957,1.54108889839957,1,2,-1,restoration,2025-07-19 17:28:303
Nurse_G._struthium,Other_species,1.94581399571195,1.94581399571195,1,2,-1,restoration,2025-07-19 17:28:303
H._squamatum,Other_species,0.621651903392975,0.621651903392975,1,2,-1,restoration,2025-07-19 17:28:303
S._viscosa,Other_species,1.02983980615145,1.02983980615145,1,2,-1,restoration,2025-07-19 17:28:303
C._hispanica,Other_species,2.05492192965625,2.05492192965625,1,2,-1,restoration,2025-07-19 17:28:303
Nurse_S._viscosa,Nurse_G._struthium,-6.8282043585838,-6.8282043585838,1,2,-1,natural,2025-07-19 17:28:303
Nurse_S._viscosa,H._squamatum,1.08023790988029,1.08023790988029,1,2,-1,natural,2025-07-19 17:28:303
Nurse_G._struthium,H._squamatum,0.520312174598823,0.520312174598823,1,2,-1,natural,2025-07-19 17:28:303
Nurse_S._viscosa,S._viscosa,-0.594269919474014,-0.594269919474014,1,2,-1,natural,2025-07-19 17:28:303
Nurse_G._struthium,S._viscosa,0.71975750984005,0.71975750984005,1,2,-1,natural,2025-07-19 17:28:303
H._squamatum,S._viscosa,0.997937667818784,0.997937667818784,1,2,-1,natural,2025-07-19 17:28:303
Nurse_S._viscosa,C._hispanica,0.703236375686941,0.703236375686941,1,2,-1,natural,2025-07-19 17:28:303
Nurse_G._struthium,C._hispanica,0.0838795733513369,0.0838795733513369,1,2,-1,natural,2025-07-19 17:28:303
H._squamatum,C._hispanica,0.447150754173576,0.447150754173576,1,2,-1,natural,2025-07-19 17:28:303
S._viscosa,C._hispanica,0.694261545338907,0.694261545338907,1,2,-1,natural,2025-07-19 17:28:303
Nurse_S._viscosa,Other_species,-0.347273062274724,-0.347273062274724,1,2,-1,natural,2025-07-19 17:28:303
Nurse_G._struthium,Other_species,1.68905828909334,1.68905828909334,1,2,-1,natural,2025-07-19 17:28:303
H._squamatum,Other_species,0.389308670194807,0.389308670194807,1,2,-1,natural,2025-07-19 17:28:303
S._viscosa,Other_species,0.755520967149416,0.755520967149416,1,2,-1,natural,2025-07-19 17:28:303
C._hispanica,Other_species,0.387020018267417,0.387020018267417,1,2,-1,natural,2025-07-19 17:28:303
Nurse_S._viscosa,Nurse_G._struthium,-7.23769278047845,-7.23769278047845,1,2,-1,restoration,2025-07-19 17:28:303
Nurse_S._viscosa,H._squamatum,2.05838479401285,2.05838479401285,1,2,-1,restoration,2025-07-19 17:28:303
Nurse_G._struthium,H._squamatum,2.90283726375713,2.90283726375713,1,2,-1,restoration,2025-07-19 17:28:303
Nurse_S._viscosa,S._viscosa,2.47574007330742,2.47574007330742,1,2,-1,restoration,2025-07-19 17:28:303
Nurse_G._struthium,S._viscosa,0.0962336244382851,0.0962336244382851,1,2,-1,restoration,2025-07-19 17:28:303
H._squamatum,S._viscosa,0.61275342245177,0.61275342245177,1,2,-1,restoration,2025-07-19 17:28:303
Nurse_S._viscosa,C._hispanica,1.639793649977,1.639793649977,1,2,-1,restoration,2025-07-19 17:28:303
Nurse_G._struthium,C._hispanica,0.627025540147265,0.627025540147265,1,2,-1,restoration,2025-07-19 17:28:303
H._squamatum,C._hispanica,0.440647030407098,0.440647030407098,1,2,-1,restoration,2025-07-19 17:28:303
S._viscosa,C._hispanica,0.180912425460448,0.180912425460448,1,2,-1,restoration,2025-07-19 17:28:303
Nurse_S._viscosa,Other_species,2.53658270018182,2.53658270018182,1,2,-1,restoration,2025-07-19 17:28:303
Nurse_G._struthium,Other_species,2.31902743042002,2.31902743042002,1,2,-1,restoration,2025-07-19 17:28:303
H._squamatum,Other_species,0.0977684574361097,0.0977684574361097,1,2,-1,restoration,2025-07-19 17:28:303
S._viscosa,Other_species,1.53971291576926,1.53971291576926,1,2,-1,restoration,2025-07-19 17:28:303
C._hispanica,Other_species,2.26888580044957,2.26888580044957,1,2,-1,restoration,2025-07-19 17:28:303
Nurse_S._viscosa,Nurse_G._struthium,-6.84837139924712,-6.84837139924712,1,2,-1,natural,2025-07-19 17:28:303
Nurse_S._viscosa,H._squamatum,1.21461077375639,1.21461077375639,1,2,-1,natural,2025-07-19 17:28:303
Nurse_G._struthium,H._squamatum,0.392828389156216,0.392828389156216,1,2,-1,natural,2025-07-19 17:28:303
Nurse_S._viscosa,S._viscosa,-0.469921286155022,-0.469921286155022,1,2,-1,natural,2025-07-19 17:28:303
Nurse_G._struthium,S._viscosa,0.799007514364194,0.799007514364194,1,2,-1,natural,2025-07-19 17:28:303
H._squamatum,S._viscosa,0.816134122017507,0.816134122017507,1,2,-1,natural,2025-07-19 17:28:303
Nurse_S._viscosa,C._hispanica,0.55737662764884,0.55737662764884,1,2,-1,natural,2025-07-19 17:28:303
Nurse_G._struthium,C._hispanica,-0.221306969295509,-0.221306969295509,1,2,-1,natural,2025-07-19 17:28:303
H._squamatum,C._hispanica,0.656545449149212,0.656545449149212,1,2,-1,natural,2025-07-19 17:28:303
S._viscosa,C._hispanica,1.17636831297918,1.17636831297918,1,2,-1,natural,2025-07-19 17:28:303
Nurse_S._viscosa,Other_species,-0.266678650644594,-0.266678650644594,1,2,-1,natural,2025-07-19 17:28:303
Nurse_G._struthium,Other_species,1.75585216167997,1.75585216167997,1,2,-1,natural,2025-07-19 17:28:303
H._squamatum,Other_species,0.577841282064325,0.577841282064325,1,2,-1,natural,2025-07-19 17:28:303
S._viscosa,Other_species,0.549249840250116,0.549249840250116,1,2,-1,natural,2025-07-19 17:28:303
C._hispanica,Other_species,0.710263415241908,0.710263415241908,1,2,-1,natural,2025-07-19 17:28:303
Nurse_S._viscosa,Nurse_G._struthium,-7.7857759230815,-7.7857759230815,1,2,-1,restoration,2025-07-19 17:28:293
Nurse_S._viscosa,H._squamatum,2.03215258119835,2.03215258119835,1,2,-1,restoration,2025-07-19 17:28:293
Nurse_G._struthium,H._squamatum,2.7874947764927,2.7874947764927,1,2,-1,restoration,2025-07-19 17:28:293
Nurse_S._viscosa,S._viscosa,3.62711943523757,3.62711943523757,1,2,-1,restoration,2025-07-19 17:28:293
Nurse_G._struthium,S._viscosa,1.54958219880666,1.54958219880666,1,2,-1,restoration,2025-07-19 17:28:293
H._squamatum,S._viscosa,-0.0472174377649968,-0.0472174377649968,1,2,-1,restoration,2025-07-19 17:28:293
Nurse_S._viscosa,C._hispanica,1.30384910534661,1.30384910534661,1,2,-1,restoration,2025-07-19 17:28:293
Nurse_G._struthium,C._hispanica,0.0954868506251537,0.0954868506251537,1,2,-1,restoration,2025-07-19 17:28:293
H._squamatum,C._hispanica,0.274584045782916,0.274584045782916,1,2,-1,restoration,2025-07-19 17:28:293
S._viscosa,C._hispanica,0.857799436883628,0.857799436883628,1,2,-1,restoration,2025-07-19 17:28:293
Nurse_S._viscosa,Other_species,2.29219745905204,2.29219745905204,1,2,-1,restoration,2025-07-19 17:28:293
Nurse_G._struthium,Other_species,2.79772281223733,2.79772281223733,1,2,-1,restoration,2025-07-19 17:28:293
H._squamatum,Other_species,0.491911005653258,0.491911005653258,1,2,-1,restoration,2025-07-19 17:28:293
S._viscosa,Other_species,1.31249279441287,1.31249279441287,1,2,-1,restoration,2025-07-19 17:28:293
C._hispanica,Other_species,2.10514442783719,2.10514442783719,1,2,-1,restoration,2025-07-19 17:28:293
Nurse_S._viscosa,Nurse_G._struthium,-6.77065835574731,-6.77065835574731,1,2,-1,natural,2025-07-19 17:28:293
Nurse_S._viscosa,H._squamatum,1.18649393742749,1.18649393742749,1,2,-1,natural,2025-07-19 17:28:293
Nurse_G._struthium,H._squamatum,0.33506303322295,0.33506303322295,1,2,-1,natural,2025-07-19 17:28:293
Nurse_S._viscosa,S._viscosa,-0.547553250475613,-0.547553250475613,1,2,-1,natural,2025-07-19 17:28:293
Nurse_G._struthium,S._viscosa,0.652468633020743,0.652468633020743,1,2,-1,natural,2025-07-19 17:28:293
H._squamatum,S._viscosa,0.967898141345699,0.967898141345699,1,2,-1,natural,2025-07-19 17:28:293
Nurse_S._viscosa,C._hispanica,0.754237373880953,0.754237373880953,1,2,-1,natural,2025-07-19 17:28:293
Nurse_G._struthium,C._hispanica,0.0807812792063554,0.0807812792063554,1,2,-1,natural,2025-07-19 17:28:293
H._squamatum,C._hispanica,0.527743411708475,0.527743411708475,1,2,-1,natural,2025-07-19 17:28:293
S._viscosa,C._hispanica,0.823196520521701,0.823196520521701,1,2,-1,natural,2025-07-19 17:28:293
Nurse_S._viscosa,Other_species,-0.332950035678823,-0.332950035678823,1,2,-1,natural,2025-07-19 17:28:293
Nurse_G._struthium,Other_species,1.76889729296769,1.76889729296769,1,2,-1,natural,2025-07-19 17:28:293
H._squamatum,Other_species,0.724817052282291,0.724817052282291,1,2,-1,natural,2025-07-19 17:28:293
S._viscosa,Other_species,0.700769559286087,0.700769559286087,1,2,-1,natural,2025-07-19 17:28:293
C._hispanica,Other_species,0.562527799501574,0.562527799501574,1,2,-1,natural,2025-07-19 17:28:293
Nurse_S._viscosa,Nurse_G._struthium,-8.03870530575386,-8.03870530575386,1,2,-1,restoration,2025-07-19 17:28:293
Nurse_S._viscosa,H._squamatum,3.10583903250881,3.10583903250881,1,2,-1,restoration,2025-07-19 17:28:293
Nurse_G._struthium,H._squamatum,3.40442700413622,3.40442700413622,1,2,-1,restoration,2025-07-19 17:28:293
Nurse_S._viscosa,S._viscosa,3.27103702927781,3.27103702927781,1,2,-1,restoration,2025-07-19 17:28:293
Nurse_G._struthium,S._viscosa,0.448684327863381,0.448684327863381,1,2,-1,restoration,2025-07-19 17:28:293
H._squamatum,S._viscosa,0.652565962582522,0.652565962582522,1,2,-1,restoration,2025-07-19 17:28:293
Nurse_S._viscosa,C._hispanica,0.901033854913913,0.901033854913913,1,2,-1,restoration,2025-07-19 17:28:293
Nurse_G._struthium,C._hispanica,0.103691108649354,0.103691108649354,1,2,-1,restoration,2025-07-19 17:28:293
H._squamatum,C._hispanica,-0.0706227175893769,-0.0706227175893769,1,2,-1,restoration,2025-07-19 17:28:293
S._viscosa,C._hispanica,-0.125083150430455,-0.125083150430455,1,2,-1,restoration,2025-07-19 17:28:293
Nurse_S._viscosa,Other_species,2.43814411706119,2.43814411706119,1,2,-1,restoration,2025-07-19 17:28:293
Nurse_G._struthium,Other_species,2.22135003235247,2.22135003235247,1,2,-1,restoration,2025-07-19 17:28:293
H._squamatum,Other_species,0.263460900099098,0.263460900099098,1,2,-1,restoration,2025-07-19 17:28:293
S._viscosa,Other_species,1.36110929780756,1.36110929780756,1,2,-1,restoration,2025-07-19 17:28:293
C._hispanica,Other_species,2.97530024752429,2.97530024752429,1,2,-1,restoration,2025-07-19 17:28:293
Nurse_S._viscosa,Nurse_G._struthium,-7.15953373052702,-7.15953373052702,1,2,-1,natural,2025-07-19 17:28:293
Nurse_S._viscosa,H._squamatum,1.16509478820366,1.16509478820366,1,2,-1,natural,2025-07-19 17:28:293
Nurse_G._struthium,H._squamatum,0.481592371281196,0.481592371281196,1,2,-1,natural,2025-07-19 17:28:293
Nurse_S._viscosa,S._viscosa,-0.19840320293981,-0.19840320293981,1,2,-1,natural,2025-07-19 17:28:293
Nurse_G._struthium,S._viscosa,0.67224016331904,0.67224016331904,1,2,-1,natural,2025-07-19 17:28:293
H._squamatum,S._viscosa,0.965004459489546,0.965004459489546,1,2,-1,natural,2025-07-19 17:28:293
Nurse_S._viscosa,C._hispanica,0.799351948401908,0.799351948401908,1,2,-1,natural,2025-07-19 17:28:293
Nurse_G._struthium,C._hispanica,0.108885416376548,0.108885416376548,1,2,-1,natural,2025-07-19 17:28:293
H._squamatum,C._hispanica,0.394663123741292,0.394663123741292,1,2,-1,natural,2025-07-19 17:28:293
S._viscosa,C._hispanica,0.629042741804443,0.629042741804443,1,2,-1,natural,2025-07-19 17:28:293
Nurse_S._viscosa,Other_species,0.0284383128530677,0.0284383128530677,1,2,-1,natural,2025-07-19 17:28:293
Nurse_G._struthium,Other_species,1.99145277746073,1.99145277746073,1,2,-1,natural,2025-07-19 17:28:293
H._squamatum,Other_species,0.616622678896464,0.616622678896464,1,2,-1,natural,2025-07-19 17:28:293
S._viscosa,Other_species,0.784899667237008,0.784899667237008,1,2,-1,natural,2025-07-19 17:28:293
C._hispanica,Other_species,0.698294173443275,0.698294173443275,1,2,-1,natural,2025-07-19 17:28:293
Nurse_S._viscosa,Nurse_G._struthium,-8.42665723041987,-8.42665723041987,1,2,-1,restoration,2025-07-19 17:28:283
Nurse_S._viscosa,H._squamatum,3.15902553319771,3.15902553319771,1,2,-1,restoration,2025-07-19 17:28:283
Nurse_G._struthium,H._squamatum,3.36039839704862,3.36039839704862,1,2,-1,restoration,2025-07-19 17:28:283
Nurse_S._viscosa,S._viscosa,3.17736636335461,3.17736636335461,1,2,-1,restoration,2025-07-19 17:28:283
Nurse_G._struthium,S._viscosa,1.07017513440601,1.07017513440601,1,2,-1,restoration,2025-07-19 17:28:283
H._squamatum,S._viscosa,0.131828578729861,0.131828578729861,1,2,-1,restoration,2025-07-19 17:28:283
Nurse_S._viscosa,C._hispanica,3.21673845318428,3.21673845318428,1,2,-1,restoration,2025-07-19 17:28:283
Nurse_G._struthium,C._hispanica,1.57032605840203,1.57032605840203,1,2,-1,restoration,2025-07-19 17:28:283
H._squamatum,C._hispanica,-0.446105107010349,-0.446105107010349,1,2,-1,restoration,2025-07-19 17:28:283
S._viscosa,C._hispanica,-0.27915909243753,-0.27915909243753,1,2,-1,restoration,2025-07-19 17:28:283
Nurse_S._viscosa,Other_species,3.0842111294134398,3.0842111294134398,1,2,-1,restoration,2025-07-19 17:28:283
Nurse_G._struthium,Other_species,3.39367773180627,3.39367773180627,1,2,-1,restoration,2025-07-19 17:28:283
H._squamatum,Other_species,0.641500103506505,0.641500103506505,1,2,-1,restoration,2025-07-19 17:28:283
S._viscosa,Other_species,1.86862167845971,1.86862167845971,1,2,-1,restoration,2025-07-19 17:28:283
C._hispanica,Other_species,2.06437244065333,2.06437244065333,1,2,-1,restoration,2025-07-19 17:28:283
Nurse_S._viscosa,Nurse_G._struthium,-7.03962169648084,-7.03962169648084,1,2,-1,natural,2025-07-19 17:28:283
Nurse_S._viscosa,H._squamatum,1.18005270125649,1.18005270125649,1,2,-1,natural,2025-07-19 17:28:283
Nurse_G._struthium,H._squamatum,0.606758125850586,0.606758125850586,1,2,-1,natural,2025-07-19 17:28:283
Nurse_S._viscosa,S._viscosa,-0.357222423108486,-0.357222423108486,1,2,-1,natural,2025-07-19 17:28:283
Nurse_G._struthium,S._viscosa,0.73800937664477,0.73800937664477,1,2,-1,natural,2025-07-19 17:28:283
H._squamatum,S._viscosa,1.0140125052915,1.0140125052915,1,2,-1,natural,2025-07-19 17:28:283
Nurse_S._viscosa,C._hispanica,0.837801569611807,0.837801569611807,1,2,-1,natural,2025-07-19 17:28:283
Nurse_G._struthium,C._hispanica,0.0157874707249538,0.0157874707249538,1,2,-1,natural,2025-07-19 17:28:283
H._squamatum,C._hispanica,0.686085552276148,0.686085552276148,1,2,-1,natural,2025-07-19 17:28:283
S._viscosa,C._hispanica,0.80516460282849,0.80516460282849,1,2,-1,natural,2025-07-19 17:28:283
Nurse_S._viscosa,Other_species,-0.118904390787294,-0.118904390787294,1,2,-1,natural,2025-07-19 17:28:283
Nurse_G._struthium,Other_species,1.9309962190589,1.9309962190589,1,2,-1,natural,2025-07-19 17:28:283
H._squamatum,Other_species,0.618747065297622,0.618747065297622,1,2,-1,natural,2025-07-19 17:28:283
S._viscosa,Other_species,0.424638109229733,0.424638109229733,1,2,-1,natural,2025-07-19 17:28:283
C._hispanica,Other_species,0.590304909179482,0.590304909179482,1,2,-1,natural,2025-07-19 17:28:283
Nurse_S._viscosa,Nurse_G._struthium,-8.94763284114469,-8.94763284114469,1,2,-1,restoration,2025-07-19 17:28:283
Nurse_S._viscosa,H._squamatum,2.77948868490609,2.77948868490609,1,2,-1,restoration,2025-07-19 17:28:283
Nurse_G._struthium,H._squamatum,4.60921192343665,4.60921192343665,1,2,-1,restoration,2025-07-19 17:28:283
Nurse_S._viscosa,S._viscosa,3.11692433105332,3.11692433105332,1,2,-1,restoration,2025-07-19 17:28:283
Nurse_G._struthium,S._viscosa,0.808092281605304,0.808092281605304,1,2,-1,restoration,2025-07-19 17:28:283
H._squamatum,S._viscosa,0.403750597313011,0.403750597313011,1,2,-1,restoration,2025-07-19 17:28:283
Nurse_S._viscosa,C._hispanica,2.23797984894275,2.23797984894275,1,2,-1,restoration,2025-07-19 17:28:283
Nurse_G._struthium,C._hispanica,0.796347222956124,0.796347222956124,1,2,-1,restoration,2025-07-19 17:28:283
H._squamatum,C._hispanica,-0.0925309735038552,-0.0925309735038552,1,2,-1,restoration,2025-07-19 17:28:283
S._viscosa,C._hispanica,9.23586814105433e-5,9.23586814105433e-5,1,2,-1,restoration,2025-07-19 17:28:283
Nurse_S._viscosa,Other_species,2.18515290411792,2.18515290411792,1,2,-1,restoration,2025-07-19 17:28:283
Nurse_G._struthium,Other_species,2.97984128281479,2.97984128281479,1,2,-1,restoration,2025-07-19 17:28:283
H._squamatum,Other_species,-0.0737959910846907,-0.0737959910846907,1,2,-1,restoration,2025-07-19 17:28:283
S._viscosa,Other_species,1.65333084995213,1.65333084995213,1,2,-1,restoration,2025-07-19 17:28:283
C._hispanica,Other_species,1.94400963586117,1.94400963586117,1,2,-1,restoration,2025-07-19 17:28:283
Nurse_S._viscosa,Nurse_G._struthium,-6.92837347404554,-6.92837347404554,1,2,-1,natural,2025-07-19 17:28:283
Nurse_S._viscosa,H._squamatum,1.30801677669502,1.30801677669502,1,2,-1,natural,2025-07-19 17:28:283
Nurse_G._struthium,H._squamatum,0.419890596794494,0.419890596794494,1,2,-1,natural,2025-07-19 17:28:283
Nurse_S._viscosa,S._viscosa,-0.613806444281845,-0.613806444281845,1,2,-1,natural,2025-07-19 17:28:283
Nurse_G._struthium,S._viscosa,0.82732270155384,0.82732270155384,1,2,-1,natural,2025-07-19 17:28:283
H._squamatum,S._viscosa,0.839087268298184,0.839087268298184,1,2,-1,natural,2025-07-19 17:28:283
Nurse_S._viscosa,C._hispanica,0.579361684978211,0.579361684978211,1,2,-1,natural,2025-07-19 17:28:283
Nurse_G._struthium,C._hispanica,-0.498218688041375,-0.498218688041375,1,2,-1,natural,2025-07-19 17:28:283
H._squamatum,C._hispanica,0.665093866238971,0.665093866238971,1,2,-1,natural,2025-07-19 17:28:283
S._viscosa,C._hispanica,0.659281894937985,0.659281894937985,1,2,-1,natural,2025-07-19 17:28:283
Nurse_S._viscosa,Other_species,-0.172851773103287,-0.172851773103287,1,2,-1,natural,2025-07-19 17:28:283
Nurse_G._struthium,Other_species,1.73876382826593,1.73876382826593,1,2,-1,natural,2025-07-19 17:28:283
H._squamatum,Other_species,0.626882859286981,0.626882859286981,1,2,-1,natural,2025-07-19 17:28:283
S._viscosa,Other_species,0.577721291255031,0.577721291255031,1,2,-1,natural,2025-07-19 17:28:283
C._hispanica,Other_species,0.481559813775691,0.481559813775691,1,2,-1,natural,2025-07-19 17:28:283
Nurse_S._viscosa,Nurse_G._struthium,-8.56292409599151,-8.56292409599151,1,2,-1,restoration,2025-07-19 17:28:283
Nurse_S._viscosa,H._squamatum,2.37214795806994,2.37214795806994,1,2,-1,restoration,2025-07-19 17:28:283
Nurse_G._struthium,H._squamatum,2.901931293517,2.901931293517,1,2,-1,restoration,2025-07-19 17:28:283
Nurse_S._viscosa,S._viscosa,3.83202308138892,3.83202308138892,1,2,-1,restoration,2025-07-19 17:28:283
Nurse_G._struthium,S._viscosa,1.67654066030705,1.67654066030705,1,2,-1,restoration,2025-07-19 17:28:283
H._squamatum,S._viscosa,0.273276306975311,0.273276306975311,1,2,-1,restoration,2025-07-19 17:28:283
Nurse_S._viscosa,C._hispanica,1.87938174449615,1.87938174449615,1,2,-1,restoration,2025-07-19 17:28:283
Nurse_G._struthium,C._hispanica,0.441189237053142,0.441189237053142,1,2,-1,restoration,2025-07-19 17:28:283
H._squamatum,C._hispanica,-0.303208446558085,-0.303208446558085,1,2,-1,restoration,2025-07-19 17:28:283
S._viscosa,C._hispanica,0.10616154335694,0.10616154335694,1,2,-1,restoration,2025-07-19 17:28:283
Nurse_S._viscosa,Other_species,3.49343781455715,3.49343781455715,1,2,-1,restoration,2025-07-19 17:28:283
Nurse_G._struthium,Other_species,3.56689277565444,3.56689277565444,1,2,-1,restoration,2025-07-19 17:28:283
H._squamatum,Other_species,0.655571527149488,0.655571527149488,1,2,-1,restoration,2025-07-19 17:28:283
S._viscosa,Other_species,1.9282856277884,1.9282856277884,1,2,-1,restoration,2025-07-19 17:28:283
C._hispanica,Other_species,2.71944896099326,2.71944896099326,1,2,-1,restoration,2025-07-19 17:28:283
Nurse_S._viscosa,Nurse_G._struthium,-7.11015079165586,-7.11015079165586,1,2,-1,natural,2025-07-19 17:28:283
Nurse_S._viscosa,H._squamatum,1.32000737238601,1.32000737238601,1,2,-1,natural,2025-07-19 17:28:283
Nurse_G._struthium,H._squamatum,0.843963284123344,0.843963284123344,1,2,-1,natural,2025-07-19 17:28:283
Nurse_S._viscosa,S._viscosa,-0.389826529489818,-0.389826529489818,1,2,-1,natural,2025-07-19 17:28:283
Nurse_G._struthium,S._viscosa,0.787530158254125,0.787530158254125,1,2,-1,natural,2025-07-19 17:28:283
H._squamatum,S._viscosa,1.38682771214009,1.38682771214009,1,2,-1,natural,2025-07-19 17:28:283
Nurse_S._viscosa,C._hispanica,0.662394727952235,0.662394727952235,1,2,-1,natural,2025-07-19 17:28:283
Nurse_G._struthium,C._hispanica,-0.44899428747635,-0.44899428747635,1,2,-1,natural,2025-07-19 17:28:283
H._squamatum,C._hispanica,0.602821500945546,0.602821500945546,1,2,-1,natural,2025-07-19 17:28:283
S._viscosa,C._hispanica,0.780316330326277,0.780316330326277,1,2,-1,natural,2025-07-19 17:28:283
Nurse_S._viscosa,Other_species,0.102893591550339,0.102893591550339,1,2,-1,natural,2025-07-19 17:28:283
Nurse_G._struthium,Other_species,2.04452393773051,2.04452393773051,1,2,-1,natural,2025-07-19 17:28:283
H._squamatum,Other_species,0.580625936282586,0.580625936282586,1,2,-1,natural,2025-07-19 17:28:283
S._viscosa,Other_species,0.710473736644312,0.710473736644312,1,2,-1,natural,2025-07-19 17:28:283
C._hispanica,Other_species,0.656148103317651,0.656148103317651,1,2,-1,natural,2025-07-19 17:28:283
Nurse_S._viscosa,Nurse_G._struthium,-6.6557583985253,-6.6557583985253,1,2,-1,restoration,2025-07-19 17:28:273
Nurse_S._viscosa,H._squamatum,1.52258617956178,1.52258617956178,1,2,-1,restoration,2025-07-19 17:28:273
Nurse_G._struthium,H._squamatum,2.4516096260803,2.4516096260803,1,2,-1,restoration,2025-07-19 17:28:273
Nurse_S._viscosa,S._viscosa,2.5911847268614,2.5911847268614,1,2,-1,restoration,2025-07-19 17:28:273
Nurse_G._struthium,S._viscosa,-0.199006429809176,-0.199006429809176,1,2,-1,restoration,2025-07-19 17:28:273
H._squamatum,S._viscosa,-0.00491663045951658,-0.00491663045951658,1,2,-1,restoration,2025-07-19 17:28:273
Nurse_S._viscosa,C._hispanica,2.06828717622789,2.06828717622789,1,2,-1,restoration,2025-07-19 17:28:273
Nurse_G._struthium,C._hispanica,0.62362371546644,0.62362371546644,1,2,-1,restoration,2025-07-19 17:28:273
H._squamatum,C._hispanica,0.0227229692735675,0.0227229692735675,1,2,-1,restoration,2025-07-19 17:28:273
S._viscosa,C._hispanica,0.596601843481348,0.596601843481348,1,2,-1,restoration,2025-07-19 17:28:273
Nurse_S._viscosa,Other_species,1.78847527836718,1.78847527836718,1,2,-1,restoration,2025-07-19 17:28:273
Nurse_G._struthium,Other_species,2.30214614547809,2.30214614547809,1,2,-1,restoration,2025-07-19 17:28:273
H._squamatum,Other_species,1.87621144470986,1.87621144470986,1,2,-1,restoration,2025-07-19 17:28:273
S._viscosa,Other_species,0.881125586979177,0.881125586979177,1,2,-1,restoration,2025-07-19 17:28:273
C._hispanica,Other_species,1.88859012632399,1.88859012632399,1,2,-1,restoration,2025-07-19 17:28:273
Nurse_S._viscosa,Nurse_G._struthium,-7.01986170865652,-7.01986170865652,1,2,-1,natural,2025-07-19 17:28:273
Nurse_S._viscosa,H._squamatum,0.893069850595479,0.893069850595479,1,2,-1,natural,2025-07-19 17:28:273
Nurse_G._struthium,H._squamatum,0.294052317170008,0.294052317170008,1,2,-1,natural,2025-07-19 17:28:273
Nurse_S._viscosa,S._viscosa,-0.282205806181902,-0.282205806181902,1,2,-1,natural,2025-07-19 17:28:273
Nurse_G._struthium,S._viscosa,0.800652380898535,0.800652380898535,1,2,-1,natural,2025-07-19 17:28:273
H._squamatum,S._viscosa,0.959991882720229,0.959991882720229,1,2,-1,natural,2025-07-19 17:28:273
Nurse_S._viscosa,C._hispanica,0.853271817343761,0.853271817343761,1,2,-1,natural,2025-07-19 17:28:273
Nurse_G._struthium,C._hispanica,-0.0877956228603432,-0.0877956228603432,1,2,-1,natural,2025-07-19 17:28:273
H._squamatum,C._hispanica,0.503476189943498,0.503476189943498,1,2,-1,natural,2025-07-19 17:28:273
S._viscosa,C._hispanica,0.805372711392414,0.805372711392414,1,2,-1,natural,2025-07-19 17:28:273
Nurse_S._viscosa,Other_species,-0.181854183593848,-0.181854183593848,1,2,-1,natural,2025-07-19 17:28:273
Nurse_G._struthium,Other_species,1.97593226202488,1.97593226202488,1,2,-1,natural,2025-07-19 17:28:273
H._squamatum,Other_species,0.529723493563538,0.529723493563538,1,2,-1,natural,2025-07-19 17:28:273
S._viscosa,Other_species,0.572336436291643,0.572336436291643,1,2,-1,natural,2025-07-19 17:28:273
C._hispanica,Other_species,0.57978654378608,0.57978654378608,1,2,-1,natural,2025-07-19 17:28:273
Nurse_S._viscosa,Nurse_G._struthium,-8.1027468044908,-8.1027468044908,1,2,-1,restoration,2025-07-19 17:28:273
Nurse_S._viscosa,H._squamatum,1.76822983367491,1.76822983367491,1,2,-1,restoration,2025-07-19 17:28:273
Nurse_G._struthium,H._squamatum,2.29797329882381,2.29797329882381,1,2,-1,restoration,2025-07-19 17:28:273
Nurse_S._viscosa,S._viscosa,3.79737236685555,3.79737236685555,1,2,-1,restoration,2025-07-19 17:28:273
Nurse_G._struthium,S._viscosa,1.41115845460456,1.41115845460456,1,2,-1,restoration,2025-07-19 17:28:273
H._squamatum,S._viscosa,0.775193519510771,0.775193519510771,1,2,-1,restoration,2025-07-19 17:28:273
Nurse_S._viscosa,C._hispanica,1.13568884584256,1.13568884584256,1,2,-1,restoration,2025-07-19 17:28:273
Nurse_G._struthium,C._hispanica,0.065614059719201,0.065614059719201,1,2,-1,restoration,2025-07-19 17:28:273
H._squamatum,C._hispanica,-0.148734540783398,-0.148734540783398,1,2,-1,restoration,2025-07-19 17:28:273
S._viscosa,C._hispanica,-0.162491478891336,-0.162491478891336,1,2,-1,restoration,2025-07-19 17:28:273
Nurse_S._viscosa,Other_species,2.87291466786886,2.87291466786886,1,2,-1,restoration,2025-07-19 17:28:273
Nurse_G._struthium,Other_species,2.78322577649075,2.78322577649075,1,2,-1,restoration,2025-07-19 17:28:273
H._squamatum,Other_species,0.622939444678447,0.622939444678447,1,2,-1,restoration,2025-07-19 17:28:273
S._viscosa,Other_species,0.968221159611124,0.968221159611124,1,2,-1,restoration,2025-07-19 17:28:273
C._hispanica,Other_species,3.1179564284514,3.1179564284514,1,2,-1,restoration,2025-07-19 17:28:273
Nurse_S._viscosa,Nurse_G._struthium,-7.03198679776714,-7.03198679776714,1,2,-1,natural,2025-07-19 17:28:273
Nurse_S._viscosa,H._squamatum,0.981174941770651,0.981174941770651,1,2,-1,natural,2025-07-19 17:28:273
Nurse_G._struthium,H._squamatum,0.420647873284021,0.420647873284021,1,2,-1,natural,2025-07-19 17:28:273
Nurse_S._viscosa,S._viscosa,-0.598369417590853,-0.598369417590853,1,2,-1,natural,2025-07-19 17:28:273
Nurse_G._struthium,S._viscosa,0.42118485867917,0.42118485867917,1,2,-1,natural,2025-07-19 17:28:273
H._squamatum,S._viscosa,0.931092154658288,0.931092154658288,1,2,-1,natural,2025-07-19 17:28:273
Nurse_S._viscosa,C._hispanica,0.813957665116953,0.813957665116953,1,2,-1,natural,2025-07-19 17:28:273
Nurse_G._struthium,C._hispanica,0.0618779348160065,0.0618779348160065,1,2,-1,natural,2025-07-19 17:28:273
H._squamatum,C._hispanica,0.912410232708267,0.912410232708267,1,2,-1,natural,2025-07-19 17:28:273
S._viscosa,C._hispanica,0.783201835889412,0.783201835889412,1,2,-1,natural,2025-07-19 17:28:273
Nurse_S._viscosa,Other_species,-0.177397241805343,-0.177397241805343,1,2,-1,natural,2025-07-19 17:28:273
Nurse_G._struthium,Other_species,1.66673161959095,1.66673161959095,1,2,-1,natural,2025-07-19 17:28:273
H._squamatum,Other_species,0.286342583192059,0.286342583192059,1,2,-1,natural,2025-07-19 17:28:273
S._viscosa,Other_species,0.620804753772021,0.620804753772021,1,2,-1,natural,2025-07-19 17:28:273
C._hispanica,Other_species,0.544411854777684,0.544411854777684,1,2,-1,natural,2025-07-19 17:28:273
Nurse_S._viscosa,Nurse_G._struthium,-8.64157816975599,-8.64157816975599,1,2,-1,restoration,2025-07-19 17:28:263
Nurse_S._viscosa,H._squamatum,3.1574817136731,3.1574817136731,1,2,-1,restoration,2025-07-19 17:28:263
Nurse_G._struthium,H._squamatum,3.80870905980383,3.80870905980383,1,2,-1,restoration,2025-07-19 17:28:263
Nurse_S._viscosa,S._viscosa,3.41383529819367,3.41383529819367,1,2,-1,restoration,2025-07-19 17:28:263
Nurse_G._struthium,S._viscosa,1.00256899689512,1.00256899689512,1,2,-1,restoration,2025-07-19 17:28:263
H._squamatum,S._viscosa,-0.0564372326980185,-0.0564372326980185,1,2,-1,restoration,2025-07-19 17:28:263
Nurse_S._viscosa,C._hispanica,3.15183969327059,3.15183969327059,1,2,-1,restoration,2025-07-19 17:28:263
Nurse_G._struthium,C._hispanica,1.50073754115641,1.50073754115641,1,2,-1,restoration,2025-07-19 17:28:263
H._squamatum,C._hispanica,-0.202659690920046,-0.202659690920046,1,2,-1,restoration,2025-07-19 17:28:263
S._viscosa,C._hispanica,0.695944844687658,0.695944844687658,1,2,-1,restoration,2025-07-19 17:28:263
Nurse_S._viscosa,Other_species,2.78329930493138,2.78329930493138,1,2,-1,restoration,2025-07-19 17:28:263
Nurse_G._struthium,Other_species,3.39695607799264,3.39695607799264,1,2,-1,restoration,2025-07-19 17:28:263
H._squamatum,Other_species,0.50314212359575206,0.50314212359575206,1,2,-1,restoration,2025-07-19 17:28:263
S._viscosa,Other_species,1.86744557481885,1.86744557481885,1,2,-1,restoration,2025-07-19 17:28:263
C._hispanica,Other_species,2.18678762786031,2.18678762786031,1,2,-1,restoration,2025-07-19 17:28:263
Nurse_S._viscosa,Nurse_G._struthium,-6.99985323386864,-6.99985323386864,1,2,-1,natural,2025-07-19 17:28:263
Nurse_S._viscosa,H._squamatum,1.1145143321655,1.1145143321655,1,2,-1,natural,2025-07-19 17:28:263
Nurse_G._struthium,H._squamatum,0.263750099615799,0.263750099615799,1,2,-1,natural,2025-07-19 17:28:263
Nurse_S._viscosa,S._viscosa,-0.380449749320739,-0.380449749320739,1,2,-1,natural,2025-07-19 17:28:263
Nurse_G._struthium,S._viscosa,1.06634358473655,1.06634358473655,1,2,-1,natural,2025-07-19 17:28:263
H._squamatum,S._viscosa,1.18936965991733,1.18936965991733,1,2,-1,natural,2025-07-19 17:28:263
Nurse_S._viscosa,C._hispanica,0.84496997711098,0.84496997711098,1,2,-1,natural,2025-07-19 17:28:263
Nurse_G._struthium,C._hispanica,0.0550983791616408,0.0550983791616408,1,2,-1,natural,2025-07-19 17:28:263
H._squamatum,C._hispanica,0.766984762117226,0.766984762117226,1,2,-1,natural,2025-07-19 17:28:263
S._viscosa,C._hispanica,0.727766732376294,0.727766732376294,1,2,-1,natural,2025-07-19 17:28:263
Nurse_S._viscosa,Other_species,-0.0466772066638582,-0.0466772066638582,1,2,-1,natural,2025-07-19 17:28:263
Nurse_G._struthium,Other_species,2.29670253640551,2.29670253640551,1,2,-1,natural,2025-07-19 17:28:263
H._squamatum,Other_species,0.804564137422736,0.804564137422736,1,2,-1,natural,2025-07-19 17:28:263
S._viscosa,Other_species,0.486361087761857,0.486361087761857,1,2,-1,natural,2025-07-19 17:28:263
C._hispanica,Other_species,0.366874658402576,0.366874658402576,1,2,-1,natural,2025-07-19 17:28:263
Nurse_S._viscosa,Nurse_G._struthium,-8.4192524982197,-8.4192524982197,1,2,-1,restoration,2025-07-19 17:28:263
Nurse_S._viscosa,H._squamatum,2.54355003810846,2.54355003810846,1,2,-1,restoration,2025-07-19 17:28:263
Nurse_G._struthium,H._squamatum,2.84866795983301,2.84866795983301,1,2,-1,restoration,2025-07-19 17:28:263
Nurse_S._viscosa,S._viscosa,4.32410286549653,4.32410286549653,1,2,-1,restoration,2025-07-19 17:28:263
Nurse_G._struthium,S._viscosa,1.50714355036001,1.50714355036001,1,2,-1,restoration,2025-07-19 17:28:263
H._squamatum,S._viscosa,-0.0746032706927304,-0.0746032706927304,1,2,-1,restoration,2025-07-19 17:28:263
Nurse_S._viscosa,C._hispanica,3.44055858700296,3.44055858700296,1,2,-1,restoration,2025-07-19 17:28:263
Nurse_G._struthium,C._hispanica,0.928498354670297,0.928498354670297,1,2,-1,restoration,2025-07-19 17:28:263
H._squamatum,C._hispanica,-0.0214332110811881,-0.0214332110811881,1,2,-1,restoration,2025-07-19 17:28:263
S._viscosa,C._hispanica,-0.278523040819687,-0.278523040819687,1,2,-1,restoration,2025-07-19 17:28:263
Nurse_S._viscosa,Other_species,3.05447804589619,3.05447804589619,1,2,-1,restoration,2025-07-19 17:28:263
Nurse_G._struthium,Other_species,3.22924964695158,3.22924964695158,1,2,-1,restoration,2025-07-19 17:28:263
H._squamatum,Other_species,0.600674859343647,0.600674859343647,1,2,-1,restoration,2025-07-19 17:28:263
S._viscosa,Other_species,1.75795554714167,1.75795554714167,1,2,-1,restoration,2025-07-19 17:28:263
C._hispanica,Other_species,1.7674415748179,1.7674415748179,1,2,-1,restoration,2025-07-19 17:28:263
Nurse_S._viscosa,Nurse_G._struthium,-7.09229479928803,-7.09229479928803,1,2,-1,natural,2025-07-19 17:28:263
Nurse_S._viscosa,H._squamatum,1.14502136719429,1.14502136719429,1,2,-1,natural,2025-07-19 17:28:263
Nurse_G._struthium,H._squamatum,0.563263811060629,0.563263811060629,1,2,-1,natural,2025-07-19 17:28:263
Nurse_S._viscosa,S._viscosa,-0.338250194742953,-0.338250194742953,1,2,-1,natural,2025-07-19 17:28:263
Nurse_G._struthium,S._viscosa,0.692728245321094,0.692728245321094,1,2,-1,natural,2025-07-19 17:28:263
H._squamatum,S._viscosa,1.11791824662878,1.11791824662878,1,2,-1,natural,2025-07-19 17:28:263
Nurse_S._viscosa,C._hispanica,0.822702307577154,0.822702307577154,1,2,-1,natural,2025-07-19 17:28:263
Nurse_G._struthium,C._hispanica,0.0790352232938267,0.0790352232938267,1,2,-1,natural,2025-07-19 17:28:263
H._squamatum,C._hispanica,0.369746351806918,0.369746351806918,1,2,-1,natural,2025-07-19 17:28:263
S._viscosa,C._hispanica,0.809932269421519,0.809932269421519,1,2,-1,natural,2025-07-19 17:28:263
Nurse_S._viscosa,Other_species,-0.206256285977167,-0.206256285977167,1,2,-1,natural,2025-07-19 17:28:263
Nurse_G._struthium,Other_species,1.75147006465178,1.75147006465178,1,2,-1,natural,2025-07-19 17:28:263
H._squamatum,Other_species,0.647987616399571,0.647987616399571,1,2,-1,natural,2025-07-19 17:28:263
S._viscosa,Other_species,0.894127224135365,0.894127224135365,1,2,-1,natural,2025-07-19 17:28:263
C._hispanica,Other_species,0.287141511311708,0.287141511311708,1,2,-1,natural,2025-07-19 17:28:263
Nurse_S._viscosa,Nurse_G._struthium,-8.34120227509163,-8.34120227509163,1,2,-1,restoration,2025-07-19 17:28:253
Nurse_S._viscosa,H._squamatum,2.04004131823857,2.04004131823857,1,2,-1,restoration,2025-07-19 17:28:253
Nurse_G._struthium,H._squamatum,3.23695296680353,3.23695296680353,1,2,-1,restoration,2025-07-19 17:28:253
Nurse_S._viscosa,S._viscosa,3.67598176120294,3.67598176120294,1,2,-1,restoration,2025-07-19 17:28:253
Nurse_G._struthium,S._viscosa,1.49340675776694,1.49340675776694,1,2,-1,restoration,2025-07-19 17:28:253
H._squamatum,S._viscosa,-0.0823996593995167,-0.0823996593995167,1,2,-1,restoration,2025-07-19 17:28:253
Nurse_S._viscosa,C._hispanica,2.50917596465765,2.50917596465765,1,2,-1,restoration,2025-07-19 17:28:253
Nurse_G._struthium,C._hispanica,1.09172803958097,1.09172803958097,1,2,-1,restoration,2025-07-19 17:28:253
H._squamatum,C._hispanica,0.23304909826474,0.23304909826474,1,2,-1,restoration,2025-07-19 17:28:253
S._viscosa,C._hispanica,-0.259681181205647,-0.259681181205647,1,2,-1,restoration,2025-07-19 17:28:253
Nurse_S._viscosa,Other_species,2.75133420284737,2.75133420284737,1,2,-1,restoration,2025-07-19 17:28:253
Nurse_G._struthium,Other_species,2.86454106063347,2.86454106063347,1,2,-1,restoration,2025-07-19 17:28:253
H._squamatum,Other_species,0.244024542900923,0.244024542900923,1,2,-1,restoration,2025-07-19 17:28:253
S._viscosa,Other_species,0.620450341289454,0.620450341289454,1,2,-1,restoration,2025-07-19 17:28:253
C._hispanica,Other_species,2.34317642000449,2.34317642000449,1,2,-1,restoration,2025-07-19 17:28:253
Nurse_S._viscosa,Nurse_G._struthium,-7.03758989763058,-7.03758989763058,1,2,-1,natural,2025-07-19 17:28:253
Nurse_S._viscosa,H._squamatum,1.0911990683592,1.0911990683592,1,2,-1,natural,2025-07-19 17:28:253
Nurse_G._struthium,H._squamatum,0.461952705866243,0.461952705866243,1,2,-1,natural,2025-07-19 17:28:253
Nurse_S._viscosa,S._viscosa,-0.519352197476286,-0.519352197476286,1,2,-1,natural,2025-07-19 17:28:253
Nurse_G._struthium,S._viscosa,0.936043427557659,0.936043427557659,1,2,-1,natural,2025-07-19 17:28:253
H._squamatum,S._viscosa,1.20190885109981,1.20190885109981,1,2,-1,natural,2025-07-19 17:28:253
Nurse_S._viscosa,C._hispanica,0.660841913192916,0.660841913192916,1,2,-1,natural,2025-07-19 17:28:253
Nurse_G._struthium,C._hispanica,-0.38100122559081,-0.38100122559081,1,2,-1,natural,2025-07-19 17:28:253
H._squamatum,C._hispanica,0.4628832174218,0.4628832174218,1,2,-1,natural,2025-07-19 17:28:253
S._viscosa,C._hispanica,1.12381197740079,1.12381197740079,1,2,-1,natural,2025-07-19 17:28:253
Nurse_S._viscosa,Other_species,-0.0578838014677487,-0.0578838014677487,1,2,-1,natural,2025-07-19 17:28:253
Nurse_G._struthium,Other_species,2.16726695612517,2.16726695612517,1,2,-1,natural,2025-07-19 17:28:253
H._squamatum,Other_species,0.432293936276916,0.432293936276916,1,2,-1,natural,2025-07-19 17:28:253
S._viscosa,Other_species,0.649086227192744,0.649086227192744,1,2,-1,natural,2025-07-19 17:28:253
C._hispanica,Other_species,0.622232784702901,0.622232784702901,1,2,-1,natural,2025-07-19 17:28:253
Nurse_S._viscosa,Nurse_G._struthium,-7.09588523306708,-7.09588523306708,1,2,-1,restoration,2025-07-19 17:28:253
Nurse_S._viscosa,H._squamatum,2.04285115201511,2.04285115201511,1,2,-1,restoration,2025-07-19 17:28:253
Nurse_G._struthium,H._squamatum,2.55642169193889,2.55642169193889,1,2,-1,restoration,2025-07-19 17:28:253
Nurse_S._viscosa,S._viscosa,2.87729353166498,2.87729353166498,1,2,-1,restoration,2025-07-19 17:28:253
Nurse_G._struthium,S._viscosa,0.611359332800094,0.611359332800094,1,2,-1,restoration,2025-07-19 17:28:253
H._squamatum,S._viscosa,-0.212616452136419,-0.212616452136419,1,2,-1,restoration,2025-07-19 17:28:253
Nurse_S._viscosa,C._hispanica,0.848114240849554,0.848114240849554,1,2,-1,restoration,2025-07-19 17:28:253
Nurse_G._struthium,C._hispanica,-0.347826202219839,-0.347826202219839,1,2,-1,restoration,2025-07-19 17:28:253
H._squamatum,C._hispanica,0.00256371266291128,0.00256371266291128,1,2,-1,restoration,2025-07-19 17:28:253
S._viscosa,C._hispanica,-1.23363451535506,-1.23363451535506,1,2,-1,restoration,2025-07-19 17:28:253
Nurse_S._viscosa,Other_species,1.50866088381077,1.50866088381077,1,2,-1,restoration,2025-07-19 17:28:253
Nurse_G._struthium,Other_species,1.73587582857777,1.73587582857777,1,2,-1,restoration,2025-07-19 17:28:253
H._squamatum,Other_species,0.224228579957747,0.224228579957747,1,2,-1,restoration,2025-07-19 17:28:253
S._viscosa,Other_species,1.11796059568045,1.11796059568045,1,2,-1,restoration,2025-07-19 17:28:253
C._hispanica,Other_species,2.19938621792874,2.19938621792874,1,2,-1,restoration,2025-07-19 17:28:253
Nurse_S._viscosa,Nurse_G._struthium,-6.92593153284826,-6.92593153284826,1,2,-1,natural,2025-07-19 17:28:253
Nurse_S._viscosa,H._squamatum,0.963041522386433,0.963041522386433,1,2,-1,natural,2025-07-19 17:28:253
Nurse_G._struthium,H._squamatum,0.465542412544206,0.465542412544206,1,2,-1,natural,2025-07-19 17:28:253
Nurse_S._viscosa,S._viscosa,-0.538215269546503,-0.538215269546503,1,2,-1,natural,2025-07-19 17:28:253
Nurse_G._struthium,S._viscosa,0.698655935572357,0.698655935572357,1,2,-1,natural,2025-07-19 17:28:253
H._squamatum,S._viscosa,1.14871642850173,1.14871642850173,1,2,-1,natural,2025-07-19 17:28:253
Nurse_S._viscosa,C._hispanica,0.822635439439936,0.822635439439936,1,2,-1,natural,2025-07-19 17:28:253
Nurse_G._struthium,C._hispanica,-0.0253104506817194,-0.0253104506817194,1,2,-1,natural,2025-07-19 17:28:253
H._squamatum,C._hispanica,0.66932727560573,0.66932727560573,1,2,-1,natural,2025-07-19 17:28:253
S._viscosa,C._hispanica,0.464392100874712,0.464392100874712,1,2,-1,natural,2025-07-19 17:28:253
Nurse_S._viscosa,Other_species,-0.0193997383009654,-0.0193997383009654,1,2,-1,natural,2025-07-19 17:28:253
Nurse_G._struthium,Other_species,1.65451114243987,1.65451114243987,1,2,-1,natural,2025-07-19 17:28:253
H._squamatum,Other_species,0.54694035646985,0.54694035646985,1,2,-1,natural,2025-07-19 17:28:253
S._viscosa,Other_species,0.662112546997478,0.662112546997478,1,2,-1,natural,2025-07-19 17:28:253
C._hispanica,Other_species,0.439379040922345,0.439379040922345,1,2,-1,natural,2025-07-19 17:28:253
Nurse_S._viscosa,Nurse_G._struthium,-6.74772162471581,-6.74772162471581,1,2,-1,restoration,2025-07-19 17:28:243
Nurse_S._viscosa,H._squamatum,1.14878239321731,1.14878239321731,1,2,-1,restoration,2025-07-19 17:28:243
Nurse_G._struthium,H._squamatum,1.96554816787429,1.96554816787429,1,2,-1,restoration,2025-07-19 17:28:243
Nurse_S._viscosa,S._viscosa,2.32522184351493,2.32522184351493,1,2,-1,restoration,2025-07-19 17:28:243
Nurse_G._struthium,S._viscosa,0.380718760061524,0.380718760061524,1,2,-1,restoration,2025-07-19 17:28:243
H._squamatum,S._viscosa,0.442103356308972,0.442103356308972,1,2,-1,restoration,2025-07-19 17:28:243
Nurse_S._viscosa,C._hispanica,2.6032112543926,2.6032112543926,1,2,-1,restoration,2025-07-19 17:28:243
Nurse_G._struthium,C._hispanica,0.8024111176723,0.8024111176723,1,2,-1,restoration,2025-07-19 17:28:243
H._squamatum,C._hispanica,-1.48859859605705,-1.48859859605705,1,2,-1,restoration,2025-07-19 17:28:243
S._viscosa,C._hispanica,1.15398244029829,1.15398244029829,1,2,-1,restoration,2025-07-19 17:28:243
Nurse_S._viscosa,Other_species,2.56571665899051,2.56571665899051,1,2,-1,restoration,2025-07-19 17:28:243
Nurse_G._struthium,Other_species,2.31124133305032,2.31124133305032,1,2,-1,restoration,2025-07-19 17:28:243
H._squamatum,Other_species,0.400821575847972,0.400821575847972,1,2,-1,restoration,2025-07-19 17:28:243
S._viscosa,Other_species,1.52818429175535,1.52818429175535,1,2,-1,restoration,2025-07-19 17:28:243
C._hispanica,Other_species,1.4560895871643,1.4560895871643,1,2,-1,restoration,2025-07-19 17:28:243
Nurse_S._viscosa,Nurse_G._struthium,-6.8714490541814,-6.8714490541814,1,2,-1,natural,2025-07-19 17:28:243
Nurse_S._viscosa,H._squamatum,1.18587770482692,1.18587770482692,1,2,-1,natural,2025-07-19 17:28:243
Nurse_G._struthium,H._squamatum,0.330807111578976,0.330807111578976,1,2,-1,natural,2025-07-19 17:28:243
Nurse_S._viscosa,S._viscosa,-0.345311830209616,-0.345311830209616,1,2,-1,natural,2025-07-19 17:28:243
Nurse_G._struthium,S._viscosa,0.7591817149715,0.7591817149715,1,2,-1,natural,2025-07-19 17:28:243
H._squamatum,S._viscosa,1.14401578566146,1.14401578566146,1,2,-1,natural,2025-07-19 17:28:243
Nurse_S._viscosa,C._hispanica,0.824810213704439,0.824810213704439,1,2,-1,natural,2025-07-19 17:28:243
Nurse_G._struthium,C._hispanica,0.117132917852045,0.117132917852045,1,2,-1,natural,2025-07-19 17:28:243
H._squamatum,C._hispanica,0.646446407625913,0.646446407625913,1,2,-1,natural,2025-07-19 17:28:243
S._viscosa,C._hispanica,0.580789417197516,0.580789417197516,1,2,-1,natural,2025-07-19 17:28:243
Nurse_S._viscosa,Other_species,-0.0610018590482871,-0.0610018590482871,1,2,-1,natural,2025-07-19 17:28:243
Nurse_G._struthium,Other_species,2.05443779860165,2.05443779860165,1,2,-1,natural,2025-07-19 17:28:243
H._squamatum,Other_species,0.7438899592166,0.7438899592166,1,2,-1,natural,2025-07-19 17:28:243
S._viscosa,Other_species,0.707006968996928,0.707006968996928,1,2,-1,natural,2025-07-19 17:28:243
C._hispanica,Other_species,0.409692843535051,0.409692843535051,1,2,-1,natural,2025-07-19 17:28:243
Nurse_S._viscosa,Nurse_G._struthium,-7.84923500774128,-7.84923500774128,1,2,-1,restoration,2025-07-19 17:28:233
Nurse_S._viscosa,H._squamatum,2.35912180703906,2.35912180703906,1,2,-1,restoration,2025-07-19 17:28:233
Nurse_G._struthium,H._squamatum,3.28241795008831,3.28241795008831,1,2,-1,restoration,2025-07-19 17:28:233
Nurse_S._viscosa,S._viscosa,3.15466200253985,3.15466200253985,1,2,-1,restoration,2025-07-19 17:28:233
Nurse_G._struthium,S._viscosa,0.484552930355039,0.484552930355039,1,2,-1,restoration,2025-07-19 17:28:233
H._squamatum,S._viscosa,0.429718967482801,0.429718967482801,1,2,-1,restoration,2025-07-19 17:28:233
Nurse_S._viscosa,C._hispanica,2.83884321119555,2.83884321119555,1,2,-1,restoration,2025-07-19 17:28:233
Nurse_G._struthium,C._hispanica,1.76297534570482,1.76297534570482,1,2,-1,restoration,2025-07-19 17:28:233
H._squamatum,C._hispanica,-1.2445645924907,-1.2445645924907,1,2,-1,restoration,2025-07-19 17:28:233
S._viscosa,C._hispanica,0.274859179278346,0.274859179278346,1,2,-1,restoration,2025-07-19 17:28:233
Nurse_S._viscosa,Other_species,2.37322541373597,2.37322541373597,1,2,-1,restoration,2025-07-19 17:28:233
Nurse_G._struthium,Other_species,2.289119944405,2.289119944405,1,2,-1,restoration,2025-07-19 17:28:233
H._squamatum,Other_species,-0.147676466868419,-0.147676466868419,1,2,-1,restoration,2025-07-19 17:28:233
S._viscosa,Other_species,1.30450371336292,1.30450371336292,1,2,-1,restoration,2025-07-19 17:28:233
C._hispanica,Other_species,1.8739493484871,1.8739493484871,1,2,-1,restoration,2025-07-19 17:28:233
Nurse_S._viscosa,Nurse_G._struthium,-7.01761070882461,-7.01761070882461,1,2,-1,natural,2025-07-19 17:28:233
Nurse_S._viscosa,H._squamatum,0.993720588289948,0.993720588289948,1,2,-1,natural,2025-07-19 17:28:233
Nurse_G._struthium,H._squamatum,0.412707330216435,0.412707330216435,1,2,-1,natural,2025-07-19 17:28:233
Nurse_S._viscosa,S._viscosa,-0.452752044566792,-0.452752044566792,1,2,-1,natural,2025-07-19 17:28:233
Nurse_G._struthium,S._viscosa,0.81672007445812,0.81672007445812,1,2,-1,natural,2025-07-19 17:28:233
H._squamatum,S._viscosa,0.968036383694981,0.968036383694981,1,2,-1,natural,2025-07-19 17:28:233
Nurse_S._viscosa,C._hispanica,0.791434998499568,0.791434998499568,1,2,-1,natural,2025-07-19 17:28:233
Nurse_G._struthium,C._hispanica,0.0295022814063273,0.0295022814063273,1,2,-1,natural,2025-07-19 17:28:233
H._squamatum,C._hispanica,0.494578051618959,0.494578051618959,1,2,-1,natural,2025-07-19 17:28:233
S._viscosa,C._hispanica,0.858264176585646,0.858264176585646,1,2,-1,natural,2025-07-19 17:28:233
Nurse_S._viscosa,Other_species,-0.00625580876290338,-0.00625580876290338,1,2,-1,natural,2025-07-19 17:28:233
Nurse_G._struthium,Other_species,1.96137489727691,1.96137489727691,1,2,-1,natural,2025-07-19 17:28:233
H._squamatum,Other_species,0.38581088843321,0.38581088843321,1,2,-1,natural,2025-07-19 17:28:233
S._viscosa,Other_species,0.62549879638386,0.62549879638386,1,2,-1,natural,2025-07-19 17:28:233
C._hispanica,Other_species,0.439888779846551,0.439888779846551,1,2,-1,natural,2025-07-19 17:28:233
Nurse_S._viscosa,Nurse_G._struthium,-7.3607671858323,-7.3607671858323,1,2,-1,restoration,2025-07-19 17:28:233
Nurse_S._viscosa,H._squamatum,2.1109310444116,2.1109310444116,1,2,-1,restoration,2025-07-19 17:28:233
Nurse_G._struthium,H._squamatum,2.13545971205932,2.13545971205932,1,2,-1,restoration,2025-07-19 17:28:233
Nurse_S._viscosa,S._viscosa,2.88295438783962,2.88295438783962,1,2,-1,restoration,2025-07-19 17:28:233
Nurse_G._struthium,S._viscosa,0.791677849886565,0.791677849886565,1,2,-1,restoration,2025-07-19 17:28:233
H._squamatum,S._viscosa,-0.29515276869984,-0.29515276869984,1,2,-1,restoration,2025-07-19 17:28:233
Nurse_S._viscosa,C._hispanica,2.58738205624743,2.58738205624743,1,2,-1,restoration,2025-07-19 17:28:233
Nurse_G._struthium,C._hispanica,1.53447213797091,1.53447213797091,1,2,-1,restoration,2025-07-19 17:28:233
H._squamatum,C._hispanica,-0.0160360120605678,-0.0160360120605678,1,2,-1,restoration,2025-07-19 17:28:233
S._viscosa,C._hispanica,-0.00957498224952285,-0.00957498224952285,1,2,-1,restoration,2025-07-19 17:28:233
Nurse_S._viscosa,Other_species,1.97960664894521,1.97960664894521,1,2,-1,restoration,2025-07-19 17:28:233
Nurse_G._struthium,Other_species,2.27377526970579,2.27377526970579,1,2,-1,restoration,2025-07-19 17:28:233
H._squamatum,Other_species,0.648314810681957,0.648314810681957,1,2,-1,restoration,2025-07-19 17:28:233
S._viscosa,Other_species,1.68561935263961,1.68561935263961,1,2,-1,restoration,2025-07-19 17:28:233
C._hispanica,Other_species,1.54553660221884,1.54553660221884,1,2,-1,restoration,2025-07-19 17:28:233
Nurse_S._viscosa,Nurse_G._struthium,-6.83413771261555,-6.83413771261555,1,2,-1,natural,2025-07-19 17:28:233
Nurse_S._viscosa,H._squamatum,1.20877705334361,1.20877705334361,1,2,-1,natural,2025-07-19 17:28:233
Nurse_G._struthium,H._squamatum,0.551530639433503,0.551530639433503,1,2,-1,natural,2025-07-19 17:28:233
Nurse_S._viscosa,S._viscosa,-0.235131381144648,-0.235131381144648,1,2,-1,natural,2025-07-19 17:28:233
Nurse_G._struthium,S._viscosa,0.975594031119406,0.975594031119406,1,2,-1,natural,2025-07-19 17:28:233
H._squamatum,S._viscosa,0.82918440851714,0.82918440851714,1,2,-1,natural,2025-07-19 17:28:233
Nurse_S._viscosa,C._hispanica,0.631759326714028,0.631759326714028,1,2,-1,natural,2025-07-19 17:28:233
Nurse_G._struthium,C._hispanica,-0.365984573258187,-0.365984573258187,1,2,-1,natural,2025-07-19 17:28:233
H._squamatum,C._hispanica,0.661176542584378,0.661176542584378,1,2,-1,natural,2025-07-19 17:28:233
S._viscosa,C._hispanica,0.752603202122167,0.752603202122167,1,2,-1,natural,2025-07-19 17:28:233
Nurse_S._viscosa,Other_species,-0.221137164757939,-0.221137164757939,1,2,-1,natural,2025-07-19 17:28:233
Nurse_G._struthium,Other_species,1.80973259686129,1.80973259686129,1,2,-1,natural,2025-07-19 17:28:233
H._squamatum,Other_species,0.497069430267719,0.497069430267719,1,2,-1,natural,2025-07-19 17:28:233
S._viscosa,Other_species,0.589006963280885,0.589006963280885,1,2,-1,natural,2025-07-19 17:28:233
C._hispanica,Other_species,0.597733765573542,0.597733765573542,1,2,-1,natural,2025-07-19 17:28:233
Nurse_S._viscosa,Nurse_G._struthium,-7.87464234648063,-7.87464234648063,1,2,-1,restoration,2025-07-19 17:28:233
Nurse_S._viscosa,H._squamatum,2.32818757269356,2.32818757269356,1,2,-1,restoration,2025-07-19 17:28:233
Nurse_G._struthium,H._squamatum,2.61563700027744,2.61563700027744,1,2,-1,restoration,2025-07-19 17:28:233
Nurse_S._viscosa,S._viscosa,3.30049392550427,3.30049392550427,1,2,-1,restoration,2025-07-19 17:28:233
Nurse_G._struthium,S._viscosa,1.05719086366088,1.05719086366088,1,2,-1,restoration,2025-07-19 17:28:233
H._squamatum,S._viscosa,0.676358255839152,0.676358255839152,1,2,-1,restoration,2025-07-19 17:28:233
Nurse_S._viscosa,C._hispanica,1.44797829547351,1.44797829547351,1,2,-1,restoration,2025-07-19 17:28:233
Nurse_G._struthium,C._hispanica,-1.15652971921863,-1.15652971921863,1,2,-1,restoration,2025-07-19 17:28:233
H._squamatum,C._hispanica,1.10087048543073,1.10087048543073,1,2,-1,restoration,2025-07-19 17:28:233
S._viscosa,C._hispanica,0.0194048829470073,0.0194048829470073,1,2,-1,restoration,2025-07-19 17:28:233
Nurse_S._viscosa,Other_species,1.51665700990198,1.51665700990198,1,2,-1,restoration,2025-07-19 17:28:233
Nurse_G._struthium,Other_species,1.48853942292699,1.48853942292699,1,2,-1,restoration,2025-07-19 17:28:233
H._squamatum,Other_species,0.262070734315127,0.262070734315127,1,2,-1,restoration,2025-07-19 17:28:233
S._viscosa,Other_species,1.29688318359796,1.29688318359796,1,2,-1,restoration,2025-07-19 17:28:233
C._hispanica,Other_species,2.11420578507858,2.11420578507858,1,2,-1,restoration,2025-07-19 17:28:233
Nurse_S._viscosa,Nurse_G._struthium,-6.96712644426571,-6.96712644426571,1,2,-1,natural,2025-07-19 17:28:233
Nurse_S._viscosa,H._squamatum,1.22313369734153,1.22313369734153,1,2,-1,natural,2025-07-19 17:28:233
Nurse_G._struthium,H._squamatum,0.323289041080262,0.323289041080262,1,2,-1,natural,2025-07-19 17:28:233
Nurse_S._viscosa,S._viscosa,-0.636826005505593,-0.636826005505593,1,2,-1,natural,2025-07-19 17:28:233
Nurse_G._struthium,S._viscosa,0.65173723957117,0.65173723957117,1,2,-1,natural,2025-07-19 17:28:233
H._squamatum,S._viscosa,0.86722866732962,0.86722866732962,1,2,-1,natural,2025-07-19 17:28:233
Nurse_S._viscosa,C._hispanica,0.858460770735442,0.858460770735442,1,2,-1,natural,2025-07-19 17:28:233
Nurse_G._struthium,C._hispanica,-0.0159556381294852,-0.0159556381294852,1,2,-1,natural,2025-07-19 17:28:233
H._squamatum,C._hispanica,0.557018838793877,0.557018838793877,1,2,-1,natural,2025-07-19 17:28:233
S._viscosa,C._hispanica,0.982432985420887,0.982432985420887,1,2,-1,natural,2025-07-19 17:28:233
Nurse_S._viscosa,Other_species,-0.121215350972728,-0.121215350972728,1,2,-1,natural,2025-07-19 17:28:233
Nurse_G._struthium,Other_species,1.89200598285202,1.89200598285202,1,2,-1,natural,2025-07-19 17:28:233
H._squamatum,Other_species,0.533893031889951,0.533893031889951,1,2,-1,natural,2025-07-19 17:28:233
S._viscosa,Other_species,0.574775414138727,0.574775414138727,1,2,-1,natural,2025-07-19 17:28:233
C._hispanica,Other_species,0.64529575765553,0.64529575765553,1,2,-1,natural,2025-07-19 17:28:233
Nurse_S._viscosa,Nurse_G._struthium,-7.53089766467116,-7.53089766467116,1,2,-1,restoration,2025-07-19 17:28:223
Nurse_S._viscosa,H._squamatum,1.76119766744498,1.76119766744498,1,2,-1,restoration,2025-07-19 17:28:223
Nurse_G._struthium,H._squamatum,2.0464271540195,2.0464271540195,1,2,-1,restoration,2025-07-19 17:28:223
Nurse_S._viscosa,S._viscosa,2.74967962007225,2.74967962007225,1,2,-1,restoration,2025-07-19 17:28:223
Nurse_G._struthium,S._viscosa,1.32577314372067,1.32577314372067,1,2,-1,restoration,2025-07-19 17:28:223
H._squamatum,S._viscosa,0.238498975096768,0.238498975096768,1,2,-1,restoration,2025-07-19 17:28:223
Nurse_S._viscosa,C._hispanica,3.19053214807413,3.19053214807413,1,2,-1,restoration,2025-07-19 17:28:223
Nurse_G._struthium,C._hispanica,0.464209479918268,0.464209479918268,1,2,-1,restoration,2025-07-19 17:28:223
H._squamatum,C._hispanica,-0.281974156173356,-0.281974156173356,1,2,-1,restoration,2025-07-19 17:28:223
S._viscosa,C._hispanica,-0.439323860004454,-0.439323860004454,1,2,-1,restoration,2025-07-19 17:28:223
Nurse_S._viscosa,Other_species,1.63168709899896,1.63168709899896,1,2,-1,restoration,2025-07-19 17:28:223
Nurse_G._struthium,Other_species,0.923779591002162,0.923779591002162,1,2,-1,restoration,2025-07-19 17:28:223
H._squamatum,Other_species,0.147487814719281,0.147487814719281,1,2,-1,restoration,2025-07-19 17:28:223
S._viscosa,Other_species,0.442443415096177,0.442443415096177,1,2,-1,restoration,2025-07-19 17:28:223
C._hispanica,Other_species,1.34787010103005,1.34787010103005,1,2,-1,restoration,2025-07-19 17:28:223
Nurse_S._viscosa,Nurse_G._struthium,-6.9468199137168,-6.9468199137168,1,2,-1,natural,2025-07-19 17:28:223
Nurse_S._viscosa,H._squamatum,1.05397146237119,1.05397146237119,1,2,-1,natural,2025-07-19 17:28:223
Nurse_G._struthium,H._squamatum,0.526351419128763,0.526351419128763,1,2,-1,natural,2025-07-19 17:28:223
Nurse_S._viscosa,S._viscosa,-0.321086295267102,-0.321086295267102,1,2,-1,natural,2025-07-19 17:28:223
Nurse_G._struthium,S._viscosa,0.828291506634996,0.828291506634996,1,2,-1,natural,2025-07-19 17:28:223
H._squamatum,S._viscosa,1.05233823706792,1.05233823706792,1,2,-1,natural,2025-07-19 17:28:223
Nurse_S._viscosa,C._hispanica,0.63189833813175,0.63189833813175,1,2,-1,natural,2025-07-19 17:28:223
Nurse_G._struthium,C._hispanica,-0.18709810757075,-0.18709810757075,1,2,-1,natural,2025-07-19 17:28:223
H._squamatum,C._hispanica,0.826704117239096,0.826704117239096,1,2,-1,natural,2025-07-19 17:28:223
S._viscosa,C._hispanica,0.679975830600736,0.679975830600736,1,2,-1,natural,2025-07-19 17:28:223
Nurse_S._viscosa,Other_species,-0.172254080504478,-0.172254080504478,1,2,-1,natural,2025-07-19 17:28:223
Nurse_G._struthium,Other_species,1.65724544426434,1.65724544426434,1,2,-1,natural,2025-07-19 17:28:223
H._squamatum,Other_species,0.611783250361729,0.611783250361729,1,2,-1,natural,2025-07-19 17:28:223
S._viscosa,Other_species,0.552365128885667,0.552365128885667,1,2,-1,natural,2025-07-19 17:28:223
C._hispanica,Other_species,0.56687104732648,0.56687104732648,1,2,-1,natural,2025-07-19 17:28:223
Nurse_S._viscosa,Nurse_G._struthium,-8.147736210498,-8.147736210498,1,2,-1,restoration,2025-07-19 17:28:223
Nurse_S._viscosa,H._squamatum,2.42644028908824,2.42644028908824,1,2,-1,restoration,2025-07-19 17:28:223
Nurse_G._struthium,H._squamatum,3.19995077973481,3.19995077973481,1,2,-1,restoration,2025-07-19 17:28:223
Nurse_S._viscosa,S._viscosa,3.75254989537824,3.75254989537824,1,2,-1,restoration,2025-07-19 17:28:223
Nurse_G._struthium,S._viscosa,0.969500979180705,0.969500979180705,1,2,-1,restoration,2025-07-19 17:28:223
H._squamatum,S._viscosa,0.555025367497855,0.555025367497855,1,2,-1,restoration,2025-07-19 17:28:223
Nurse_S._viscosa,C._hispanica,3.29589748051981,3.29589748051981,1,2,-1,restoration,2025-07-19 17:28:223
Nurse_G._struthium,C._hispanica,0.518830242211236,0.518830242211236,1,2,-1,restoration,2025-07-19 17:28:223
H._squamatum,C._hispanica,-0.0347768450615898,-0.0347768450615898,1,2,-1,restoration,2025-07-19 17:28:223
S._viscosa,C._hispanica,0.024467698273888,0.024467698273888,1,2,-1,restoration,2025-07-19 17:28:223
Nurse_S._viscosa,Other_species,2.0943002741172,2.0943002741172,1,2,-1,restoration,2025-07-19 17:28:223
Nurse_G._struthium,Other_species,2.46308356901814,2.46308356901814,1,2,-1,restoration,2025-07-19 17:28:223
H._squamatum,Other_species,0.939793436957951,0.939793436957951,1,2,-1,restoration,2025-07-19 17:28:223
S._viscosa,Other_species,1.26481927061025,1.26481927061025,1,2,-1,restoration,2025-07-19 17:28:223
C._hispanica,Other_species,1.94825382356502,1.94825382356502,1,2,-1,restoration,2025-07-19 17:28:223
Nurse_S._viscosa,Nurse_G._struthium,-6.70339065866635,-6.70339065866635,1,2,-1,natural,2025-07-19 17:28:223
Nurse_S._viscosa,H._squamatum,1.06134898790963,1.06134898790963,1,2,-1,natural,2025-07-19 17:28:223
Nurse_G._struthium,H._squamatum,0.496813898522083,0.496813898522083,1,2,-1,natural,2025-07-19 17:28:223
Nurse_S._viscosa,S._viscosa,-0.602880602141401,-0.602880602141401,1,2,-1,natural,2025-07-19 17:28:223
Nurse_G._struthium,S._viscosa,0.952065901539634,0.952065901539634,1,2,-1,natural,2025-07-19 17:28:223
H._squamatum,S._viscosa,0.797304875174649,0.797304875174649,1,2,-1,natural,2025-07-19 17:28:223
Nurse_S._viscosa,C._hispanica,0.646346089083913,0.646346089083913,1,2,-1,natural,2025-07-19 17:28:223
Nurse_G._struthium,C._hispanica,-0.349338784117624,-0.349338784117624,1,2,-1,natural,2025-07-19 17:28:223
H._squamatum,C._hispanica,0.758696086169226,0.758696086169226,1,2,-1,natural,2025-07-19 17:28:223
S._viscosa,C._hispanica,0.698696191078953,0.698696191078953,1,2,-1,natural,2025-07-19 17:28:223
Nurse_S._viscosa,Other_species,-0.20756086544518,-0.20756086544518,1,2,-1,natural,2025-07-19 17:28:223
Nurse_G._struthium,Other_species,1.84883532609997,1.84883532609997,1,2,-1,natural,2025-07-19 17:28:223
H._squamatum,Other_species,0.537160391744922,0.537160391744922,1,2,-1,natural,2025-07-19 17:28:223
S._viscosa,Other_species,0.643362065787153,0.643362065787153,1,2,-1,natural,2025-07-19 17:28:223
C._hispanica,Other_species,0.681065653143588,0.681065653143588,1,2,-1,natural,2025-07-19 17:28:223
Nurse_S._viscosa,Nurse_G._struthium,-8.63230481791366,-8.63230481791366,1,2,-1,restoration,2025-07-19 17:28:223
Nurse_S._viscosa,H._squamatum,2.73965198485235,2.73965198485235,1,2,-1,restoration,2025-07-19 17:28:223
Nurse_G._struthium,H._squamatum,3.67777304529613,3.67777304529613,1,2,-1,restoration,2025-07-19 17:28:223
Nurse_S._viscosa,S._viscosa,3.13986579949226,3.13986579949226,1,2,-1,restoration,2025-07-19 17:28:223
Nurse_G._struthium,S._viscosa,0.956999066190179,0.956999066190179,1,2,-1,restoration,2025-07-19 17:28:223
H._squamatum,S._viscosa,0.676706803960423,0.676706803960423,1,2,-1,restoration,2025-07-19 17:28:223
Nurse_S._viscosa,C._hispanica,2.48692986688665,2.48692986688665,1,2,-1,restoration,2025-07-19 17:28:223
Nurse_G._struthium,C._hispanica,1.32544458940005,1.32544458940005,1,2,-1,restoration,2025-07-19 17:28:223
H._squamatum,C._hispanica,0.464290486767346,0.464290486767346,1,2,-1,restoration,2025-07-19 17:28:223
S._viscosa,C._hispanica,-0.484089704835557,-0.484089704835557,1,2,-1,restoration,2025-07-19 17:28:223
Nurse_S._viscosa,Other_species,2.91005302357607,2.91005302357607,1,2,-1,restoration,2025-07-19 17:28:223
Nurse_G._struthium,Other_species,3.56521778116285,3.56521778116285,1,2,-1,restoration,2025-07-19 17:28:223
H._squamatum,Other_species,-0.0928369741650762,-0.0928369741650762,1,2,-1,restoration,2025-07-19 17:28:223
S._viscosa,Other_species,1.39846646444492,1.39846646444492,1,2,-1,restoration,2025-07-19 17:28:223
C._hispanica,Other_species,1.52332209645658,1.52332209645658,1,2,-1,restoration,2025-07-19 17:28:223
Nurse_S._viscosa,Nurse_G._struthium,-7.08638512152297,-7.08638512152297,1,2,-1,natural,2025-07-19 17:28:223
Nurse_S._viscosa,H._squamatum,1.3199186523446,1.3199186523446,1,2,-1,natural,2025-07-19 17:28:223
Nurse_G._struthium,H._squamatum,0.518108863831067,0.518108863831067,1,2,-1,natural,2025-07-19 17:28:223
Nurse_S._viscosa,S._viscosa,-0.399894708455498,-0.399894708455498,1,2,-1,natural,2025-07-19 17:28:223
Nurse_G._struthium,S._viscosa,0.734895949025607,0.734895949025607,1,2,-1,natural,2025-07-19 17:28:223
H._squamatum,S._viscosa,1.10555785518914,1.10555785518914,1,2,-1,natural,2025-07-19 17:28:223
Nurse_S._viscosa,C._hispanica,0.988112599527715,0.988112599527715,1,2,-1,natural,2025-07-19 17:28:223
Nurse_G._struthium,C._hispanica,0.243062794081289,0.243062794081289,1,2,-1,natural,2025-07-19 17:28:223
H._squamatum,C._hispanica,0.83157896526789,0.83157896526789,1,2,-1,natural,2025-07-19 17:28:223
S._viscosa,C._hispanica,0.614758704719122,0.614758704719122,1,2,-1,natural,2025-07-19 17:28:223
Nurse_S._viscosa,Other_species,-0.128168168482403,-0.128168168482403,1,2,-1,natural,2025-07-19 17:28:223
Nurse_G._struthium,Other_species,1.83476114655597,1.83476114655597,1,2,-1,natural,2025-07-19 17:28:223
H._squamatum,Other_species,0.595942674812835,0.595942674812835,1,2,-1,natural,2025-07-19 17:28:223
S._viscosa,Other_species,0.527723686917518,0.527723686917518,1,2,-1,natural,2025-07-19 17:28:223
C._hispanica,Other_species,0.679688877838351,0.679688877838351,1,2,-1,natural,2025-07-19 17:28:223
Nurse_S._viscosa,Nurse_G._struthium,-8.03167681747978,-8.03167681747978,1,2,-1,restoration,2025-07-19 17:28:213
Nurse_S._viscosa,H._squamatum,2.17065874219436,2.17065874219436,1,2,-1,restoration,2025-07-19 17:28:213
Nurse_G._struthium,H._squamatum,2.52198410706923,2.52198410706923,1,2,-1,restoration,2025-07-19 17:28:213
Nurse_S._viscosa,S._viscosa,4.11317757138953,4.11317757138953,1,2,-1,restoration,2025-07-19 17:28:213
Nurse_G._struthium,S._viscosa,1.80117548545133,1.80117548545133,1,2,-1,restoration,2025-07-19 17:28:213
H._squamatum,S._viscosa,-0.591180344997859,-0.591180344997859,1,2,-1,restoration,2025-07-19 17:28:213
Nurse_S._viscosa,C._hispanica,2.51237513074738,2.51237513074738,1,2,-1,restoration,2025-07-19 17:28:213
Nurse_G._struthium,C._hispanica,1.29043590503473,1.29043590503473,1,2,-1,restoration,2025-07-19 17:28:213
H._squamatum,C._hispanica,-1.23494954806804,-1.23494954806804,1,2,-1,restoration,2025-07-19 17:28:213
S._viscosa,C._hispanica,-3.51786883053578e-4,-3.51786883053578e-4,1,2,-1,restoration,2025-07-19 17:28:213
Nurse_S._viscosa,Other_species,3.28399722065261,3.28399722065261,1,2,-1,restoration,2025-07-19 17:28:213
Nurse_G._struthium,Other_species,2.59898825564852,2.59898825564852,1,2,-1,restoration,2025-07-19 17:28:213
H._squamatum,Other_species,0.99161924799399,0.99161924799399,1,2,-1,restoration,2025-07-19 17:28:213
S._viscosa,Other_species,1.18503762570796,1.18503762570796,1,2,-1,restoration,2025-07-19 17:28:213
C._hispanica,Other_species,1.45649772207933,1.45649772207933,1,2,-1,restoration,2025-07-19 17:28:213
Nurse_S._viscosa,Nurse_G._struthium,-7.05668964837209,-7.05668964837209,1,2,-1,natural,2025-07-19 17:28:213
Nurse_S._viscosa,H._squamatum,1.17473687621764,1.17473687621764,1,2,-1,natural,2025-07-19 17:28:213
Nurse_G._struthium,H._squamatum,0.311830960567413,0.311830960567413,1,2,-1,natural,2025-07-19 17:28:213
Nurse_S._viscosa,S._viscosa,-0.308724264285538,-0.308724264285538,1,2,-1,natural,2025-07-19 17:28:213
Nurse_G._struthium,S._viscosa,0.820909927129433,0.820909927129433,1,2,-1,natural,2025-07-19 17:28:213
H._squamatum,S._viscosa,1.0640780428522,1.0640780428522,1,2,-1,natural,2025-07-19 17:28:213
Nurse_S._viscosa,C._hispanica,0.983476742616293,0.983476742616293,1,2,-1,natural,2025-07-19 17:28:213
Nurse_G._struthium,C._hispanica,0.383104143365945,0.383104143365945,1,2,-1,natural,2025-07-19 17:28:213
H._squamatum,C._hispanica,0.404524307286654,0.404524307286654,1,2,-1,natural,2025-07-19 17:28:213
S._viscosa,C._hispanica,1.05467631639972,1.05467631639972,1,2,-1,natural,2025-07-19 17:28:213
Nurse_S._viscosa,Other_species,-0.174922987836648,-0.174922987836648,1,2,-1,natural,2025-07-19 17:28:213
Nurse_G._struthium,Other_species,1.72167211705455,1.72167211705455,1,2,-1,natural,2025-07-19 17:28:213
H._squamatum,Other_species,0.727230754249011,0.727230754249011,1,2,-1,natural,2025-07-19 17:28:213
S._viscosa,Other_species,0.552149279190006,0.552149279190006,1,2,-1,natural,2025-07-19 17:28:213
C._hispanica,Other_species,0.398414345468755,0.398414345468755,1,2,-1,natural,2025-07-19 17:28:213
Nurse_S._viscosa,Nurse_G._struthium,-7.57006375677603,-7.57006375677603,1,2,-1,restoration,2025-07-19 17:28:213
Nurse_S._viscosa,H._squamatum,2.01070244530559,2.01070244530559,1,2,-1,restoration,2025-07-19 17:28:213
Nurse_G._struthium,H._squamatum,2.54574790380093,2.54574790380093,1,2,-1,restoration,2025-07-19 17:28:213
Nurse_S._viscosa,S._viscosa,2.78460154253071,2.78460154253071,1,2,-1,restoration,2025-07-19 17:28:213
Nurse_G._struthium,S._viscosa,1.07157886289688,1.07157886289688,1,2,-1,restoration,2025-07-19 17:28:213
H._squamatum,S._viscosa,0.172445122031258,0.172445122031258,1,2,-1,restoration,2025-07-19 17:28:213
Nurse_S._viscosa,C._hispanica,2.2514119045135,2.2514119045135,1,2,-1,restoration,2025-07-19 17:28:213
Nurse_G._struthium,C._hispanica,1.71782797458677,1.71782797458677,1,2,-1,restoration,2025-07-19 17:28:213
H._squamatum,C._hispanica,-0.382878753392857,-0.382878753392857,1,2,-1,restoration,2025-07-19 17:28:213
S._viscosa,C._hispanica,0.802032662365591,0.802032662365591,1,2,-1,restoration,2025-07-19 17:28:213
Nurse_S._viscosa,Other_species,1.98371535580941,1.98371535580941,1,2,-1,restoration,2025-07-19 17:28:213
Nurse_G._struthium,Other_species,1.95076191751741,1.95076191751741,1,2,-1,restoration,2025-07-19 17:28:213
H._squamatum,Other_species,0.545633477423127,0.545633477423127,1,2,-1,restoration,2025-07-19 17:28:213
S._viscosa,Other_species,1.57579725706931,1.57579725706931,1,2,-1,restoration,2025-07-19 17:28:213
C._hispanica,Other_species,1.54996549579422,1.54996549579422,1,2,-1,restoration,2025-07-19 17:28:213
Nurse_S._viscosa,Nurse_G._struthium,-6.83287028122924,-6.83287028122924,1,2,-1,natural,2025-07-19 17:28:213
Nurse_S._viscosa,H._squamatum,1.39635857992642,1.39635857992642,1,2,-1,natural,2025-07-19 17:28:213
Nurse_G._struthium,H._squamatum,0.644429768039105,0.644429768039105,1,2,-1,natural,2025-07-19 17:28:213
Nurse_S._viscosa,S._viscosa,-0.624770651575255,-0.624770651575255,1,2,-1,natural,2025-07-19 17:28:213
Nurse_G._struthium,S._viscosa,0.605668085321592,0.605668085321592,1,2,-1,natural,2025-07-19 17:28:213
H._squamatum,S._viscosa,0.921911299381835,0.921911299381835,1,2,-1,natural,2025-07-19 17:28:213
Nurse_S._viscosa,C._hispanica,0.70428613581903,0.70428613581903,1,2,-1,natural,2025-07-19 17:28:213
Nurse_G._struthium,C._hispanica,-0.0285907193334026,-0.0285907193334026,1,2,-1,natural,2025-07-19 17:28:213
H._squamatum,C._hispanica,0.797215411784512,0.797215411784512,1,2,-1,natural,2025-07-19 17:28:213
S._viscosa,C._hispanica,0.954077259602924,0.954077259602924,1,2,-1,natural,2025-07-19 17:28:213
Nurse_S._viscosa,Other_species,-0.0112105610875018,-0.0112105610875018,1,2,-1,natural,2025-07-19 17:28:213
Nurse_G._struthium,Other_species,1.79927177964421,1.79927177964421,1,2,-1,natural,2025-07-19 17:28:213
H._squamatum,Other_species,0.485069355594292,0.485069355594292,1,2,-1,natural,2025-07-19 17:28:213
S._viscosa,Other_species,0.777563877916408,0.777563877916408,1,2,-1,natural,2025-07-19 17:28:213
C._hispanica,Other_species,0.443108411857241,0.443108411857241,1,2,-1,natural,2025-07-19 17:28:213
Nurse_S._viscosa,Nurse_G._struthium,-8.31754103563401,-8.31754103563401,1,2,-1,restoration,2025-07-19 17:28:203
Nurse_S._viscosa,H._squamatum,3.53605690340044,3.53605690340044,1,2,-1,restoration,2025-07-19 17:28:203
Nurse_G._struthium,H._squamatum,4.24337876600851,4.24337876600851,1,2,-1,restoration,2025-07-19 17:28:203
Nurse_S._viscosa,S._viscosa,3.11699368606744,3.11699368606744,1,2,-1,restoration,2025-07-19 17:28:203
Nurse_G._struthium,S._viscosa,1.21376970082847,1.21376970082847,1,2,-1,restoration,2025-07-19 17:28:203
H._squamatum,S._viscosa,-3.01913371503223,-3.01913371503223,1,2,-1,restoration,2025-07-19 17:28:203
Nurse_S._viscosa,C._hispanica,2.01262557416436,2.01262557416436,1,2,-1,restoration,2025-07-19 17:28:203
Nurse_G._struthium,C._hispanica,0.881929428541267,0.881929428541267,1,2,-1,restoration,2025-07-19 17:28:203
H._squamatum,C._hispanica,-1.40580633020343,-1.40580633020343,1,2,-1,restoration,2025-07-19 17:28:203
S._viscosa,C._hispanica,-0.349870978731247,-0.349870978731247,1,2,-1,restoration,2025-07-19 17:28:203
Nurse_S._viscosa,Other_species,2.4100271670612,2.4100271670612,1,2,-1,restoration,2025-07-19 17:28:203
Nurse_G._struthium,Other_species,2.66263684892975,2.66263684892975,1,2,-1,restoration,2025-07-19 17:28:203
H._squamatum,Other_species,1.41907594210283,1.41907594210283,1,2,-1,restoration,2025-07-19 17:28:203
S._viscosa,Other_species,1.18667820711074,1.18667820711074,1,2,-1,restoration,2025-07-19 17:28:203
C._hispanica,Other_species,1.86963228183582,1.86963228183582,1,2,-1,restoration,2025-07-19 17:28:203
Nurse_S._viscosa,Nurse_G._struthium,-6.95291338128155,-6.95291338128155,1,2,-1,natural,2025-07-19 17:28:203
Nurse_S._viscosa,H._squamatum,1.32926669883257,1.32926669883257,1,2,-1,natural,2025-07-19 17:28:203
Nurse_G._struthium,H._squamatum,0.834673365009102,0.834673365009102,1,2,-1,natural,2025-07-19 17:28:203
Nurse_S._viscosa,S._viscosa,-0.425079664157797,-0.425079664157797,1,2,-1,natural,2025-07-19 17:28:203
Nurse_G._struthium,S._viscosa,0.569586133498502,0.569586133498502,1,2,-1,natural,2025-07-19 17:28:203
H._squamatum,S._viscosa,0.778074722853329,0.778074722853329,1,2,-1,natural,2025-07-19 17:28:203
Nurse_S._viscosa,C._hispanica,1.05940778986032,1.05940778986032,1,2,-1,natural,2025-07-19 17:28:203
Nurse_G._struthium,C._hispanica,-0.181003959001592,-0.181003959001592,1,2,-1,natural,2025-07-19 17:28:203
H._squamatum,C._hispanica,0.475892600510622,0.475892600510622,1,2,-1,natural,2025-07-19 17:28:203
S._viscosa,C._hispanica,0.853472985832708,0.853472985832708,1,2,-1,natural,2025-07-19 17:28:203
Nurse_S._viscosa,Other_species,-0.28120832780551003,-0.28120832780551003,1,2,-1,natural,2025-07-19 17:28:203
Nurse_G._struthium,Other_species,1.65248082102449,1.65248082102449,1,2,-1,natural,2025-07-19 17:28:203
H._squamatum,Other_species,0.627331470048905,0.627331470048905,1,2,-1,natural,2025-07-19 17:28:203
S._viscosa,Other_species,0.681125737008961,0.681125737008961,1,2,-1,natural,2025-07-19 17:28:203
C._hispanica,Other_species,0.704052057404465,0.704052057404465,1,2,-1,natural,2025-07-19 17:28:203
Nurse_S._viscosa,Nurse_G._struthium,-8.78384257694464,-8.78384257694464,1,2,-1,restoration,2025-07-19 17:28:203
Nurse_S._viscosa,H._squamatum,3.10680390869658,3.10680390869658,1,2,-1,restoration,2025-07-19 17:28:203
Nurse_G._struthium,H._squamatum,4.36958650175488,4.36958650175488,1,2,-1,restoration,2025-07-19 17:28:203
Nurse_S._viscosa,S._viscosa,3.30347529354456,3.30347529354456,1,2,-1,restoration,2025-07-19 17:28:203
Nurse_G._struthium,S._viscosa,0.667413246783287,0.667413246783287,1,2,-1,restoration,2025-07-19 17:28:203
H._squamatum,S._viscosa,0.352275882880894,0.352275882880894,1,2,-1,restoration,2025-07-19 17:28:203
Nurse_S._viscosa,C._hispanica,3.17472008285608,3.17472008285608,1,2,-1,restoration,2025-07-19 17:28:203
Nurse_G._struthium,C._hispanica,1.11315371584995,1.11315371584995,1,2,-1,restoration,2025-07-19 17:28:203
H._squamatum,C._hispanica,-0.100498075844433,-0.100498075844433,1,2,-1,restoration,2025-07-19 17:28:203
S._viscosa,C._hispanica,-0.163773722356754,-0.163773722356754,1,2,-1,restoration,2025-07-19 17:28:203
Nurse_S._viscosa,Other_species,2.41934080119304,2.41934080119304,1,2,-1,restoration,2025-07-19 17:28:203
Nurse_G._struthium,Other_species,2.39638353628674,2.39638353628674,1,2,-1,restoration,2025-07-19 17:28:203
H._squamatum,Other_species,0.187586516991544,0.187586516991544,1,2,-1,restoration,2025-07-19 17:28:203
S._viscosa,Other_species,2.26917761440351,2.26917761440351,1,2,-1,restoration,2025-07-19 17:28:203
C._hispanica,Other_species,1.97699846359917,1.97699846359917,1,2,-1,restoration,2025-07-19 17:28:203
Nurse_S._viscosa,Nurse_G._struthium,-6.90163658736576,-6.90163658736576,1,2,-1,natural,2025-07-19 17:28:203
Nurse_S._viscosa,H._squamatum,1.12303787477951,1.12303787477951,1,2,-1,natural,2025-07-19 17:28:203
Nurse_G._struthium,H._squamatum,0.373109045427291,0.373109045427291,1,2,-1,natural,2025-07-19 17:28:203
Nurse_S._viscosa,S._viscosa,-0.230231083271893,-0.230231083271893,1,2,-1,natural,2025-07-19 17:28:203
Nurse_G._struthium,S._viscosa,1.15742792917634,1.15742792917634,1,2,-1,natural,2025-07-19 17:28:203
H._squamatum,S._viscosa,0.963857505868783,0.963857505868783,1,2,-1,natural,2025-07-19 17:28:203
Nurse_S._viscosa,C._hispanica,0.468822231506377,0.468822231506377,1,2,-1,natural,2025-07-19 17:28:203
Nurse_G._struthium,C._hispanica,-0.202388692259969,-0.202388692259969,1,2,-1,natural,2025-07-19 17:28:203
H._squamatum,C._hispanica,0.751068355583851,0.751068355583851,1,2,-1,natural,2025-07-19 17:28:203
S._viscosa,C._hispanica,0.669917555666379,0.669917555666379,1,2,-1,natural,2025-07-19 17:28:203
Nurse_S._viscosa,Other_species,-0.167161193831237,-0.167161193831237,1,2,-1,natural,2025-07-19 17:28:203
Nurse_G._struthium,Other_species,1.87775976978775,1.87775976978775,1,2,-1,natural,2025-07-19 17:28:203
H._squamatum,Other_species,0.58088338055474,0.58088338055474,1,2,-1,natural,2025-07-19 17:28:203
S._viscosa,Other_species,0.503488323116431,0.503488323116431,1,2,-1,natural,2025-07-19 17:28:203
C._hispanica,Other_species,0.580757560406163,0.580757560406163,1,2,-1,natural,2025-07-19 17:28:203
Nurse_S._viscosa,Nurse_G._struthium,-7.93793575815102,-7.93793575815102,1,2,-1,restoration,2025-07-19 17:28:193
Nurse_S._viscosa,H._squamatum,2.55384292518401,2.55384292518401,1,2,-1,restoration,2025-07-19 17:28:193
Nurse_G._struthium,H._squamatum,2.79438399054684,2.79438399054684,1,2,-1,restoration,2025-07-19 17:28:193
Nurse_S._viscosa,S._viscosa,3.33173996700835,3.33173996700835,1,2,-1,restoration,2025-07-19 17:28:193
Nurse_G._struthium,S._viscosa,0.764024662270303,0.764024662270303,1,2,-1,restoration,2025-07-19 17:28:193
H._squamatum,S._viscosa,0.460523142335335,0.460523142335335,1,2,-1,restoration,2025-07-19 17:28:193
Nurse_S._viscosa,C._hispanica,1.3362317812973,1.3362317812973,1,2,-1,restoration,2025-07-19 17:28:193
Nurse_G._struthium,C._hispanica,0.117481836349716,0.117481836349716,1,2,-1,restoration,2025-07-19 17:28:193
H._squamatum,C._hispanica,0.831068157982315,0.831068157982315,1,2,-1,restoration,2025-07-19 17:28:193
S._viscosa,C._hispanica,0.599586086093582,0.599586086093582,1,2,-1,restoration,2025-07-19 17:28:193
Nurse_S._viscosa,Other_species,0.615784841302305,0.615784841302305,1,2,-1,restoration,2025-07-19 17:28:193
Nurse_G._struthium,Other_species,1.15341639126938,1.15341639126938,1,2,-1,restoration,2025-07-19 17:28:193
H._squamatum,Other_species,0.753252173233668,0.753252173233668,1,2,-1,restoration,2025-07-19 17:28:193
S._viscosa,Other_species,1.12608984287313,1.12608984287313,1,2,-1,restoration,2025-07-19 17:28:193
C._hispanica,Other_species,2.09697193455713,2.09697193455713,1,2,-1,restoration,2025-07-19 17:28:193
Nurse_S._viscosa,Nurse_G._struthium,-6.97268509409214,-6.97268509409214,1,2,-1,natural,2025-07-19 17:28:193
Nurse_S._viscosa,H._squamatum,1.16322716614926,1.16322716614926,1,2,-1,natural,2025-07-19 17:28:193
Nurse_G._struthium,H._squamatum,0.599570696628264,0.599570696628264,1,2,-1,natural,2025-07-19 17:28:193
Nurse_S._viscosa,S._viscosa,-0.510870454522265,-0.510870454522265,1,2,-1,natural,2025-07-19 17:28:193
Nurse_G._struthium,S._viscosa,0.614245112239842,0.614245112239842,1,2,-1,natural,2025-07-19 17:28:193
H._squamatum,S._viscosa,0.878138353098427,0.878138353098427,1,2,-1,natural,2025-07-19 17:28:193
Nurse_S._viscosa,C._hispanica,0.771877750791903,0.771877750791903,1,2,-1,natural,2025-07-19 17:28:193
Nurse_G._struthium,C._hispanica,0.198703270662478,0.198703270662478,1,2,-1,natural,2025-07-19 17:28:193
H._squamatum,C._hispanica,0.500367225303907,0.500367225303907,1,2,-1,natural,2025-07-19 17:28:193
S._viscosa,C._hispanica,0.658514539572071,0.658514539572071,1,2,-1,natural,2025-07-19 17:28:193
Nurse_S._viscosa,Other_species,-0.272680766540924,-0.272680766540924,1,2,-1,natural,2025-07-19 17:28:193
Nurse_G._struthium,Other_species,1.77561195871606,1.77561195871606,1,2,-1,natural,2025-07-19 17:28:193
H._squamatum,Other_species,0.435798489504684,0.435798489504684,1,2,-1,natural,2025-07-19 17:28:193
S._viscosa,Other_species,0.544022865771443,0.544022865771443,1,2,-1,natural,2025-07-19 17:28:193
C._hispanica,Other_species,0.486940819181282,0.486940819181282,1,2,-1,natural,2025-07-19 17:28:193
Nurse_S._viscosa,Nurse_G._struthium,-7.67725153641813,-7.67725153641813,1,2,-1,restoration,2025-07-19 17:28:193
Nurse_S._viscosa,H._squamatum,2.86850611746587,2.86850611746587,1,2,-1,restoration,2025-07-19 17:28:193
Nurse_G._struthium,H._squamatum,3.15780537240986,3.15780537240986,1,2,-1,restoration,2025-07-19 17:28:193
Nurse_S._viscosa,S._viscosa,3.11596753716044,3.11596753716044,1,2,-1,restoration,2025-07-19 17:28:193
Nurse_G._struthium,S._viscosa,0.747114861214188,0.747114861214188,1,2,-1,restoration,2025-07-19 17:28:193
H._squamatum,S._viscosa,-0.379840280121901,-0.379840280121901,1,2,-1,restoration,2025-07-19 17:28:193
Nurse_S._viscosa,C._hispanica,2.10538192312121,2.10538192312121,1,2,-1,restoration,2025-07-19 17:28:193
Nurse_G._struthium,C._hispanica,0.155174851853549,0.155174851853549,1,2,-1,restoration,2025-07-19 17:28:193
H._squamatum,C._hispanica,0.177136965337224,0.177136965337224,1,2,-1,restoration,2025-07-19 17:28:193
S._viscosa,C._hispanica,-8.7217159660323e-4,-8.7217159660323e-4,1,2,-1,restoration,2025-07-19 17:28:193
Nurse_S._viscosa,Other_species,1.04888107863047,1.04888107863047,1,2,-1,restoration,2025-07-19 17:28:193
Nurse_G._struthium,Other_species,1.3707355668449,1.3707355668449,1,2,-1,restoration,2025-07-19 17:28:193
H._squamatum,Other_species,0.321373208414394,0.321373208414394,1,2,-1,restoration,2025-07-19 17:28:193
S._viscosa,Other_species,1.33726633466185,1.33726633466185,1,2,-1,restoration,2025-07-19 17:28:193
C._hispanica,Other_species,2.22090752539201,2.22090752539201,1,2,-1,restoration,2025-07-19 17:28:193
Nurse_S._viscosa,Nurse_G._struthium,-6.98739401651783,-6.98739401651783,1,2,-1,natural,2025-07-19 17:28:193
Nurse_S._viscosa,H._squamatum,1.26474589288419,1.26474589288419,1,2,-1,natural,2025-07-19 17:28:193
Nurse_G._struthium,H._squamatum,0.682470933723767,0.682470933723767,1,2,-1,natural,2025-07-19 17:28:193
Nurse_S._viscosa,S._viscosa,-0.46824980938803,-0.46824980938803,1,2,-1,natural,2025-07-19 17:28:193
Nurse_G._struthium,S._viscosa,0.71231274887484,0.71231274887484,1,2,-1,natural,2025-07-19 17:28:193
H._squamatum,S._viscosa,1.27324800507934,1.27324800507934,1,2,-1,natural,2025-07-19 17:28:193
Nurse_S._viscosa,C._hispanica,0.663223431111371,0.663223431111371,1,2,-1,natural,2025-07-19 17:28:193
Nurse_G._struthium,C._hispanica,0.189738490785126,0.189738490785126,1,2,-1,natural,2025-07-19 17:28:193
H._squamatum,C._hispanica,0.599680826643529,0.599680826643529,1,2,-1,natural,2025-07-19 17:28:193
S._viscosa,C._hispanica,0.540422609968529,0.540422609968529,1,2,-1,natural,2025-07-19 17:28:193
Nurse_S._viscosa,Other_species,-0.24766645400188,-0.24766645400188,1,2,-1,natural,2025-07-19 17:28:193
Nurse_G._struthium,Other_species,1.9817826998644,1.9817826998644,1,2,-1,natural,2025-07-19 17:28:193
H._squamatum,Other_species,0.427581288025764,0.427581288025764,1,2,-1,natural,2025-07-19 17:28:193
S._viscosa,Other_species,0.713723592266288,0.713723592266288,1,2,-1,natural,2025-07-19 17:28:193
C._hispanica,Other_species,0.388273106692624,0.388273106692624,1,2,-1,natural,2025-07-19 17:28:193
Nurse_S._viscosa,Nurse_G._struthium,-7.5180591340369,-7.5180591340369,1,2,-1,restoration,2025-07-19 17:28:193
Nurse_S._viscosa,H._squamatum,2.05893403338332,2.05893403338332,1,2,-1,restoration,2025-07-19 17:28:193
Nurse_G._struthium,H._squamatum,2.56933121718706,2.56933121718706,1,2,-1,restoration,2025-07-19 17:28:193
Nurse_S._viscosa,S._viscosa,3.18998536312319,3.18998536312319,1,2,-1,restoration,2025-07-19 17:28:193
Nurse_G._struthium,S._viscosa,0.7782201630631,0.7782201630631,1,2,-1,restoration,2025-07-19 17:28:193
H._squamatum,S._viscosa,0.465753320838295,0.465753320838295,1,2,-1,restoration,2025-07-19 17:28:193
Nurse_S._viscosa,C._hispanica,3.20180688654299,3.20180688654299,1,2,-1,restoration,2025-07-19 17:28:193
Nurse_G._struthium,C._hispanica,0.225681921457665,0.225681921457665,1,2,-1,restoration,2025-07-19 17:28:193
H._squamatum,C._hispanica,0.773349626370676,0.773349626370676,1,2,-1,restoration,2025-07-19 17:28:193
S._viscosa,C._hispanica,-0.418072291646666,-0.418072291646666,1,2,-1,restoration,2025-07-19 17:28:193
Nurse_S._viscosa,Other_species,2.31095808334093,2.31095808334093,1,2,-1,restoration,2025-07-19 17:28:193
Nurse_G._struthium,Other_species,2.99881270340722,2.99881270340722,1,2,-1,restoration,2025-07-19 17:28:193
H._squamatum,Other_species,0.35220583581401,0.35220583581401,1,2,-1,restoration,2025-07-19 17:28:193
S._viscosa,Other_species,1.59560554010861,1.59560554010861,1,2,-1,restoration,2025-07-19 17:28:193
C._hispanica,Other_species,3.45311339430166,3.45311339430166,1,2,-1,restoration,2025-07-19 17:28:193
Nurse_S._viscosa,Nurse_G._struthium,-7.01142057851532,-7.01142057851532,1,2,-1,natural,2025-07-19 17:28:193
Nurse_S._viscosa,H._squamatum,1.12412229509621,1.12412229509621,1,2,-1,natural,2025-07-19 17:28:193
Nurse_G._struthium,H._squamatum,0.520244481893079,0.520244481893079,1,2,-1,natural,2025-07-19 17:28:193
Nurse_S._viscosa,S._viscosa,-0.737513811889013,-0.737513811889013,1,2,-1,natural,2025-07-19 17:28:193
Nurse_G._struthium,S._viscosa,0.776908579763551,0.776908579763551,1,2,-1,natural,2025-07-19 17:28:193
H._squamatum,S._viscosa,0.863608878707881,0.863608878707881,1,2,-1,natural,2025-07-19 17:28:193
Nurse_S._viscosa,C._hispanica,0.558321377397128,0.558321377397128,1,2,-1,natural,2025-07-19 17:28:193
Nurse_G._struthium,C._hispanica,-0.12974563128304,-0.12974563128304,1,2,-1,natural,2025-07-19 17:28:193
H._squamatum,C._hispanica,0.531806219874232,0.531806219874232,1,2,-1,natural,2025-07-19 17:28:193
S._viscosa,C._hispanica,0.769807256078425,0.769807256078425,1,2,-1,natural,2025-07-19 17:28:193
Nurse_S._viscosa,Other_species,-0.195556941817491,-0.195556941817491,1,2,-1,natural,2025-07-19 17:28:193
Nurse_G._struthium,Other_species,1.58420153818631,1.58420153818631,1,2,-1,natural,2025-07-19 17:28:193
H._squamatum,Other_species,0.436795533475857,0.436795533475857,1,2,-1,natural,2025-07-19 17:28:193
S._viscosa,Other_species,0.735342377198112,0.735342377198112,1,2,-1,natural,2025-07-19 17:28:193
C._hispanica,Other_species,0.543549733011581,0.543549733011581,1,2,-1,natural,2025-07-19 17:28:193
Nurse_S._viscosa,Nurse_G._struthium,-7.04570707991653,-7.04570707991653,1,2,-1,restoration,2025-07-19 17:28:183
Nurse_S._viscosa,H._squamatum,2.00516967340293,2.00516967340293,1,2,-1,restoration,2025-07-19 17:28:183
Nurse_G._struthium,H._squamatum,2.32024243001363,2.32024243001363,1,2,-1,restoration,2025-07-19 17:28:183
Nurse_S._viscosa,S._viscosa,3.22621258249002,3.22621258249002,1,2,-1,restoration,2025-07-19 17:28:183
Nurse_G._struthium,S._viscosa,-0.024682758032273,-0.024682758032273,1,2,-1,restoration,2025-07-19 17:28:183
H._squamatum,S._viscosa,0.0415304051594728,0.0415304051594728,1,2,-1,restoration,2025-07-19 17:28:183
Nurse_S._viscosa,C._hispanica,3.48044855802749,3.48044855802749,1,2,-1,restoration,2025-07-19 17:28:183
Nurse_G._struthium,C._hispanica,0.701820133085216,0.701820133085216,1,2,-1,restoration,2025-07-19 17:28:183
H._squamatum,C._hispanica,0.0105138655597575,0.0105138655597575,1,2,-1,restoration,2025-07-19 17:28:183
S._viscosa,C._hispanica,0.175910443554063,0.175910443554063,1,2,-1,restoration,2025-07-19 17:28:183
Nurse_S._viscosa,Other_species,1.61663562467806,1.61663562467806,1,2,-1,restoration,2025-07-19 17:28:183
Nurse_G._struthium,Other_species,1.49297447108567,1.49297447108567,1,2,-1,restoration,2025-07-19 17:28:183
H._squamatum,Other_species,1.03977741741487,1.03977741741487,1,2,-1,restoration,2025-07-19 17:28:183
S._viscosa,Other_species,1.33824941627106,1.33824941627106,1,2,-1,restoration,2025-07-19 17:28:183
C._hispanica,Other_species,2.33975175695831,2.33975175695831,1,2,-1,restoration,2025-07-19 17:28:183
Nurse_S._viscosa,Nurse_G._struthium,-6.82478833308389,-6.82478833308389,1,2,-1,natural,2025-07-19 17:28:183
Nurse_S._viscosa,H._squamatum,1.05040016234182,1.05040016234182,1,2,-1,natural,2025-07-19 17:28:183
Nurse_G._struthium,H._squamatum,0.484900058575594,0.484900058575594,1,2,-1,natural,2025-07-19 17:28:183
Nurse_S._viscosa,S._viscosa,-0.868595374121711,-0.868595374121711,1,2,-1,natural,2025-07-19 17:28:183
Nurse_G._struthium,S._viscosa,0.65212335824415,0.65212335824415,1,2,-1,natural,2025-07-19 17:28:183
H._squamatum,S._viscosa,0.739485822004937,0.739485822004937,1,2,-1,natural,2025-07-19 17:28:183
Nurse_S._viscosa,C._hispanica,0.814360145766252,0.814360145766252,1,2,-1,natural,2025-07-19 17:28:183
Nurse_G._struthium,C._hispanica,0.00417032423872795,0.00417032423872795,1,2,-1,natural,2025-07-19 17:28:183
H._squamatum,C._hispanica,0.574311286561385,0.574311286561385,1,2,-1,natural,2025-07-19 17:28:183
S._viscosa,C._hispanica,0.589767422740735,0.589767422740735,1,2,-1,natural,2025-07-19 17:28:183
Nurse_S._viscosa,Other_species,-0.32690850774549,-0.32690850774549,1,2,-1,natural,2025-07-19 17:28:183
Nurse_G._struthium,Other_species,1.31301402452709,1.31301402452709,1,2,-1,natural,2025-07-19 17:28:183
H._squamatum,Other_species,0.550161313780191,0.550161313780191,1,2,-1,natural,2025-07-19 17:28:183
S._viscosa,Other_species,0.708918362061539,0.708918362061539,1,2,-1,natural,2025-07-19 17:28:183
C._hispanica,Other_species,0.546063413592181,0.546063413592181,1,2,-1,natural,2025-07-19 17:28:183
Nurse_S._viscosa,Nurse_G._struthium,-7.44080865740444,-7.44080865740444,1,2,-1,restoration,2025-07-19 17:28:183
Nurse_S._viscosa,H._squamatum,2.36352568430498,2.36352568430498,1,2,-1,restoration,2025-07-19 17:28:183
Nurse_G._struthium,H._squamatum,2.56365773784272,2.56365773784272,1,2,-1,restoration,2025-07-19 17:28:183
Nurse_S._viscosa,S._viscosa,3.44099964083513,3.44099964083513,1,2,-1,restoration,2025-07-19 17:28:183
Nurse_G._struthium,S._viscosa,1.07133614914301,1.07133614914301,1,2,-1,restoration,2025-07-19 17:28:183
H._squamatum,S._viscosa,-0.459966269995159,-0.459966269995159,1,2,-1,restoration,2025-07-19 17:28:183
Nurse_S._viscosa,C._hispanica,3.42965735588619,3.42965735588619,1,2,-1,restoration,2025-07-19 17:28:183
Nurse_G._struthium,C._hispanica,0.877782626707831,0.877782626707831,1,2,-1,restoration,2025-07-19 17:28:183
H._squamatum,C._hispanica,-1.14764729962648,-1.14764729962648,1,2,-1,restoration,2025-07-19 17:28:183
S._viscosa,C._hispanica,-0.749533812817857,-0.749533812817857,1,2,-1,restoration,2025-07-19 17:28:183
Nurse_S._viscosa,Other_species,2.39602711094678,2.39602711094678,1,2,-1,restoration,2025-07-19 17:28:183
Nurse_G._struthium,Other_species,2.11868507585163,2.11868507585163,1,2,-1,restoration,2025-07-19 17:28:183
H._squamatum,Other_species,0.650778534124657,0.650778534124657,1,2,-1,restoration,2025-07-19 17:28:183
S._viscosa,Other_species,1.07595552302882,1.07595552302882,1,2,-1,restoration,2025-07-19 17:28:183
C._hispanica,Other_species,1.91030340277313,1.91030340277313,1,2,-1,restoration,2025-07-19 17:28:183
Nurse_S._viscosa,Nurse_G._struthium,-6.80340027839163,-6.80340027839163,1,2,-1,natural,2025-07-19 17:28:183
Nurse_S._viscosa,H._squamatum,1.32179634060324,1.32179634060324,1,2,-1,natural,2025-07-19 17:28:183
Nurse_G._struthium,H._squamatum,0.386115634788135,0.386115634788135,1,2,-1,natural,2025-07-19 17:28:183
Nurse_S._viscosa,S._viscosa,-0.588260209734307,-0.588260209734307,1,2,-1,natural,2025-07-19 17:28:183
Nurse_G._struthium,S._viscosa,0.71528920760525,0.71528920760525,1,2,-1,natural,2025-07-19 17:28:183
H._squamatum,S._viscosa,1.05082679154642,1.05082679154642,1,2,-1,natural,2025-07-19 17:28:183
Nurse_S._viscosa,C._hispanica,0.560024537114141,0.560024537114141,1,2,-1,natural,2025-07-19 17:28:183
Nurse_G._struthium,C._hispanica,-0.0255420178614452,-0.0255420178614452,1,2,-1,natural,2025-07-19 17:28:183
H._squamatum,C._hispanica,0.703609441251668,0.703609441251668,1,2,-1,natural,2025-07-19 17:28:183
S._viscosa,C._hispanica,0.763431957600648,0.763431957600648,1,2,-1,natural,2025-07-19 17:28:183
Nurse_S._viscosa,Other_species,-0.267269288839833,-0.267269288839833,1,2,-1,natural,2025-07-19 17:28:183
Nurse_G._struthium,Other_species,1.69851037410758,1.69851037410758,1,2,-1,natural,2025-07-19 17:28:183
H._squamatum,Other_species,0.590435769026978,0.590435769026978,1,2,-1,natural,2025-07-19 17:28:183
S._viscosa,Other_species,0.654355720647047,0.654355720647047,1,2,-1,natural,2025-07-19 17:28:183
C._hispanica,Other_species,0.507420166661325,0.507420166661325,1,2,-1,natural,2025-07-19 17:28:183
Nurse_S._viscosa,Nurse_G._struthium,-7.92289248352598,-7.92289248352598,1,2,-1,restoration,2025-07-19 17:28:173
Nurse_S._viscosa,H._squamatum,2.75285334744765,2.75285334744765,1,2,-1,restoration,2025-07-19 17:28:173
Nurse_G._struthium,H._squamatum,3.8064847879016,3.8064847879016,1,2,-1,restoration,2025-07-19 17:28:173
Nurse_S._viscosa,S._viscosa,2.99576438250339,2.99576438250339,1,2,-1,restoration,2025-07-19 17:28:173
Nurse_G._struthium,S._viscosa,0.618568219252333,0.618568219252333,1,2,-1,restoration,2025-07-19 17:28:173
H._squamatum,S._viscosa,0.26280802930973,0.26280802930973,1,2,-1,restoration,2025-07-19 17:28:173
Nurse_S._viscosa,C._hispanica,0.611642851644215,0.611642851644215,1,2,-1,restoration,2025-07-19 17:28:173
Nurse_G._struthium,C._hispanica,-0.89846348327277,-0.89846348327277,1,2,-1,restoration,2025-07-19 17:28:173
H._squamatum,C._hispanica,0.69755605036277,0.69755605036277,1,2,-1,restoration,2025-07-19 17:28:173
S._viscosa,C._hispanica,0.555705977319968,0.555705977319968,1,2,-1,restoration,2025-07-19 17:28:173
Nurse_S._viscosa,Other_species,1.54969331295726,1.54969331295726,1,2,-1,restoration,2025-07-19 17:28:173
Nurse_G._struthium,Other_species,2.287290942603,2.287290942603,1,2,-1,restoration,2025-07-19 17:28:173
H._squamatum,Other_species,-0.0869021814612068,-0.0869021814612068,1,2,-1,restoration,2025-07-19 17:28:173
S._viscosa,Other_species,1.39444577684174,1.39444577684174,1,2,-1,restoration,2025-07-19 17:28:173
C._hispanica,Other_species,1.71870984370196,1.71870984370196,1,2,-1,restoration,2025-07-19 17:28:173
Nurse_S._viscosa,Nurse_G._struthium,-6.85579880331265,-6.85579880331265,1,2,-1,natural,2025-07-19 17:28:173
Nurse_S._viscosa,H._squamatum,1.20145503897227,1.20145503897227,1,2,-1,natural,2025-07-19 17:28:173
Nurse_G._struthium,H._squamatum,0.479787405845507,0.479787405845507,1,2,-1,natural,2025-07-19 17:28:173
Nurse_S._viscosa,S._viscosa,-0.444198091973215,-0.444198091973215,1,2,-1,natural,2025-07-19 17:28:173
Nurse_G._struthium,S._viscosa,0.69817942959773,0.69817942959773,1,2,-1,natural,2025-07-19 17:28:173
H._squamatum,S._viscosa,1.29321816205939,1.29321816205939,1,2,-1,natural,2025-07-19 17:28:173
Nurse_S._viscosa,C._hispanica,0.604276082876697,0.604276082876697,1,2,-1,natural,2025-07-19 17:28:173
Nurse_G._struthium,C._hispanica,-0.204056104531771,-0.204056104531771,1,2,-1,natural,2025-07-19 17:28:173
H._squamatum,C._hispanica,0.494573423160365,0.494573423160365,1,2,-1,natural,2025-07-19 17:28:173
S._viscosa,C._hispanica,0.739477476107602,0.739477476107602,1,2,-1,natural,2025-07-19 17:28:173
Nurse_S._viscosa,Other_species,-0.443070305567433,-0.443070305567433,1,2,-1,natural,2025-07-19 17:28:173
Nurse_G._struthium,Other_species,1.89427888605459,1.89427888605459,1,2,-1,natural,2025-07-19 17:28:173
H._squamatum,Other_species,0.655033762702021,0.655033762702021,1,2,-1,natural,2025-07-19 17:28:173
S._viscosa,Other_species,0.648499057078431,0.648499057078431,1,2,-1,natural,2025-07-19 17:28:173
C._hispanica,Other_species,0.30033303490568,0.30033303490568,1,2,-1,natural,2025-07-19 17:28:173
Nurse_S._viscosa,Nurse_G._struthium,-7.86206189794336,-7.86206189794336,1,2,-1,restoration,2025-07-19 17:28:173
Nurse_S._viscosa,H._squamatum,1.84615817977921,1.84615817977921,1,2,-1,restoration,2025-07-19 17:28:173
Nurse_G._struthium,H._squamatum,2.52362264423435,2.52362264423435,1,2,-1,restoration,2025-07-19 17:28:173
Nurse_S._viscosa,S._viscosa,3.01490813306135,3.01490813306135,1,2,-1,restoration,2025-07-19 17:28:173
Nurse_G._struthium,S._viscosa,0.821945911243655,0.821945911243655,1,2,-1,restoration,2025-07-19 17:28:173
H._squamatum,S._viscosa,0.863292927078523,0.863292927078523,1,2,-1,restoration,2025-07-19 17:28:173
Nurse_S._viscosa,C._hispanica,3.46489448130761,3.46489448130761,1,2,-1,restoration,2025-07-19 17:28:173
Nurse_G._struthium,C._hispanica,1.21008035445147,1.21008035445147,1,2,-1,restoration,2025-07-19 17:28:173
H._squamatum,C._hispanica,0.470863830268936,0.470863830268936,1,2,-1,restoration,2025-07-19 17:28:173
S._viscosa,C._hispanica,0.286506018353204,0.286506018353204,1,2,-1,restoration,2025-07-19 17:28:173
Nurse_S._viscosa,Other_species,2.46775875475407,2.46775875475407,1,2,-1,restoration,2025-07-19 17:28:173
Nurse_G._struthium,Other_species,2.35206656574459,2.35206656574459,1,2,-1,restoration,2025-07-19 17:28:173
H._squamatum,Other_species,0.0783884655880528,0.0783884655880528,1,2,-1,restoration,2025-07-19 17:28:173
S._viscosa,Other_species,1.20905824404409,1.20905824404409,1,2,-1,restoration,2025-07-19 17:28:173
C._hispanica,Other_species,2.2403800582378,2.2403800582378,1,2,-1,restoration,2025-07-19 17:28:173
Nurse_S._viscosa,Nurse_G._struthium,-6.78523520630173,-6.78523520630173,1,2,-1,natural,2025-07-19 17:28:173
Nurse_S._viscosa,H._squamatum,1.32384684178046,1.32384684178046,1,2,-1,natural,2025-07-19 17:28:173
Nurse_G._struthium,H._squamatum,0.443660311969363,0.443660311969363,1,2,-1,natural,2025-07-19 17:28:173
Nurse_S._viscosa,S._viscosa,-0.750616023404723,-0.750616023404723,1,2,-1,natural,2025-07-19 17:28:173
Nurse_G._struthium,S._viscosa,0.538367852574625,0.538367852574625,1,2,-1,natural,2025-07-19 17:28:173
H._squamatum,S._viscosa,1.15015808692325,1.15015808692325,1,2,-1,natural,2025-07-19 17:28:173
Nurse_S._viscosa,C._hispanica,0.813640093820613,0.813640093820613,1,2,-1,natural,2025-07-19 17:28:173
Nurse_G._struthium,C._hispanica,-0.102409425715313,-0.102409425715313,1,2,-1,natural,2025-07-19 17:28:173
H._squamatum,C._hispanica,0.694558963210763,0.694558963210763,1,2,-1,natural,2025-07-19 17:28:173
S._viscosa,C._hispanica,0.6923188344363,0.6923188344363,1,2,-1,natural,2025-07-19 17:28:173
Nurse_S._viscosa,Other_species,-0.240542044007028,-0.240542044007028,1,2,-1,natural,2025-07-19 17:28:173
Nurse_G._struthium,Other_species,2.11859533515888,2.11859533515888,1,2,-1,natural,2025-07-19 17:28:173
H._squamatum,Other_species,0.694616182653215,0.694616182653215,1,2,-1,natural,2025-07-19 17:28:173
S._viscosa,Other_species,0.730679648655578,0.730679648655578,1,2,-1,natural,2025-07-19 17:28:173
C._hispanica,Other_species,0.498620841111935,0.498620841111935,1,2,-1,natural,2025-07-19 17:28:173
Nurse_S._viscosa,Nurse_G._struthium,-7.96245232652444,-7.96245232652444,1,2,-1,restoration,2025-07-19 17:28:173
Nurse_S._viscosa,H._squamatum,3.44076449687282,3.44076449687282,1,2,-1,restoration,2025-07-19 17:28:173
Nurse_G._struthium,H._squamatum,3.49531678102079,3.49531678102079,1,2,-1,restoration,2025-07-19 17:28:173
Nurse_S._viscosa,S._viscosa,3.01848764266243,3.01848764266243,1,2,-1,restoration,2025-07-19 17:28:173
Nurse_G._struthium,S._viscosa,1.09834615528482,1.09834615528482,1,2,-1,restoration,2025-07-19 17:28:173
H._squamatum,S._viscosa,-0.184694441783995,-0.184694441783995,1,2,-1,restoration,2025-07-19 17:28:173
Nurse_S._viscosa,C._hispanica,1.99967192096552,1.99967192096552,1,2,-1,restoration,2025-07-19 17:28:173
Nurse_G._struthium,C._hispanica,0.659489567300206,0.659489567300206,1,2,-1,restoration,2025-07-19 17:28:173
H._squamatum,C._hispanica,-1.56205608235069,-1.56205608235069,1,2,-1,restoration,2025-07-19 17:28:173
S._viscosa,C._hispanica,0.569536069681047,0.569536069681047,1,2,-1,restoration,2025-07-19 17:28:173
Nurse_S._viscosa,Other_species,2.19539279194193,2.19539279194193,1,2,-1,restoration,2025-07-19 17:28:173
Nurse_G._struthium,Other_species,2.63956870900298,2.63956870900298,1,2,-1,restoration,2025-07-19 17:28:173
H._squamatum,Other_species,0.674739837375498,0.674739837375498,1,2,-1,restoration,2025-07-19 17:28:173
S._viscosa,Other_species,1.28232873806019,1.28232873806019,1,2,-1,restoration,2025-07-19 17:28:173
C._hispanica,Other_species,1.98819760191798,1.98819760191798,1,2,-1,restoration,2025-07-19 17:28:173
Nurse_S._viscosa,Nurse_G._struthium,-6.83963737526885,-6.83963737526885,1,2,-1,natural,2025-07-19 17:28:173
Nurse_S._viscosa,H._squamatum,1.06607298306711,1.06607298306711,1,2,-1,natural,2025-07-19 17:28:173
Nurse_G._struthium,H._squamatum,0.401275480904912,0.401275480904912,1,2,-1,natural,2025-07-19 17:28:173
Nurse_S._viscosa,S._viscosa,-0.686634467674272,-0.686634467674272,1,2,-1,natural,2025-07-19 17:28:173
Nurse_G._struthium,S._viscosa,0.690554711885799,0.690554711885799,1,2,-1,natural,2025-07-19 17:28:173
H._squamatum,S._viscosa,0.818448193663373,0.818448193663373,1,2,-1,natural,2025-07-19 17:28:173
Nurse_S._viscosa,C._hispanica,0.528126047417291,0.528126047417291,1,2,-1,natural,2025-07-19 17:28:173
Nurse_G._struthium,C._hispanica,-0.195389891559426,-0.195389891559426,1,2,-1,natural,2025-07-19 17:28:173
H._squamatum,C._hispanica,0.622537794266206,0.622537794266206,1,2,-1,natural,2025-07-19 17:28:173
S._viscosa,C._hispanica,0.777525382203536,0.777525382203536,1,2,-1,natural,2025-07-19 17:28:173
Nurse_S._viscosa,Other_species,0.0269746578770397,0.0269746578770397,1,2,-1,natural,2025-07-19 17:28:173
Nurse_G._struthium,Other_species,2.01231718169621,2.01231718169621,1,2,-1,natural,2025-07-19 17:28:173
H._squamatum,Other_species,0.660563361340013,0.660563361340013,1,2,-1,natural,2025-07-19 17:28:173
S._viscosa,Other_species,0.858647070923415,0.858647070923415,1,2,-1,natural,2025-07-19 17:28:173
C._hispanica,Other_species,0.474663432805427,0.474663432805427,1,2,-1,natural,2025-07-19 17:28:173
Nurse_S._viscosa,Nurse_G._struthium,-8.45067868396602,-8.45067868396602,1,2,-1,restoration,2025-07-19 17:28:163
Nurse_S._viscosa,H._squamatum,2.26557732462858,2.26557732462858,1,2,-1,restoration,2025-07-19 17:28:163
Nurse_G._struthium,H._squamatum,3.0088027531857,3.0088027531857,1,2,-1,restoration,2025-07-19 17:28:163
Nurse_S._viscosa,S._viscosa,3.26381587014744,3.26381587014744,1,2,-1,restoration,2025-07-19 17:28:163
Nurse_G._struthium,S._viscosa,1.3663889472454,1.3663889472454,1,2,-1,restoration,2025-07-19 17:28:163
H._squamatum,S._viscosa,0.609948959632149,0.609948959632149,1,2,-1,restoration,2025-07-19 17:28:163
Nurse_S._viscosa,C._hispanica,1.66520109865801,1.66520109865801,1,2,-1,restoration,2025-07-19 17:28:163
Nurse_G._struthium,C._hispanica,0.103735303937819,0.103735303937819,1,2,-1,restoration,2025-07-19 17:28:163
H._squamatum,C._hispanica,-0.359798850587165,-0.359798850587165,1,2,-1,restoration,2025-07-19 17:28:163
S._viscosa,C._hispanica,1.22490463038802,1.22490463038802,1,2,-1,restoration,2025-07-19 17:28:163
Nurse_S._viscosa,Other_species,1.7608343255888,1.7608343255888,1,2,-1,restoration,2025-07-19 17:28:163
Nurse_G._struthium,Other_species,1.7506425658772,1.7506425658772,1,2,-1,restoration,2025-07-19 17:28:163
H._squamatum,Other_species,0.384018382273774,0.384018382273774,1,2,-1,restoration,2025-07-19 17:28:163
S._viscosa,Other_species,1.17979604097354,1.17979604097354,1,2,-1,restoration,2025-07-19 17:28:163
C._hispanica,Other_species,1.92635647991915,1.92635647991915,1,2,-1,restoration,2025-07-19 17:28:163
Nurse_S._viscosa,Nurse_G._struthium,-6.82919097129088,-6.82919097129088,1,2,-1,natural,2025-07-19 17:28:163
Nurse_S._viscosa,H._squamatum,1.26629200099849,1.26629200099849,1,2,-1,natural,2025-07-19 17:28:163
Nurse_G._struthium,H._squamatum,0.585500894031449,0.585500894031449,1,2,-1,natural,2025-07-19 17:28:163
Nurse_S._viscosa,S._viscosa,-0.761417304713298,-0.761417304713298,1,2,-1,natural,2025-07-19 17:28:163
Nurse_G._struthium,S._viscosa,0.976431927736431,0.976431927736431,1,2,-1,natural,2025-07-19 17:28:163
H._squamatum,S._viscosa,1.13202562874109,1.13202562874109,1,2,-1,natural,2025-07-19 17:28:163
Nurse_S._viscosa,C._hispanica,0.860201191994565,0.860201191994565,1,2,-1,natural,2025-07-19 17:28:163
Nurse_G._struthium,C._hispanica,-0.174395154272063,-0.174395154272063,1,2,-1,natural,2025-07-19 17:28:163
H._squamatum,C._hispanica,0.592737723389333,0.592737723389333,1,2,-1,natural,2025-07-19 17:28:163
S._viscosa,C._hispanica,0.765363418314631,0.765363418314631,1,2,-1,natural,2025-07-19 17:28:163
Nurse_S._viscosa,Other_species,-0.137064114177107,-0.137064114177107,1,2,-1,natural,2025-07-19 17:28:163
Nurse_G._struthium,Other_species,1.8466686028809,1.8466686028809,1,2,-1,natural,2025-07-19 17:28:163
H._squamatum,Other_species,0.490281592508369,0.490281592508369,1,2,-1,natural,2025-07-19 17:28:163
S._viscosa,Other_species,0.526210766884595,0.526210766884595,1,2,-1,natural,2025-07-19 17:28:163
C._hispanica,Other_species,0.577378714859537,0.577378714859537,1,2,-1,natural,2025-07-19 17:28:163
Nurse_S._viscosa,Nurse_G._struthium,-9.43587526340248,-9.43587526340248,1,2,-1,restoration,2025-07-19 17:28:163
Nurse_S._viscosa,H._squamatum,3.64311410021859,3.64311410021859,1,2,-1,restoration,2025-07-19 17:28:163
Nurse_G._struthium,H._squamatum,4.06934668280899,4.06934668280899,1,2,-1,restoration,2025-07-19 17:28:163
Nurse_S._viscosa,S._viscosa,3.93455759868577,3.93455759868577,1,2,-1,restoration,2025-07-19 17:28:163
Nurse_G._struthium,S._viscosa,1.54191132247047,1.54191132247047,1,2,-1,restoration,2025-07-19 17:28:163
H._squamatum,S._viscosa,-0.175218571847909,-0.175218571847909,1,2,-1,restoration,2025-07-19 17:28:163
Nurse_S._viscosa,C._hispanica,2.73206029426592,2.73206029426592,1,2,-1,restoration,2025-07-19 17:28:163
Nurse_G._struthium,C._hispanica,-1.33620344340546,-1.33620344340546,1,2,-1,restoration,2025-07-19 17:28:163
H._squamatum,C._hispanica,-0.24102498262068,-0.24102498262068,1,2,-1,restoration,2025-07-19 17:28:163
S._viscosa,C._hispanica,-0.406199345782224,-0.406199345782224,1,2,-1,restoration,2025-07-19 17:28:163
Nurse_S._viscosa,Other_species,2.84329856474026,2.84329856474026,1,2,-1,restoration,2025-07-19 17:28:163
Nurse_G._struthium,Other_species,3.37821185638817,3.37821185638817,1,2,-1,restoration,2025-07-19 17:28:163
H._squamatum,Other_species,0.430368641643328,0.430368641643328,1,2,-1,restoration,2025-07-19 17:28:163
S._viscosa,Other_species,1.16342060254356,1.16342060254356,1,2,-1,restoration,2025-07-19 17:28:163
C._hispanica,Other_species,3.04258607442274,3.04258607442274,1,2,-1,restoration,2025-07-19 17:28:163
Nurse_S._viscosa,Nurse_G._struthium,-7.04244601800715,-7.04244601800715,1,2,-1,natural,2025-07-19 17:28:163
Nurse_S._viscosa,H._squamatum,1.18704465225781,1.18704465225781,1,2,-1,natural,2025-07-19 17:28:163
Nurse_G._struthium,H._squamatum,0.603757644448206,0.603757644448206,1,2,-1,natural,2025-07-19 17:28:163
Nurse_S._viscosa,S._viscosa,-0.28345111895406,-0.28345111895406,1,2,-1,natural,2025-07-19 17:28:163
Nurse_G._struthium,S._viscosa,0.77656627034448,0.77656627034448,1,2,-1,natural,2025-07-19 17:28:163
H._squamatum,S._viscosa,0.953197368007196,0.953197368007196,1,2,-1,natural,2025-07-19 17:28:163
Nurse_S._viscosa,C._hispanica,0.796789417777844,0.796789417777844,1,2,-1,natural,2025-07-19 17:28:163
Nurse_G._struthium,C._hispanica,-0.361265442022779,-0.361265442022779,1,2,-1,natural,2025-07-19 17:28:163
H._squamatum,C._hispanica,0.549523088467685,0.549523088467685,1,2,-1,natural,2025-07-19 17:28:163
S._viscosa,C._hispanica,0.78753368081097,0.78753368081097,1,2,-1,natural,2025-07-19 17:28:163
Nurse_S._viscosa,Other_species,-0.0936834630552055,-0.0936834630552055,1,2,-1,natural,2025-07-19 17:28:163
Nurse_G._struthium,Other_species,1.46474763694502,1.46474763694502,1,2,-1,natural,2025-07-19 17:28:163
H._squamatum,Other_species,0.535182015883594,0.535182015883594,1,2,-1,natural,2025-07-19 17:28:163
S._viscosa,Other_species,0.50619087349506,0.50619087349506,1,2,-1,natural,2025-07-19 17:28:163
C._hispanica,Other_species,0.705766522366795,0.705766522366795,1,2,-1,natural,2025-07-19 17:28:163
Nurse_S._viscosa,Nurse_G._struthium,-7.48310552538309,-7.48310552538309,1,2,-1,restoration,2025-07-19 17:28:163
Nurse_S._viscosa,H._squamatum,2.41319812141,2.41319812141,1,2,-1,restoration,2025-07-19 17:28:163
Nurse_G._struthium,H._squamatum,2.48471769870004,2.48471769870004,1,2,-1,restoration,2025-07-19 17:28:163
Nurse_S._viscosa,S._viscosa,2.83142325746816,2.83142325746816,1,2,-1,restoration,2025-07-19 17:28:163
Nurse_G._struthium,S._viscosa,0.925471592106346,0.925471592106346,1,2,-1,restoration,2025-07-19 17:28:163
H._squamatum,S._viscosa,0.319431834559423,0.319431834559423,1,2,-1,restoration,2025-07-19 17:28:163
Nurse_S._viscosa,C._hispanica,2.28048580847775,2.28048580847775,1,2,-1,restoration,2025-07-19 17:28:163
Nurse_G._struthium,C._hispanica,0.0846821505264769,0.0846821505264769,1,2,-1,restoration,2025-07-19 17:28:163
H._squamatum,C._hispanica,-0.630738635220804,-0.630738635220804,1,2,-1,restoration,2025-07-19 17:28:163
S._viscosa,C._hispanica,-0.351994267670875,-0.351994267670875,1,2,-1,restoration,2025-07-19 17:28:163
Nurse_S._viscosa,Other_species,1.51808726265757,1.51808726265757,1,2,-1,restoration,2025-07-19 17:28:163
Nurse_G._struthium,Other_species,2.03451220122878,2.03451220122878,1,2,-1,restoration,2025-07-19 17:28:163
H._squamatum,Other_species,0.587101643377981,0.587101643377981,1,2,-1,restoration,2025-07-19 17:28:163
S._viscosa,Other_species,1.30750971164918,1.30750971164918,1,2,-1,restoration,2025-07-19 17:28:163
C._hispanica,Other_species,2.73581178231558,2.73581178231558,1,2,-1,restoration,2025-07-19 17:28:163
Nurse_S._viscosa,Nurse_G._struthium,-6.79297277280919,-6.79297277280919,1,2,-1,natural,2025-07-19 17:28:163
Nurse_S._viscosa,H._squamatum,1.23618076793074,1.23618076793074,1,2,-1,natural,2025-07-19 17:28:163
Nurse_G._struthium,H._squamatum,0.254742879976337,0.254742879976337,1,2,-1,natural,2025-07-19 17:28:163
Nurse_S._viscosa,S._viscosa,-0.39513241570389,-0.39513241570389,1,2,-1,natural,2025-07-19 17:28:163
Nurse_G._struthium,S._viscosa,0.694979509049455,0.694979509049455,1,2,-1,natural,2025-07-19 17:28:163
H._squamatum,S._viscosa,0.920863505626474,0.920863505626474,1,2,-1,natural,2025-07-19 17:28:163
Nurse_S._viscosa,C._hispanica,0.428989210091902,0.428989210091902,1,2,-1,natural,2025-07-19 17:28:163
Nurse_G._struthium,C._hispanica,-0.195812171376823,-0.195812171376823,1,2,-1,natural,2025-07-19 17:28:163
H._squamatum,C._hispanica,0.884291221828148,0.884291221828148,1,2,-1,natural,2025-07-19 17:28:163
S._viscosa,C._hispanica,0.600044401825301,0.600044401825301,1,2,-1,natural,2025-07-19 17:28:163
Nurse_S._viscosa,Other_species,-0.335533092573988,-0.335533092573988,1,2,-1,natural,2025-07-19 17:28:163
Nurse_G._struthium,Other_species,1.92130787563533,1.92130787563533,1,2,-1,natural,2025-07-19 17:28:163
H._squamatum,Other_species,0.737337005399594,0.737337005399594,1,2,-1,natural,2025-07-19 17:28:163
S._viscosa,Other_species,0.655247000483575,0.655247000483575,1,2,-1,natural,2025-07-19 17:28:163
C._hispanica,Other_species,0.60710897452416,0.60710897452416,1,2,-1,natural,2025-07-19 17:28:163
Nurse_S._viscosa,Nurse_G._struthium,-9.70162370426856,-9.70162370426856,1,2,-1,restoration,2025-07-19 17:28:153
Nurse_S._viscosa,H._squamatum,2.74239149770726,2.74239149770726,1,2,-1,restoration,2025-07-19 17:28:153
Nurse_G._struthium,H._squamatum,4.32379729750557,4.32379729750557,1,2,-1,restoration,2025-07-19 17:28:153
Nurse_S._viscosa,S._viscosa,4.42894196155602,4.42894196155602,1,2,-1,restoration,2025-07-19 17:28:153
Nurse_G._struthium,S._viscosa,2.08379644039698,2.08379644039698,1,2,-1,restoration,2025-07-19 17:28:153
H._squamatum,S._viscosa,0.377674983071897,0.377674983071897,1,2,-1,restoration,2025-07-19 17:28:153
Nurse_S._viscosa,C._hispanica,2.32757600312321,2.32757600312321,1,2,-1,restoration,2025-07-19 17:28:153
Nurse_G._struthium,C._hispanica,-0.75384936783236,-0.75384936783236,1,2,-1,restoration,2025-07-19 17:28:153
H._squamatum,C._hispanica,1.18260820949205,1.18260820949205,1,2,-1,restoration,2025-07-19 17:28:153
S._viscosa,C._hispanica,-0.254016997613609,-0.254016997613609,1,2,-1,restoration,2025-07-19 17:28:153
Nurse_S._viscosa,Other_species,3.37232717290339,3.37232717290339,1,2,-1,restoration,2025-07-19 17:28:153
Nurse_G._struthium,Other_species,3.52927992186971,3.52927992186971,1,2,-1,restoration,2025-07-19 17:28:153
H._squamatum,Other_species,0.388569834426721,0.388569834426721,1,2,-1,restoration,2025-07-19 17:28:153
S._viscosa,Other_species,1.40241893712273,1.40241893712273,1,2,-1,restoration,2025-07-19 17:28:153
C._hispanica,Other_species,2.90001576816225,2.90001576816225,1,2,-1,restoration,2025-07-19 17:28:153
Nurse_S._viscosa,Nurse_G._struthium,-7.18265815340666,-7.18265815340666,1,2,-1,natural,2025-07-19 17:28:153
Nurse_S._viscosa,H._squamatum,1.23890831239867,1.23890831239867,1,2,-1,natural,2025-07-19 17:28:153
Nurse_G._struthium,H._squamatum,0.35905819685669,0.35905819685669,1,2,-1,natural,2025-07-19 17:28:153
Nurse_S._viscosa,S._viscosa,-0.383464457609202,-0.383464457609202,1,2,-1,natural,2025-07-19 17:28:153
Nurse_G._struthium,S._viscosa,0.758966233769439,0.758966233769439,1,2,-1,natural,2025-07-19 17:28:153
H._squamatum,S._viscosa,1.02356613197885,1.02356613197885,1,2,-1,natural,2025-07-19 17:28:153
Nurse_S._viscosa,C._hispanica,1.0097056351279,1.0097056351279,1,2,-1,natural,2025-07-19 17:28:153
Nurse_G._struthium,C._hispanica,0.245390434139995,0.245390434139995,1,2,-1,natural,2025-07-19 17:28:153
H._squamatum,C._hispanica,0.696893500006915,0.696893500006915,1,2,-1,natural,2025-07-19 17:28:153
S._viscosa,C._hispanica,0.721293224009146,0.721293224009146,1,2,-1,natural,2025-07-19 17:28:153
Nurse_S._viscosa,Other_species,0.179592353085092,0.179592353085092,1,2,-1,natural,2025-07-19 17:28:153
Nurse_G._struthium,Other_species,2.38380192425841,2.38380192425841,1,2,-1,natural,2025-07-19 17:28:153
H._squamatum,Other_species,0.62237127932248,0.62237127932248,1,2,-1,natural,2025-07-19 17:28:153
S._viscosa,Other_species,0.65699610784331,0.65699610784331,1,2,-1,natural,2025-07-19 17:28:153
C._hispanica,Other_species,0.457133806231635,0.457133806231635,1,2,-1,natural,2025-07-19 17:28:153
Nurse_S._viscosa,Nurse_G._struthium,-6.95922157496168,-6.95922157496168,1,2,-1,restoration,2025-07-19 17:28:153
Nurse_S._viscosa,H._squamatum,1.44958234997043,1.44958234997043,1,2,-1,restoration,2025-07-19 17:28:153
Nurse_G._struthium,H._squamatum,1.99749376706803,1.99749376706803,1,2,-1,restoration,2025-07-19 17:28:153
Nurse_S._viscosa,S._viscosa,2.83301103784835,2.83301103784835,1,2,-1,restoration,2025-07-19 17:28:153
Nurse_G._struthium,S._viscosa,0.194127210564424,0.194127210564424,1,2,-1,restoration,2025-07-19 17:28:153
H._squamatum,S._viscosa,0.549963009113942,0.549963009113942,1,2,-1,restoration,2025-07-19 17:28:153
Nurse_S._viscosa,C._hispanica,2.27181314822798,2.27181314822798,1,2,-1,restoration,2025-07-19 17:28:153
Nurse_G._struthium,C._hispanica,0.627177773195404,0.627177773195404,1,2,-1,restoration,2025-07-19 17:28:153
H._squamatum,C._hispanica,0.39166668705413,0.39166668705413,1,2,-1,restoration,2025-07-19 17:28:153
S._viscosa,C._hispanica,0.0248587446925927,0.0248587446925927,1,2,-1,restoration,2025-07-19 17:28:153
Nurse_S._viscosa,Other_species,0.733499064383107,0.733499064383107,1,2,-1,restoration,2025-07-19 17:28:153
Nurse_G._struthium,Other_species,1.22129129049538,1.22129129049538,1,2,-1,restoration,2025-07-19 17:28:153
H._squamatum,Other_species,0.35253653564927,0.35253653564927,1,2,-1,restoration,2025-07-19 17:28:153
S._viscosa,Other_species,1.16618829806394,1.16618829806394,1,2,-1,restoration,2025-07-19 17:28:153
C._hispanica,Other_species,2.06907430261155,2.06907430261155,1,2,-1,restoration,2025-07-19 17:28:153
Nurse_S._viscosa,Nurse_G._struthium,-6.81232899197517,-6.81232899197517,1,2,-1,natural,2025-07-19 17:28:153
Nurse_S._viscosa,H._squamatum,1.1726333387826,1.1726333387826,1,2,-1,natural,2025-07-19 17:28:153
Nurse_G._struthium,H._squamatum,0.440022846972137,0.440022846972137,1,2,-1,natural,2025-07-19 17:28:153
Nurse_S._viscosa,S._viscosa,-0.600960895786093,-0.600960895786093,1,2,-1,natural,2025-07-19 17:28:153
Nurse_G._struthium,S._viscosa,0.845043888162377,0.845043888162377,1,2,-1,natural,2025-07-19 17:28:153
H._squamatum,S._viscosa,1.19893461860788,1.19893461860788,1,2,-1,natural,2025-07-19 17:28:153
Nurse_S._viscosa,C._hispanica,0.70277438228999,0.70277438228999,1,2,-1,natural,2025-07-19 17:28:153
Nurse_G._struthium,C._hispanica,-0.170478069151641,-0.170478069151641,1,2,-1,natural,2025-07-19 17:28:153
H._squamatum,C._hispanica,0.773424033678158,0.773424033678158,1,2,-1,natural,2025-07-19 17:28:153
S._viscosa,C._hispanica,0.668797186929436,0.668797186929436,1,2,-1,natural,2025-07-19 17:28:153
Nurse_S._viscosa,Other_species,-0.157265021273746,-0.157265021273746,1,2,-1,natural,2025-07-19 17:28:153
Nurse_G._struthium,Other_species,1.77958607543606,1.77958607543606,1,2,-1,natural,2025-07-19 17:28:153
H._squamatum,Other_species,0.747372547405186,0.747372547405186,1,2,-1,natural,2025-07-19 17:28:153
S._viscosa,Other_species,0.601850768456236,0.601850768456236,1,2,-1,natural,2025-07-19 17:28:153
C._hispanica,Other_species,0.344991547483779,0.344991547483779,1,2,-1,natural,2025-07-19 17:28:153
Nurse_S._viscosa,Nurse_G._struthium,-8.65458589176221,-8.65458589176221,1,2,-1,restoration,2025-07-19 17:28:153
Nurse_S._viscosa,H._squamatum,2.50126566406162,2.50126566406162,1,2,-1,restoration,2025-07-19 17:28:153
Nurse_G._struthium,H._squamatum,3.69949927845803,3.69949927845803,1,2,-1,restoration,2025-07-19 17:28:153
Nurse_S._viscosa,S._viscosa,3.09552656218015,3.09552656218015,1,2,-1,restoration,2025-07-19 17:28:153
Nurse_G._struthium,S._viscosa,0.918496608481929,0.918496608481929,1,2,-1,restoration,2025-07-19 17:28:153
H._squamatum,S._viscosa,0.898063484265265,0.898063484265265,1,2,-1,restoration,2025-07-19 17:28:153
Nurse_S._viscosa,C._hispanica,3.15023335927939,3.15023335927939,1,2,-1,restoration,2025-07-19 17:28:153
Nurse_G._struthium,C._hispanica,1.18074753214705,1.18074753214705,1,2,-1,restoration,2025-07-19 17:28:153
H._squamatum,C._hispanica,0.182624708148124,0.182624708148124,1,2,-1,restoration,2025-07-19 17:28:153
S._viscosa,C._hispanica,0.377040979341262,0.377040979341262,1,2,-1,restoration,2025-07-19 17:28:153
Nurse_S._viscosa,Other_species,1.37631311466939,1.37631311466939,1,2,-1,restoration,2025-07-19 17:28:153
Nurse_G._struthium,Other_species,1.63438407303125,1.63438407303125,1,2,-1,restoration,2025-07-19 17:28:153
H._squamatum,Other_species,0.142802856292069,0.142802856292069,1,2,-1,restoration,2025-07-19 17:28:153
S._viscosa,Other_species,1.15721832964247,1.15721832964247,1,2,-1,restoration,2025-07-19 17:28:153
C._hispanica,Other_species,2.15989622079865,2.15989622079865,1,2,-1,restoration,2025-07-19 17:28:153
Nurse_S._viscosa,Nurse_G._struthium,-6.74108607346094,-6.74108607346094,1,2,-1,natural,2025-07-19 17:28:153
Nurse_S._viscosa,H._squamatum,1.0846042399351,1.0846042399351,1,2,-1,natural,2025-07-19 17:28:153
Nurse_G._struthium,H._squamatum,0.292304627526887,0.292304627526887,1,2,-1,natural,2025-07-19 17:28:153
Nurse_S._viscosa,S._viscosa,-0.177658427984257,-0.177658427984257,1,2,-1,natural,2025-07-19 17:28:153
Nurse_G._struthium,S._viscosa,0.84990483587202,0.84990483587202,1,2,-1,natural,2025-07-19 17:28:153
H._squamatum,S._viscosa,0.767752849586491,0.767752849586491,1,2,-1,natural,2025-07-19 17:28:153
Nurse_S._viscosa,C._hispanica,0.518036993789946,0.518036993789946,1,2,-1,natural,2025-07-19 17:28:153
Nurse_G._struthium,C._hispanica,-0.0651205769387508,-0.0651205769387508,1,2,-1,natural,2025-07-19 17:28:153
H._squamatum,C._hispanica,0.805932870703508,0.805932870703508,1,2,-1,natural,2025-07-19 17:28:153
S._viscosa,C._hispanica,0.822296419881009,0.822296419881009,1,2,-1,natural,2025-07-19 17:28:153
Nurse_S._viscosa,Other_species,-0.244635312420036,-0.244635312420036,1,2,-1,natural,2025-07-19 17:28:153
Nurse_G._struthium,Other_species,1.95876537277931,1.95876537277931,1,2,-1,natural,2025-07-19 17:28:153
H._squamatum,Other_species,0.538339709487617,0.538339709487617,1,2,-1,natural,2025-07-19 17:28:153
S._viscosa,Other_species,0.515056759982254,0.515056759982254,1,2,-1,natural,2025-07-19 17:28:153
C._hispanica,Other_species,0.61890144926326,0.61890144926326,1,2,-1,natural,2025-07-19 17:28:153
Nurse_S._viscosa,Nurse_G._struthium,-8.29669076422829,-8.29669076422829,1,2,-1,restoration,2025-07-19 17:28:143
Nurse_S._viscosa,H._squamatum,2.98682484545611,2.98682484545611,1,2,-1,restoration,2025-07-19 17:28:143
Nurse_G._struthium,H._squamatum,3.15465163046942,3.15465163046942,1,2,-1,restoration,2025-07-19 17:28:143
Nurse_S._viscosa,S._viscosa,3.38197027796273,3.38197027796273,1,2,-1,restoration,2025-07-19 17:28:143
Nurse_G._struthium,S._viscosa,1.3388487775797,1.3388487775797,1,2,-1,restoration,2025-07-19 17:28:143
H._squamatum,S._viscosa,0.797033531870964,0.797033531870964,1,2,-1,restoration,2025-07-19 17:28:143
Nurse_S._viscosa,C._hispanica,2.66514587322262,2.66514587322262,1,2,-1,restoration,2025-07-19 17:28:143
Nurse_G._struthium,C._hispanica,0.241897782963019,0.241897782963019,1,2,-1,restoration,2025-07-19 17:28:143
H._squamatum,C._hispanica,-0.0449566376904873,-0.0449566376904873,1,2,-1,restoration,2025-07-19 17:28:143
S._viscosa,C._hispanica,0.340077497620355,0.340077497620355,1,2,-1,restoration,2025-07-19 17:28:143
Nurse_S._viscosa,Other_species,2.85285936404929,2.85285936404929,1,2,-1,restoration,2025-07-19 17:28:143
Nurse_G._struthium,Other_species,3.15519677856679,3.15519677856679,1,2,-1,restoration,2025-07-19 17:28:143
H._squamatum,Other_species,1.43701350501119,1.43701350501119,1,2,-1,restoration,2025-07-19 17:28:143
S._viscosa,Other_species,1.64161511642257,1.64161511642257,1,2,-1,restoration,2025-07-19 17:28:143
C._hispanica,Other_species,2.18118844114951,2.18118844114951,1,2,-1,restoration,2025-07-19 17:28:143
Nurse_S._viscosa,Nurse_G._struthium,-6.96220927383157,-6.96220927383157,1,2,-1,natural,2025-07-19 17:28:143
Nurse_S._viscosa,H._squamatum,0.97096189991384,0.97096189991384,1,2,-1,natural,2025-07-19 17:28:143
Nurse_G._struthium,H._squamatum,0.665167801370611,0.665167801370611,1,2,-1,natural,2025-07-19 17:28:143
Nurse_S._viscosa,S._viscosa,-0.527400762472654,-0.527400762472654,1,2,-1,natural,2025-07-19 17:28:143
Nurse_G._struthium,S._viscosa,0.714425287743537,0.714425287743537,1,2,-1,natural,2025-07-19 17:28:143
H._squamatum,S._viscosa,0.947935342609356,0.947935342609356,1,2,-1,natural,2025-07-19 17:28:143
Nurse_S._viscosa,C._hispanica,0.806292166185037,0.806292166185037,1,2,-1,natural,2025-07-19 17:28:143
Nurse_G._struthium,C._hispanica,-0.195276137613929,-0.195276137613929,1,2,-1,natural,2025-07-19 17:28:143
H._squamatum,C._hispanica,0.835998116652965,0.835998116652965,1,2,-1,natural,2025-07-19 17:28:143
S._viscosa,C._hispanica,0.57697075668086,0.57697075668086,1,2,-1,natural,2025-07-19 17:28:143
Nurse_S._viscosa,Other_species,-0.04536482961787,-0.04536482961787,1,2,-1,natural,2025-07-19 17:28:143
Nurse_G._struthium,Other_species,1.84441822819572,1.84441822819572,1,2,-1,natural,2025-07-19 17:28:143
H._squamatum,Other_species,0.5001545667648,0.5001545667648,1,2,-1,natural,2025-07-19 17:28:143
S._viscosa,Other_species,0.706081882582846,0.706081882582846,1,2,-1,natural,2025-07-19 17:28:143
C._hispanica,Other_species,0.695077442717116,0.695077442717116,1,2,-1,natural,2025-07-19 17:28:143
Nurse_S._viscosa,Nurse_G._struthium,-8.77623331678983,-8.77623331678983,1,2,-1,restoration,2025-07-19 17:28:143
Nurse_S._viscosa,H._squamatum,3.80382884017925,3.80382884017925,1,2,-1,restoration,2025-07-19 17:28:143
Nurse_G._struthium,H._squamatum,2.95210533721323,2.95210533721323,1,2,-1,restoration,2025-07-19 17:28:143
Nurse_S._viscosa,S._viscosa,3.36360047793398,3.36360047793398,1,2,-1,restoration,2025-07-19 17:28:143
Nurse_G._struthium,S._viscosa,1.34957749066844,1.34957749066844,1,2,-1,restoration,2025-07-19 17:28:143
H._squamatum,S._viscosa,-0.353959286644461,-0.353959286644461,1,2,-1,restoration,2025-07-19 17:28:143
Nurse_S._viscosa,C._hispanica,2.57851941474777,2.57851941474777,1,2,-1,restoration,2025-07-19 17:28:143
Nurse_G._struthium,C._hispanica,1.01595223286058,1.01595223286058,1,2,-1,restoration,2025-07-19 17:28:143
H._squamatum,C._hispanica,0.878896262682865,0.878896262682865,1,2,-1,restoration,2025-07-19 17:28:143
S._viscosa,C._hispanica,1.11285661371279,1.11285661371279,1,2,-1,restoration,2025-07-19 17:28:143
Nurse_S._viscosa,Other_species,2.89491959481489,2.89491959481489,1,2,-1,restoration,2025-07-19 17:28:143
Nurse_G._struthium,Other_species,4.32784559156627,4.32784559156627,1,2,-1,restoration,2025-07-19 17:28:143
H._squamatum,Other_species,2.85631338948489,2.85631338948489,1,2,-1,restoration,2025-07-19 17:28:143
S._viscosa,Other_species,2.47834950236737,2.47834950236737,1,2,-1,restoration,2025-07-19 17:28:143
C._hispanica,Other_species,1.4846578564341,1.4846578564341,1,2,-1,restoration,2025-07-19 17:28:143
Nurse_S._viscosa,Nurse_G._struthium,-6.96109516823589,-6.96109516823589,1,2,-1,natural,2025-07-19 17:28:143
Nurse_S._viscosa,H._squamatum,1.1690417283494,1.1690417283494,1,2,-1,natural,2025-07-19 17:28:143
Nurse_G._struthium,H._squamatum,0.55658713432238,0.55658713432238,1,2,-1,natural,2025-07-19 17:28:143
Nurse_S._viscosa,S._viscosa,-0.639867865770553,-0.639867865770553,1,2,-1,natural,2025-07-19 17:28:143
Nurse_G._struthium,S._viscosa,0.72054831987296,0.72054831987296,1,2,-1,natural,2025-07-19 17:28:143
H._squamatum,S._viscosa,1.13756085781799,1.13756085781799,1,2,-1,natural,2025-07-19 17:28:143
Nurse_S._viscosa,C._hispanica,0.834582615760958,0.834582615760958,1,2,-1,natural,2025-07-19 17:28:143
Nurse_G._struthium,C._hispanica,-0.117876239629938,-0.117876239629938,1,2,-1,natural,2025-07-19 17:28:143
H._squamatum,C._hispanica,0.667120382751355,0.667120382751355,1,2,-1,natural,2025-07-19 17:28:143
S._viscosa,C._hispanica,0.936826613758506,0.936826613758506,1,2,-1,natural,2025-07-19 17:28:143
Nurse_S._viscosa,Other_species,0.0232169576172633,0.0232169576172633,1,2,-1,natural,2025-07-19 17:28:143
Nurse_G._struthium,Other_species,1.75886797921265,1.75886797921265,1,2,-1,natural,2025-07-19 17:28:143
H._squamatum,Other_species,0.544781427473214,0.544781427473214,1,2,-1,natural,2025-07-19 17:28:143
S._viscosa,Other_species,0.610440226120956,0.610440226120956,1,2,-1,natural,2025-07-19 17:28:143
C._hispanica,Other_species,0.308991303353352,0.308991303353352,1,2,-1,natural,2025-07-19 17:28:143
Nurse_S._viscosa,Nurse_G._struthium,-8.15386517942419,-8.15386517942419,1,2,-1,restoration,2025-07-19 17:28:143
Nurse_S._viscosa,H._squamatum,2.29678357172158,2.29678357172158,1,2,-1,restoration,2025-07-19 17:28:143
Nurse_G._struthium,H._squamatum,2.79418165756065,2.79418165756065,1,2,-1,restoration,2025-07-19 17:28:143
Nurse_S._viscosa,S._viscosa,4.36104455876159,4.36104455876159,1,2,-1,restoration,2025-07-19 17:28:143
Nurse_G._struthium,S._viscosa,1.4741006565079,1.4741006565079,1,2,-1,restoration,2025-07-19 17:28:143
H._squamatum,S._viscosa,0.341078837574392,0.341078837574392,1,2,-1,restoration,2025-07-19 17:28:143
Nurse_S._viscosa,C._hispanica,1.76748707058218,1.76748707058218,1,2,-1,restoration,2025-07-19 17:28:143
Nurse_G._struthium,C._hispanica,0.456372274251008,0.456372274251008,1,2,-1,restoration,2025-07-19 17:28:143
H._squamatum,C._hispanica,-1.73257450103537,-1.73257450103537,1,2,-1,restoration,2025-07-19 17:28:143
S._viscosa,C._hispanica,0.50790338461125,0.50790338461125,1,2,-1,restoration,2025-07-19 17:28:143
Nurse_S._viscosa,Other_species,3.85392058516858,3.85392058516858,1,2,-1,restoration,2025-07-19 17:28:143
Nurse_G._struthium,Other_species,3.23105888094953,3.23105888094953,1,2,-1,restoration,2025-07-19 17:28:143
H._squamatum,Other_species,0.100949970275929,0.100949970275929,1,2,-1,restoration,2025-07-19 17:28:143
S._viscosa,Other_species,1.97663229201471,1.97663229201471,1,2,-1,restoration,2025-07-19 17:28:143
C._hispanica,Other_species,3.4954471596603,3.4954471596603,1,2,-1,restoration,2025-07-19 17:28:143
Nurse_S._viscosa,Nurse_G._struthium,-7.04944646859897,-7.04944646859897,1,2,-1,natural,2025-07-19 17:28:143
Nurse_S._viscosa,H._squamatum,1.28396014745164,1.28396014745164,1,2,-1,natural,2025-07-19 17:28:143
Nurse_G._struthium,H._squamatum,0.539719562080657,0.539719562080657,1,2,-1,natural,2025-07-19 17:28:143
Nurse_S._viscosa,S._viscosa,-0.719782580071006,-0.719782580071006,1,2,-1,natural,2025-07-19 17:28:143
Nurse_G._struthium,S._viscosa,0.614668491655861,0.614668491655861,1,2,-1,natural,2025-07-19 17:28:143
H._squamatum,S._viscosa,1.02792792141615,1.02792792141615,1,2,-1,natural,2025-07-19 17:28:143
Nurse_S._viscosa,C._hispanica,0.847299300069863,0.847299300069863,1,2,-1,natural,2025-07-19 17:28:143
Nurse_G._struthium,C._hispanica,0.156903135254471,0.156903135254471,1,2,-1,natural,2025-07-19 17:28:143
H._squamatum,C._hispanica,0.660672185168832,0.660672185168832,1,2,-1,natural,2025-07-19 17:28:143
S._viscosa,C._hispanica,0.733171081197204,0.733171081197204,1,2,-1,natural,2025-07-19 17:28:143
Nurse_S._viscosa,Other_species,0.00702350315880186,0.00702350315880186,1,2,-1,natural,2025-07-19 17:28:143
Nurse_G._struthium,Other_species,1.96539409345512,1.96539409345512,1,2,-1,natural,2025-07-19 17:28:143
H._squamatum,Other_species,0.586725937331806,0.586725937331806,1,2,-1,natural,2025-07-19 17:28:143
S._viscosa,Other_species,0.783199207843713,0.783199207843713,1,2,-1,natural,2025-07-19 17:28:143
C._hispanica,Other_species,0.448393546166036,0.448393546166036,1,2,-1,natural,2025-07-19 17:28:143
Nurse_S._viscosa,Nurse_G._struthium,-7.42965734456014,-7.42965734456014,1,2,-1,restoration,2025-07-19 17:28:133
Nurse_S._viscosa,H._squamatum,1.69363355320189,1.69363355320189,1,2,-1,restoration,2025-07-19 17:28:133
Nurse_G._struthium,H._squamatum,1.80375621707687,1.80375621707687,1,2,-1,restoration,2025-07-19 17:28:133
Nurse_S._viscosa,S._viscosa,4.54474472058418,4.54474472058418,1,2,-1,restoration,2025-07-19 17:28:133
Nurse_G._struthium,S._viscosa,1.56069098336772,1.56069098336772,1,2,-1,restoration,2025-07-19 17:28:133
H._squamatum,S._viscosa,-0.680103532124855,-0.680103532124855,1,2,-1,restoration,2025-07-19 17:28:133
Nurse_S._viscosa,C._hispanica,2.2128807435501,2.2128807435501,1,2,-1,restoration,2025-07-19 17:28:133
Nurse_G._struthium,C._hispanica,0.858999632019129,0.858999632019129,1,2,-1,restoration,2025-07-19 17:28:133
H._squamatum,C._hispanica,-1.47037525647435,-1.47037525647435,1,2,-1,restoration,2025-07-19 17:28:133
S._viscosa,C._hispanica,-1.12886354670125,-1.12886354670125,1,2,-1,restoration,2025-07-19 17:28:133
Nurse_S._viscosa,Other_species,2.60231022670684,2.60231022670684,1,2,-1,restoration,2025-07-19 17:28:133
Nurse_G._struthium,Other_species,2.03116658360065,2.03116658360065,1,2,-1,restoration,2025-07-19 17:28:133
H._squamatum,Other_species,0.401488014125519,0.401488014125519,1,2,-1,restoration,2025-07-19 17:28:133
S._viscosa,Other_species,1.63933005464322,1.63933005464322,1,2,-1,restoration,2025-07-19 17:28:133
C._hispanica,Other_species,1.74622101483474,1.74622101483474,1,2,-1,restoration,2025-07-19 17:28:133
Nurse_S._viscosa,Nurse_G._struthium,-7.05812521929429,-7.05812521929429,1,2,-1,natural,2025-07-19 17:28:133
Nurse_S._viscosa,H._squamatum,0.916686654577929,0.916686654577929,1,2,-1,natural,2025-07-19 17:28:133
Nurse_G._struthium,H._squamatum,0.311178575350411,0.311178575350411,1,2,-1,natural,2025-07-19 17:28:133
Nurse_S._viscosa,S._viscosa,-0.48284374162523,-0.48284374162523,1,2,-1,natural,2025-07-19 17:28:133
Nurse_G._struthium,S._viscosa,0.925636945659306,0.925636945659306,1,2,-1,natural,2025-07-19 17:28:133
H._squamatum,S._viscosa,0.980283047702927,0.980283047702927,1,2,-1,natural,2025-07-19 17:28:133
Nurse_S._viscosa,C._hispanica,1.00650302812384,1.00650302812384,1,2,-1,natural,2025-07-19 17:28:133
Nurse_G._struthium,C._hispanica,0.0701674769207056,0.0701674769207056,1,2,-1,natural,2025-07-19 17:28:133
H._squamatum,C._hispanica,0.652430285261929,0.652430285261929,1,2,-1,natural,2025-07-19 17:28:133
S._viscosa,C._hispanica,0.848027417641281,0.848027417641281,1,2,-1,natural,2025-07-19 17:28:133
Nurse_S._viscosa,Other_species,-0.0530565727585161,-0.0530565727585161,1,2,-1,natural,2025-07-19 17:28:133
Nurse_G._struthium,Other_species,1.94679795539439,1.94679795539439,1,2,-1,natural,2025-07-19 17:28:133
H._squamatum,Other_species,0.56019834991925,0.56019834991925,1,2,-1,natural,2025-07-19 17:28:133
S._viscosa,Other_species,0.550061508090329,0.550061508090329,1,2,-1,natural,2025-07-19 17:28:133
C._hispanica,Other_species,0.869229315587176,0.869229315587176,1,2,-1,natural,2025-07-19 17:28:133
Nurse_S._viscosa,Nurse_G._struthium,-7.630969912497,-7.630969912497,1,2,-1,restoration,2025-07-19 17:28:133
Nurse_S._viscosa,H._squamatum,1.92036982423132,1.92036982423132,1,2,-1,restoration,2025-07-19 17:28:133
Nurse_G._struthium,H._squamatum,2.57588666455206,2.57588666455206,1,2,-1,restoration,2025-07-19 17:28:133
Nurse_S._viscosa,S._viscosa,3.19119195299773,3.19119195299773,1,2,-1,restoration,2025-07-19 17:28:133
Nurse_G._struthium,S._viscosa,1.07014657765564,1.07014657765564,1,2,-1,restoration,2025-07-19 17:28:133
H._squamatum,S._viscosa,0.373504835452738,0.373504835452738,1,2,-1,restoration,2025-07-19 17:28:133
Nurse_S._viscosa,C._hispanica,1.5800201871638,1.5800201871638,1,2,-1,restoration,2025-07-19 17:28:133
Nurse_G._struthium,C._hispanica,-0.352629544472696,-0.352629544472696,1,2,-1,restoration,2025-07-19 17:28:133
H._squamatum,C._hispanica,0.271085363719344,0.271085363719344,1,2,-1,restoration,2025-07-19 17:28:133
S._viscosa,C._hispanica,-0.319317929942328,-0.319317929942328,1,2,-1,restoration,2025-07-19 17:28:133
Nurse_S._viscosa,Other_species,1.71354916929345,1.71354916929345,1,2,-1,restoration,2025-07-19 17:28:133
Nurse_G._struthium,Other_species,1.86344136683421,1.86344136683421,1,2,-1,restoration,2025-07-19 17:28:133
H._squamatum,Other_species,0.133958576035811,0.133958576035811,1,2,-1,restoration,2025-07-19 17:28:133
S._viscosa,Other_species,0.551333591634568,0.551333591634568,1,2,-1,restoration,2025-07-19 17:28:133
C._hispanica,Other_species,1.70376558063823,1.70376558063823,1,2,-1,restoration,2025-07-19 17:28:133
Nurse_S._viscosa,Nurse_G._struthium,-6.80868331327233,-6.80868331327233,1,2,-1,natural,2025-07-19 17:28:133
Nurse_S._viscosa,H._squamatum,1.09671991129148,1.09671991129148,1,2,-1,natural,2025-07-19 17:28:133
Nurse_G._struthium,H._squamatum,0.378699575817701,0.378699575817701,1,2,-1,natural,2025-07-19 17:28:133
Nurse_S._viscosa,S._viscosa,-0.578615546482872,-0.578615546482872,1,2,-1,natural,2025-07-19 17:28:133
Nurse_G._struthium,S._viscosa,0.459559514950775,0.459559514950775,1,2,-1,natural,2025-07-19 17:28:133
H._squamatum,S._viscosa,1.04484787723158,1.04484787723158,1,2,-1,natural,2025-07-19 17:28:133
Nurse_S._viscosa,C._hispanica,0.719960338759245,0.719960338759245,1,2,-1,natural,2025-07-19 17:28:133
Nurse_G._struthium,C._hispanica,-0.326416355468477,-0.326416355468477,1,2,-1,natural,2025-07-19 17:28:133
H._squamatum,C._hispanica,0.582909586343951,0.582909586343951,1,2,-1,natural,2025-07-19 17:28:133
S._viscosa,C._hispanica,0.907167554714412,0.907167554714412,1,2,-1,natural,2025-07-19 17:28:133
Nurse_S._viscosa,Other_species,-0.374969249988433,-0.374969249988433,1,2,-1,natural,2025-07-19 17:28:133
Nurse_G._struthium,Other_species,1.63889959427035,1.63889959427035,1,2,-1,natural,2025-07-19 17:28:133
H._squamatum,Other_species,0.378775865116686,0.378775865116686,1,2,-1,natural,2025-07-19 17:28:133
S._viscosa,Other_species,0.680722413493208,0.680722413493208,1,2,-1,natural,2025-07-19 17:28:133
C._hispanica,Other_species,0.583353280535876,0.583353280535876,1,2,-1,natural,2025-07-19 17:28:133
Nurse_S._viscosa,Nurse_G._struthium,-7.20261004172726,-7.20261004172726,1,2,-1,restoration,2025-07-19 17:28:123
Nurse_S._viscosa,H._squamatum,1.8867529942501,1.8867529942501,1,2,-1,restoration,2025-07-19 17:28:123
Nurse_G._struthium,H._squamatum,2.18509585136547,2.18509585136547,1,2,-1,restoration,2025-07-19 17:28:123
Nurse_S._viscosa,S._viscosa,3.52257230671308,3.52257230671308,1,2,-1,restoration,2025-07-19 17:28:123
Nurse_G._struthium,S._viscosa,0.721229124805719,0.721229124805719,1,2,-1,restoration,2025-07-19 17:28:123
H._squamatum,S._viscosa,0.57591508293151,0.57591508293151,1,2,-1,restoration,2025-07-19 17:28:123
Nurse_S._viscosa,C._hispanica,2.85665282705804,2.85665282705804,1,2,-1,restoration,2025-07-19 17:28:123
Nurse_G._struthium,C._hispanica,0.18937013542869,0.18937013542869,1,2,-1,restoration,2025-07-19 17:28:123
H._squamatum,C._hispanica,0.369852987887922,0.369852987887922,1,2,-1,restoration,2025-07-19 17:28:123
S._viscosa,C._hispanica,-0.558214920590909,-0.558214920590909,1,2,-1,restoration,2025-07-19 17:28:123
Nurse_S._viscosa,Other_species,2.38974865026131,2.38974865026131,1,2,-1,restoration,2025-07-19 17:28:123
Nurse_G._struthium,Other_species,2.29669293668261,2.29669293668261,1,2,-1,restoration,2025-07-19 17:28:123
H._squamatum,Other_species,0.62540226448577,0.62540226448577,1,2,-1,restoration,2025-07-19 17:28:123
S._viscosa,Other_species,0.997847325144891,0.997847325144891,1,2,-1,restoration,2025-07-19 17:28:123
C._hispanica,Other_species,2.00309872909208,2.00309872909208,1,2,-1,restoration,2025-07-19 17:28:123
Nurse_S._viscosa,Nurse_G._struthium,-6.8284155009139,-6.8284155009139,1,2,-1,natural,2025-07-19 17:28:123
Nurse_S._viscosa,H._squamatum,1.19730454792015,1.19730454792015,1,2,-1,natural,2025-07-19 17:28:123
Nurse_G._struthium,H._squamatum,0.503085058827497,0.503085058827497,1,2,-1,natural,2025-07-19 17:28:123
Nurse_S._viscosa,S._viscosa,-0.493152706226442,-0.493152706226442,1,2,-1,natural,2025-07-19 17:28:123
Nurse_G._struthium,S._viscosa,0.784567449941454,0.784567449941454,1,2,-1,natural,2025-07-19 17:28:123
H._squamatum,S._viscosa,0.935251193439462,0.935251193439462,1,2,-1,natural,2025-07-19 17:28:123
Nurse_S._viscosa,C._hispanica,0.615574976138064,0.615574976138064,1,2,-1,natural,2025-07-19 17:28:123
Nurse_G._struthium,C._hispanica,-0.160093892748578,-0.160093892748578,1,2,-1,natural,2025-07-19 17:28:123
H._squamatum,C._hispanica,0.729429931847051,0.729429931847051,1,2,-1,natural,2025-07-19 17:28:123
S._viscosa,C._hispanica,0.751817015536275,0.751817015536275,1,2,-1,natural,2025-07-19 17:28:123
Nurse_S._viscosa,Other_species,-0.205801389256011,-0.205801389256011,1,2,-1,natural,2025-07-19 17:28:123
Nurse_G._struthium,Other_species,1.75223499910088,1.75223499910088,1,2,-1,natural,2025-07-19 17:28:123
H._squamatum,Other_species,0.492354628285553,0.492354628285553,1,2,-1,natural,2025-07-19 17:28:123
S._viscosa,Other_species,0.517952201985916,0.517952201985916,1,2,-1,natural,2025-07-19 17:28:123
C._hispanica,Other_species,0.362728974985568,0.362728974985568,1,2,-1,natural,2025-07-19 17:28:123
Nurse_S._viscosa,Nurse_G._struthium,-7.72356422925903,-7.72356422925903,1,2,-1,restoration,2025-07-19 17:28:123
Nurse_S._viscosa,H._squamatum,2.30280598139146,2.30280598139146,1,2,-1,restoration,2025-07-19 17:28:123
Nurse_G._struthium,H._squamatum,2.73593919897595,2.73593919897595,1,2,-1,restoration,2025-07-19 17:28:123
Nurse_S._viscosa,S._viscosa,2.59119910079793,2.59119910079793,1,2,-1,restoration,2025-07-19 17:28:123
Nurse_G._struthium,S._viscosa,-5.73138974097054e-5,-5.73138974097054e-5,1,2,-1,restoration,2025-07-19 17:28:123
H._squamatum,S._viscosa,0.746406080513208,0.746406080513208,1,2,-1,restoration,2025-07-19 17:28:123
Nurse_S._viscosa,C._hispanica,3.36201012405381,3.36201012405381,1,2,-1,restoration,2025-07-19 17:28:123
Nurse_G._struthium,C._hispanica,0.55127535076164,0.55127535076164,1,2,-1,restoration,2025-07-19 17:28:123
H._squamatum,C._hispanica,1.4856781326374,1.4856781326374,1,2,-1,restoration,2025-07-19 17:28:123
S._viscosa,C._hispanica,0.671393984479394,0.671393984479394,1,2,-1,restoration,2025-07-19 17:28:123
Nurse_S._viscosa,Other_species,1.6180487468609701,1.6180487468609701,1,2,-1,restoration,2025-07-19 17:28:123
Nurse_G._struthium,Other_species,2.38381147133955,2.38381147133955,1,2,-1,restoration,2025-07-19 17:28:123
H._squamatum,Other_species,1.91838038518201,1.91838038518201,1,2,-1,restoration,2025-07-19 17:28:123
S._viscosa,Other_species,1.3543187751019,1.3543187751019,1,2,-1,restoration,2025-07-19 17:28:123
C._hispanica,Other_species,2.15412564642213,2.15412564642213,1,2,-1,restoration,2025-07-19 17:28:123
Nurse_S._viscosa,Nurse_G._struthium,-7.03294658342334,-7.03294658342334,1,2,-1,natural,2025-07-19 17:28:123
Nurse_S._viscosa,H._squamatum,1.25723040114775,1.25723040114775,1,2,-1,natural,2025-07-19 17:28:123
Nurse_G._struthium,H._squamatum,0.499066930824018,0.499066930824018,1,2,-1,natural,2025-07-19 17:28:123
Nurse_S._viscosa,S._viscosa,-0.484014479361625,-0.484014479361625,1,2,-1,natural,2025-07-19 17:28:123
Nurse_G._struthium,S._viscosa,0.751643426441914,0.751643426441914,1,2,-1,natural,2025-07-19 17:28:123
H._squamatum,S._viscosa,1.01091718623513,1.01091718623513,1,2,-1,natural,2025-07-19 17:28:123
Nurse_S._viscosa,C._hispanica,0.808957240149185,0.808957240149185,1,2,-1,natural,2025-07-19 17:28:123
Nurse_G._struthium,C._hispanica,-0.197473327232801,-0.197473327232801,1,2,-1,natural,2025-07-19 17:28:123
H._squamatum,C._hispanica,0.215242985595993,0.215242985595993,1,2,-1,natural,2025-07-19 17:28:123
S._viscosa,C._hispanica,0.650432821561214,0.650432821561214,1,2,-1,natural,2025-07-19 17:28:123
Nurse_S._viscosa,Other_species,0.0322786409763012,0.0322786409763012,1,2,-1,natural,2025-07-19 17:28:123
Nurse_G._struthium,Other_species,1.66983793024714,1.66983793024714,1,2,-1,natural,2025-07-19 17:28:123
H._squamatum,Other_species,0.721392251264217,0.721392251264217,1,2,-1,natural,2025-07-19 17:28:123
S._viscosa,Other_species,0.788704961767243,0.788704961767243,1,2,-1,natural,2025-07-19 17:28:123
C._hispanica,Other_species,0.421163725546787,0.421163725546787,1,2,-1,natural,2025-07-19 17:28:123
Nurse_S._viscosa,Nurse_G._struthium,-7.5298790906784,-7.5298790906784,1,2,-1,restoration,2025-07-19 17:28:123
Nurse_S._viscosa,H._squamatum,2.42340132561778,2.42340132561778,1,2,-1,restoration,2025-07-19 17:28:123
Nurse_G._struthium,H._squamatum,2.7602562608796,2.7602562608796,1,2,-1,restoration,2025-07-19 17:28:123
Nurse_S._viscosa,S._viscosa,3.61566299276813,3.61566299276813,1,2,-1,restoration,2025-07-19 17:28:123
Nurse_G._struthium,S._viscosa,0.541504968670114,0.541504968670114,1,2,-1,restoration,2025-07-19 17:28:123
H._squamatum,S._viscosa,0.204552283938213,0.204552283938213,1,2,-1,restoration,2025-07-19 17:28:123
Nurse_S._viscosa,C._hispanica,3.35776545809929,3.35776545809929,1,2,-1,restoration,2025-07-19 17:28:123
Nurse_G._struthium,C._hispanica,1.54927962756885,1.54927962756885,1,2,-1,restoration,2025-07-19 17:28:123
H._squamatum,C._hispanica,-0.156953231121703,-0.156953231121703,1,2,-1,restoration,2025-07-19 17:28:123
S._viscosa,C._hispanica,0.629065505099296,0.629065505099296,1,2,-1,restoration,2025-07-19 17:28:123
Nurse_S._viscosa,Other_species,2.35351359071547,2.35351359071547,1,2,-1,restoration,2025-07-19 17:28:123
Nurse_G._struthium,Other_species,2.40551046950002,2.40551046950002,1,2,-1,restoration,2025-07-19 17:28:123
H._squamatum,Other_species,1.05913929044757,1.05913929044757,1,2,-1,restoration,2025-07-19 17:28:123
S._viscosa,Other_species,1.60001923930628,1.60001923930628,1,2,-1,restoration,2025-07-19 17:28:123
C._hispanica,Other_species,2.47253393879791,2.47253393879791,1,2,-1,restoration,2025-07-19 17:28:123
Nurse_S._viscosa,Nurse_G._struthium,-6.88903580600557,-6.88903580600557,1,2,-1,natural,2025-07-19 17:28:123
Nurse_S._viscosa,H._squamatum,1.15988838182941,1.15988838182941,1,2,-1,natural,2025-07-19 17:28:123
Nurse_G._struthium,H._squamatum,0.641346935102141,0.641346935102141,1,2,-1,natural,2025-07-19 17:28:123
Nurse_S._viscosa,S._viscosa,-0.704274129233579,-0.704274129233579,1,2,-1,natural,2025-07-19 17:28:123
Nurse_G._struthium,S._viscosa,0.790110740383904,0.790110740383904,1,2,-1,natural,2025-07-19 17:28:123
H._squamatum,S._viscosa,1.16093909533172,1.16093909533172,1,2,-1,natural,2025-07-19 17:28:123
Nurse_S._viscosa,C._hispanica,0.577903906641906,0.577903906641906,1,2,-1,natural,2025-07-19 17:28:123
Nurse_G._struthium,C._hispanica,-0.351323886491749,-0.351323886491749,1,2,-1,natural,2025-07-19 17:28:123
H._squamatum,C._hispanica,0.662132814591436,0.662132814591436,1,2,-1,natural,2025-07-19 17:28:123
S._viscosa,C._hispanica,0.668052420662206,0.668052420662206,1,2,-1,natural,2025-07-19 17:28:123
Nurse_S._viscosa,Other_species,0.0328187569908053,0.0328187569908053,1,2,-1,natural,2025-07-19 17:28:123
Nurse_G._struthium,Other_species,1.88313247669119,1.88313247669119,1,2,-1,natural,2025-07-19 17:28:123
H._squamatum,Other_species,0.449350967986792,0.449350967986792,1,2,-1,natural,2025-07-19 17:28:123
S._viscosa,Other_species,0.811016956828697,0.811016956828697,1,2,-1,natural,2025-07-19 17:28:123
C._hispanica,Other_species,0.579458696442156,0.579458696442156,1,2,-1,natural,2025-07-19 17:28:123
Nurse_S._viscosa,Nurse_G._struthium,-9.18249064572723,-9.18249064572723,1,2,-1,restoration,2025-07-19 17:28:113
Nurse_S._viscosa,H._squamatum,3.26981273479865,3.26981273479865,1,2,-1,restoration,2025-07-19 17:28:113
Nurse_G._struthium,H._squamatum,3.85704324406464,3.85704324406464,1,2,-1,restoration,2025-07-19 17:28:113
Nurse_S._viscosa,S._viscosa,3.00534710181349,3.00534710181349,1,2,-1,restoration,2025-07-19 17:28:113
Nurse_G._struthium,S._viscosa,0.442530073605023,0.442530073605023,1,2,-1,restoration,2025-07-19 17:28:113
H._squamatum,S._viscosa,0.4307779337555,0.4307779337555,1,2,-1,restoration,2025-07-19 17:28:113
Nurse_S._viscosa,C._hispanica,3.23772916970465,3.23772916970465,1,2,-1,restoration,2025-07-19 17:28:113
Nurse_G._struthium,C._hispanica,1.44668490734306,1.44668490734306,1,2,-1,restoration,2025-07-19 17:28:113
H._squamatum,C._hispanica,0.847178857872338,0.847178857872338,1,2,-1,restoration,2025-07-19 17:28:113
S._viscosa,C._hispanica,0.276520115710517,0.276520115710517,1,2,-1,restoration,2025-07-19 17:28:113
Nurse_S._viscosa,Other_species,2.12983843970086,2.12983843970086,1,2,-1,restoration,2025-07-19 17:28:113
Nurse_G._struthium,Other_species,2.47847694978237,2.47847694978237,1,2,-1,restoration,2025-07-19 17:28:113
H._squamatum,Other_species,-0.0414964728960442,-0.0414964728960442,1,2,-1,restoration,2025-07-19 17:28:113
S._viscosa,Other_species,0.735956200243058,0.735956200243058,1,2,-1,restoration,2025-07-19 17:28:113
C._hispanica,Other_species,2.39372035661768,2.39372035661768,1,2,-1,restoration,2025-07-19 17:28:113
Nurse_S._viscosa,Nurse_G._struthium,-6.9086035110721,-6.9086035110721,1,2,-1,natural,2025-07-19 17:28:113
Nurse_S._viscosa,H._squamatum,1.24523969907736,1.24523969907736,1,2,-1,natural,2025-07-19 17:28:113
Nurse_G._struthium,H._squamatum,0.54955070840318,0.54955070840318,1,2,-1,natural,2025-07-19 17:28:113
Nurse_S._viscosa,S._viscosa,-0.369773100358957,-0.369773100358957,1,2,-1,natural,2025-07-19 17:28:113
Nurse_G._struthium,S._viscosa,0.83130777299498,0.83130777299498,1,2,-1,natural,2025-07-19 17:28:113
H._squamatum,S._viscosa,0.990828374749279,0.990828374749279,1,2,-1,natural,2025-07-19 17:28:113
Nurse_S._viscosa,C._hispanica,0.597819849469637,0.597819849469637,1,2,-1,natural,2025-07-19 17:28:113
Nurse_G._struthium,C._hispanica,-0.209892577462563,-0.209892577462563,1,2,-1,natural,2025-07-19 17:28:113
H._squamatum,C._hispanica,0.670964483592827,0.670964483592827,1,2,-1,natural,2025-07-19 17:28:113
S._viscosa,C._hispanica,0.684799347574915,0.684799347574915,1,2,-1,natural,2025-07-19 17:28:113
Nurse_S._viscosa,Other_species,-0.285739114104737,-0.285739114104737,1,2,-1,natural,2025-07-19 17:28:113
Nurse_G._struthium,Other_species,1.801758559657,1.801758559657,1,2,-1,natural,2025-07-19 17:28:113
H._squamatum,Other_species,0.61149959940619,0.61149959940619,1,2,-1,natural,2025-07-19 17:28:113
S._viscosa,Other_species,0.489588317620421,0.489588317620421,1,2,-1,natural,2025-07-19 17:28:113
C._hispanica,Other_species,0.686602279147938,0.686602279147938,1,2,-1,natural,2025-07-19 17:28:113
Nurse_S._viscosa,Nurse_G._struthium,-9.01518069497398,-9.01518069497398,1,2,-1,restoration,2025-07-19 17:28:113
Nurse_S._viscosa,H._squamatum,2.84192597127726,2.84192597127726,1,2,-1,restoration,2025-07-19 17:28:113
Nurse_G._struthium,H._squamatum,4.26426953514093,4.26426953514093,1,2,-1,restoration,2025-07-19 17:28:113
Nurse_S._viscosa,S._viscosa,3.63704149157099,3.63704149157099,1,2,-1,restoration,2025-07-19 17:28:113
Nurse_G._struthium,S._viscosa,1.28817685455823,1.28817685455823,1,2,-1,restoration,2025-07-19 17:28:113
H._squamatum,S._viscosa,-0.0978972351343465,-0.0978972351343465,1,2,-1,restoration,2025-07-19 17:28:113
Nurse_S._viscosa,C._hispanica,1.85698813382313,1.85698813382313,1,2,-1,restoration,2025-07-19 17:28:113
Nurse_G._struthium,C._hispanica,-1.00888307253633,-1.00888307253633,1,2,-1,restoration,2025-07-19 17:28:113
H._squamatum,C._hispanica,-1.36699293427408,-1.36699293427408,1,2,-1,restoration,2025-07-19 17:28:113
S._viscosa,C._hispanica,-0.262837805196821,-0.262837805196821,1,2,-1,restoration,2025-07-19 17:28:113
Nurse_S._viscosa,Other_species,3.42245086178634,3.42245086178634,1,2,-1,restoration,2025-07-19 17:28:113
Nurse_G._struthium,Other_species,3.51751481697694,3.51751481697694,1,2,-1,restoration,2025-07-19 17:28:113
H._squamatum,Other_species,0.137028259933363,0.137028259933363,1,2,-1,restoration,2025-07-19 17:28:113
S._viscosa,Other_species,2.9240389709198,2.9240389709198,1,2,-1,restoration,2025-07-19 17:28:113
C._hispanica,Other_species,3.69144490963767,3.69144490963767,1,2,-1,restoration,2025-07-19 17:28:113
Nurse_S._viscosa,Nurse_G._struthium,-6.85269302926338,-6.85269302926338,1,2,-1,natural,2025-07-19 17:28:113
Nurse_S._viscosa,H._squamatum,1.11497167672031,1.11497167672031,1,2,-1,natural,2025-07-19 17:28:113
Nurse_G._struthium,H._squamatum,0.524810011198064,0.524810011198064,1,2,-1,natural,2025-07-19 17:28:113
Nurse_S._viscosa,S._viscosa,-0.307979200250366,-0.307979200250366,1,2,-1,natural,2025-07-19 17:28:113
Nurse_G._struthium,S._viscosa,0.770940802156235,0.770940802156235,1,2,-1,natural,2025-07-19 17:28:113
H._squamatum,S._viscosa,0.811446791040162,0.811446791040162,1,2,-1,natural,2025-07-19 17:28:113
Nurse_S._viscosa,C._hispanica,0.829864682776477,0.829864682776477,1,2,-1,natural,2025-07-19 17:28:113
Nurse_G._struthium,C._hispanica,0.170307009122022,0.170307009122022,1,2,-1,natural,2025-07-19 17:28:113
H._squamatum,C._hispanica,0.507839887298294,0.507839887298294,1,2,-1,natural,2025-07-19 17:28:113
S._viscosa,C._hispanica,0.792989274405649,0.792989274405649,1,2,-1,natural,2025-07-19 17:28:113
Nurse_S._viscosa,Other_species,-0.0921689824878631,-0.0921689824878631,1,2,-1,natural,2025-07-19 17:28:113
Nurse_G._struthium,Other_species,1.83585905814907,1.83585905814907,1,2,-1,natural,2025-07-19 17:28:113
H._squamatum,Other_species,0.681133125176727,0.681133125176727,1,2,-1,natural,2025-07-19 17:28:113
S._viscosa,Other_species,0.897208304511758,0.897208304511758,1,2,-1,natural,2025-07-19 17:28:113
C._hispanica,Other_species,0.435568859802464,0.435568859802464,1,2,-1,natural,2025-07-19 17:28:113
Nurse_S._viscosa,Nurse_G._struthium,-9.53656563803478,-9.53656563803478,1,2,-1,restoration,2025-07-19 17:28:113
Nurse_S._viscosa,H._squamatum,3.55105171864764,3.55105171864764,1,2,-1,restoration,2025-07-19 17:28:113
Nurse_G._struthium,H._squamatum,4.41279806680821,4.41279806680821,1,2,-1,restoration,2025-07-19 17:28:113
Nurse_S._viscosa,S._viscosa,3.60977345968564,3.60977345968564,1,2,-1,restoration,2025-07-19 17:28:113
Nurse_G._struthium,S._viscosa,0.902016255756141,0.902016255756141,1,2,-1,restoration,2025-07-19 17:28:113
H._squamatum,S._viscosa,0.323453978928725,0.323453978928725,1,2,-1,restoration,2025-07-19 17:28:113
Nurse_S._viscosa,C._hispanica,2.9095684448197,2.9095684448197,1,2,-1,restoration,2025-07-19 17:28:113
Nurse_G._struthium,C._hispanica,1.05938822278667,1.05938822278667,1,2,-1,restoration,2025-07-19 17:28:113
H._squamatum,C._hispanica,-1.71728832033637,-1.71728832033637,1,2,-1,restoration,2025-07-19 17:28:113
S._viscosa,C._hispanica,-1.30553562799584,-1.30553562799584,1,2,-1,restoration,2025-07-19 17:28:113
Nurse_S._viscosa,Other_species,2.80534437941112,2.80534437941112,1,2,-1,restoration,2025-07-19 17:28:113
Nurse_G._struthium,Other_species,3.05100300844018,3.05100300844018,1,2,-1,restoration,2025-07-19 17:28:113
H._squamatum,Other_species,-0.118541559260663,-0.118541559260663,1,2,-1,restoration,2025-07-19 17:28:113
S._viscosa,Other_species,1.38446184959472,1.38446184959472,1,2,-1,restoration,2025-07-19 17:28:113
C._hispanica,Other_species,2.44374146215613,2.44374146215613,1,2,-1,restoration,2025-07-19 17:28:113
Nurse_S._viscosa,Nurse_G._struthium,-6.82760630260521,-6.82760630260521,1,2,-1,natural,2025-07-19 17:28:113
Nurse_S._viscosa,H._squamatum,1.12507575573912,1.12507575573912,1,2,-1,natural,2025-07-19 17:28:113
Nurse_G._struthium,H._squamatum,0.435900619890189,0.435900619890189,1,2,-1,natural,2025-07-19 17:28:113
Nurse_S._viscosa,S._viscosa,-0.439786389580271,-0.439786389580271,1,2,-1,natural,2025-07-19 17:28:113
Nurse_G._struthium,S._viscosa,0.607253799689119,0.607253799689119,1,2,-1,natural,2025-07-19 17:28:113
H._squamatum,S._viscosa,1.06330041490598,1.06330041490598,1,2,-1,natural,2025-07-19 17:28:113
Nurse_S._viscosa,C._hispanica,0.679802512648559,0.679802512648559,1,2,-1,natural,2025-07-19 17:28:113
Nurse_G._struthium,C._hispanica,-0.236876264850882,-0.236876264850882,1,2,-1,natural,2025-07-19 17:28:113
H._squamatum,C._hispanica,0.991331838800675,0.991331838800675,1,2,-1,natural,2025-07-19 17:28:113
S._viscosa,C._hispanica,0.781780271637426,0.781780271637426,1,2,-1,natural,2025-07-19 17:28:113
Nurse_S._viscosa,Other_species,-0.169938886260585,-0.169938886260585,1,2,-1,natural,2025-07-19 17:28:113
Nurse_G._struthium,Other_species,1.87142088352495,1.87142088352495,1,2,-1,natural,2025-07-19 17:28:113
H._squamatum,Other_species,0.681846784950913,0.681846784950913,1,2,-1,natural,2025-07-19 17:28:113
S._viscosa,Other_species,0.436974983564941,0.436974983564941,1,2,-1,natural,2025-07-19 17:28:113
C._hispanica,Other_species,0.538465336654474,0.538465336654474,1,2,-1,natural,2025-07-19 17:28:113
Nurse_S._viscosa,Nurse_G._struthium,-8.1540956186194,-8.1540956186194,1,2,-1,restoration,2025-07-19 17:28:103
Nurse_S._viscosa,H._squamatum,2.28419562353454,2.28419562353454,1,2,-1,restoration,2025-07-19 17:28:103
Nurse_G._struthium,H._squamatum,2.80299706268386,2.80299706268386,1,2,-1,restoration,2025-07-19 17:28:103
Nurse_S._viscosa,S._viscosa,3.41159774806114,3.41159774806114,1,2,-1,restoration,2025-07-19 17:28:103
Nurse_G._struthium,S._viscosa,0.955196479698772,0.955196479698772,1,2,-1,restoration,2025-07-19 17:28:103
H._squamatum,S._viscosa,-0.0159783951431506,-0.0159783951431506,1,2,-1,restoration,2025-07-19 17:28:103
Nurse_S._viscosa,C._hispanica,3.31839980825751,3.31839980825751,1,2,-1,restoration,2025-07-19 17:28:103
Nurse_G._struthium,C._hispanica,1.55496380103268,1.55496380103268,1,2,-1,restoration,2025-07-19 17:28:103
H._squamatum,C._hispanica,-1.39021191756243,-1.39021191756243,1,2,-1,restoration,2025-07-19 17:28:103
S._viscosa,C._hispanica,-0.0611417371931529,-0.0611417371931529,1,2,-1,restoration,2025-07-19 17:28:103
Nurse_S._viscosa,Other_species,2.59496466730162,2.59496466730162,1,2,-1,restoration,2025-07-19 17:28:103
Nurse_G._struthium,Other_species,2.43510312744174,2.43510312744174,1,2,-1,restoration,2025-07-19 17:28:103
H._squamatum,Other_species,0.550609828153725,0.550609828153725,1,2,-1,restoration,2025-07-19 17:28:103
S._viscosa,Other_species,0.882261497525104,0.882261497525104,1,2,-1,restoration,2025-07-19 17:28:103
C._hispanica,Other_species,2.43754656323583,2.43754656323583,1,2,-1,restoration,2025-07-19 17:28:103
Nurse_S._viscosa,Nurse_G._struthium,-6.74886718744508,-6.74886718744508,1,2,-1,natural,2025-07-19 17:28:103
Nurse_S._viscosa,H._squamatum,1.17373880127741,1.17373880127741,1,2,-1,natural,2025-07-19 17:28:103
Nurse_G._struthium,H._squamatum,0.386333047895634,0.386333047895634,1,2,-1,natural,2025-07-19 17:28:103
Nurse_S._viscosa,S._viscosa,-0.516000599066381,-0.516000599066381,1,2,-1,natural,2025-07-19 17:28:103
Nurse_G._struthium,S._viscosa,0.850091832247256,0.850091832247256,1,2,-1,natural,2025-07-19 17:28:103
H._squamatum,S._viscosa,1.02867911448326,1.02867911448326,1,2,-1,natural,2025-07-19 17:28:103
Nurse_S._viscosa,C._hispanica,0.854647850208829,0.854647850208829,1,2,-1,natural,2025-07-19 17:28:103
Nurse_G._struthium,C._hispanica,0.042800091667757,0.042800091667757,1,2,-1,natural,2025-07-19 17:28:103
H._squamatum,C._hispanica,0.633368644887821,0.633368644887821,1,2,-1,natural,2025-07-19 17:28:103
S._viscosa,C._hispanica,0.550970790495129,0.550970790495129,1,2,-1,natural,2025-07-19 17:28:103
Nurse_S._viscosa,Other_species,-0.169078467813961,-0.169078467813961,1,2,-1,natural,2025-07-19 17:28:103
Nurse_G._struthium,Other_species,2.05355572951883,2.05355572951883,1,2,-1,natural,2025-07-19 17:28:103
H._squamatum,Other_species,0.614424798363408,0.614424798363408,1,2,-1,natural,2025-07-19 17:28:103
S._viscosa,Other_species,0.464281115863937,0.464281115863937,1,2,-1,natural,2025-07-19 17:28:103
C._hispanica,Other_species,0.81200123332449,0.81200123332449,1,2,-1,natural,2025-07-19 17:28:103
Nurse_S._viscosa,Nurse_G._struthium,-6.72215411954487,-6.72215411954487,1,2,-1,restoration,2025-07-19 17:28:103
Nurse_S._viscosa,H._squamatum,1.09230656357382,1.09230656357382,1,2,-1,restoration,2025-07-19 17:28:103
Nurse_G._struthium,H._squamatum,1.99045558366641,1.99045558366641,1,2,-1,restoration,2025-07-19 17:28:103
Nurse_S._viscosa,S._viscosa,2.57368795828404,2.57368795828404,1,2,-1,restoration,2025-07-19 17:28:103
Nurse_G._struthium,S._viscosa,0.480709846696871,0.480709846696871,1,2,-1,restoration,2025-07-19 17:28:103
H._squamatum,S._viscosa,-0.263145462386388,-0.263145462386388,1,2,-1,restoration,2025-07-19 17:28:103
Nurse_S._viscosa,C._hispanica,1.82042892021399,1.82042892021399,1,2,-1,restoration,2025-07-19 17:28:103
Nurse_G._struthium,C._hispanica,0.407152309511717,0.407152309511717,1,2,-1,restoration,2025-07-19 17:28:103
H._squamatum,C._hispanica,-1.29654787687932,-1.29654787687932,1,2,-1,restoration,2025-07-19 17:28:103
S._viscosa,C._hispanica,0.0487664649671099,0.0487664649671099,1,2,-1,restoration,2025-07-19 17:28:103
Nurse_S._viscosa,Other_species,0.724732357397591,0.724732357397591,1,2,-1,restoration,2025-07-19 17:28:103
Nurse_G._struthium,Other_species,0.941062197429732,0.941062197429732,1,2,-1,restoration,2025-07-19 17:28:103
H._squamatum,Other_species,-0.105097552444903,-0.105097552444903,1,2,-1,restoration,2025-07-19 17:28:103
S._viscosa,Other_species,1.33269098882774,1.33269098882774,1,2,-1,restoration,2025-07-19 17:28:103
C._hispanica,Other_species,2.73519434948998,2.73519434948998,1,2,-1,restoration,2025-07-19 17:28:103
Nurse_S._viscosa,Nurse_G._struthium,-6.96333861780237,-6.96333861780237,1,2,-1,natural,2025-07-19 17:28:103
Nurse_S._viscosa,H._squamatum,1.10023209215713,1.10023209215713,1,2,-1,natural,2025-07-19 17:28:103
Nurse_G._struthium,H._squamatum,0.86762541499391,0.86762541499391,1,2,-1,natural,2025-07-19 17:28:103
Nurse_S._viscosa,S._viscosa,-0.637914605534984,-0.637914605534984,1,2,-1,natural,2025-07-19 17:28:103
Nurse_G._struthium,S._viscosa,0.505057834072489,0.505057834072489,1,2,-1,natural,2025-07-19 17:28:103
H._squamatum,S._viscosa,1.07747263549373,1.07747263549373,1,2,-1,natural,2025-07-19 17:28:103
Nurse_S._viscosa,C._hispanica,0.481351364256765,0.481351364256765,1,2,-1,natural,2025-07-19 17:28:103
Nurse_G._struthium,C._hispanica,-0.0803092659759596,-0.0803092659759596,1,2,-1,natural,2025-07-19 17:28:103
H._squamatum,C._hispanica,0.688486981732831,0.688486981732831,1,2,-1,natural,2025-07-19 17:28:103
S._viscosa,C._hispanica,0.69414633435509,0.69414633435509,1,2,-1,natural,2025-07-19 17:28:103
Nurse_S._viscosa,Other_species,-0.157407969619128,-0.157407969619128,1,2,-1,natural,2025-07-19 17:28:103
Nurse_G._struthium,Other_species,2.03766386895747,2.03766386895747,1,2,-1,natural,2025-07-19 17:28:103
H._squamatum,Other_species,0.307629979701859,0.307629979701859,1,2,-1,natural,2025-07-19 17:28:103
S._viscosa,Other_species,0.762433059190499,0.762433059190499,1,2,-1,natural,2025-07-19 17:28:103
C._hispanica,Other_species,0.565985335641328,0.565985335641328,1,2,-1,natural,2025-07-19 17:28:103
Nurse_S._viscosa,Nurse_G._struthium,-8.74804380513562,-8.74804380513562,1,2,-1,restoration,2025-07-19 17:28:103
Nurse_S._viscosa,H._squamatum,3.46989221738882,3.46989221738882,1,2,-1,restoration,2025-07-19 17:28:103
Nurse_G._struthium,H._squamatum,3.68900088574673,3.68900088574673,1,2,-1,restoration,2025-07-19 17:28:103
Nurse_S._viscosa,S._viscosa,2.78795878474283,2.78795878474283,1,2,-1,restoration,2025-07-19 17:28:103
Nurse_G._struthium,S._viscosa,0.512251191891746,0.512251191891746,1,2,-1,restoration,2025-07-19 17:28:103
H._squamatum,S._viscosa,0.400942383407852,0.400942383407852,1,2,-1,restoration,2025-07-19 17:28:103
Nurse_S._viscosa,C._hispanica,2.18728548511965,2.18728548511965,1,2,-1,restoration,2025-07-19 17:28:103
Nurse_G._struthium,C._hispanica,0.680652007262173,0.680652007262173,1,2,-1,restoration,2025-07-19 17:28:103
H._squamatum,C._hispanica,-1.69354269962834,-1.69354269962834,1,2,-1,restoration,2025-07-19 17:28:103
S._viscosa,C._hispanica,-0.382672787381216,-0.382672787381216,1,2,-1,restoration,2025-07-19 17:28:103
Nurse_S._viscosa,Other_species,1.07056602962427,1.07056602962427,1,2,-1,restoration,2025-07-19 17:28:103
Nurse_G._struthium,Other_species,1.62572855278557,1.62572855278557,1,2,-1,restoration,2025-07-19 17:28:103
H._squamatum,Other_species,0.492764816019494,0.492764816019494,1,2,-1,restoration,2025-07-19 17:28:103
S._viscosa,Other_species,1.72606338240363,1.72606338240363,1,2,-1,restoration,2025-07-19 17:28:103
C._hispanica,Other_species,2.31659175531784,2.31659175531784,1,2,-1,restoration,2025-07-19 17:28:103
Nurse_S._viscosa,Nurse_G._struthium,-6.87032392676066,-6.87032392676066,1,2,-1,natural,2025-07-19 17:28:103
Nurse_S._viscosa,H._squamatum,1.20887055205417,1.20887055205417,1,2,-1,natural,2025-07-19 17:28:103
Nurse_G._struthium,H._squamatum,0.47459618695569,0.47459618695569,1,2,-1,natural,2025-07-19 17:28:103
Nurse_S._viscosa,S._viscosa,-0.39730690575538,-0.39730690575538,1,2,-1,natural,2025-07-19 17:28:103
Nurse_G._struthium,S._viscosa,0.957836680021931,0.957836680021931,1,2,-1,natural,2025-07-19 17:28:103
H._squamatum,S._viscosa,1.08847997274097,1.08847997274097,1,2,-1,natural,2025-07-19 17:28:103
Nurse_S._viscosa,C._hispanica,0.620516695326099,0.620516695326099,1,2,-1,natural,2025-07-19 17:28:103
Nurse_G._struthium,C._hispanica,-0.2881326666717,-0.2881326666717,1,2,-1,natural,2025-07-19 17:28:103
H._squamatum,C._hispanica,0.639914066801728,0.639914066801728,1,2,-1,natural,2025-07-19 17:28:103
S._viscosa,C._hispanica,0.477000443864713,0.477000443864713,1,2,-1,natural,2025-07-19 17:28:103
Nurse_S._viscosa,Other_species,-0.251619025395889,-0.251619025395889,1,2,-1,natural,2025-07-19 17:28:103
Nurse_G._struthium,Other_species,2.25598759332669,2.25598759332669,1,2,-1,natural,2025-07-19 17:28:103
H._squamatum,Other_species,0.618843386058412,0.618843386058412,1,2,-1,natural,2025-07-19 17:28:103
S._viscosa,Other_species,0.528805348945844,0.528805348945844,1,2,-1,natural,2025-07-19 17:28:103
C._hispanica,Other_species,0.727733702264902,0.727733702264902,1,2,-1,natural,2025-07-19 17:28:103
Nurse_S._viscosa,Nurse_G._struthium,-10.2103530819267,-10.2103530819267,1,2,-1,restoration,2025-07-19 17:28:093
Nurse_S._viscosa,H._squamatum,2.85121019553181,2.85121019553181,1,2,-1,restoration,2025-07-19 17:28:093
Nurse_G._struthium,H._squamatum,4.41609715737081,4.41609715737081,1,2,-1,restoration,2025-07-19 17:28:093
Nurse_S._viscosa,S._viscosa,4.18974608595254,4.18974608595254,1,2,-1,restoration,2025-07-19 17:28:093
Nurse_G._struthium,S._viscosa,1.71324605295145,1.71324605295145,1,2,-1,restoration,2025-07-19 17:28:093
H._squamatum,S._viscosa,0.507050505000431,0.507050505000431,1,2,-1,restoration,2025-07-19 17:28:093
Nurse_S._viscosa,C._hispanica,3.74934466194705,3.74934466194705,1,2,-1,restoration,2025-07-19 17:28:093
Nurse_G._struthium,C._hispanica,2.05704888183885,2.05704888183885,1,2,-1,restoration,2025-07-19 17:28:093
H._squamatum,C._hispanica,-0.278590032321637,-0.278590032321637,1,2,-1,restoration,2025-07-19 17:28:093
S._viscosa,C._hispanica,-0.057096808702996,-0.057096808702996,1,2,-1,restoration,2025-07-19 17:28:093
Nurse_S._viscosa,Other_species,3.59230151916377,3.59230151916377,1,2,-1,restoration,2025-07-19 17:28:093
Nurse_G._struthium,Other_species,3.89524774790002,3.89524774790002,1,2,-1,restoration,2025-07-19 17:28:093
H._squamatum,Other_species,-0.0438353748832673,-0.0438353748832673,1,2,-1,restoration,2025-07-19 17:28:093
S._viscosa,Other_species,2.80177436601944,2.80177436601944,1,2,-1,restoration,2025-07-19 17:28:093
C._hispanica,Other_species,2.80024529775659,2.80024529775659,1,2,-1,restoration,2025-07-19 17:28:093
Nurse_S._viscosa,Nurse_G._struthium,-6.89319764393984,-6.89319764393984,1,2,-1,natural,2025-07-19 17:28:093
Nurse_S._viscosa,H._squamatum,1.3513743854308,1.3513743854308,1,2,-1,natural,2025-07-19 17:28:093
Nurse_G._struthium,H._squamatum,0.628795388208053,0.628795388208053,1,2,-1,natural,2025-07-19 17:28:093
Nurse_S._viscosa,S._viscosa,-0.599223912349807,-0.599223912349807,1,2,-1,natural,2025-07-19 17:28:093
Nurse_G._struthium,S._viscosa,0.751382005065762,0.751382005065762,1,2,-1,natural,2025-07-19 17:28:093
H._squamatum,S._viscosa,1.01328725597161,1.01328725597161,1,2,-1,natural,2025-07-19 17:28:093
Nurse_S._viscosa,C._hispanica,0.678343977813207,0.678343977813207,1,2,-1,natural,2025-07-19 17:28:093
Nurse_G._struthium,C._hispanica,-0.436334104090657,-0.436334104090657,1,2,-1,natural,2025-07-19 17:28:093
H._squamatum,C._hispanica,0.743722342071694,0.743722342071694,1,2,-1,natural,2025-07-19 17:28:093
S._viscosa,C._hispanica,0.685147292155914,0.685147292155914,1,2,-1,natural,2025-07-19 17:28:093
Nurse_S._viscosa,Other_species,0.00152655304134005,0.00152655304134005,1,2,-1,natural,2025-07-19 17:28:093
Nurse_G._struthium,Other_species,2.11137234375138,2.11137234375138,1,2,-1,natural,2025-07-19 17:28:093
H._squamatum,Other_species,0.496720727720178,0.496720727720178,1,2,-1,natural,2025-07-19 17:28:093
S._viscosa,Other_species,0.699460237520441,0.699460237520441,1,2,-1,natural,2025-07-19 17:28:093
C._hispanica,Other_species,0.64917396699257,0.64917396699257,1,2,-1,natural,2025-07-19 17:28:093
Nurse_S._viscosa,Nurse_G._struthium,-7.08789223174533,-7.08789223174533,1,2,-1,restoration,2025-07-19 17:28:093
Nurse_S._viscosa,H._squamatum,1.61271596452267,1.61271596452267,1,2,-1,restoration,2025-07-19 17:28:093
Nurse_G._struthium,H._squamatum,2.62515192373708,2.62515192373708,1,2,-1,restoration,2025-07-19 17:28:093
Nurse_S._viscosa,S._viscosa,2.98987434861173,2.98987434861173,1,2,-1,restoration,2025-07-19 17:28:093
Nurse_G._struthium,S._viscosa,0.990514403427435,0.990514403427435,1,2,-1,restoration,2025-07-19 17:28:093
H._squamatum,S._viscosa,0.560488755709498,0.560488755709498,1,2,-1,restoration,2025-07-19 17:28:093
Nurse_S._viscosa,C._hispanica,2.60783265882414,2.60783265882414,1,2,-1,restoration,2025-07-19 17:28:093
Nurse_G._struthium,C._hispanica,1.02938819798482,1.02938819798482,1,2,-1,restoration,2025-07-19 17:28:093
H._squamatum,C._hispanica,-1.52057709067797,-1.52057709067797,1,2,-1,restoration,2025-07-19 17:28:093
S._viscosa,C._hispanica,-0.610385268203102,-0.610385268203102,1,2,-1,restoration,2025-07-19 17:28:093
Nurse_S._viscosa,Other_species,1.53701628127004,1.53701628127004,1,2,-1,restoration,2025-07-19 17:28:093
Nurse_G._struthium,Other_species,1.58290208125934,1.58290208125934,1,2,-1,restoration,2025-07-19 17:28:093
H._squamatum,Other_species,0.340378645359714,0.340378645359714,1,2,-1,restoration,2025-07-19 17:28:093
S._viscosa,Other_species,0.522048037517234,0.522048037517234,1,2,-1,restoration,2025-07-19 17:28:093
C._hispanica,Other_species,1.93582551662711,1.93582551662711,1,2,-1,restoration,2025-07-19 17:28:093
Nurse_S._viscosa,Nurse_G._struthium,-6.91766523933095,-6.91766523933095,1,2,-1,natural,2025-07-19 17:28:093
Nurse_S._viscosa,H._squamatum,1.11169193429083,1.11169193429083,1,2,-1,natural,2025-07-19 17:28:093
Nurse_G._struthium,H._squamatum,0.564266248494041,0.564266248494041,1,2,-1,natural,2025-07-19 17:28:093
Nurse_S._viscosa,S._viscosa,-0.561682037589886,-0.561682037589886,1,2,-1,natural,2025-07-19 17:28:093
Nurse_G._struthium,S._viscosa,0.592988331807266,0.592988331807266,1,2,-1,natural,2025-07-19 17:28:093
H._squamatum,S._viscosa,1.09055685062303,1.09055685062303,1,2,-1,natural,2025-07-19 17:28:093
Nurse_S._viscosa,C._hispanica,0.587818971968471,0.587818971968471,1,2,-1,natural,2025-07-19 17:28:093
Nurse_G._struthium,C._hispanica,-0.172903836371593,-0.172903836371593,1,2,-1,natural,2025-07-19 17:28:093
H._squamatum,C._hispanica,0.797102583777931,0.797102583777931,1,2,-1,natural,2025-07-19 17:28:093
S._viscosa,C._hispanica,0.771895457878384,0.771895457878384,1,2,-1,natural,2025-07-19 17:28:093
Nurse_S._viscosa,Other_species,-0.0448560572289277,-0.0448560572289277,1,2,-1,natural,2025-07-19 17:28:093
Nurse_G._struthium,Other_species,1.86570221499029,1.86570221499029,1,2,-1,natural,2025-07-19 17:28:093
H._squamatum,Other_species,0.510580300176958,0.510580300176958,1,2,-1,natural,2025-07-19 17:28:093
S._viscosa,Other_species,0.477785269662042,0.477785269662042,1,2,-1,natural,2025-07-19 17:28:093
C._hispanica,Other_species,0.645735292512347,0.645735292512347,1,2,-1,natural,2025-07-19 17:28:093
Nurse_S._viscosa,Nurse_G._struthium,-8.77600526930473,-8.77600526930473,1,2,-1,restoration,2025-07-19 17:28:083
Nurse_S._viscosa,H._squamatum,1.74443965096578,1.74443965096578,1,2,-1,restoration,2025-07-19 17:28:083
Nurse_G._struthium,H._squamatum,3.93571828737981,3.93571828737981,1,2,-1,restoration,2025-07-19 17:28:083
Nurse_S._viscosa,S._viscosa,3.62678211693612,3.62678211693612,1,2,-1,restoration,2025-07-19 17:28:083
Nurse_G._struthium,S._viscosa,1.58509921256577,1.58509921256577,1,2,-1,restoration,2025-07-19 17:28:083
H._squamatum,S._viscosa,1.10404335747016,1.10404335747016,1,2,-1,restoration,2025-07-19 17:28:083
Nurse_S._viscosa,C._hispanica,1.31462006487509,1.31462006487509,1,2,-1,restoration,2025-07-19 17:28:083
Nurse_G._struthium,C._hispanica,0.74596085385321,0.74596085385321,1,2,-1,restoration,2025-07-19 17:28:083
H._squamatum,C._hispanica,-1.37856838471302,-1.37856838471302,1,2,-1,restoration,2025-07-19 17:28:083
S._viscosa,C._hispanica,1.11462346221338,1.11462346221338,1,2,-1,restoration,2025-07-19 17:28:083
Nurse_S._viscosa,Other_species,3.25031770096844,3.25031770096844,1,2,-1,restoration,2025-07-19 17:28:083
Nurse_G._struthium,Other_species,3.97209072824382,3.97209072824382,1,2,-1,restoration,2025-07-19 17:28:083
H._squamatum,Other_species,0.154679735817138,0.154679735817138,1,2,-1,restoration,2025-07-19 17:28:083
S._viscosa,Other_species,1.44213095147385,1.44213095147385,1,2,-1,restoration,2025-07-19 17:28:083
C._hispanica,Other_species,1.41386782421234,1.41386782421234,1,2,-1,restoration,2025-07-19 17:28:083
Nurse_S._viscosa,Nurse_G._struthium,-6.83271578482809,-6.83271578482809,1,2,-1,natural,2025-07-19 17:28:083
Nurse_S._viscosa,H._squamatum,0.995064150791654,0.995064150791654,1,2,-1,natural,2025-07-19 17:28:083
Nurse_G._struthium,H._squamatum,0.413433111348578,0.413433111348578,1,2,-1,natural,2025-07-19 17:28:083
Nurse_S._viscosa,S._viscosa,-0.489364843959301,-0.489364843959301,1,2,-1,natural,2025-07-19 17:28:083
Nurse_G._struthium,S._viscosa,0.774974365562202,0.774974365562202,1,2,-1,natural,2025-07-19 17:28:083
H._squamatum,S._viscosa,1.11793765151052,1.11793765151052,1,2,-1,natural,2025-07-19 17:28:083
Nurse_S._viscosa,C._hispanica,0.585313292151338,0.585313292151338,1,2,-1,natural,2025-07-19 17:28:083
Nurse_G._struthium,C._hispanica,-0.119202363327355,-0.119202363327355,1,2,-1,natural,2025-07-19 17:28:083
H._squamatum,C._hispanica,0.591466728705625,0.591466728705625,1,2,-1,natural,2025-07-19 17:28:083
S._viscosa,C._hispanica,0.670599254413329,0.670599254413329,1,2,-1,natural,2025-07-19 17:28:083
Nurse_S._viscosa,Other_species,-0.379618979819992,-0.379618979819992,1,2,-1,natural,2025-07-19 17:28:083
Nurse_G._struthium,Other_species,1.64888292598241,1.64888292598241,1,2,-1,natural,2025-07-19 17:28:083
H._squamatum,Other_species,0.380066308492607,0.380066308492607,1,2,-1,natural,2025-07-19 17:28:083
S._viscosa,Other_species,0.643464268046658,0.643464268046658,1,2,-1,natural,2025-07-19 17:28:083
C._hispanica,Other_species,0.354297667807453,0.354297667807453,1,2,-1,natural,2025-07-19 17:28:083
Nurse_S._viscosa,Nurse_G._struthium,-7.65462670105469,-7.65462670105469,1,2,-1,restoration,2025-07-19 17:28:083
Nurse_S._viscosa,H._squamatum,2.30445831484348,2.30445831484348,1,2,-1,restoration,2025-07-19 17:28:083
Nurse_G._struthium,H._squamatum,3.24274953136356,3.24274953136356,1,2,-1,restoration,2025-07-19 17:28:083
Nurse_S._viscosa,S._viscosa,2.62994202165507,2.62994202165507,1,2,-1,restoration,2025-07-19 17:28:083
Nurse_G._struthium,S._viscosa,0.477433788795218,0.477433788795218,1,2,-1,restoration,2025-07-19 17:28:083
H._squamatum,S._viscosa,0.280346110601413,0.280346110601413,1,2,-1,restoration,2025-07-19 17:28:083
Nurse_S._viscosa,C._hispanica,2.18100427662731,2.18100427662731,1,2,-1,restoration,2025-07-19 17:28:083
Nurse_G._struthium,C._hispanica,1.04529354429892,1.04529354429892,1,2,-1,restoration,2025-07-19 17:28:083
H._squamatum,C._hispanica,-1.45957741288025,-1.45957741288025,1,2,-1,restoration,2025-07-19 17:28:083
S._viscosa,C._hispanica,-1.13137201220301,-1.13137201220301,1,2,-1,restoration,2025-07-19 17:28:083
Nurse_S._viscosa,Other_species,1.71496959738299,1.71496959738299,1,2,-1,restoration,2025-07-19 17:28:083
Nurse_G._struthium,Other_species,1.66536705650894,1.66536705650894,1,2,-1,restoration,2025-07-19 17:28:083
H._squamatum,Other_species,-0.333162145241213,-0.333162145241213,1,2,-1,restoration,2025-07-19 17:28:083
S._viscosa,Other_species,1.2177336884079,1.2177336884079,1,2,-1,restoration,2025-07-19 17:28:083
C._hispanica,Other_species,2.02125695723147,2.02125695723147,1,2,-1,restoration,2025-07-19 17:28:083
Nurse_S._viscosa,Nurse_G._struthium,-6.64447578023769,-6.64447578023769,1,2,-1,natural,2025-07-19 17:28:083
Nurse_S._viscosa,H._squamatum,1.09315962650494,1.09315962650494,1,2,-1,natural,2025-07-19 17:28:083
Nurse_G._struthium,H._squamatum,0.365847048458887,0.365847048458887,1,2,-1,natural,2025-07-19 17:28:083
Nurse_S._viscosa,S._viscosa,-0.393795191534679,-0.393795191534679,1,2,-1,natural,2025-07-19 17:28:083
Nurse_G._struthium,S._viscosa,1.05592476980687,1.05592476980687,1,2,-1,natural,2025-07-19 17:28:083
H._squamatum,S._viscosa,1.06883406053611,1.06883406053611,1,2,-1,natural,2025-07-19 17:28:083
Nurse_S._viscosa,C._hispanica,0.509459903944449,0.509459903944449,1,2,-1,natural,2025-07-19 17:28:083
Nurse_G._struthium,C._hispanica,-0.266443502450544,-0.266443502450544,1,2,-1,natural,2025-07-19 17:28:083
H._squamatum,C._hispanica,0.617591012429592,0.617591012429592,1,2,-1,natural,2025-07-19 17:28:083
S._viscosa,C._hispanica,0.891548058390065,0.891548058390065,1,2,-1,natural,2025-07-19 17:28:083
Nurse_S._viscosa,Other_species,-0.107148864262695,-0.107148864262695,1,2,-1,natural,2025-07-19 17:28:083
Nurse_G._struthium,Other_species,1.91690303396709,1.91690303396709,1,2,-1,natural,2025-07-19 17:28:083
H._squamatum,Other_species,0.694243897139944,0.694243897139944,1,2,-1,natural,2025-07-19 17:28:083
S._viscosa,Other_species,0.638657290748653,0.638657290748653,1,2,-1,natural,2025-07-19 17:28:083
C._hispanica,Other_species,0.657902989641196,0.657902989641196,1,2,-1,natural,2025-07-19 17:28:083
Nurse_S._viscosa,Nurse_G._struthium,-7.15007029615799,-7.15007029615799,1,2,-1,restoration,2025-07-19 17:28:083
Nurse_S._viscosa,H._squamatum,2.99051826892989,2.99051826892989,1,2,-1,restoration,2025-07-19 17:28:083
Nurse_G._struthium,H._squamatum,3.07275598658195,3.07275598658195,1,2,-1,restoration,2025-07-19 17:28:083
Nurse_S._viscosa,S._viscosa,3.31640578885447,3.31640578885447,1,2,-1,restoration,2025-07-19 17:28:083
Nurse_G._struthium,S._viscosa,0.853725841791111,0.853725841791111,1,2,-1,restoration,2025-07-19 17:28:083
H._squamatum,S._viscosa,-1.32335206251184,-1.32335206251184,1,2,-1,restoration,2025-07-19 17:28:083
Nurse_S._viscosa,C._hispanica,2.14415457515106,2.14415457515106,1,2,-1,restoration,2025-07-19 17:28:083
Nurse_G._struthium,C._hispanica,-0.59203034547612,-0.59203034547612,1,2,-1,restoration,2025-07-19 17:28:083
H._squamatum,C._hispanica,-1.29124733345703,-1.29124733345703,1,2,-1,restoration,2025-07-19 17:28:083
S._viscosa,C._hispanica,-0.828457239477579,-0.828457239477579,1,2,-1,restoration,2025-07-19 17:28:083
Nurse_S._viscosa,Other_species,1.85828757778585,1.85828757778585,1,2,-1,restoration,2025-07-19 17:28:083
Nurse_G._struthium,Other_species,2.59070428542692,2.59070428542692,1,2,-1,restoration,2025-07-19 17:28:083
H._squamatum,Other_species,2.33266880808238,2.33266880808238,1,2,-1,restoration,2025-07-19 17:28:083
S._viscosa,Other_species,0.618242482762992,0.618242482762992,1,2,-1,restoration,2025-07-19 17:28:083
C._hispanica,Other_species,1.93139531122444,1.93139531122444,1,2,-1,restoration,2025-07-19 17:28:083
Nurse_S._viscosa,Nurse_G._struthium,-6.93547484612912,-6.93547484612912,1,2,-1,natural,2025-07-19 17:28:083
Nurse_S._viscosa,H._squamatum,1.42905657412869,1.42905657412869,1,2,-1,natural,2025-07-19 17:28:083
Nurse_G._struthium,H._squamatum,0.638690787132563,0.638690787132563,1,2,-1,natural,2025-07-19 17:28:083
Nurse_S._viscosa,S._viscosa,-0.441206002719031,-0.441206002719031,1,2,-1,natural,2025-07-19 17:28:083
Nurse_G._struthium,S._viscosa,0.81273095805556,0.81273095805556,1,2,-1,natural,2025-07-19 17:28:083
H._squamatum,S._viscosa,1.07733881989602,1.07733881989602,1,2,-1,natural,2025-07-19 17:28:083
Nurse_S._viscosa,C._hispanica,0.929754458189475,0.929754458189475,1,2,-1,natural,2025-07-19 17:28:083
Nurse_G._struthium,C._hispanica,0.0648690335986365,0.0648690335986365,1,2,-1,natural,2025-07-19 17:28:083
H._squamatum,C._hispanica,0.776465094306125,0.776465094306125,1,2,-1,natural,2025-07-19 17:28:083
S._viscosa,C._hispanica,0.534284812426125,0.534284812426125,1,2,-1,natural,2025-07-19 17:28:083
Nurse_S._viscosa,Other_species,-0.0842320392814444,-0.0842320392814444,1,2,-1,natural,2025-07-19 17:28:083
Nurse_G._struthium,Other_species,1.89429951542574,1.89429951542574,1,2,-1,natural,2025-07-19 17:28:083
H._squamatum,Other_species,0.650799678675883,0.650799678675883,1,2,-1,natural,2025-07-19 17:28:083
S._viscosa,Other_species,0.690531207842188,0.690531207842188,1,2,-1,natural,2025-07-19 17:28:083
C._hispanica,Other_species,0.779365010310695,0.779365010310695,1,2,-1,natural,2025-07-19 17:28:083
Nurse_S._viscosa,Nurse_G._struthium,-8.167146887775,-8.167146887775,1,2,-1,restoration,2025-07-19 17:28:073
Nurse_S._viscosa,H._squamatum,1.93758292778626,1.93758292778626,1,2,-1,restoration,2025-07-19 17:28:073
Nurse_G._struthium,H._squamatum,2.6062540951343,2.6062540951343,1,2,-1,restoration,2025-07-19 17:28:073
Nurse_S._viscosa,S._viscosa,3.60410143554638,3.60410143554638,1,2,-1,restoration,2025-07-19 17:28:073
Nurse_G._struthium,S._viscosa,1.71042885510867,1.71042885510867,1,2,-1,restoration,2025-07-19 17:28:073
H._squamatum,S._viscosa,0.60328447111857,0.60328447111857,1,2,-1,restoration,2025-07-19 17:28:073
Nurse_S._viscosa,C._hispanica,2.46918015028819,2.46918015028819,1,2,-1,restoration,2025-07-19 17:28:073
Nurse_G._struthium,C._hispanica,0.956351621857269,0.956351621857269,1,2,-1,restoration,2025-07-19 17:28:073
H._squamatum,C._hispanica,-0.126668575906806,-0.126668575906806,1,2,-1,restoration,2025-07-19 17:28:073
S._viscosa,C._hispanica,0.153667079313143,0.153667079313143,1,2,-1,restoration,2025-07-19 17:28:073
Nurse_S._viscosa,Other_species,2.91379892855359,2.91379892855359,1,2,-1,restoration,2025-07-19 17:28:073
Nurse_G._struthium,Other_species,2.98056450411398,2.98056450411398,1,2,-1,restoration,2025-07-19 17:28:073
H._squamatum,Other_species,0.597973113214504,0.597973113214504,1,2,-1,restoration,2025-07-19 17:28:073
S._viscosa,Other_species,1.51726592268026,1.51726592268026,1,2,-1,restoration,2025-07-19 17:28:073
C._hispanica,Other_species,2.17375634604917,2.17375634604917,1,2,-1,restoration,2025-07-19 17:28:073
Nurse_S._viscosa,Nurse_G._struthium,-6.89685071489704,-6.89685071489704,1,2,-1,natural,2025-07-19 17:28:073
Nurse_S._viscosa,H._squamatum,1.11766038056949,1.11766038056949,1,2,-1,natural,2025-07-19 17:28:073
Nurse_G._struthium,H._squamatum,0.30310230597121,0.30310230597121,1,2,-1,natural,2025-07-19 17:28:073
Nurse_S._viscosa,S._viscosa,-0.402259183690936,-0.402259183690936,1,2,-1,natural,2025-07-19 17:28:073
Nurse_G._struthium,S._viscosa,0.562108094881241,0.562108094881241,1,2,-1,natural,2025-07-19 17:28:073
H._squamatum,S._viscosa,1.22939043298071,1.22939043298071,1,2,-1,natural,2025-07-19 17:28:073
Nurse_S._viscosa,C._hispanica,0.864028544501978,0.864028544501978,1,2,-1,natural,2025-07-19 17:28:073
Nurse_G._struthium,C._hispanica,-0.273396335423323,-0.273396335423323,1,2,-1,natural,2025-07-19 17:28:073
H._squamatum,C._hispanica,0.575767571679925,0.575767571679925,1,2,-1,natural,2025-07-19 17:28:073
S._viscosa,C._hispanica,1.02481792371009,1.02481792371009,1,2,-1,natural,2025-07-19 17:28:073
Nurse_S._viscosa,Other_species,-0.0812661254232214,-0.0812661254232214,1,2,-1,natural,2025-07-19 17:28:073
Nurse_G._struthium,Other_species,2.42129373869403,2.42129373869403,1,2,-1,natural,2025-07-19 17:28:073
H._squamatum,Other_species,0.484235742342405,0.484235742342405,1,2,-1,natural,2025-07-19 17:28:073
S._viscosa,Other_species,0.553420788898969,0.553420788898969,1,2,-1,natural,2025-07-19 17:28:073
C._hispanica,Other_species,0.597771964039018,0.597771964039018,1,2,-1,natural,2025-07-19 17:28:073
Nurse_S._viscosa,Nurse_G._struthium,-7.11625094367203,-7.11625094367203,1,2,-1,restoration,2025-07-19 17:28:073
Nurse_S._viscosa,H._squamatum,1.51247410315827,1.51247410315827,1,2,-1,restoration,2025-07-19 17:28:073
Nurse_G._struthium,H._squamatum,2.87380644523839,2.87380644523839,1,2,-1,restoration,2025-07-19 17:28:073
Nurse_S._viscosa,S._viscosa,2.97579629967369,2.97579629967369,1,2,-1,restoration,2025-07-19 17:28:073
Nurse_G._struthium,S._viscosa,0.957857851596596,0.957857851596596,1,2,-1,restoration,2025-07-19 17:28:073
H._squamatum,S._viscosa,0.291939666086813,0.291939666086813,1,2,-1,restoration,2025-07-19 17:28:073
Nurse_S._viscosa,C._hispanica,3.31375677462303,3.31375677462303,1,2,-1,restoration,2025-07-19 17:28:073
Nurse_G._struthium,C._hispanica,0.547969346254669,0.547969346254669,1,2,-1,restoration,2025-07-19 17:28:073
H._squamatum,C._hispanica,-0.836191549075374,-0.836191549075374,1,2,-1,restoration,2025-07-19 17:28:073
S._viscosa,C._hispanica,-0.94815967240389,-0.94815967240389,1,2,-1,restoration,2025-07-19 17:28:073
Nurse_S._viscosa,Other_species,2.19471122536041,2.19471122536041,1,2,-1,restoration,2025-07-19 17:28:073
Nurse_G._struthium,Other_species,2.3423856824968,2.3423856824968,1,2,-1,restoration,2025-07-19 17:28:073
H._squamatum,Other_species,0.859042674394617,0.859042674394617,1,2,-1,restoration,2025-07-19 17:28:073
S._viscosa,Other_species,0.891040333248322,0.891040333248322,1,2,-1,restoration,2025-07-19 17:28:073
C._hispanica,Other_species,1.95140295016097,1.95140295016097,1,2,-1,restoration,2025-07-19 17:28:073
Nurse_S._viscosa,Nurse_G._struthium,-6.90351224132209,-6.90351224132209,1,2,-1,natural,2025-07-19 17:28:073
Nurse_S._viscosa,H._squamatum,1.08705430467403,1.08705430467403,1,2,-1,natural,2025-07-19 17:28:073
Nurse_G._struthium,H._squamatum,0.383360399828342,0.383360399828342,1,2,-1,natural,2025-07-19 17:28:073
Nurse_S._viscosa,S._viscosa,-0.676592765647207,-0.676592765647207,1,2,-1,natural,2025-07-19 17:28:073
Nurse_G._struthium,S._viscosa,0.766296467735084,0.766296467735084,1,2,-1,natural,2025-07-19 17:28:073
H._squamatum,S._viscosa,0.948478472021027,0.948478472021027,1,2,-1,natural,2025-07-19 17:28:073
Nurse_S._viscosa,C._hispanica,0.887028026024551,0.887028026024551,1,2,-1,natural,2025-07-19 17:28:073
Nurse_G._struthium,C._hispanica,-0.184886845864589,-0.184886845864589,1,2,-1,natural,2025-07-19 17:28:073
H._squamatum,C._hispanica,0.43514305989176,0.43514305989176,1,2,-1,natural,2025-07-19 17:28:073
S._viscosa,C._hispanica,0.877612536952418,0.877612536952418,1,2,-1,natural,2025-07-19 17:28:073
Nurse_S._viscosa,Other_species,-0.343849649935758,-0.343849649935758,1,2,-1,natural,2025-07-19 17:28:073
Nurse_G._struthium,Other_species,1.55644824522299,1.55644824522299,1,2,-1,natural,2025-07-19 17:28:073
H._squamatum,Other_species,0.531411447281947,0.531411447281947,1,2,-1,natural,2025-07-19 17:28:073
S._viscosa,Other_species,0.491786205412077,0.491786205412077,1,2,-1,natural,2025-07-19 17:28:073
C._hispanica,Other_species,0.590191740847493,0.590191740847493,1,2,-1,natural,2025-07-19 17:28:073
Nurse_S._viscosa,Nurse_G._struthium,-8.17113952214448,-8.17113952214448,1,2,-1,restoration,2025-07-19 17:28:063
Nurse_S._viscosa,H._squamatum,2.23061816955655,2.23061816955655,1,2,-1,restoration,2025-07-19 17:28:063
Nurse_G._struthium,H._squamatum,3.35017631579465,3.35017631579465,1,2,-1,restoration,2025-07-19 17:28:063
Nurse_S._viscosa,S._viscosa,2.91515802381563,2.91515802381563,1,2,-1,restoration,2025-07-19 17:28:063
Nurse_G._struthium,S._viscosa,1.11135184297911,1.11135184297911,1,2,-1,restoration,2025-07-19 17:28:063
H._squamatum,S._viscosa,0.766464969006431,0.766464969006431,1,2,-1,restoration,2025-07-19 17:28:063
Nurse_S._viscosa,C._hispanica,3.60364698378747,3.60364698378747,1,2,-1,restoration,2025-07-19 17:28:063
Nurse_G._struthium,C._hispanica,0.521488414711292,0.521488414711292,1,2,-1,restoration,2025-07-19 17:28:063
H._squamatum,C._hispanica,1.31592940440653,1.31592940440653,1,2,-1,restoration,2025-07-19 17:28:063
S._viscosa,C._hispanica,0.873804679631621,0.873804679631621,1,2,-1,restoration,2025-07-19 17:28:063
Nurse_S._viscosa,Other_species,2.26714242433396,2.26714242433396,1,2,-1,restoration,2025-07-19 17:28:063
Nurse_G._struthium,Other_species,2.75602354107693,2.75602354107693,1,2,-1,restoration,2025-07-19 17:28:063
H._squamatum,Other_species,0.501472933295018,0.501472933295018,1,2,-1,restoration,2025-07-19 17:28:063
S._viscosa,Other_species,1.17067081388348,1.17067081388348,1,2,-1,restoration,2025-07-19 17:28:063
C._hispanica,Other_species,2.36928798894442,2.36928798894442,1,2,-1,restoration,2025-07-19 17:28:063
Nurse_S._viscosa,Nurse_G._struthium,-6.78961344709388,-6.78961344709388,1,2,-1,natural,2025-07-19 17:28:063
Nurse_S._viscosa,H._squamatum,1.04733281009963,1.04733281009963,1,2,-1,natural,2025-07-19 17:28:063
Nurse_G._struthium,H._squamatum,0.533689263832748,0.533689263832748,1,2,-1,natural,2025-07-19 17:28:063
Nurse_S._viscosa,S._viscosa,-0.567710782548497,-0.567710782548497,1,2,-1,natural,2025-07-19 17:28:063
Nurse_G._struthium,S._viscosa,0.511833005073697,0.511833005073697,1,2,-1,natural,2025-07-19 17:28:063
H._squamatum,S._viscosa,0.767389817319736,0.767389817319736,1,2,-1,natural,2025-07-19 17:28:063
Nurse_S._viscosa,C._hispanica,0.561389059538171,0.561389059538171,1,2,-1,natural,2025-07-19 17:28:063
Nurse_G._struthium,C._hispanica,-0.116242110521822,-0.116242110521822,1,2,-1,natural,2025-07-19 17:28:063
H._squamatum,C._hispanica,0.59148333757808,0.59148333757808,1,2,-1,natural,2025-07-19 17:28:063
S._viscosa,C._hispanica,0.709126565886848,0.709126565886848,1,2,-1,natural,2025-07-19 17:28:063
Nurse_S._viscosa,Other_species,-0.143959289103043,-0.143959289103043,1,2,-1,natural,2025-07-19 17:28:063
Nurse_G._struthium,Other_species,1.98517343853914,1.98517343853914,1,2,-1,natural,2025-07-19 17:28:063
H._squamatum,Other_species,0.503035446441011,0.503035446441011,1,2,-1,natural,2025-07-19 17:28:063
S._viscosa,Other_species,0.714471513187064,0.714471513187064,1,2,-1,natural,2025-07-19 17:28:063
C._hispanica,Other_species,0.369430514971858,0.369430514971858,1,2,-1,natural,2025-07-19 17:28:063
Nurse_S._viscosa,Nurse_G._struthium,-7.15288610568353,-7.15288610568353,1,2,-1,restoration,2025-07-19 17:28:063
Nurse_S._viscosa,H._squamatum,2.00727108483545,2.00727108483545,1,2,-1,restoration,2025-07-19 17:28:063
Nurse_G._struthium,H._squamatum,2.64959571728612,2.64959571728612,1,2,-1,restoration,2025-07-19 17:28:063
Nurse_S._viscosa,S._viscosa,3.85271115560614,3.85271115560614,1,2,-1,restoration,2025-07-19 17:28:063
Nurse_G._struthium,S._viscosa,1.01064936236234,1.01064936236234,1,2,-1,restoration,2025-07-19 17:28:063
H._squamatum,S._viscosa,0.513298704082676,0.513298704082676,1,2,-1,restoration,2025-07-19 17:28:063
Nurse_S._viscosa,C._hispanica,2.36599100920314,2.36599100920314,1,2,-1,restoration,2025-07-19 17:28:063
Nurse_G._struthium,C._hispanica,0.306652285992596,0.306652285992596,1,2,-1,restoration,2025-07-19 17:28:063
H._squamatum,C._hispanica,-1.13584846851211,-1.13584846851211,1,2,-1,restoration,2025-07-19 17:28:063
S._viscosa,C._hispanica,-2.61162020817188,-2.61162020817188,1,2,-1,restoration,2025-07-19 17:28:063
Nurse_S._viscosa,Other_species,3.087717976576,3.087717976576,1,2,-1,restoration,2025-07-19 17:28:063
Nurse_G._struthium,Other_species,2.95892222552824,2.95892222552824,1,2,-1,restoration,2025-07-19 17:28:063
H._squamatum,Other_species,0.774540460549523,0.774540460549523,1,2,-1,restoration,2025-07-19 17:28:063
S._viscosa,Other_species,2.04658026898392,2.04658026898392,1,2,-1,restoration,2025-07-19 17:28:063
C._hispanica,Other_species,2.71018019873547,2.71018019873547,1,2,-1,restoration,2025-07-19 17:28:063
Nurse_S._viscosa,Nurse_G._struthium,-6.78293283599044,-6.78293283599044,1,2,-1,natural,2025-07-19 17:28:063
Nurse_S._viscosa,H._squamatum,1.13352640037231,1.13352640037231,1,2,-1,natural,2025-07-19 17:28:063
Nurse_G._struthium,H._squamatum,0.409804526286817,0.409804526286817,1,2,-1,natural,2025-07-19 17:28:063
Nurse_S._viscosa,S._viscosa,-0.42331324488745,-0.42331324488745,1,2,-1,natural,2025-07-19 17:28:063
Nurse_G._struthium,S._viscosa,0.813104411801594,0.813104411801594,1,2,-1,natural,2025-07-19 17:28:063
H._squamatum,S._viscosa,0.936458484462671,0.936458484462671,1,2,-1,natural,2025-07-19 17:28:063
Nurse_S._viscosa,C._hispanica,0.441208206828169,0.441208206828169,1,2,-1,natural,2025-07-19 17:28:063
Nurse_G._struthium,C._hispanica,-0.276175339057698,-0.276175339057698,1,2,-1,natural,2025-07-19 17:28:063
H._squamatum,C._hispanica,0.700456065357182,0.700456065357182,1,2,-1,natural,2025-07-19 17:28:063
S._viscosa,C._hispanica,0.869046787403741,0.869046787403741,1,2,-1,natural,2025-07-19 17:28:063
Nurse_S._viscosa,Other_species,-0.0863897458795171,-0.0863897458795171,1,2,-1,natural,2025-07-19 17:28:063
Nurse_G._struthium,Other_species,1.69972665419351,1.69972665419351,1,2,-1,natural,2025-07-19 17:28:063
H._squamatum,Other_species,0.661207742842177,0.661207742842177,1,2,-1,natural,2025-07-19 17:28:063
S._viscosa,Other_species,0.63231407505838,0.63231407505838,1,2,-1,natural,2025-07-19 17:28:063
C._hispanica,Other_species,0.763057499460931,0.763057499460931,1,2,-1,natural,2025-07-19 17:28:063
Nurse_S._viscosa,Nurse_G._struthium,-7.5642921004879,-7.5642921004879,1,2,-1,restoration,2025-07-19 17:28:063
Nurse_S._viscosa,H._squamatum,3.08194410173903,3.08194410173903,1,2,-1,restoration,2025-07-19 17:28:063
Nurse_G._struthium,H._squamatum,3.0185632395096,3.0185632395096,1,2,-1,restoration,2025-07-19 17:28:063
Nurse_S._viscosa,S._viscosa,2.78606044467057,2.78606044467057,1,2,-1,restoration,2025-07-19 17:28:063
Nurse_G._struthium,S._viscosa,0.356144301384545,0.356144301384545,1,2,-1,restoration,2025-07-19 17:28:063
H._squamatum,S._viscosa,0.835542108169791,0.835542108169791,1,2,-1,restoration,2025-07-19 17:28:063
Nurse_S._viscosa,C._hispanica,4.09482535623823,4.09482535623823,1,2,-1,restoration,2025-07-19 17:28:063
Nurse_G._struthium,C._hispanica,-0.555782298190144,-0.555782298190144,1,2,-1,restoration,2025-07-19 17:28:063
H._squamatum,C._hispanica,-0.0415036372490918,-0.0415036372490918,1,2,-1,restoration,2025-07-19 17:28:063
S._viscosa,C._hispanica,-0.36334887814573,-0.36334887814573,1,2,-1,restoration,2025-07-19 17:28:063
Nurse_S._viscosa,Other_species,2.50038638882042,2.50038638882042,1,2,-1,restoration,2025-07-19 17:28:063
Nurse_G._struthium,Other_species,2.34056338692289,2.34056338692289,1,2,-1,restoration,2025-07-19 17:28:063
H._squamatum,Other_species,-0.553027661066449,-0.553027661066449,1,2,-1,restoration,2025-07-19 17:28:063
S._viscosa,Other_species,1.3862995305489,1.3862995305489,1,2,-1,restoration,2025-07-19 17:28:063
C._hispanica,Other_species,1.90085433148628,1.90085433148628,1,2,-1,restoration,2025-07-19 17:28:063
Nurse_S._viscosa,Nurse_G._struthium,-6.92138034056781,-6.92138034056781,1,2,-1,natural,2025-07-19 17:28:063
Nurse_S._viscosa,H._squamatum,1.01860183911384,1.01860183911384,1,2,-1,natural,2025-07-19 17:28:063
Nurse_G._struthium,H._squamatum,0.392013988857227,0.392013988857227,1,2,-1,natural,2025-07-19 17:28:063
Nurse_S._viscosa,S._viscosa,-0.273978506779452,-0.273978506779452,1,2,-1,natural,2025-07-19 17:28:063
Nurse_G._struthium,S._viscosa,0.720605616850421,0.720605616850421,1,2,-1,natural,2025-07-19 17:28:063
H._squamatum,S._viscosa,0.856952300257116,0.856952300257116,1,2,-1,natural,2025-07-19 17:28:063
Nurse_S._viscosa,C._hispanica,0.718241271107257,0.718241271107257,1,2,-1,natural,2025-07-19 17:28:063
Nurse_G._struthium,C._hispanica,0.144500141366767,0.144500141366767,1,2,-1,natural,2025-07-19 17:28:063
H._squamatum,C._hispanica,0.642612967910456,0.642612967910456,1,2,-1,natural,2025-07-19 17:28:063
S._viscosa,C._hispanica,0.654968614689091,0.654968614689091,1,2,-1,natural,2025-07-19 17:28:063
Nurse_S._viscosa,Other_species,-0.175523699134378,-0.175523699134378,1,2,-1,natural,2025-07-19 17:28:063
Nurse_G._struthium,Other_species,1.71360890222306,1.71360890222306,1,2,-1,natural,2025-07-19 17:28:063
H._squamatum,Other_species,0.0751432368070131,0.0751432368070131,1,2,-1,natural,2025-07-19 17:28:063
S._viscosa,Other_species,0.569536211534309,0.569536211534309,1,2,-1,natural,2025-07-19 17:28:063
C._hispanica,Other_species,0.673603514039449,0.673603514039449,1,2,-1,natural,2025-07-19 17:28:063
Nurse_S._viscosa,Nurse_G._struthium,-8.28258010704286,-8.28258010704286,1,2,-1,restoration,2025-07-19 17:28:053
Nurse_S._viscosa,H._squamatum,3.20989402845092,3.20989402845092,1,2,-1,restoration,2025-07-19 17:28:053
Nurse_G._struthium,H._squamatum,3.62057096283809,3.62057096283809,1,2,-1,restoration,2025-07-19 17:28:053
Nurse_S._viscosa,S._viscosa,2.98675528543552,2.98675528543552,1,2,-1,restoration,2025-07-19 17:28:053
Nurse_G._struthium,S._viscosa,1.18630797872511,1.18630797872511,1,2,-1,restoration,2025-07-19 17:28:053
H._squamatum,S._viscosa,-0.128687451390709,-0.128687451390709,1,2,-1,restoration,2025-07-19 17:28:053
Nurse_S._viscosa,C._hispanica,1.96463564529039,1.96463564529039,1,2,-1,restoration,2025-07-19 17:28:053
Nurse_G._struthium,C._hispanica,0.101189064951062,0.101189064951062,1,2,-1,restoration,2025-07-19 17:28:053
H._squamatum,C._hispanica,-1.2444714992921,-1.2444714992921,1,2,-1,restoration,2025-07-19 17:28:053
S._viscosa,C._hispanica,0.253913924324229,0.253913924324229,1,2,-1,restoration,2025-07-19 17:28:053
Nurse_S._viscosa,Other_species,2.14852477604313,2.14852477604313,1,2,-1,restoration,2025-07-19 17:28:053
Nurse_G._struthium,Other_species,1.94779464210422,1.94779464210422,1,2,-1,restoration,2025-07-19 17:28:053
H._squamatum,Other_species,0.633795053525302,0.633795053525302,1,2,-1,restoration,2025-07-19 17:28:053
S._viscosa,Other_species,1.36882063881263,1.36882063881263,1,2,-1,restoration,2025-07-19 17:28:053
C._hispanica,Other_species,1.81793111347949,1.81793111347949,1,2,-1,restoration,2025-07-19 17:28:053
Nurse_S._viscosa,Nurse_G._struthium,-6.81139703699062,-6.81139703699062,1,2,-1,natural,2025-07-19 17:28:053
Nurse_S._viscosa,H._squamatum,1.07991292160377,1.07991292160377,1,2,-1,natural,2025-07-19 17:28:053
Nurse_G._struthium,H._squamatum,0.2628213730562,0.2628213730562,1,2,-1,natural,2025-07-19 17:28:053
Nurse_S._viscosa,S._viscosa,-0.733176367834792,-0.733176367834792,1,2,-1,natural,2025-07-19 17:28:053
Nurse_G._struthium,S._viscosa,0.824701511981904,0.824701511981904,1,2,-1,natural,2025-07-19 17:28:053
H._squamatum,S._viscosa,1.04404757652538,1.04404757652538,1,2,-1,natural,2025-07-19 17:28:053
Nurse_S._viscosa,C._hispanica,0.496330559155072,0.496330559155072,1,2,-1,natural,2025-07-19 17:28:053
Nurse_G._struthium,C._hispanica,-0.0523573805333905,-0.0523573805333905,1,2,-1,natural,2025-07-19 17:28:053
H._squamatum,C._hispanica,0.574204291972808,0.574204291972808,1,2,-1,natural,2025-07-19 17:28:053
S._viscosa,C._hispanica,0.840199542857814,0.840199542857814,1,2,-1,natural,2025-07-19 17:28:053
Nurse_S._viscosa,Other_species,-0.293400972779942,-0.293400972779942,1,2,-1,natural,2025-07-19 17:28:053
Nurse_G._struthium,Other_species,1.91062362785669,1.91062362785669,1,2,-1,natural,2025-07-19 17:28:053
H._squamatum,Other_species,0.35748062919996,0.35748062919996,1,2,-1,natural,2025-07-19 17:28:053
S._viscosa,Other_species,0.589544138337734,0.589544138337734,1,2,-1,natural,2025-07-19 17:28:053
C._hispanica,Other_species,0.326088049949493,0.326088049949493,1,2,-1,natural,2025-07-19 17:28:053
Nurse_S._viscosa,Nurse_G._struthium,-8.46526449981226,-8.46526449981226,1,2,-1,restoration,2025-07-19 17:28:053
Nurse_S._viscosa,H._squamatum,2.01247791208331,2.01247791208331,1,2,-1,restoration,2025-07-19 17:28:053
Nurse_G._struthium,H._squamatum,3.21879292533667,3.21879292533667,1,2,-1,restoration,2025-07-19 17:28:053
Nurse_S._viscosa,S._viscosa,4.31206961245635,4.31206961245635,1,2,-1,restoration,2025-07-19 17:28:053
Nurse_G._struthium,S._viscosa,1.31129573524031,1.31129573524031,1,2,-1,restoration,2025-07-19 17:28:053
H._squamatum,S._viscosa,0.440613698265816,0.440613698265816,1,2,-1,restoration,2025-07-19 17:28:053
Nurse_S._viscosa,C._hispanica,3.64437422400546,3.64437422400546,1,2,-1,restoration,2025-07-19 17:28:053
Nurse_G._struthium,C._hispanica,2.09148207491299,2.09148207491299,1,2,-1,restoration,2025-07-19 17:28:053
H._squamatum,C._hispanica,-1.74585361380941,-1.74585361380941,1,2,-1,restoration,2025-07-19 17:28:053
S._viscosa,C._hispanica,-1.04096362215431,-1.04096362215431,1,2,-1,restoration,2025-07-19 17:28:053
Nurse_S._viscosa,Other_species,3.9612258355595,3.9612258355595,1,2,-1,restoration,2025-07-19 17:28:053
Nurse_G._struthium,Other_species,3.90012686809763,3.90012686809763,1,2,-1,restoration,2025-07-19 17:28:053
H._squamatum,Other_species,0.998305415974754,0.998305415974754,1,2,-1,restoration,2025-07-19 17:28:053
S._viscosa,Other_species,2.31463226551893,2.31463226551893,1,2,-1,restoration,2025-07-19 17:28:053
C._hispanica,Other_species,2.59528171322683,2.59528171322683,1,2,-1,restoration,2025-07-19 17:28:053
Nurse_S._viscosa,Nurse_G._struthium,-6.95065146413452,-6.95065146413452,1,2,-1,natural,2025-07-19 17:28:053
Nurse_S._viscosa,H._squamatum,1.18639165261466,1.18639165261466,1,2,-1,natural,2025-07-19 17:28:053
Nurse_G._struthium,H._squamatum,0.407755904726972,0.407755904726972,1,2,-1,natural,2025-07-19 17:28:053
Nurse_S._viscosa,S._viscosa,-0.239429717398003,-0.239429717398003,1,2,-1,natural,2025-07-19 17:28:053
Nurse_G._struthium,S._viscosa,0.794178366381477,0.794178366381477,1,2,-1,natural,2025-07-19 17:28:053
H._squamatum,S._viscosa,1.17922619951649,1.17922619951649,1,2,-1,natural,2025-07-19 17:28:053
Nurse_S._viscosa,C._hispanica,0.547743460698034,0.547743460698034,1,2,-1,natural,2025-07-19 17:28:053
Nurse_G._struthium,C._hispanica,-0.258896386211691,-0.258896386211691,1,2,-1,natural,2025-07-19 17:28:053
H._squamatum,C._hispanica,0.644455571506821,0.644455571506821,1,2,-1,natural,2025-07-19 17:28:053
S._viscosa,C._hispanica,0.607601132053518,0.607601132053518,1,2,-1,natural,2025-07-19 17:28:053
Nurse_S._viscosa,Other_species,-0.160020020708713,-0.160020020708713,1,2,-1,natural,2025-07-19 17:28:053
Nurse_G._struthium,Other_species,1.66595699123087,1.66595699123087,1,2,-1,natural,2025-07-19 17:28:053
H._squamatum,Other_species,0.541211592552409,0.541211592552409,1,2,-1,natural,2025-07-19 17:28:053
S._viscosa,Other_species,0.535076894033459,0.535076894033459,1,2,-1,natural,2025-07-19 17:28:053
C._hispanica,Other_species,0.599614232126369,0.599614232126369,1,2,-1,natural,2025-07-19 17:28:053
Nurse_S._viscosa,Nurse_G._struthium,-7.87509577206857,-7.87509577206857,1,2,-1,restoration,2025-07-19 17:28:043
Nurse_S._viscosa,H._squamatum,2.19780679558524,2.19780679558524,1,2,-1,restoration,2025-07-19 17:28:043
Nurse_G._struthium,H._squamatum,2.47100407439012,2.47100407439012,1,2,-1,restoration,2025-07-19 17:28:043
Nurse_S._viscosa,S._viscosa,3.31175286809189,3.31175286809189,1,2,-1,restoration,2025-07-19 17:28:043
Nurse_G._struthium,S._viscosa,1.02593377153159,1.02593377153159,1,2,-1,restoration,2025-07-19 17:28:043
H._squamatum,S._viscosa,0.455672892325152,0.455672892325152,1,2,-1,restoration,2025-07-19 17:28:043
Nurse_S._viscosa,C._hispanica,2.9440045646219,2.9440045646219,1,2,-1,restoration,2025-07-19 17:28:043
Nurse_G._struthium,C._hispanica,0.720053655435373,0.720053655435373,1,2,-1,restoration,2025-07-19 17:28:043
H._squamatum,C._hispanica,0.185518991994442,0.185518991994442,1,2,-1,restoration,2025-07-19 17:28:043
S._viscosa,C._hispanica,0.465078982122133,0.465078982122133,1,2,-1,restoration,2025-07-19 17:28:043
Nurse_S._viscosa,Other_species,2.3135049681509,2.3135049681509,1,2,-1,restoration,2025-07-19 17:28:043
Nurse_G._struthium,Other_species,2.02861897179476,2.02861897179476,1,2,-1,restoration,2025-07-19 17:28:043
H._squamatum,Other_species,0.621136143305302,0.621136143305302,1,2,-1,restoration,2025-07-19 17:28:043
S._viscosa,Other_species,0.967220863945364,0.967220863945364,1,2,-1,restoration,2025-07-19 17:28:043
C._hispanica,Other_species,1.8111353584213,1.8111353584213,1,2,-1,restoration,2025-07-19 17:28:043
Nurse_S._viscosa,Nurse_G._struthium,-7.00164589769914,-7.00164589769914,1,2,-1,natural,2025-07-19 17:28:043
Nurse_S._viscosa,H._squamatum,0.934780113240188,0.934780113240188,1,2,-1,natural,2025-07-19 17:28:043
Nurse_G._struthium,H._squamatum,0.44825124146582,0.44825124146582,1,2,-1,natural,2025-07-19 17:28:043
Nurse_S._viscosa,S._viscosa,-0.466952329538172,-0.466952329538172,1,2,-1,natural,2025-07-19 17:28:043
Nurse_G._struthium,S._viscosa,0.763594330329584,0.763594330329584,1,2,-1,natural,2025-07-19 17:28:043
H._squamatum,S._viscosa,0.889320237376528,0.889320237376528,1,2,-1,natural,2025-07-19 17:28:043
Nurse_S._viscosa,C._hispanica,0.603548103630182,0.603548103630182,1,2,-1,natural,2025-07-19 17:28:043
Nurse_G._struthium,C._hispanica,-0.110538825624306,-0.110538825624306,1,2,-1,natural,2025-07-19 17:28:043
H._squamatum,C._hispanica,0.479237042514546,0.479237042514546,1,2,-1,natural,2025-07-19 17:28:043
S._viscosa,C._hispanica,0.764311066399448,0.764311066399448,1,2,-1,natural,2025-07-19 17:28:043
Nurse_S._viscosa,Other_species,-0.322342732786385,-0.322342732786385,1,2,-1,natural,2025-07-19 17:28:043
Nurse_G._struthium,Other_species,1.46863757884629,1.46863757884629,1,2,-1,natural,2025-07-19 17:28:043
H._squamatum,Other_species,0.499261851538105,0.499261851538105,1,2,-1,natural,2025-07-19 17:28:043
S._viscosa,Other_species,0.544933043517848,0.544933043517848,1,2,-1,natural,2025-07-19 17:28:043
C._hispanica,Other_species,0.562160879232171,0.562160879232171,1,2,-1,natural,2025-07-19 17:28:043
Nurse_S._viscosa,Nurse_G._struthium,-7.35004665351693,-7.35004665351693,1,2,-1,restoration,2025-07-19 17:28:043
Nurse_S._viscosa,H._squamatum,2.71583640048354,2.71583640048354,1,2,-1,restoration,2025-07-19 17:28:043
Nurse_G._struthium,H._squamatum,3.4580732019594,3.4580732019594,1,2,-1,restoration,2025-07-19 17:28:043
Nurse_S._viscosa,S._viscosa,3.37668963851374,3.37668963851374,1,2,-1,restoration,2025-07-19 17:28:043
Nurse_G._struthium,S._viscosa,0.0866180407449106,0.0866180407449106,1,2,-1,restoration,2025-07-19 17:28:043
H._squamatum,S._viscosa,0.691678735966919,0.691678735966919,1,2,-1,restoration,2025-07-19 17:28:043
Nurse_S._viscosa,C._hispanica,2.7395653600072,2.7395653600072,1,2,-1,restoration,2025-07-19 17:28:043
Nurse_G._struthium,C._hispanica,0.734803209959258,0.734803209959258,1,2,-1,restoration,2025-07-19 17:28:043
H._squamatum,C._hispanica,-0.358393836841744,-0.358393836841744,1,2,-1,restoration,2025-07-19 17:28:043
S._viscosa,C._hispanica,-0.24818844200291,-0.24818844200291,1,2,-1,restoration,2025-07-19 17:28:043
Nurse_S._viscosa,Other_species,2.438955932964,2.438955932964,1,2,-1,restoration,2025-07-19 17:28:043
Nurse_G._struthium,Other_species,2.60093187543246,2.60093187543246,1,2,-1,restoration,2025-07-19 17:28:043
H._squamatum,Other_species,0.418475584434083,0.418475584434083,1,2,-1,restoration,2025-07-19 17:28:043
S._viscosa,Other_species,0.84258771867799,0.84258771867799,1,2,-1,restoration,2025-07-19 17:28:043
C._hispanica,Other_species,2.64722059146448,2.64722059146448,1,2,-1,restoration,2025-07-19 17:28:043
Nurse_S._viscosa,Nurse_G._struthium,-6.90269729424188,-6.90269729424188,1,2,-1,natural,2025-07-19 17:28:043
Nurse_S._viscosa,H._squamatum,0.816300850097056,0.816300850097056,1,2,-1,natural,2025-07-19 17:28:043
Nurse_G._struthium,H._squamatum,0.390516383361643,0.390516383361643,1,2,-1,natural,2025-07-19 17:28:043
Nurse_S._viscosa,S._viscosa,-0.362071702437625,-0.362071702437625,1,2,-1,natural,2025-07-19 17:28:043
Nurse_G._struthium,S._viscosa,0.619142144376873,0.619142144376873,1,2,-1,natural,2025-07-19 17:28:043
H._squamatum,S._viscosa,1.06824266007238,1.06824266007238,1,2,-1,natural,2025-07-19 17:28:043
Nurse_S._viscosa,C._hispanica,0.74008075564585,0.74008075564585,1,2,-1,natural,2025-07-19 17:28:043
Nurse_G._struthium,C._hispanica,-0.346624852347116,-0.346624852347116,1,2,-1,natural,2025-07-19 17:28:043
H._squamatum,C._hispanica,0.787795472339989,0.787795472339989,1,2,-1,natural,2025-07-19 17:28:043
S._viscosa,C._hispanica,0.707466431164327,0.707466431164327,1,2,-1,natural,2025-07-19 17:28:043
Nurse_S._viscosa,Other_species,-0.217308768254183,-0.217308768254183,1,2,-1,natural,2025-07-19 17:28:043
Nurse_G._struthium,Other_species,1.64811586768443,1.64811586768443,1,2,-1,natural,2025-07-19 17:28:043
H._squamatum,Other_species,0.219451527798209,0.219451527798209,1,2,-1,natural,2025-07-19 17:28:043
S._viscosa,Other_species,0.556572164842463,0.556572164842463,1,2,-1,natural,2025-07-19 17:28:043
C._hispanica,Other_species,0.429821555093791,0.429821555093791,1,2,-1,natural,2025-07-19 17:28:043
Nurse_S._viscosa,Nurse_G._struthium,-7.59865019933361,-7.59865019933361,1,2,-1,restoration,2025-07-19 17:28:033
Nurse_S._viscosa,H._squamatum,1.9395694909541,1.9395694909541,1,2,-1,restoration,2025-07-19 17:28:033
Nurse_G._struthium,H._squamatum,2.15514867062216,2.15514867062216,1,2,-1,restoration,2025-07-19 17:28:033
Nurse_S._viscosa,S._viscosa,3.0498173536917,3.0498173536917,1,2,-1,restoration,2025-07-19 17:28:033
Nurse_G._struthium,S._viscosa,0.568542465068149,0.568542465068149,1,2,-1,restoration,2025-07-19 17:28:033
H._squamatum,S._viscosa,0.804552993925648,0.804552993925648,1,2,-1,restoration,2025-07-19 17:28:033
Nurse_S._viscosa,C._hispanica,3.55351259153169,3.55351259153169,1,2,-1,restoration,2025-07-19 17:28:033
Nurse_G._struthium,C._hispanica,1.75903238818307,1.75903238818307,1,2,-1,restoration,2025-07-19 17:28:033
H._squamatum,C._hispanica,0.249132451410792,0.249132451410792,1,2,-1,restoration,2025-07-19 17:28:033
S._viscosa,C._hispanica,0.242705974507319,0.242705974507319,1,2,-1,restoration,2025-07-19 17:28:033
Nurse_S._viscosa,Other_species,2.54762794464317,2.54762794464317,1,2,-1,restoration,2025-07-19 17:28:033
Nurse_G._struthium,Other_species,2.92545948337118,2.92545948337118,1,2,-1,restoration,2025-07-19 17:28:033
H._squamatum,Other_species,0.53393535296922,0.53393535296922,1,2,-1,restoration,2025-07-19 17:28:033
S._viscosa,Other_species,1.95397272210124,1.95397272210124,1,2,-1,restoration,2025-07-19 17:28:033
C._hispanica,Other_species,2.58965252363953,2.58965252363953,1,2,-1,restoration,2025-07-19 17:28:033
Nurse_S._viscosa,Nurse_G._struthium,-6.88977513992848,-6.88977513992848,1,2,-1,natural,2025-07-19 17:28:033
Nurse_S._viscosa,H._squamatum,1.30226376463636,1.30226376463636,1,2,-1,natural,2025-07-19 17:28:033
Nurse_G._struthium,H._squamatum,0.517949803965363,0.517949803965363,1,2,-1,natural,2025-07-19 17:28:033
Nurse_S._viscosa,S._viscosa,-0.373906436654191,-0.373906436654191,1,2,-1,natural,2025-07-19 17:28:033
Nurse_G._struthium,S._viscosa,0.574173053489886,0.574173053489886,1,2,-1,natural,2025-07-19 17:28:033
H._squamatum,S._viscosa,1.19223711325412,1.19223711325412,1,2,-1,natural,2025-07-19 17:28:033
Nurse_S._viscosa,C._hispanica,0.818002166361788,0.818002166361788,1,2,-1,natural,2025-07-19 17:28:033
Nurse_G._struthium,C._hispanica,-0.163641209175734,-0.163641209175734,1,2,-1,natural,2025-07-19 17:28:033
H._squamatum,C._hispanica,0.480113234606036,0.480113234606036,1,2,-1,natural,2025-07-19 17:28:033
S._viscosa,C._hispanica,0.795318751813955,0.795318751813955,1,2,-1,natural,2025-07-19 17:28:033
Nurse_S._viscosa,Other_species,-0.266199074535771,-0.266199074535771,1,2,-1,natural,2025-07-19 17:28:033
Nurse_G._struthium,Other_species,1.90774838070341,1.90774838070341,1,2,-1,natural,2025-07-19 17:28:033
H._squamatum,Other_species,0.703175806318563,0.703175806318563,1,2,-1,natural,2025-07-19 17:28:033
S._viscosa,Other_species,0.794821920865468,0.794821920865468,1,2,-1,natural,2025-07-19 17:28:033
C._hispanica,Other_species,0.556257559641388,0.556257559641388,1,2,-1,natural,2025-07-19 17:28:033
Nurse_S._viscosa,Nurse_G._struthium,-7.95211014658751,-7.95211014658751,1,2,-1,restoration,2025-07-19 17:28:033
Nurse_S._viscosa,H._squamatum,3.2408196880782,3.2408196880782,1,2,-1,restoration,2025-07-19 17:28:033
Nurse_G._struthium,H._squamatum,3.38904716126945,3.38904716126945,1,2,-1,restoration,2025-07-19 17:28:033
Nurse_S._viscosa,S._viscosa,3.09251085773081,3.09251085773081,1,2,-1,restoration,2025-07-19 17:28:033
Nurse_G._struthium,S._viscosa,0.474224664626087,0.474224664626087,1,2,-1,restoration,2025-07-19 17:28:033
H._squamatum,S._viscosa,-0.0331889979086938,-0.0331889979086938,1,2,-1,restoration,2025-07-19 17:28:033
Nurse_S._viscosa,C._hispanica,1.78420115213862,1.78420115213862,1,2,-1,restoration,2025-07-19 17:28:033
Nurse_G._struthium,C._hispanica,0.326659359886984,0.326659359886984,1,2,-1,restoration,2025-07-19 17:28:033
H._squamatum,C._hispanica,-1.31071644757038,-1.31071644757038,1,2,-1,restoration,2025-07-19 17:28:033
S._viscosa,C._hispanica,-1.01199167892578,-1.01199167892578,1,2,-1,restoration,2025-07-19 17:28:033
Nurse_S._viscosa,Other_species,1.1828228216024,1.1828228216024,1,2,-1,restoration,2025-07-19 17:28:033
Nurse_G._struthium,Other_species,1.66955450406147,1.66955450406147,1,2,-1,restoration,2025-07-19 17:28:033
H._squamatum,Other_species,0.587112210601173,0.587112210601173,1,2,-1,restoration,2025-07-19 17:28:033
S._viscosa,Other_species,1.07301348719464,1.07301348719464,1,2,-1,restoration,2025-07-19 17:28:033
C._hispanica,Other_species,2.69066009543781,2.69066009543781,1,2,-1,restoration,2025-07-19 17:28:033
Nurse_S._viscosa,Nurse_G._struthium,-7.06747846014135,-7.06747846014135,1,2,-1,natural,2025-07-19 17:28:033
Nurse_S._viscosa,H._squamatum,1.26338440374246,1.26338440374246,1,2,-1,natural,2025-07-19 17:28:033
Nurse_G._struthium,H._squamatum,0.714171487884431,0.714171487884431,1,2,-1,natural,2025-07-19 17:28:033
Nurse_S._viscosa,S._viscosa,-0.62767838122246,-0.62767838122246,1,2,-1,natural,2025-07-19 17:28:033
Nurse_G._struthium,S._viscosa,0.638294120375029,0.638294120375029,1,2,-1,natural,2025-07-19 17:28:033
H._squamatum,S._viscosa,1.06361373956652,1.06361373956652,1,2,-1,natural,2025-07-19 17:28:033
Nurse_S._viscosa,C._hispanica,0.898791464538659,0.898791464538659,1,2,-1,natural,2025-07-19 17:28:033
Nurse_G._struthium,C._hispanica,0.163377305394443,0.163377305394443,1,2,-1,natural,2025-07-19 17:28:033
H._squamatum,C._hispanica,0.639688224837989,0.639688224837989,1,2,-1,natural,2025-07-19 17:28:033
S._viscosa,C._hispanica,0.868144581801007,0.868144581801007,1,2,-1,natural,2025-07-19 17:28:033
Nurse_S._viscosa,Other_species,-0.404797675710189,-0.404797675710189,1,2,-1,natural,2025-07-19 17:28:033
Nurse_G._struthium,Other_species,1.3441436943794,1.3441436943794,1,2,-1,natural,2025-07-19 17:28:033
H._squamatum,Other_species,0.568886276997689,0.568886276997689,1,2,-1,natural,2025-07-19 17:28:033
S._viscosa,Other_species,0.558975317054855,0.558975317054855,1,2,-1,natural,2025-07-19 17:28:033
C._hispanica,Other_species,0.52685543205960506,0.52685543205960506,1,2,-1,natural,2025-07-19 17:28:033
Nurse_S._viscosa,Nurse_G._struthium,-7.62124685069799,-7.62124685069799,1,2,-1,restoration,2025-07-19 17:28:033
Nurse_S._viscosa,H._squamatum,2.3946408927219,2.3946408927219,1,2,-1,restoration,2025-07-19 17:28:033
Nurse_G._struthium,H._squamatum,3.13035383200094,3.13035383200094,1,2,-1,restoration,2025-07-19 17:28:033
Nurse_S._viscosa,S._viscosa,3.07893776159655,3.07893776159655,1,2,-1,restoration,2025-07-19 17:28:033
Nurse_G._struthium,S._viscosa,0.717949233361774,0.717949233361774,1,2,-1,restoration,2025-07-19 17:28:033
H._squamatum,S._viscosa,0.035347335317195,0.035347335317195,1,2,-1,restoration,2025-07-19 17:28:033
Nurse_S._viscosa,C._hispanica,1.27303721435355,1.27303721435355,1,2,-1,restoration,2025-07-19 17:28:033
Nurse_G._struthium,C._hispanica,-0.751205528447058,-0.751205528447058,1,2,-1,restoration,2025-07-19 17:28:033
H._squamatum,C._hispanica,1.10035419043043,1.10035419043043,1,2,-1,restoration,2025-07-19 17:28:033
S._viscosa,C._hispanica,0.783777850185434,0.783777850185434,1,2,-1,restoration,2025-07-19 17:28:033
Nurse_S._viscosa,Other_species,2.39703013451227,2.39703013451227,1,2,-1,restoration,2025-07-19 17:28:033
Nurse_G._struthium,Other_species,2.30067874623003,2.30067874623003,1,2,-1,restoration,2025-07-19 17:28:033
H._squamatum,Other_species,0.00298513642638427,0.00298513642638427,1,2,-1,restoration,2025-07-19 17:28:033
S._viscosa,Other_species,0.859334840100462,0.859334840100462,1,2,-1,restoration,2025-07-19 17:28:033
C._hispanica,Other_species,1.38743772166893,1.38743772166893,1,2,-1,restoration,2025-07-19 17:28:033
Nurse_S._viscosa,Nurse_G._struthium,-7.09739611322498,-7.09739611322498,1,2,-1,natural,2025-07-19 17:28:033
Nurse_S._viscosa,H._squamatum,1.2871604832026,1.2871604832026,1,2,-1,natural,2025-07-19 17:28:033
Nurse_G._struthium,H._squamatum,0.791803523783614,0.791803523783614,1,2,-1,natural,2025-07-19 17:28:033
Nurse_S._viscosa,S._viscosa,-0.548476909931581,-0.548476909931581,1,2,-1,natural,2025-07-19 17:28:033
Nurse_G._struthium,S._viscosa,0.667899888088685,0.667899888088685,1,2,-1,natural,2025-07-19 17:28:033
H._squamatum,S._viscosa,1.07078648505147,1.07078648505147,1,2,-1,natural,2025-07-19 17:28:033
Nurse_S._viscosa,C._hispanica,0.649587887212185,0.649587887212185,1,2,-1,natural,2025-07-19 17:28:033
Nurse_G._struthium,C._hispanica,-0.00678065001849012,-0.00678065001849012,1,2,-1,natural,2025-07-19 17:28:033
H._squamatum,C._hispanica,0.626177052092361,0.626177052092361,1,2,-1,natural,2025-07-19 17:28:033
S._viscosa,C._hispanica,0.857560479427699,0.857560479427699,1,2,-1,natural,2025-07-19 17:28:033
Nurse_S._viscosa,Other_species,-0.0269015209642413,-0.0269015209642413,1,2,-1,natural,2025-07-19 17:28:033
Nurse_G._struthium,Other_species,1.75570641210591,1.75570641210591,1,2,-1,natural,2025-07-19 17:28:033
H._squamatum,Other_species,0.205522062816779,0.205522062816779,1,2,-1,natural,2025-07-19 17:28:033
S._viscosa,Other_species,0.634893103226135,0.634893103226135,1,2,-1,natural,2025-07-19 17:28:033
C._hispanica,Other_species,0.520610337161691,0.520610337161691,1,2,-1,natural,2025-07-19 17:28:033
Nurse_S._viscosa,Nurse_G._struthium,-7.45158187011983,-7.45158187011983,1,2,-1,restoration,2025-07-19 17:28:023
Nurse_S._viscosa,H._squamatum,2.41247332296801,2.41247332296801,1,2,-1,restoration,2025-07-19 17:28:023
Nurse_G._struthium,H._squamatum,1.52950889598154,1.52950889598154,1,2,-1,restoration,2025-07-19 17:28:023
Nurse_S._viscosa,S._viscosa,4.45706025630137,4.45706025630137,1,2,-1,restoration,2025-07-19 17:28:023
Nurse_G._struthium,S._viscosa,1.30028132772606,1.30028132772606,1,2,-1,restoration,2025-07-19 17:28:023
H._squamatum,S._viscosa,-0.171101652945908,-0.171101652945908,1,2,-1,restoration,2025-07-19 17:28:023
Nurse_S._viscosa,C._hispanica,3.04401794375923,3.04401794375923,1,2,-1,restoration,2025-07-19 17:28:023
Nurse_G._struthium,C._hispanica,1.34016171213033,1.34016171213033,1,2,-1,restoration,2025-07-19 17:28:023
H._squamatum,C._hispanica,-0.235685502845854,-0.235685502845854,1,2,-1,restoration,2025-07-19 17:28:023
S._viscosa,C._hispanica,0.101051926546102,0.101051926546102,1,2,-1,restoration,2025-07-19 17:28:023
Nurse_S._viscosa,Other_species,3.32740632425378,3.32740632425378,1,2,-1,restoration,2025-07-19 17:28:023
Nurse_G._struthium,Other_species,3.4290632445534,3.4290632445534,1,2,-1,restoration,2025-07-19 17:28:023
H._squamatum,Other_species,2.03672907869906,2.03672907869906,1,2,-1,restoration,2025-07-19 17:28:023
S._viscosa,Other_species,1.46822993866242,1.46822993866242,1,2,-1,restoration,2025-07-19 17:28:023
C._hispanica,Other_species,2.02043402451553,2.02043402451553,1,2,-1,restoration,2025-07-19 17:28:023
Nurse_S._viscosa,Nurse_G._struthium,-6.86949094350477,-6.86949094350477,1,2,-1,natural,2025-07-19 17:28:023
Nurse_S._viscosa,H._squamatum,1.04238893633487,1.04238893633487,1,2,-1,natural,2025-07-19 17:28:023
Nurse_G._struthium,H._squamatum,0.373542585636226,0.373542585636226,1,2,-1,natural,2025-07-19 17:28:023
Nurse_S._viscosa,S._viscosa,-0.361141734706852,-0.361141734706852,1,2,-1,natural,2025-07-19 17:28:023
Nurse_G._struthium,S._viscosa,0.889796821483624,0.889796821483624,1,2,-1,natural,2025-07-19 17:28:023
H._squamatum,S._viscosa,1.01667796782233,1.01667796782233,1,2,-1,natural,2025-07-19 17:28:023
Nurse_S._viscosa,C._hispanica,0.496052818090102,0.496052818090102,1,2,-1,natural,2025-07-19 17:28:023
Nurse_G._struthium,C._hispanica,-0.277330683453681,-0.277330683453681,1,2,-1,natural,2025-07-19 17:28:023
H._squamatum,C._hispanica,0.573453863423741,0.573453863423741,1,2,-1,natural,2025-07-19 17:28:023
S._viscosa,C._hispanica,0.805544532543125,0.805544532543125,1,2,-1,natural,2025-07-19 17:28:023
Nurse_S._viscosa,Other_species,-0.290061611428052,-0.290061611428052,1,2,-1,natural,2025-07-19 17:28:023
Nurse_G._struthium,Other_species,1.76969861973997,1.76969861973997,1,2,-1,natural,2025-07-19 17:28:023
H._squamatum,Other_species,0.542496769270769,0.542496769270769,1,2,-1,natural,2025-07-19 17:28:023
S._viscosa,Other_species,0.633404570733823,0.633404570733823,1,2,-1,natural,2025-07-19 17:28:023
C._hispanica,Other_species,0.261610167680582,0.261610167680582,1,2,-1,natural,2025-07-19 17:28:023
Nurse_S._viscosa,Nurse_G._struthium,-6.89684802186078,-6.89684802186078,1,2,-1,restoration,2025-07-19 17:28:023
Nurse_S._viscosa,H._squamatum,1.27739926124712,1.27739926124712,1,2,-1,restoration,2025-07-19 17:28:023
Nurse_G._struthium,H._squamatum,2.44575473088527,2.44575473088527,1,2,-1,restoration,2025-07-19 17:28:023
Nurse_S._viscosa,S._viscosa,2.89141984414673,2.89141984414673,1,2,-1,restoration,2025-07-19 17:28:023
Nurse_G._struthium,S._viscosa,0.749343553991817,0.749343553991817,1,2,-1,restoration,2025-07-19 17:28:023
H._squamatum,S._viscosa,0.773095501416164,0.773095501416164,1,2,-1,restoration,2025-07-19 17:28:023
Nurse_S._viscosa,C._hispanica,2.56929143052843,2.56929143052843,1,2,-1,restoration,2025-07-19 17:28:023
Nurse_G._struthium,C._hispanica,0.380664439624012,0.380664439624012,1,2,-1,restoration,2025-07-19 17:28:023
H._squamatum,C._hispanica,1.14110850133638,1.14110850133638,1,2,-1,restoration,2025-07-19 17:28:023
S._viscosa,C._hispanica,-0.0326289765519175,-0.0326289765519175,1,2,-1,restoration,2025-07-19 17:28:023
Nurse_S._viscosa,Other_species,1.45178127550569,1.45178127550569,1,2,-1,restoration,2025-07-19 17:28:023
Nurse_G._struthium,Other_species,1.82369684356337,1.82369684356337,1,2,-1,restoration,2025-07-19 17:28:023
H._squamatum,Other_species,-0.156355729720367,-0.156355729720367,1,2,-1,restoration,2025-07-19 17:28:023
S._viscosa,Other_species,0.965527825261397,0.965527825261397,1,2,-1,restoration,2025-07-19 17:28:023
C._hispanica,Other_species,3.39679939419928,3.39679939419928,1,2,-1,restoration,2025-07-19 17:28:023
Nurse_S._viscosa,Nurse_G._struthium,-6.90027155523658,-6.90027155523658,1,2,-1,natural,2025-07-19 17:28:023
Nurse_S._viscosa,H._squamatum,1.24385778326701,1.24385778326701,1,2,-1,natural,2025-07-19 17:28:023
Nurse_G._struthium,H._squamatum,0.675677825777357,0.675677825777357,1,2,-1,natural,2025-07-19 17:28:023
Nurse_S._viscosa,S._viscosa,-0.646392130815492,-0.646392130815492,1,2,-1,natural,2025-07-19 17:28:023
Nurse_G._struthium,S._viscosa,0.658403333729641,0.658403333729641,1,2,-1,natural,2025-07-19 17:28:023
H._squamatum,S._viscosa,1.0061058748009,1.0061058748009,1,2,-1,natural,2025-07-19 17:28:023
Nurse_S._viscosa,C._hispanica,0.687016428376051,0.687016428376051,1,2,-1,natural,2025-07-19 17:28:023
Nurse_G._struthium,C._hispanica,-0.051963019928461,-0.051963019928461,1,2,-1,natural,2025-07-19 17:28:023
H._squamatum,C._hispanica,0.77435421603005,0.77435421603005,1,2,-1,natural,2025-07-19 17:28:023
S._viscosa,C._hispanica,0.767792190783952,0.767792190783952,1,2,-1,natural,2025-07-19 17:28:023
Nurse_S._viscosa,Other_species,-0.27162162233088,-0.27162162233088,1,2,-1,natural,2025-07-19 17:28:023
Nurse_G._struthium,Other_species,1.88091870653925,1.88091870653925,1,2,-1,natural,2025-07-19 17:28:023
H._squamatum,Other_species,0.430446310707743,0.430446310707743,1,2,-1,natural,2025-07-19 17:28:023
S._viscosa,Other_species,0.612830561869307,0.612830561869307,1,2,-1,natural,2025-07-19 17:28:023
C._hispanica,Other_species,0.531297221316251,0.531297221316251,1,2,-1,natural,2025-07-19 17:28:023
Nurse_S._viscosa,Nurse_G._struthium,-7.14681889593482,-7.14681889593482,1,2,-1,restoration,2025-07-19 17:28:013
Nurse_S._viscosa,H._squamatum,1.19036831897539,1.19036831897539,1,2,-1,restoration,2025-07-19 17:28:013
Nurse_G._struthium,H._squamatum,2.07006451769021,2.07006451769021,1,2,-1,restoration,2025-07-19 17:28:013
Nurse_S._viscosa,S._viscosa,3.19047234547679,3.19047234547679,1,2,-1,restoration,2025-07-19 17:28:013
Nurse_G._struthium,S._viscosa,0.954186434687594,0.954186434687594,1,2,-1,restoration,2025-07-19 17:28:013
H._squamatum,S._viscosa,0.140749639920747,0.140749639920747,1,2,-1,restoration,2025-07-19 17:28:013
Nurse_S._viscosa,C._hispanica,1.39867118607214,1.39867118607214,1,2,-1,restoration,2025-07-19 17:28:013
Nurse_G._struthium,C._hispanica,-0.75061901982337,-0.75061901982337,1,2,-1,restoration,2025-07-19 17:28:013
H._squamatum,C._hispanica,0.11528910752549,0.11528910752549,1,2,-1,restoration,2025-07-19 17:28:013
S._viscosa,C._hispanica,-0.749730655182059,-0.749730655182059,1,2,-1,restoration,2025-07-19 17:28:013
Nurse_S._viscosa,Other_species,2.12579020716175,2.12579020716175,1,2,-1,restoration,2025-07-19 17:28:013
Nurse_G._struthium,Other_species,2.51193333179524,2.51193333179524,1,2,-1,restoration,2025-07-19 17:28:013
H._squamatum,Other_species,0.356455802928597,0.356455802928597,1,2,-1,restoration,2025-07-19 17:28:013
S._viscosa,Other_species,1.20853318233441,1.20853318233441,1,2,-1,restoration,2025-07-19 17:28:013
C._hispanica,Other_species,3.24719113422962,3.24719113422962,1,2,-1,restoration,2025-07-19 17:28:013
Nurse_S._viscosa,Nurse_G._struthium,-6.94664505395778,-6.94664505395778,1,2,-1,natural,2025-07-19 17:28:013
Nurse_S._viscosa,H._squamatum,1.42849017200322,1.42849017200322,1,2,-1,natural,2025-07-19 17:28:013
Nurse_G._struthium,H._squamatum,0.520686413333448,0.520686413333448,1,2,-1,natural,2025-07-19 17:28:013
Nurse_S._viscosa,S._viscosa,-0.319631838497664,-0.319631838497664,1,2,-1,natural,2025-07-19 17:28:013
Nurse_G._struthium,S._viscosa,1.02258117745575,1.02258117745575,1,2,-1,natural,2025-07-19 17:28:013
H._squamatum,S._viscosa,1.1234680458858,1.1234680458858,1,2,-1,natural,2025-07-19 17:28:013
Nurse_S._viscosa,C._hispanica,0.540726814646367,0.540726814646367,1,2,-1,natural,2025-07-19 17:28:013
Nurse_G._struthium,C._hispanica,-0.296462082844014,-0.296462082844014,1,2,-1,natural,2025-07-19 17:28:013
H._squamatum,C._hispanica,0.551140709061655,0.551140709061655,1,2,-1,natural,2025-07-19 17:28:013
S._viscosa,C._hispanica,0.929651032680076,0.929651032680076,1,2,-1,natural,2025-07-19 17:28:013
Nurse_S._viscosa,Other_species,-0.119498005544589,-0.119498005544589,1,2,-1,natural,2025-07-19 17:28:013
Nurse_G._struthium,Other_species,1.74228706892485,1.74228706892485,1,2,-1,natural,2025-07-19 17:28:013
H._squamatum,Other_species,0.58687553139691,0.58687553139691,1,2,-1,natural,2025-07-19 17:28:013
S._viscosa,Other_species,0.603382225037309,0.603382225037309,1,2,-1,natural,2025-07-19 17:28:013
C._hispanica,Other_species,0.641831738564265,0.641831738564265,1,2,-1,natural,2025-07-19 17:28:013
Nurse_S._viscosa,Nurse_G._struthium,-7.1276528644279,-7.1276528644279,1,2,-1,restoration,2025-07-19 17:28:013
Nurse_S._viscosa,H._squamatum,1.52490159608892,1.52490159608892,1,2,-1,restoration,2025-07-19 17:28:013
Nurse_G._struthium,H._squamatum,2.41751708103301,2.41751708103301,1,2,-1,restoration,2025-07-19 17:28:013
Nurse_S._viscosa,S._viscosa,3.35713187952141,3.35713187952141,1,2,-1,restoration,2025-07-19 17:28:013
Nurse_G._struthium,S._viscosa,1.20257394260848,1.20257394260848,1,2,-1,restoration,2025-07-19 17:28:013
H._squamatum,S._viscosa,0.664823470813401,0.664823470813401,1,2,-1,restoration,2025-07-19 17:28:013
Nurse_S._viscosa,C._hispanica,2.2479362789458,2.2479362789458,1,2,-1,restoration,2025-07-19 17:28:013
Nurse_G._struthium,C._hispanica,-0.194747866980861,-0.194747866980861,1,2,-1,restoration,2025-07-19 17:28:013
H._squamatum,C._hispanica,1.78641296803718,1.78641296803718,1,2,-1,restoration,2025-07-19 17:28:013
S._viscosa,C._hispanica,0.40083762257049,0.40083762257049,1,2,-1,restoration,2025-07-19 17:28:013
Nurse_S._viscosa,Other_species,3.51668092927372,3.51668092927372,1,2,-1,restoration,2025-07-19 17:28:013
Nurse_G._struthium,Other_species,2.84303102711511,2.84303102711511,1,2,-1,restoration,2025-07-19 17:28:013
H._squamatum,Other_species,0.458205157736911,0.458205157736911,1,2,-1,restoration,2025-07-19 17:28:013
S._viscosa,Other_species,1.82859608836525,1.82859608836525,1,2,-1,restoration,2025-07-19 17:28:013
C._hispanica,Other_species,2.53706659995439,2.53706659995439,1,2,-1,restoration,2025-07-19 17:28:013
Nurse_S._viscosa,Nurse_G._struthium,-6.83326079659025,-6.83326079659025,1,2,-1,natural,2025-07-19 17:28:013
Nurse_S._viscosa,H._squamatum,1.21510913788132,1.21510913788132,1,2,-1,natural,2025-07-19 17:28:013
Nurse_G._struthium,H._squamatum,0.385462474397911,0.385462474397911,1,2,-1,natural,2025-07-19 17:28:013
Nurse_S._viscosa,S._viscosa,-0.574791849223014,-0.574791849223014,1,2,-1,natural,2025-07-19 17:28:013
Nurse_G._struthium,S._viscosa,0.634224369208075,0.634224369208075,1,2,-1,natural,2025-07-19 17:28:013
H._squamatum,S._viscosa,0.925694213662026,0.925694213662026,1,2,-1,natural,2025-07-19 17:28:013
Nurse_S._viscosa,C._hispanica,0.479796058880329,0.479796058880329,1,2,-1,natural,2025-07-19 17:28:013
Nurse_G._struthium,C._hispanica,-0.245366213340676,-0.245366213340676,1,2,-1,natural,2025-07-19 17:28:013
H._squamatum,C._hispanica,0.706848914989116,0.706848914989116,1,2,-1,natural,2025-07-19 17:28:013
S._viscosa,C._hispanica,0.728036368968779,0.728036368968779,1,2,-1,natural,2025-07-19 17:28:013
Nurse_S._viscosa,Other_species,-0.0464195106615723,-0.0464195106615723,1,2,-1,natural,2025-07-19 17:28:013
Nurse_G._struthium,Other_species,1.96097646686243,1.96097646686243,1,2,-1,natural,2025-07-19 17:28:013
H._squamatum,Other_species,0.656393783213006,0.656393783213006,1,2,-1,natural,2025-07-19 17:28:013
S._viscosa,Other_species,0.585485092365947,0.585485092365947,1,2,-1,natural,2025-07-19 17:28:013
C._hispanica,Other_species,0.626722358176748,0.626722358176748,1,2,-1,natural,2025-07-19 17:28:013
Nurse_S._viscosa,Nurse_G._struthium,-7.81790367969602,-7.81790367969602,1,2,-1,restoration,2025-07-19 17:28:013
Nurse_S._viscosa,H._squamatum,2.49499664254226,2.49499664254226,1,2,-1,restoration,2025-07-19 17:28:013
Nurse_G._struthium,H._squamatum,2.82658045020577,2.82658045020577,1,2,-1,restoration,2025-07-19 17:28:013
Nurse_S._viscosa,S._viscosa,2.51725825615855,2.51725825615855,1,2,-1,restoration,2025-07-19 17:28:013
Nurse_G._struthium,S._viscosa,0.214767703446566,0.214767703446566,1,2,-1,restoration,2025-07-19 17:28:013
H._squamatum,S._viscosa,0.575833753133498,0.575833753133498,1,2,-1,restoration,2025-07-19 17:28:013
Nurse_S._viscosa,C._hispanica,3.08897166835828,3.08897166835828,1,2,-1,restoration,2025-07-19 17:28:013
Nurse_G._struthium,C._hispanica,1.68610873023386,1.68610873023386,1,2,-1,restoration,2025-07-19 17:28:013
H._squamatum,C._hispanica,-0.560995441342267,-0.560995441342267,1,2,-1,restoration,2025-07-19 17:28:013
S._viscosa,C._hispanica,0.204950636066344,0.204950636066344,1,2,-1,restoration,2025-07-19 17:28:013
Nurse_S._viscosa,Other_species,2.1336263313938,2.1336263313938,1,2,-1,restoration,2025-07-19 17:28:013
Nurse_G._struthium,Other_species,2.39060585030712,2.39060585030712,1,2,-1,restoration,2025-07-19 17:28:013
H._squamatum,Other_species,0.947626703356225,0.947626703356225,1,2,-1,restoration,2025-07-19 17:28:013
S._viscosa,Other_species,0.782147863526588,0.782147863526588,1,2,-1,restoration,2025-07-19 17:28:013
C._hispanica,Other_species,2.07358252561717,2.07358252561717,1,2,-1,restoration,2025-07-19 17:28:013
Nurse_S._viscosa,Nurse_G._struthium,-6.95921534529221,-6.95921534529221,1,2,-1,natural,2025-07-19 17:28:013
Nurse_S._viscosa,H._squamatum,1.1196705080376,1.1196705080376,1,2,-1,natural,2025-07-19 17:28:013
Nurse_G._struthium,H._squamatum,0.602545670813021,0.602545670813021,1,2,-1,natural,2025-07-19 17:28:013
Nurse_S._viscosa,S._viscosa,-0.34165108608969,-0.34165108608969,1,2,-1,natural,2025-07-19 17:28:013
Nurse_G._struthium,S._viscosa,0.575294092208542,0.575294092208542,1,2,-1,natural,2025-07-19 17:28:013
H._squamatum,S._viscosa,0.920299552719215,0.920299552719215,1,2,-1,natural,2025-07-19 17:28:013
Nurse_S._viscosa,C._hispanica,0.882018970289911,0.882018970289911,1,2,-1,natural,2025-07-19 17:28:013
Nurse_G._struthium,C._hispanica,-0.0817451662855143,-0.0817451662855143,1,2,-1,natural,2025-07-19 17:28:013
H._squamatum,C._hispanica,0.634996136595203,0.634996136595203,1,2,-1,natural,2025-07-19 17:28:013
S._viscosa,C._hispanica,0.851201823175728,0.851201823175728,1,2,-1,natural,2025-07-19 17:28:013
Nurse_S._viscosa,Other_species,-0.377456963816834,-0.377456963816834,1,2,-1,natural,2025-07-19 17:28:013
Nurse_G._struthium,Other_species,1.86370647791611,1.86370647791611,1,2,-1,natural,2025-07-19 17:28:013
H._squamatum,Other_species,0.438573938436527,0.438573938436527,1,2,-1,natural,2025-07-19 17:28:013
S._viscosa,Other_species,0.460504216993409,0.460504216993409,1,2,-1,natural,2025-07-19 17:28:013
C._hispanica,Other_species,0.556488390999939,0.556488390999939,1,2,-1,natural,2025-07-19 17:28:013
Nurse_S._viscosa,Nurse_G._struthium,-7.42900361348025,-7.42900361348025,1,2,-1,restoration,2025-07-19 17:28:003
Nurse_S._viscosa,H._squamatum,1.26170849054234,1.26170849054234,1,2,-1,restoration,2025-07-19 17:28:003
Nurse_G._struthium,H._squamatum,2.1746320977679,2.1746320977679,1,2,-1,restoration,2025-07-19 17:28:003
Nurse_S._viscosa,S._viscosa,3.93959899575263,3.93959899575263,1,2,-1,restoration,2025-07-19 17:28:003
Nurse_G._struthium,S._viscosa,1.60461131371117,1.60461131371117,1,2,-1,restoration,2025-07-19 17:28:003
H._squamatum,S._viscosa,0.0216828473325424,0.0216828473325424,1,2,-1,restoration,2025-07-19 17:28:003
Nurse_S._viscosa,C._hispanica,1.0717193126765,1.0717193126765,1,2,-1,restoration,2025-07-19 17:28:003
Nurse_G._struthium,C._hispanica,-1.19498508244276,-1.19498508244276,1,2,-1,restoration,2025-07-19 17:28:003
H._squamatum,C._hispanica,-0.873165883563914,-0.873165883563914,1,2,-1,restoration,2025-07-19 17:28:003
S._viscosa,C._hispanica,-0.361054561183045,-0.361054561183045,1,2,-1,restoration,2025-07-19 17:28:003
Nurse_S._viscosa,Other_species,2.44138815090587,2.44138815090587,1,2,-1,restoration,2025-07-19 17:28:003
Nurse_G._struthium,Other_species,2.89807507986041,2.89807507986041,1,2,-1,restoration,2025-07-19 17:28:003
H._squamatum,Other_species,0.85303490705844,0.85303490705844,1,2,-1,restoration,2025-07-19 17:28:003
S._viscosa,Other_species,1.3265118492494,1.3265118492494,1,2,-1,restoration,2025-07-19 17:28:003
C._hispanica,Other_species,2.46867084381497,2.46867084381497,1,2,-1,restoration,2025-07-19 17:28:003
Nurse_S._viscosa,Nurse_G._struthium,-6.96719302574061,-6.96719302574061,1,2,-1,natural,2025-07-19 17:28:003
Nurse_S._viscosa,H._squamatum,1.17056899636843,1.17056899636843,1,2,-1,natural,2025-07-19 17:28:003
Nurse_G._struthium,H._squamatum,0.751924375229303,0.751924375229303,1,2,-1,natural,2025-07-19 17:28:003
Nurse_S._viscosa,S._viscosa,-0.455344068258557,-0.455344068258557,1,2,-1,natural,2025-07-19 17:28:003
Nurse_G._struthium,S._viscosa,0.737270127633223,0.737270127633223,1,2,-1,natural,2025-07-19 17:28:003
H._squamatum,S._viscosa,0.979981960116776,0.979981960116776,1,2,-1,natural,2025-07-19 17:28:003
Nurse_S._viscosa,C._hispanica,0.61841191430145,0.61841191430145,1,2,-1,natural,2025-07-19 17:28:003
Nurse_G._struthium,C._hispanica,-0.0611928075463352,-0.0611928075463352,1,2,-1,natural,2025-07-19 17:28:003
H._squamatum,C._hispanica,0.537725285066296,0.537725285066296,1,2,-1,natural,2025-07-19 17:28:003
S._viscosa,C._hispanica,0.877568245214851,0.877568245214851,1,2,-1,natural,2025-07-19 17:28:003
Nurse_S._viscosa,Other_species,-0.134136646588302,-0.134136646588302,1,2,-1,natural,2025-07-19 17:28:003
Nurse_G._struthium,Other_species,1.67534966783763,1.67534966783763,1,2,-1,natural,2025-07-19 17:28:003
H._squamatum,Other_species,0.554143508079088,0.554143508079088,1,2,-1,natural,2025-07-19 17:28:003
S._viscosa,Other_species,0.773287624718553,0.773287624718553,1,2,-1,natural,2025-07-19 17:28:003
C._hispanica,Other_species,0.175430930192323,0.175430930192323,1,2,-1,natural,2025-07-19 17:28:003
Nurse_S._viscosa,Nurse_G._struthium,-8.14999222569478,-8.14999222569478,1,2,-1,restoration,2025-07-19 17:28:003
Nurse_S._viscosa,H._squamatum,3.21516962500884,3.21516962500884,1,2,-1,restoration,2025-07-19 17:28:003
Nurse_G._struthium,H._squamatum,3.5858646786471,3.5858646786471,1,2,-1,restoration,2025-07-19 17:28:003
Nurse_S._viscosa,S._viscosa,2.95395890366762,2.95395890366762,1,2,-1,restoration,2025-07-19 17:28:003
Nurse_G._struthium,S._viscosa,0.525281228140216,0.525281228140216,1,2,-1,restoration,2025-07-19 17:28:003
H._squamatum,S._viscosa,0.317070185007158,0.317070185007158,1,2,-1,restoration,2025-07-19 17:28:003
Nurse_S._viscosa,C._hispanica,1.46695192698059,1.46695192698059,1,2,-1,restoration,2025-07-19 17:28:003
Nurse_G._struthium,C._hispanica,0.442035094968037,0.442035094968037,1,2,-1,restoration,2025-07-19 17:28:003
H._squamatum,C._hispanica,-1.32142109858879,-1.32142109858879,1,2,-1,restoration,2025-07-19 17:28:003
S._viscosa,C._hispanica,-0.910567760897043,-0.910567760897043,1,2,-1,restoration,2025-07-19 17:28:003
Nurse_S._viscosa,Other_species,2.70850587639228,2.70850587639228,1,2,-1,restoration,2025-07-19 17:28:003
Nurse_G._struthium,Other_species,2.9416528626356,2.9416528626356,1,2,-1,restoration,2025-07-19 17:28:003
H._squamatum,Other_species,0.520757694674266,0.520757694674266,1,2,-1,restoration,2025-07-19 17:28:003
S._viscosa,Other_species,1.65568807658458,1.65568807658458,1,2,-1,restoration,2025-07-19 17:28:003
C._hispanica,Other_species,3.05263022307833,3.05263022307833,1,2,-1,restoration,2025-07-19 17:28:003
Nurse_S._viscosa,Nurse_G._struthium,-6.77313077824511,-6.77313077824511,1,2,-1,natural,2025-07-19 17:28:003
Nurse_S._viscosa,H._squamatum,1.07430625118578,1.07430625118578,1,2,-1,natural,2025-07-19 17:28:003
Nurse_G._struthium,H._squamatum,0.560243306004721,0.560243306004721,1,2,-1,natural,2025-07-19 17:28:003
Nurse_S._viscosa,S._viscosa,-0.520014363956085,-0.520014363956085,1,2,-1,natural,2025-07-19 17:28:003
Nurse_G._struthium,S._viscosa,0.551019000301901,0.551019000301901,1,2,-1,natural,2025-07-19 17:28:003
H._squamatum,S._viscosa,1.00741492350855,1.00741492350855,1,2,-1,natural,2025-07-19 17:28:003
Nurse_S._viscosa,C._hispanica,1.01874330255875,1.01874330255875,1,2,-1,natural,2025-07-19 17:28:003
Nurse_G._struthium,C._hispanica,-0.171413511259896,-0.171413511259896,1,2,-1,natural,2025-07-19 17:28:003
H._squamatum,C._hispanica,0.633242575390235,0.633242575390235,1,2,-1,natural,2025-07-19 17:28:003
S._viscosa,C._hispanica,0.784964616107472,0.784964616107472,1,2,-1,natural,2025-07-19 17:28:003
Nurse_S._viscosa,Other_species,-0.294797316510149,-0.294797316510149,1,2,-1,natural,2025-07-19 17:28:003
Nurse_G._struthium,Other_species,1.80106530220904,1.80106530220904,1,2,-1,natural,2025-07-19 17:28:003
H._squamatum,Other_species,0.587502164232917,0.587502164232917,1,2,-1,natural,2025-07-19 17:28:003
S._viscosa,Other_species,0.184660029284534,0.184660029284534,1,2,-1,natural,2025-07-19 17:28:003
C._hispanica,Other_species,0.296787981525568,0.296787981525568,1,2,-1,natural,2025-07-19 17:28:003
Nurse_S._viscosa,Nurse_G._struthium,-9.28002219353754,-9.28002219353754,1,2,-1,restoration,2025-07-19 17:27:593
Nurse_S._viscosa,H._squamatum,3.06208308692709,3.06208308692709,1,2,-1,restoration,2025-07-19 17:27:593
Nurse_G._struthium,H._squamatum,4.06039880216928,4.06039880216928,1,2,-1,restoration,2025-07-19 17:27:593
Nurse_S._viscosa,S._viscosa,3.82816421454617,3.82816421454617,1,2,-1,restoration,2025-07-19 17:27:593
Nurse_G._struthium,S._viscosa,1.15485645123408,1.15485645123408,1,2,-1,restoration,2025-07-19 17:27:593
H._squamatum,S._viscosa,0.0560512583981938,0.0560512583981938,1,2,-1,restoration,2025-07-19 17:27:593
Nurse_S._viscosa,C._hispanica,1.66439604572229,1.66439604572229,1,2,-1,restoration,2025-07-19 17:27:593
Nurse_G._struthium,C._hispanica,0.316474531664832,0.316474531664832,1,2,-1,restoration,2025-07-19 17:27:593
H._squamatum,C._hispanica,-1.534739264705,-1.534739264705,1,2,-1,restoration,2025-07-19 17:27:593
S._viscosa,C._hispanica,0.308030032002329,0.308030032002329,1,2,-1,restoration,2025-07-19 17:27:593
Nurse_S._viscosa,Other_species,3.97866616860014,3.97866616860014,1,2,-1,restoration,2025-07-19 17:27:593
Nurse_G._struthium,Other_species,4.20696511703296,4.20696511703296,1,2,-1,restoration,2025-07-19 17:27:593
H._squamatum,Other_species,0.190448213399114,0.190448213399114,1,2,-1,restoration,2025-07-19 17:27:593
S._viscosa,Other_species,1.75962071129603,1.75962071129603,1,2,-1,restoration,2025-07-19 17:27:593
C._hispanica,Other_species,3.49328574472782,3.49328574472782,1,2,-1,restoration,2025-07-19 17:27:593
Nurse_S._viscosa,Nurse_G._struthium,-6.72560421745731,-6.72560421745731,1,2,-1,natural,2025-07-19 17:27:593
Nurse_S._viscosa,H._squamatum,1.26729174576173,1.26729174576173,1,2,-1,natural,2025-07-19 17:27:593
Nurse_G._struthium,H._squamatum,0.249393131477536,0.249393131477536,1,2,-1,natural,2025-07-19 17:27:593
Nurse_S._viscosa,S._viscosa,-0.604631778755128,-0.604631778755128,1,2,-1,natural,2025-07-19 17:27:593
Nurse_G._struthium,S._viscosa,0.978116124115299,0.978116124115299,1,2,-1,natural,2025-07-19 17:27:593
H._squamatum,S._viscosa,1.16838226860867,1.16838226860867,1,2,-1,natural,2025-07-19 17:27:593
Nurse_S._viscosa,C._hispanica,0.91697343429018,0.91697343429018,1,2,-1,natural,2025-07-19 17:27:593
Nurse_G._struthium,C._hispanica,-0.30262184394225,-0.30262184394225,1,2,-1,natural,2025-07-19 17:27:593
H._squamatum,C._hispanica,0.400938326128953,0.400938326128953,1,2,-1,natural,2025-07-19 17:27:593
S._viscosa,C._hispanica,0.735952524720923,0.735952524720923,1,2,-1,natural,2025-07-19 17:27:593
Nurse_S._viscosa,Other_species,-0.197528243547018,-0.197528243547018,1,2,-1,natural,2025-07-19 17:27:593
Nurse_G._struthium,Other_species,1.84445068228088,1.84445068228088,1,2,-1,natural,2025-07-19 17:27:593
H._squamatum,Other_species,0.537628171517206,0.537628171517206,1,2,-1,natural,2025-07-19 17:27:593
S._viscosa,Other_species,0.67286399501622,0.67286399501622,1,2,-1,natural,2025-07-19 17:27:593
C._hispanica,Other_species,0.703475602212995,0.703475602212995,1,2,-1,natural,2025-07-19 17:27:593
Nurse_S._viscosa,Nurse_G._struthium,-7.99701634655099,-7.99701634655099,1,2,-1,restoration,2025-07-19 17:27:593
Nurse_S._viscosa,H._squamatum,2.53565165101874,2.53565165101874,1,2,-1,restoration,2025-07-19 17:27:593
Nurse_G._struthium,H._squamatum,3.1669471236461,3.1669471236461,1,2,-1,restoration,2025-07-19 17:27:593
Nurse_S._viscosa,S._viscosa,2.87100528203427,2.87100528203427,1,2,-1,restoration,2025-07-19 17:27:593
Nurse_G._struthium,S._viscosa,1.00249496435709,1.00249496435709,1,2,-1,restoration,2025-07-19 17:27:593
H._squamatum,S._viscosa,0.426870520805005,0.426870520805005,1,2,-1,restoration,2025-07-19 17:27:593
Nurse_S._viscosa,C._hispanica,1.77012249944737,1.77012249944737,1,2,-1,restoration,2025-07-19 17:27:593
Nurse_G._struthium,C._hispanica,-0.0392585853100944,-0.0392585853100944,1,2,-1,restoration,2025-07-19 17:27:593
H._squamatum,C._hispanica,0.461155749553778,0.461155749553778,1,2,-1,restoration,2025-07-19 17:27:593
S._viscosa,C._hispanica,0.365961167804408,0.365961167804408,1,2,-1,restoration,2025-07-19 17:27:593
Nurse_S._viscosa,Other_species,2.34730493081804,2.34730493081804,1,2,-1,restoration,2025-07-19 17:27:593
Nurse_G._struthium,Other_species,2.3209055592029,2.3209055592029,1,2,-1,restoration,2025-07-19 17:27:593
H._squamatum,Other_species,0.831298556241065,0.831298556241065,1,2,-1,restoration,2025-07-19 17:27:593
S._viscosa,Other_species,2.04720163264454,2.04720163264454,1,2,-1,restoration,2025-07-19 17:27:593
C._hispanica,Other_species,2.70014305693938,2.70014305693938,1,2,-1,restoration,2025-07-19 17:27:593
Nurse_S._viscosa,Nurse_G._struthium,-7.04532099120694,-7.04532099120694,1,2,-1,natural,2025-07-19 17:27:593
Nurse_S._viscosa,H._squamatum,0.923360540624021,0.923360540624021,1,2,-1,natural,2025-07-19 17:27:593
Nurse_G._struthium,H._squamatum,0.42593523470391,0.42593523470391,1,2,-1,natural,2025-07-19 17:27:593
Nurse_S._viscosa,S._viscosa,-0.338345838233243,-0.338345838233243,1,2,-1,natural,2025-07-19 17:27:593
Nurse_G._struthium,S._viscosa,0.720283886348134,0.720283886348134,1,2,-1,natural,2025-07-19 17:27:593
H._squamatum,S._viscosa,0.955495682961781,0.955495682961781,1,2,-1,natural,2025-07-19 17:27:593
Nurse_S._viscosa,C._hispanica,0.923821773056213,0.923821773056213,1,2,-1,natural,2025-07-19 17:27:593
Nurse_G._struthium,C._hispanica,-0.0840583161410643,-0.0840583161410643,1,2,-1,natural,2025-07-19 17:27:593
H._squamatum,C._hispanica,0.567661685500103,0.567661685500103,1,2,-1,natural,2025-07-19 17:27:593
S._viscosa,C._hispanica,0.747200358192505,0.747200358192505,1,2,-1,natural,2025-07-19 17:27:593
Nurse_S._viscosa,Other_species,0.0591741515560574,0.0591741515560574,1,2,-1,natural,2025-07-19 17:27:593
Nurse_G._struthium,Other_species,1.87496275696887,1.87496275696887,1,2,-1,natural,2025-07-19 17:27:593
H._squamatum,Other_species,0.598342184927537,0.598342184927537,1,2,-1,natural,2025-07-19 17:27:593
S._viscosa,Other_species,0.882536700406881,0.882536700406881,1,2,-1,natural,2025-07-19 17:27:593
C._hispanica,Other_species,0.445016978799613,0.445016978799613,1,2,-1,natural,2025-07-19 17:27:593
Nurse_S._viscosa,Nurse_G._struthium,-7.6879642159919,-7.6879642159919,1,2,-1,restoration,2025-07-19 17:27:583
Nurse_S._viscosa,H._squamatum,1.84118818997732,1.84118818997732,1,2,-1,restoration,2025-07-19 17:27:583
Nurse_G._struthium,H._squamatum,2.74286420722888,2.74286420722888,1,2,-1,restoration,2025-07-19 17:27:583
Nurse_S._viscosa,S._viscosa,3.49939884353236,3.49939884353236,1,2,-1,restoration,2025-07-19 17:27:583
Nurse_G._struthium,S._viscosa,0.836124208953894,0.836124208953894,1,2,-1,restoration,2025-07-19 17:27:583
H._squamatum,S._viscosa,0.930563689141793,0.930563689141793,1,2,-1,restoration,2025-07-19 17:27:583
Nurse_S._viscosa,C._hispanica,2.42823219419362,2.42823219419362,1,2,-1,restoration,2025-07-19 17:27:583
Nurse_G._struthium,C._hispanica,0.681842576833913,0.681842576833913,1,2,-1,restoration,2025-07-19 17:27:583
H._squamatum,C._hispanica,1.78985899611512,1.78985899611512,1,2,-1,restoration,2025-07-19 17:27:583
S._viscosa,C._hispanica,-0.0901613454795345,-0.0901613454795345,1,2,-1,restoration,2025-07-19 17:27:583
Nurse_S._viscosa,Other_species,2.17709687473022,2.17709687473022,1,2,-1,restoration,2025-07-19 17:27:583
Nurse_G._struthium,Other_species,2.53146249728179,2.53146249728179,1,2,-1,restoration,2025-07-19 17:27:583
H._squamatum,Other_species,0.183365457535998,0.183365457535998,1,2,-1,restoration,2025-07-19 17:27:583
S._viscosa,Other_species,1.29697083514959,1.29697083514959,1,2,-1,restoration,2025-07-19 17:27:583
C._hispanica,Other_species,1.40939007447327,1.40939007447327,1,2,-1,restoration,2025-07-19 17:27:583
Nurse_S._viscosa,Nurse_G._struthium,-6.71759416172705,-6.71759416172705,1,2,-1,natural,2025-07-19 17:27:583
Nurse_S._viscosa,H._squamatum,1.11234109573771,1.11234109573771,1,2,-1,natural,2025-07-19 17:27:583
Nurse_G._struthium,H._squamatum,0.481489228142009,0.481489228142009,1,2,-1,natural,2025-07-19 17:27:583
Nurse_S._viscosa,S._viscosa,-0.762596018183035,-0.762596018183035,1,2,-1,natural,2025-07-19 17:27:583
Nurse_G._struthium,S._viscosa,0.710866298903544,0.710866298903544,1,2,-1,natural,2025-07-19 17:27:583
H._squamatum,S._viscosa,0.967362789843436,0.967362789843436,1,2,-1,natural,2025-07-19 17:27:583
Nurse_S._viscosa,C._hispanica,0.501895745260323,0.501895745260323,1,2,-1,natural,2025-07-19 17:27:583
Nurse_G._struthium,C._hispanica,-0.394474507418615,-0.394474507418615,1,2,-1,natural,2025-07-19 17:27:583
H._squamatum,C._hispanica,0.833391947023911,0.833391947023911,1,2,-1,natural,2025-07-19 17:27:583
S._viscosa,C._hispanica,0.74396497303688,0.74396497303688,1,2,-1,natural,2025-07-19 17:27:583
Nurse_S._viscosa,Other_species,-0.0953591007104685,-0.0953591007104685,1,2,-1,natural,2025-07-19 17:27:583
Nurse_G._struthium,Other_species,2.38599652918471,2.38599652918471,1,2,-1,natural,2025-07-19 17:27:583
H._squamatum,Other_species,0.687927851008191,0.687927851008191,1,2,-1,natural,2025-07-19 17:27:583
S._viscosa,Other_species,0.527892382434447,0.527892382434447,1,2,-1,natural,2025-07-19 17:27:583
C._hispanica,Other_species,0.553649499244034,0.553649499244034,1,2,-1,natural,2025-07-19 17:27:583
Nurse_S._viscosa,Nurse_G._struthium,-7.2345742392911,-7.2345742392911,1,2,-1,restoration,2025-07-19 17:27:583
Nurse_S._viscosa,H._squamatum,1.56691714180224,1.56691714180224,1,2,-1,restoration,2025-07-19 17:27:583
Nurse_G._struthium,H._squamatum,2.95443504285578,2.95443504285578,1,2,-1,restoration,2025-07-19 17:27:583
Nurse_S._viscosa,S._viscosa,2.91167725651595,2.91167725651595,1,2,-1,restoration,2025-07-19 17:27:583
Nurse_G._struthium,S._viscosa,0.304400906751931,0.304400906751931,1,2,-1,restoration,2025-07-19 17:27:583
H._squamatum,S._viscosa,0.970920385198336,0.970920385198336,1,2,-1,restoration,2025-07-19 17:27:583
Nurse_S._viscosa,C._hispanica,2.42851800076692,2.42851800076692,1,2,-1,restoration,2025-07-19 17:27:583
Nurse_G._struthium,C._hispanica,-0.24463186703974,-0.24463186703974,1,2,-1,restoration,2025-07-19 17:27:583
H._squamatum,C._hispanica,0.794387322696188,0.794387322696188,1,2,-1,restoration,2025-07-19 17:27:583
S._viscosa,C._hispanica,-0.572209733630995,-0.572209733630995,1,2,-1,restoration,2025-07-19 17:27:583
Nurse_S._viscosa,Other_species,2.35193189217827,2.35193189217827,1,2,-1,restoration,2025-07-19 17:27:583
Nurse_G._struthium,Other_species,2.35554330286679,2.35554330286679,1,2,-1,restoration,2025-07-19 17:27:583
H._squamatum,Other_species,-0.170542418513345,-0.170542418513345,1,2,-1,restoration,2025-07-19 17:27:583
S._viscosa,Other_species,2.88293188061483,2.88293188061483,1,2,-1,restoration,2025-07-19 17:27:583
C._hispanica,Other_species,3.30446493256882,3.30446493256882,1,2,-1,restoration,2025-07-19 17:27:583
Nurse_S._viscosa,Nurse_G._struthium,-6.92921119894312,-6.92921119894312,1,2,-1,natural,2025-07-19 17:27:583
Nurse_S._viscosa,H._squamatum,1.20037397067038,1.20037397067038,1,2,-1,natural,2025-07-19 17:27:583
Nurse_G._struthium,H._squamatum,0.449467327229559,0.449467327229559,1,2,-1,natural,2025-07-19 17:27:583
Nurse_S._viscosa,S._viscosa,-0.421438451011846,-0.421438451011846,1,2,-1,natural,2025-07-19 17:27:583
Nurse_G._struthium,S._viscosa,0.805262864180717,0.805262864180717,1,2,-1,natural,2025-07-19 17:27:583
H._squamatum,S._viscosa,1.04331234261746,1.04331234261746,1,2,-1,natural,2025-07-19 17:27:583
Nurse_S._viscosa,C._hispanica,0.574256262645634,0.574256262645634,1,2,-1,natural,2025-07-19 17:27:583
Nurse_G._struthium,C._hispanica,-0.0978984088941428,-0.0978984088941428,1,2,-1,natural,2025-07-19 17:27:583
H._squamatum,C._hispanica,0.606828042875011,0.606828042875011,1,2,-1,natural,2025-07-19 17:27:583
S._viscosa,C._hispanica,0.822581066546745,0.822581066546745,1,2,-1,natural,2025-07-19 17:27:583
Nurse_S._viscosa,Other_species,-0.0201359094135406,-0.0201359094135406,1,2,-1,natural,2025-07-19 17:27:583
Nurse_G._struthium,Other_species,1.82412201612862,1.82412201612862,1,2,-1,natural,2025-07-19 17:27:583
H._squamatum,Other_species,0.430191800868834,0.430191800868834,1,2,-1,natural,2025-07-19 17:27:583
S._viscosa,Other_species,0.670845523149129,0.670845523149129,1,2,-1,natural,2025-07-19 17:27:583
C._hispanica,Other_species,0.415246019316364,0.415246019316364,1,2,-1,natural,2025-07-19 17:27:583
Nurse_S._viscosa,Nurse_G._struthium,-7.71538744375728,-7.71538744375728,1,2,-1,restoration,2025-07-19 17:27:573
Nurse_S._viscosa,H._squamatum,2.303731899215,2.303731899215,1,2,-1,restoration,2025-07-19 17:27:573
Nurse_G._struthium,H._squamatum,2.79110921837999,2.79110921837999,1,2,-1,restoration,2025-07-19 17:27:573
Nurse_S._viscosa,S._viscosa,3.51337203781445,3.51337203781445,1,2,-1,restoration,2025-07-19 17:27:573
Nurse_G._struthium,S._viscosa,1.15046826996213,1.15046826996213,1,2,-1,restoration,2025-07-19 17:27:573
H._squamatum,S._viscosa,-1.05790270330771,-1.05790270330771,1,2,-1,restoration,2025-07-19 17:27:573
Nurse_S._viscosa,C._hispanica,3.43577894812457,3.43577894812457,1,2,-1,restoration,2025-07-19 17:27:573
Nurse_G._struthium,C._hispanica,1.26097334161631,1.26097334161631,1,2,-1,restoration,2025-07-19 17:27:573
H._squamatum,C._hispanica,-0.00182048851603704,-0.00182048851603704,1,2,-1,restoration,2025-07-19 17:27:573
S._viscosa,C._hispanica,-0.0448315981259451,-0.0448315981259451,1,2,-1,restoration,2025-07-19 17:27:573
Nurse_S._viscosa,Other_species,2.57258322801137,2.57258322801137,1,2,-1,restoration,2025-07-19 17:27:573
Nurse_G._struthium,Other_species,2.75233217357039,2.75233217357039,1,2,-1,restoration,2025-07-19 17:27:573
H._squamatum,Other_species,0.172379337270482,0.172379337270482,1,2,-1,restoration,2025-07-19 17:27:573
S._viscosa,Other_species,1.80681479418744,1.80681479418744,1,2,-1,restoration,2025-07-19 17:27:573
C._hispanica,Other_species,2.29563648764367,2.29563648764367,1,2,-1,restoration,2025-07-19 17:27:573
Nurse_S._viscosa,Nurse_G._struthium,-6.98178998132851,-6.98178998132851,1,2,-1,natural,2025-07-19 17:27:573
Nurse_S._viscosa,H._squamatum,1.31460488285496,1.31460488285496,1,2,-1,natural,2025-07-19 17:27:573
Nurse_G._struthium,H._squamatum,0.65765176552623,0.65765176552623,1,2,-1,natural,2025-07-19 17:27:573
Nurse_S._viscosa,S._viscosa,-0.459430727292732,-0.459430727292732,1,2,-1,natural,2025-07-19 17:27:573
Nurse_G._struthium,S._viscosa,0.636375756232938,0.636375756232938,1,2,-1,natural,2025-07-19 17:27:573
H._squamatum,S._viscosa,0.868470230671724,0.868470230671724,1,2,-1,natural,2025-07-19 17:27:573
Nurse_S._viscosa,C._hispanica,0.747763593524759,0.747763593524759,1,2,-1,natural,2025-07-19 17:27:573
Nurse_G._struthium,C._hispanica,0.0773765471817246,0.0773765471817246,1,2,-1,natural,2025-07-19 17:27:573
H._squamatum,C._hispanica,0.731724398514153,0.731724398514153,1,2,-1,natural,2025-07-19 17:27:573
S._viscosa,C._hispanica,0.776271767816378,0.776271767816378,1,2,-1,natural,2025-07-19 17:27:573
Nurse_S._viscosa,Other_species,0.0717093448752672,0.0717093448752672,1,2,-1,natural,2025-07-19 17:27:573
Nurse_G._struthium,Other_species,2.1222572822008,2.1222572822008,1,2,-1,natural,2025-07-19 17:27:573
H._squamatum,Other_species,0.69386321415572,0.69386321415572,1,2,-1,natural,2025-07-19 17:27:573
S._viscosa,Other_species,0.794048061196293,0.794048061196293,1,2,-1,natural,2025-07-19 17:27:573
C._hispanica,Other_species,0.474009205755182,0.474009205755182,1,2,-1,natural,2025-07-19 17:27:573
Nurse_S._viscosa,Nurse_G._struthium,-7.93966199227075,-7.93966199227075,1,2,-1,restoration,2025-07-19 17:27:573
Nurse_S._viscosa,H._squamatum,1.5190798625515,1.5190798625515,1,2,-1,restoration,2025-07-19 17:27:573
Nurse_G._struthium,H._squamatum,2.42027571078243,2.42027571078243,1,2,-1,restoration,2025-07-19 17:27:573
Nurse_S._viscosa,S._viscosa,4.08695135251848,4.08695135251848,1,2,-1,restoration,2025-07-19 17:27:573
Nurse_G._struthium,S._viscosa,1.59439082186318,1.59439082186318,1,2,-1,restoration,2025-07-19 17:27:573
H._squamatum,S._viscosa,0.051390002972516,0.051390002972516,1,2,-1,restoration,2025-07-19 17:27:573
Nurse_S._viscosa,C._hispanica,2.12883096054216,2.12883096054216,1,2,-1,restoration,2025-07-19 17:27:573
Nurse_G._struthium,C._hispanica,0.857844455813447,0.857844455813447,1,2,-1,restoration,2025-07-19 17:27:573
H._squamatum,C._hispanica,0.503138682271246,0.503138682271246,1,2,-1,restoration,2025-07-19 17:27:573
S._viscosa,C._hispanica,0.456047091615793,0.456047091615793,1,2,-1,restoration,2025-07-19 17:27:573
Nurse_S._viscosa,Other_species,2.90834331080273,2.90834331080273,1,2,-1,restoration,2025-07-19 17:27:573
Nurse_G._struthium,Other_species,2.54622034546629,2.54622034546629,1,2,-1,restoration,2025-07-19 17:27:573
H._squamatum,Other_species,0.122504673894027,0.122504673894027,1,2,-1,restoration,2025-07-19 17:27:573
S._viscosa,Other_species,0.657999413284399,0.657999413284399,1,2,-1,restoration,2025-07-19 17:27:573
C._hispanica,Other_species,2.13909864746251,2.13909864746251,1,2,-1,restoration,2025-07-19 17:27:573
Nurse_S._viscosa,Nurse_G._struthium,-6.83384877062875,-6.83384877062875,1,2,-1,natural,2025-07-19 17:27:573
Nurse_S._viscosa,H._squamatum,1.12003304470256,1.12003304470256,1,2,-1,natural,2025-07-19 17:27:573
Nurse_G._struthium,H._squamatum,0.235023359939159,0.235023359939159,1,2,-1,natural,2025-07-19 17:27:573
Nurse_S._viscosa,S._viscosa,-0.259811319063237,-0.259811319063237,1,2,-1,natural,2025-07-19 17:27:573
Nurse_G._struthium,S._viscosa,0.852018794967335,0.852018794967335,1,2,-1,natural,2025-07-19 17:27:573
H._squamatum,S._viscosa,1.1958816725697,1.1958816725697,1,2,-1,natural,2025-07-19 17:27:573
Nurse_S._viscosa,C._hispanica,0.646209343782099,0.646209343782099,1,2,-1,natural,2025-07-19 17:27:573
Nurse_G._struthium,C._hispanica,-0.249417728203072,-0.249417728203072,1,2,-1,natural,2025-07-19 17:27:573
H._squamatum,C._hispanica,0.66873044509984,0.66873044509984,1,2,-1,natural,2025-07-19 17:27:573
S._viscosa,C._hispanica,0.610673645545413,0.610673645545413,1,2,-1,natural,2025-07-19 17:27:573
Nurse_S._viscosa,Other_species,-0.250805975726901,-0.250805975726901,1,2,-1,natural,2025-07-19 17:27:573
Nurse_G._struthium,Other_species,1.92291033600413,1.92291033600413,1,2,-1,natural,2025-07-19 17:27:573
H._squamatum,Other_species,0.650654378629286,0.650654378629286,1,2,-1,natural,2025-07-19 17:27:573
S._viscosa,Other_species,0.663119908679568,0.663119908679568,1,2,-1,natural,2025-07-19 17:27:573
C._hispanica,Other_species,0.475345539559841,0.475345539559841,1,2,-1,natural,2025-07-19 17:27:573
Nurse_S._viscosa,Nurse_G._struthium,-8.69017915380153,-8.69017915380153,1,2,-1,restoration,2025-07-19 17:27:573
Nurse_S._viscosa,H._squamatum,2.37178039909486,2.37178039909486,1,2,-1,restoration,2025-07-19 17:27:573
Nurse_G._struthium,H._squamatum,3.43242903925559,3.43242903925559,1,2,-1,restoration,2025-07-19 17:27:573
Nurse_S._viscosa,S._viscosa,3.95156738130571,3.95156738130571,1,2,-1,restoration,2025-07-19 17:27:573
Nurse_G._struthium,S._viscosa,1.74323202939941,1.74323202939941,1,2,-1,restoration,2025-07-19 17:27:573
H._squamatum,S._viscosa,0.0341649856774552,0.0341649856774552,1,2,-1,restoration,2025-07-19 17:27:573
Nurse_S._viscosa,C._hispanica,0.805051242111559,0.805051242111559,1,2,-1,restoration,2025-07-19 17:27:573
Nurse_G._struthium,C._hispanica,0.144785610073143,0.144785610073143,1,2,-1,restoration,2025-07-19 17:27:573
H._squamatum,C._hispanica,0.624954616862681,0.624954616862681,1,2,-1,restoration,2025-07-19 17:27:573
S._viscosa,C._hispanica,0.787960097929856,0.787960097929856,1,2,-1,restoration,2025-07-19 17:27:573
Nurse_S._viscosa,Other_species,2.55978996684757,2.55978996684757,1,2,-1,restoration,2025-07-19 17:27:573
Nurse_G._struthium,Other_species,2.84814227411803,2.84814227411803,1,2,-1,restoration,2025-07-19 17:27:573
H._squamatum,Other_species,0.118740069576158,0.118740069576158,1,2,-1,restoration,2025-07-19 17:27:573
S._viscosa,Other_species,0.659468716489079,0.659468716489079,1,2,-1,restoration,2025-07-19 17:27:573
C._hispanica,Other_species,1.54230493147774,1.54230493147774,1,2,-1,restoration,2025-07-19 17:27:573
Nurse_S._viscosa,Nurse_G._struthium,-6.89083643661102,-6.89083643661102,1,2,-1,natural,2025-07-19 17:27:573
Nurse_S._viscosa,H._squamatum,1.22346994486746,1.22346994486746,1,2,-1,natural,2025-07-19 17:27:573
Nurse_G._struthium,H._squamatum,0.350852786869176,0.350852786869176,1,2,-1,natural,2025-07-19 17:27:573
Nurse_S._viscosa,S._viscosa,-0.320675970094895,-0.320675970094895,1,2,-1,natural,2025-07-19 17:27:573
Nurse_G._struthium,S._viscosa,0.631986432715694,0.631986432715694,1,2,-1,natural,2025-07-19 17:27:573
H._squamatum,S._viscosa,1.02443472028009,1.02443472028009,1,2,-1,natural,2025-07-19 17:27:573
Nurse_S._viscosa,C._hispanica,0.57900092704649,0.57900092704649,1,2,-1,natural,2025-07-19 17:27:573
Nurse_G._struthium,C._hispanica,-0.103286911977767,-0.103286911977767,1,2,-1,natural,2025-07-19 17:27:573
H._squamatum,C._hispanica,0.536301906727546,0.536301906727546,1,2,-1,natural,2025-07-19 17:27:573
S._viscosa,C._hispanica,0.823655983110717,0.823655983110717,1,2,-1,natural,2025-07-19 17:27:573
Nurse_S._viscosa,Other_species,-0.114125522773994,-0.114125522773994,1,2,-1,natural,2025-07-19 17:27:573
Nurse_G._struthium,Other_species,1.74725036617539,1.74725036617539,1,2,-1,natural,2025-07-19 17:27:573
H._squamatum,Other_species,0.444132263830099,0.444132263830099,1,2,-1,natural,2025-07-19 17:27:573
S._viscosa,Other_species,0.71121263744898,0.71121263744898,1,2,-1,natural,2025-07-19 17:27:573
C._hispanica,Other_species,0.612789265201954,0.612789265201954,1,2,-1,natural,2025-07-19 17:27:573
Nurse_S._viscosa,Nurse_G._struthium,-7.9930765860416,-7.9930765860416,1,2,-1,restoration,2025-07-19 17:27:563
Nurse_S._viscosa,H._squamatum,1.28458848283652,1.28458848283652,1,2,-1,restoration,2025-07-19 17:27:563
Nurse_G._struthium,H._squamatum,2.34279661008123,2.34279661008123,1,2,-1,restoration,2025-07-19 17:27:563
Nurse_S._viscosa,S._viscosa,4.45021084899853,4.45021084899853,1,2,-1,restoration,2025-07-19 17:27:563
Nurse_G._struthium,S._viscosa,1.91805632553471,1.91805632553471,1,2,-1,restoration,2025-07-19 17:27:563
H._squamatum,S._viscosa,0.390051770705269,0.390051770705269,1,2,-1,restoration,2025-07-19 17:27:563
Nurse_S._viscosa,C._hispanica,1.70508072591652,1.70508072591652,1,2,-1,restoration,2025-07-19 17:27:563
Nurse_G._struthium,C._hispanica,0.0444182768931101,0.0444182768931101,1,2,-1,restoration,2025-07-19 17:27:563
H._squamatum,C._hispanica,0.221361276705447,0.221361276705447,1,2,-1,restoration,2025-07-19 17:27:563
S._viscosa,C._hispanica,0.683179885215674,0.683179885215674,1,2,-1,restoration,2025-07-19 17:27:563
Nurse_S._viscosa,Other_species,1.09946348140903,1.09946348140903,1,2,-1,restoration,2025-07-19 17:27:563
Nurse_G._struthium,Other_species,1.73236868768818,1.73236868768818,1,2,-1,restoration,2025-07-19 17:27:563
H._squamatum,Other_species,-0.271942338534791,-0.271942338534791,1,2,-1,restoration,2025-07-19 17:27:563
S._viscosa,Other_species,1.44728390207612,1.44728390207612,1,2,-1,restoration,2025-07-19 17:27:563
C._hispanica,Other_species,2.75796294072852,2.75796294072852,1,2,-1,restoration,2025-07-19 17:27:563
Nurse_S._viscosa,Nurse_G._struthium,-6.95191323524858,-6.95191323524858,1,2,-1,natural,2025-07-19 17:27:563
Nurse_S._viscosa,H._squamatum,1.2912910990795,1.2912910990795,1,2,-1,natural,2025-07-19 17:27:563
Nurse_G._struthium,H._squamatum,0.529318285206116,0.529318285206116,1,2,-1,natural,2025-07-19 17:27:563
Nurse_S._viscosa,S._viscosa,-0.269168706082858,-0.269168706082858,1,2,-1,natural,2025-07-19 17:27:563
Nurse_G._struthium,S._viscosa,0.765071735646078,0.765071735646078,1,2,-1,natural,2025-07-19 17:27:563
H._squamatum,S._viscosa,1.19802694277683,1.19802694277683,1,2,-1,natural,2025-07-19 17:27:563
Nurse_S._viscosa,C._hispanica,0.763624671200076,0.763624671200076,1,2,-1,natural,2025-07-19 17:27:563
Nurse_G._struthium,C._hispanica,-0.0884565407651687,-0.0884565407651687,1,2,-1,natural,2025-07-19 17:27:563
H._squamatum,C._hispanica,0.804875989445083,0.804875989445083,1,2,-1,natural,2025-07-19 17:27:563
S._viscosa,C._hispanica,0.897506384593709,0.897506384593709,1,2,-1,natural,2025-07-19 17:27:563
Nurse_S._viscosa,Other_species,-0.210732934804755,-0.210732934804755,1,2,-1,natural,2025-07-19 17:27:563
Nurse_G._struthium,Other_species,1.99904707378371,1.99904707378371,1,2,-1,natural,2025-07-19 17:27:563
H._squamatum,Other_species,0.509371999161807,0.509371999161807,1,2,-1,natural,2025-07-19 17:27:563
S._viscosa,Other_species,0.754269514660868,0.754269514660868,1,2,-1,natural,2025-07-19 17:27:563
C._hispanica,Other_species,0.591506373077183,0.591506373077183,1,2,-1,natural,2025-07-19 17:27:563
Nurse_S._viscosa,Nurse_G._struthium,-8.0673774839996,-8.0673774839996,1,2,-1,restoration,2025-07-19 17:27:563
Nurse_S._viscosa,H._squamatum,1.10748091070833,1.10748091070833,1,2,-1,restoration,2025-07-19 17:27:563
Nurse_G._struthium,H._squamatum,2.6091021664915,2.6091021664915,1,2,-1,restoration,2025-07-19 17:27:563
Nurse_S._viscosa,S._viscosa,4.76460107262959,4.76460107262959,1,2,-1,restoration,2025-07-19 17:27:563
Nurse_G._struthium,S._viscosa,1.88482306384242,1.88482306384242,1,2,-1,restoration,2025-07-19 17:27:563
H._squamatum,S._viscosa,0.510550126135198,0.510550126135198,1,2,-1,restoration,2025-07-19 17:27:563
Nurse_S._viscosa,C._hispanica,2.1537264908931,2.1537264908931,1,2,-1,restoration,2025-07-19 17:27:563
Nurse_G._struthium,C._hispanica,0.352408886521174,0.352408886521174,1,2,-1,restoration,2025-07-19 17:27:563
H._squamatum,C._hispanica,0.264586638883983,0.264586638883983,1,2,-1,restoration,2025-07-19 17:27:563
S._viscosa,C._hispanica,-0.785243771701265,-0.785243771701265,1,2,-1,restoration,2025-07-19 17:27:563
Nurse_S._viscosa,Other_species,3.34762236153668,3.34762236153668,1,2,-1,restoration,2025-07-19 17:27:563
Nurse_G._struthium,Other_species,3.89601684119788,3.89601684119788,1,2,-1,restoration,2025-07-19 17:27:563
H._squamatum,Other_species,1.05422170608172,1.05422170608172,1,2,-1,restoration,2025-07-19 17:27:563
S._viscosa,Other_species,1.83015239631242,1.83015239631242,1,2,-1,restoration,2025-07-19 17:27:563
C._hispanica,Other_species,3.10034969686732,3.10034969686732,1,2,-1,restoration,2025-07-19 17:27:563
Nurse_S._viscosa,Nurse_G._struthium,-6.86752455155228,-6.86752455155228,1,2,-1,natural,2025-07-19 17:27:563
Nurse_S._viscosa,H._squamatum,1.08242019071402,1.08242019071402,1,2,-1,natural,2025-07-19 17:27:563
Nurse_G._struthium,H._squamatum,0.58266720716441,0.58266720716441,1,2,-1,natural,2025-07-19 17:27:563
Nurse_S._viscosa,S._viscosa,-0.402112174623015,-0.402112174623015,1,2,-1,natural,2025-07-19 17:27:563
Nurse_G._struthium,S._viscosa,0.817316864254679,0.817316864254679,1,2,-1,natural,2025-07-19 17:27:563
H._squamatum,S._viscosa,0.970198527163944,0.970198527163944,1,2,-1,natural,2025-07-19 17:27:563
Nurse_S._viscosa,C._hispanica,0.83586363079315,0.83586363079315,1,2,-1,natural,2025-07-19 17:27:563
Nurse_G._struthium,C._hispanica,-0.160655716871743,-0.160655716871743,1,2,-1,natural,2025-07-19 17:27:563
H._squamatum,C._hispanica,0.702395436532086,0.702395436532086,1,2,-1,natural,2025-07-19 17:27:563
S._viscosa,C._hispanica,0.733159451395053,0.733159451395053,1,2,-1,natural,2025-07-19 17:27:563
Nurse_S._viscosa,Other_species,0.00673599557624696,0.00673599557624696,1,2,-1,natural,2025-07-19 17:27:563
Nurse_G._struthium,Other_species,2.06134731342906,2.06134731342906,1,2,-1,natural,2025-07-19 17:27:563
H._squamatum,Other_species,0.617802360750025,0.617802360750025,1,2,-1,natural,2025-07-19 17:27:563
S._viscosa,Other_species,0.501757676924425,0.501757676924425,1,2,-1,natural,2025-07-19 17:27:563
C._hispanica,Other_species,0.793586629958802,0.793586629958802,1,2,-1,natural,2025-07-19 17:27:563
Nurse_S._viscosa,Nurse_G._struthium,-7.70364261150286,-7.70364261150286,1,2,-1,restoration,2025-07-19 17:27:563
Nurse_S._viscosa,H._squamatum,0.586857685270459,0.586857685270459,1,2,-1,restoration,2025-07-19 17:27:563
Nurse_G._struthium,H._squamatum,2.60803047672741,2.60803047672741,1,2,-1,restoration,2025-07-19 17:27:563
Nurse_S._viscosa,S._viscosa,4.56979060708031,4.56979060708031,1,2,-1,restoration,2025-07-19 17:27:563
Nurse_G._struthium,S._viscosa,1.77754920576345,1.77754920576345,1,2,-1,restoration,2025-07-19 17:27:563
H._squamatum,S._viscosa,0.546132272274881,0.546132272274881,1,2,-1,restoration,2025-07-19 17:27:563
Nurse_S._viscosa,C._hispanica,2.69874291220944,2.69874291220944,1,2,-1,restoration,2025-07-19 17:27:563
Nurse_G._struthium,C._hispanica,0.883248418430947,0.883248418430947,1,2,-1,restoration,2025-07-19 17:27:563
H._squamatum,C._hispanica,-1.40598371765713,-1.40598371765713,1,2,-1,restoration,2025-07-19 17:27:563
S._viscosa,C._hispanica,-0.684942329440045,-0.684942329440045,1,2,-1,restoration,2025-07-19 17:27:563
Nurse_S._viscosa,Other_species,2.99393884450755,2.99393884450755,1,2,-1,restoration,2025-07-19 17:27:563
Nurse_G._struthium,Other_species,2.61515282605765,2.61515282605765,1,2,-1,restoration,2025-07-19 17:27:563
H._squamatum,Other_species,0.174992875923633,0.174992875923633,1,2,-1,restoration,2025-07-19 17:27:563
S._viscosa,Other_species,1.66649294427872,1.66649294427872,1,2,-1,restoration,2025-07-19 17:27:563
C._hispanica,Other_species,3.66136853826041,3.66136853826041,1,2,-1,restoration,2025-07-19 17:27:563
Nurse_S._viscosa,Nurse_G._struthium,-6.85330763716267,-6.85330763716267,1,2,-1,natural,2025-07-19 17:27:563
Nurse_S._viscosa,H._squamatum,1.04983243758934,1.04983243758934,1,2,-1,natural,2025-07-19 17:27:563
Nurse_G._struthium,H._squamatum,0.770064031900833,0.770064031900833,1,2,-1,natural,2025-07-19 17:27:563
Nurse_S._viscosa,S._viscosa,-0.485708278197968,-0.485708278197968,1,2,-1,natural,2025-07-19 17:27:563
Nurse_G._struthium,S._viscosa,0.975728883125168,0.975728883125168,1,2,-1,natural,2025-07-19 17:27:563
H._squamatum,S._viscosa,0.92215509107056,0.92215509107056,1,2,-1,natural,2025-07-19 17:27:563
Nurse_S._viscosa,C._hispanica,0.713470691764966,0.713470691764966,1,2,-1,natural,2025-07-19 17:27:563
Nurse_G._struthium,C._hispanica,-0.615679883441403,-0.615679883441403,1,2,-1,natural,2025-07-19 17:27:563
H._squamatum,C._hispanica,0.71333680125555,0.71333680125555,1,2,-1,natural,2025-07-19 17:27:563
S._viscosa,C._hispanica,0.910718355567022,0.910718355567022,1,2,-1,natural,2025-07-19 17:27:563
Nurse_S._viscosa,Other_species,0.0335780487247682,0.0335780487247682,1,2,-1,natural,2025-07-19 17:27:563
Nurse_G._struthium,Other_species,1.79190935194712,1.79190935194712,1,2,-1,natural,2025-07-19 17:27:563
H._squamatum,Other_species,0.4703264169872,0.4703264169872,1,2,-1,natural,2025-07-19 17:27:563
S._viscosa,Other_species,0.69635453107963,0.69635453107963,1,2,-1,natural,2025-07-19 17:27:563
C._hispanica,Other_species,0.548612090560777,0.548612090560777,1,2,-1,natural,2025-07-19 17:27:563
Nurse_S._viscosa,Nurse_G._struthium,-8.03914357450051,-8.03914357450051,1,2,-1,restoration,2025-07-19 17:27:553
Nurse_S._viscosa,H._squamatum,2.54331872239126,2.54331872239126,1,2,-1,restoration,2025-07-19 17:27:553
Nurse_G._struthium,H._squamatum,3.25317788675682,3.25317788675682,1,2,-1,restoration,2025-07-19 17:27:553
Nurse_S._viscosa,S._viscosa,3.80567627341745,3.80567627341745,1,2,-1,restoration,2025-07-19 17:27:553
Nurse_G._struthium,S._viscosa,1.35383283544476,1.35383283544476,1,2,-1,restoration,2025-07-19 17:27:553
H._squamatum,S._viscosa,0.521472662521296,0.521472662521296,1,2,-1,restoration,2025-07-19 17:27:553
Nurse_S._viscosa,C._hispanica,1.61204519360587,1.61204519360587,1,2,-1,restoration,2025-07-19 17:27:553
Nurse_G._struthium,C._hispanica,-0.191364445052366,-0.191364445052366,1,2,-1,restoration,2025-07-19 17:27:553
H._squamatum,C._hispanica,0.25134249392245,0.25134249392245,1,2,-1,restoration,2025-07-19 17:27:553
S._viscosa,C._hispanica,-0.127756964774093,-0.127756964774093,1,2,-1,restoration,2025-07-19 17:27:553
Nurse_S._viscosa,Other_species,3.13813382897157,3.13813382897157,1,2,-1,restoration,2025-07-19 17:27:553
Nurse_G._struthium,Other_species,3.47071912615183,3.47071912615183,1,2,-1,restoration,2025-07-19 17:27:553
H._squamatum,Other_species,0.877230043265138,0.877230043265138,1,2,-1,restoration,2025-07-19 17:27:553
S._viscosa,Other_species,1.69396213170934,1.69396213170934,1,2,-1,restoration,2025-07-19 17:27:553
C._hispanica,Other_species,2.40255204046073,2.40255204046073,1,2,-1,restoration,2025-07-19 17:27:553
Nurse_S._viscosa,Nurse_G._struthium,-6.95567449983249,-6.95567449983249,1,2,-1,natural,2025-07-19 17:27:553
Nurse_S._viscosa,H._squamatum,1.27595480821798,1.27595480821798,1,2,-1,natural,2025-07-19 17:27:553
Nurse_G._struthium,H._squamatum,0.673412470645975,0.673412470645975,1,2,-1,natural,2025-07-19 17:27:553
Nurse_S._viscosa,S._viscosa,-0.365922642729331,-0.365922642729331,1,2,-1,natural,2025-07-19 17:27:553
Nurse_G._struthium,S._viscosa,0.808719889292921,0.808719889292921,1,2,-1,natural,2025-07-19 17:27:553
H._squamatum,S._viscosa,1.11223089022444,1.11223089022444,1,2,-1,natural,2025-07-19 17:27:553
Nurse_S._viscosa,C._hispanica,0.556452357110968,0.556452357110968,1,2,-1,natural,2025-07-19 17:27:553
Nurse_G._struthium,C._hispanica,-0.145311087746456,-0.145311087746456,1,2,-1,natural,2025-07-19 17:27:553
H._squamatum,C._hispanica,0.517232242134492,0.517232242134492,1,2,-1,natural,2025-07-19 17:27:553
S._viscosa,C._hispanica,0.776820176030224,0.776820176030224,1,2,-1,natural,2025-07-19 17:27:553
Nurse_S._viscosa,Other_species,-0.0422135153646545,-0.0422135153646545,1,2,-1,natural,2025-07-19 17:27:553
Nurse_G._struthium,Other_species,1.7133004655339,1.7133004655339,1,2,-1,natural,2025-07-19 17:27:553
H._squamatum,Other_species,0.597845603753689,0.597845603753689,1,2,-1,natural,2025-07-19 17:27:553
S._viscosa,Other_species,0.564396384994635,0.564396384994635,1,2,-1,natural,2025-07-19 17:27:553
C._hispanica,Other_species,0.494996964641541,0.494996964641541,1,2,-1,natural,2025-07-19 17:27:553
Nurse_S._viscosa,Nurse_G._struthium,-8.05172943055905,-8.05172943055905,1,2,-1,restoration,2025-07-19 17:27:553
Nurse_S._viscosa,H._squamatum,2.40562331248157,2.40562331248157,1,2,-1,restoration,2025-07-19 17:27:553
Nurse_G._struthium,H._squamatum,2.91465599335162,2.91465599335162,1,2,-1,restoration,2025-07-19 17:27:553
Nurse_S._viscosa,S._viscosa,3.84277904386676,3.84277904386676,1,2,-1,restoration,2025-07-19 17:27:553
Nurse_G._struthium,S._viscosa,1.89704908553876,1.89704908553876,1,2,-1,restoration,2025-07-19 17:27:553
H._squamatum,S._viscosa,-0.284128197624894,-0.284128197624894,1,2,-1,restoration,2025-07-19 17:27:553
Nurse_S._viscosa,C._hispanica,1.91020360213181,1.91020360213181,1,2,-1,restoration,2025-07-19 17:27:553
Nurse_G._struthium,C._hispanica,0.462062792425665,0.462062792425665,1,2,-1,restoration,2025-07-19 17:27:553
H._squamatum,C._hispanica,-0.0930789936242373,-0.0930789936242373,1,2,-1,restoration,2025-07-19 17:27:553
S._viscosa,C._hispanica,-0.357294925451185,-0.357294925451185,1,2,-1,restoration,2025-07-19 17:27:553
Nurse_S._viscosa,Other_species,2.75202286688937,2.75202286688937,1,2,-1,restoration,2025-07-19 17:27:553
Nurse_G._struthium,Other_species,2.19057610519375,2.19057610519375,1,2,-1,restoration,2025-07-19 17:27:553
H._squamatum,Other_species,0.856268059098578,0.856268059098578,1,2,-1,restoration,2025-07-19 17:27:553
S._viscosa,Other_species,1.01408353097277,1.01408353097277,1,2,-1,restoration,2025-07-19 17:27:553
C._hispanica,Other_species,2.33317175931188,2.33317175931188,1,2,-1,restoration,2025-07-19 17:27:553
Nurse_S._viscosa,Nurse_G._struthium,-6.98103520580908,-6.98103520580908,1,2,-1,natural,2025-07-19 17:27:553
Nurse_S._viscosa,H._squamatum,1.39634413008579,1.39634413008579,1,2,-1,natural,2025-07-19 17:27:553
Nurse_G._struthium,H._squamatum,0.534349672337282,0.534349672337282,1,2,-1,natural,2025-07-19 17:27:553
Nurse_S._viscosa,S._viscosa,-0.397867599086124,-0.397867599086124,1,2,-1,natural,2025-07-19 17:27:553
Nurse_G._struthium,S._viscosa,0.798920689940468,0.798920689940468,1,2,-1,natural,2025-07-19 17:27:553
H._squamatum,S._viscosa,1.08145623650269,1.08145623650269,1,2,-1,natural,2025-07-19 17:27:553
Nurse_S._viscosa,C._hispanica,0.483606596143889,0.483606596143889,1,2,-1,natural,2025-07-19 17:27:553
Nurse_G._struthium,C._hispanica,0.0015934658026952,0.0015934658026952,1,2,-1,natural,2025-07-19 17:27:553
H._squamatum,C._hispanica,0.74351538917925,0.74351538917925,1,2,-1,natural,2025-07-19 17:27:553
S._viscosa,C._hispanica,0.598027400087963,0.598027400087963,1,2,-1,natural,2025-07-19 17:27:553
Nurse_S._viscosa,Other_species,0.0827475055411715,0.0827475055411715,1,2,-1,natural,2025-07-19 17:27:553
Nurse_G._struthium,Other_species,1.89806735941672,1.89806735941672,1,2,-1,natural,2025-07-19 17:27:553
H._squamatum,Other_species,0.591999225266034,0.591999225266034,1,2,-1,natural,2025-07-19 17:27:553
S._viscosa,Other_species,0.741535220702279,0.741535220702279,1,2,-1,natural,2025-07-19 17:27:553
C._hispanica,Other_species,0.318568367018126,0.318568367018126,1,2,-1,natural,2025-07-19 17:27:553
Nurse_S._viscosa,Nurse_G._struthium,-6.97231286574086,-6.97231286574086,1,2,-1,restoration,2025-07-19 17:27:543
Nurse_S._viscosa,H._squamatum,1.68211964046897,1.68211964046897,1,2,-1,restoration,2025-07-19 17:27:543
Nurse_G._struthium,H._squamatum,1.94900947532173,1.94900947532173,1,2,-1,restoration,2025-07-19 17:27:543
Nurse_S._viscosa,S._viscosa,2.65858566368494,2.65858566368494,1,2,-1,restoration,2025-07-19 17:27:543
Nurse_G._struthium,S._viscosa,0.187344152399128,0.187344152399128,1,2,-1,restoration,2025-07-19 17:27:543
H._squamatum,S._viscosa,0.591637742719493,0.591637742719493,1,2,-1,restoration,2025-07-19 17:27:543
Nurse_S._viscosa,C._hispanica,1.86225318665383,1.86225318665383,1,2,-1,restoration,2025-07-19 17:27:543
Nurse_G._struthium,C._hispanica,0.936177178977371,0.936177178977371,1,2,-1,restoration,2025-07-19 17:27:543
H._squamatum,C._hispanica,-0.223612909929348,-0.223612909929348,1,2,-1,restoration,2025-07-19 17:27:543
S._viscosa,C._hispanica,0.398533327778192,0.398533327778192,1,2,-1,restoration,2025-07-19 17:27:543
Nurse_S._viscosa,Other_species,1.4329948001349,1.4329948001349,1,2,-1,restoration,2025-07-19 17:27:543
Nurse_G._struthium,Other_species,2.14290420356053,2.14290420356053,1,2,-1,restoration,2025-07-19 17:27:543
H._squamatum,Other_species,0.643255778356123,0.643255778356123,1,2,-1,restoration,2025-07-19 17:27:543
S._viscosa,Other_species,1.2473777293977,1.2473777293977,1,2,-1,restoration,2025-07-19 17:27:543
C._hispanica,Other_species,1.81501833838251,1.81501833838251,1,2,-1,restoration,2025-07-19 17:27:543
Nurse_S._viscosa,Nurse_G._struthium,-6.81307377493866,-6.81307377493866,1,2,-1,natural,2025-07-19 17:27:543
Nurse_S._viscosa,H._squamatum,0.856145351331216,0.856145351331216,1,2,-1,natural,2025-07-19 17:27:543
Nurse_G._struthium,H._squamatum,0.649923773470634,0.649923773470634,1,2,-1,natural,2025-07-19 17:27:543
Nurse_S._viscosa,S._viscosa,-0.563367834207235,-0.563367834207235,1,2,-1,natural,2025-07-19 17:27:543
Nurse_G._struthium,S._viscosa,0.926095889306767,0.926095889306767,1,2,-1,natural,2025-07-19 17:27:543
H._squamatum,S._viscosa,1.04940728914113,1.04940728914113,1,2,-1,natural,2025-07-19 17:27:543
Nurse_S._viscosa,C._hispanica,0.429459358956342,0.429459358956342,1,2,-1,natural,2025-07-19 17:27:543
Nurse_G._struthium,C._hispanica,-0.272134546391196,-0.272134546391196,1,2,-1,natural,2025-07-19 17:27:543
H._squamatum,C._hispanica,0.619541418643265,0.619541418643265,1,2,-1,natural,2025-07-19 17:27:543
S._viscosa,C._hispanica,0.654212847917716,0.654212847917716,1,2,-1,natural,2025-07-19 17:27:543
Nurse_S._viscosa,Other_species,-0.271042149971891,-0.271042149971891,1,2,-1,natural,2025-07-19 17:27:543
Nurse_G._struthium,Other_species,1.83803683390641,1.83803683390641,1,2,-1,natural,2025-07-19 17:27:543
H._squamatum,Other_species,0.440168910279416,0.440168910279416,1,2,-1,natural,2025-07-19 17:27:543
S._viscosa,Other_species,0.720925174925244,0.720925174925244,1,2,-1,natural,2025-07-19 17:27:543
C._hispanica,Other_species,0.514469833364455,0.514469833364455,1,2,-1,natural,2025-07-19 17:27:543
Nurse_S._viscosa,Nurse_G._struthium,-8.61623826535026,-8.61623826535026,1,2,-1,restoration,2025-07-19 17:27:543
Nurse_S._viscosa,H._squamatum,3.75526226642911,3.75526226642911,1,2,-1,restoration,2025-07-19 17:27:543
Nurse_G._struthium,H._squamatum,3.71669222188366,3.71669222188366,1,2,-1,restoration,2025-07-19 17:27:543
Nurse_S._viscosa,S._viscosa,2.60956934718083,2.60956934718083,1,2,-1,restoration,2025-07-19 17:27:543
Nurse_G._struthium,S._viscosa,0.10165573318496,0.10165573318496,1,2,-1,restoration,2025-07-19 17:27:543
H._squamatum,S._viscosa,-0.609878744647003,-0.609878744647003,1,2,-1,restoration,2025-07-19 17:27:543
Nurse_S._viscosa,C._hispanica,3.21580254596254,3.21580254596254,1,2,-1,restoration,2025-07-19 17:27:543
Nurse_G._struthium,C._hispanica,0.473860668838638,0.473860668838638,1,2,-1,restoration,2025-07-19 17:27:543
H._squamatum,C._hispanica,-1.51714344781692,-1.51714344781692,1,2,-1,restoration,2025-07-19 17:27:543
S._viscosa,C._hispanica,-0.0884423971003518,-0.0884423971003518,1,2,-1,restoration,2025-07-19 17:27:543
Nurse_S._viscosa,Other_species,1.70306359046493,1.70306359046493,1,2,-1,restoration,2025-07-19 17:27:543
Nurse_G._struthium,Other_species,2.30309442619477,2.30309442619477,1,2,-1,restoration,2025-07-19 17:27:543
H._squamatum,Other_species,0.759196200043158,0.759196200043158,1,2,-1,restoration,2025-07-19 17:27:543
S._viscosa,Other_species,1.08477815395586,1.08477815395586,1,2,-1,restoration,2025-07-19 17:27:543
C._hispanica,Other_species,2.04380333751501,2.04380333751501,1,2,-1,restoration,2025-07-19 17:27:543
Nurse_S._viscosa,Nurse_G._struthium,-6.66354477852164,-6.66354477852164,1,2,-1,natural,2025-07-19 17:27:543
Nurse_S._viscosa,H._squamatum,1.29369952824594,1.29369952824594,1,2,-1,natural,2025-07-19 17:27:543
Nurse_G._struthium,H._squamatum,0.270915175643722,0.270915175643722,1,2,-1,natural,2025-07-19 17:27:543
Nurse_S._viscosa,S._viscosa,-0.647863656285838,-0.647863656285838,1,2,-1,natural,2025-07-19 17:27:543
Nurse_G._struthium,S._viscosa,0.757336516820779,0.757336516820779,1,2,-1,natural,2025-07-19 17:27:543
H._squamatum,S._viscosa,1.04062206675813,1.04062206675813,1,2,-1,natural,2025-07-19 17:27:543
Nurse_S._viscosa,C._hispanica,0.677195157713719,0.677195157713719,1,2,-1,natural,2025-07-19 17:27:543
Nurse_G._struthium,C._hispanica,-0.0327316894569238,-0.0327316894569238,1,2,-1,natural,2025-07-19 17:27:543
H._squamatum,C._hispanica,0.608461908672052,0.608461908672052,1,2,-1,natural,2025-07-19 17:27:543
S._viscosa,C._hispanica,0.793251279461624,0.793251279461624,1,2,-1,natural,2025-07-19 17:27:543
Nurse_S._viscosa,Other_species,-0.559544562196953,-0.559544562196953,1,2,-1,natural,2025-07-19 17:27:543
Nurse_G._struthium,Other_species,1.5590687978224,1.5590687978224,1,2,-1,natural,2025-07-19 17:27:543
H._squamatum,Other_species,0.5473141913592,0.5473141913592,1,2,-1,natural,2025-07-19 17:27:543
S._viscosa,Other_species,0.40853691373699,0.40853691373699,1,2,-1,natural,2025-07-19 17:27:543
C._hispanica,Other_species,0.505898416441247,0.505898416441247,1,2,-1,natural,2025-07-19 17:27:543
Nurse_S._viscosa,Nurse_G._struthium,-7.34785662471158,-7.34785662471158,1,2,-1,restoration,2025-07-19 17:27:543
Nurse_S._viscosa,H._squamatum,2.04095379634818,2.04095379634818,1,2,-1,restoration,2025-07-19 17:27:543
Nurse_G._struthium,H._squamatum,2.96088030899458,2.96088030899458,1,2,-1,restoration,2025-07-19 17:27:543
Nurse_S._viscosa,S._viscosa,2.76410309171495,2.76410309171495,1,2,-1,restoration,2025-07-19 17:27:543
Nurse_G._struthium,S._viscosa,0.452148133769352,0.452148133769352,1,2,-1,restoration,2025-07-19 17:27:543
H._squamatum,S._viscosa,0.621218885218522,0.621218885218522,1,2,-1,restoration,2025-07-19 17:27:543
Nurse_S._viscosa,C._hispanica,2.45935561151601,2.45935561151601,1,2,-1,restoration,2025-07-19 17:27:543
Nurse_G._struthium,C._hispanica,0.627530933941039,0.627530933941039,1,2,-1,restoration,2025-07-19 17:27:543
H._squamatum,C._hispanica,0.27929756653182,0.27929756653182,1,2,-1,restoration,2025-07-19 17:27:543
S._viscosa,C._hispanica,0.510043642951141,0.510043642951141,1,2,-1,restoration,2025-07-19 17:27:543
Nurse_S._viscosa,Other_species,2.53660866478817,2.53660866478817,1,2,-1,restoration,2025-07-19 17:27:543
Nurse_G._struthium,Other_species,2.79579383900045,2.79579383900045,1,2,-1,restoration,2025-07-19 17:27:543
H._squamatum,Other_species,0.503741471055693,0.503741471055693,1,2,-1,restoration,2025-07-19 17:27:543
S._viscosa,Other_species,1.64293760573677,1.64293760573677,1,2,-1,restoration,2025-07-19 17:27:543
C._hispanica,Other_species,2.19436533615578,2.19436533615578,1,2,-1,restoration,2025-07-19 17:27:543
Nurse_S._viscosa,Nurse_G._struthium,-7.01798475995168,-7.01798475995168,1,2,-1,natural,2025-07-19 17:27:543
Nurse_S._viscosa,H._squamatum,1.13572849998113,1.13572849998113,1,2,-1,natural,2025-07-19 17:27:543
Nurse_G._struthium,H._squamatum,0.359637762057597,0.359637762057597,1,2,-1,natural,2025-07-19 17:27:543
Nurse_S._viscosa,S._viscosa,-0.533437222636492,-0.533437222636492,1,2,-1,natural,2025-07-19 17:27:543
Nurse_G._struthium,S._viscosa,0.64801805874679,0.64801805874679,1,2,-1,natural,2025-07-19 17:27:543
H._squamatum,S._viscosa,0.922169564024969,0.922169564024969,1,2,-1,natural,2025-07-19 17:27:543
Nurse_S._viscosa,C._hispanica,0.754500053156227,0.754500053156227,1,2,-1,natural,2025-07-19 17:27:543
Nurse_G._struthium,C._hispanica,-0.0538169911065491,-0.0538169911065491,1,2,-1,natural,2025-07-19 17:27:543
H._squamatum,C._hispanica,0.505251399849256,0.505251399849256,1,2,-1,natural,2025-07-19 17:27:543
S._viscosa,C._hispanica,0.663826371839607,0.663826371839607,1,2,-1,natural,2025-07-19 17:27:543
Nurse_S._viscosa,Other_species,-0.181671702123128,-0.181671702123128,1,2,-1,natural,2025-07-19 17:27:543
Nurse_G._struthium,Other_species,1.89358073846503,1.89358073846503,1,2,-1,natural,2025-07-19 17:27:543
H._squamatum,Other_species,0.624597538038164,0.624597538038164,1,2,-1,natural,2025-07-19 17:27:543
S._viscosa,Other_species,0.741168501436413,0.741168501436413,1,2,-1,natural,2025-07-19 17:27:543
C._hispanica,Other_species,0.621318636715657,0.621318636715657,1,2,-1,natural,2025-07-19 17:27:543
Nurse_S._viscosa,Nurse_G._struthium,-7.90199176927499,-7.90199176927499,1,2,-1,restoration,2025-07-19 17:27:533
Nurse_S._viscosa,H._squamatum,1.4926473842938,1.4926473842938,1,2,-1,restoration,2025-07-19 17:27:533
Nurse_G._struthium,H._squamatum,2.10940236888129,2.10940236888129,1,2,-1,restoration,2025-07-19 17:27:533
Nurse_S._viscosa,S._viscosa,3.4123103980196,3.4123103980196,1,2,-1,restoration,2025-07-19 17:27:533
Nurse_G._struthium,S._viscosa,1.25542895613236,1.25542895613236,1,2,-1,restoration,2025-07-19 17:27:533
H._squamatum,S._viscosa,1.02454383417307,1.02454383417307,1,2,-1,restoration,2025-07-19 17:27:533
Nurse_S._viscosa,C._hispanica,3.12592640507749,3.12592640507749,1,2,-1,restoration,2025-07-19 17:27:533
Nurse_G._struthium,C._hispanica,0.819077714605038,0.819077714605038,1,2,-1,restoration,2025-07-19 17:27:533
H._squamatum,C._hispanica,0.690697909301168,0.690697909301168,1,2,-1,restoration,2025-07-19 17:27:533
S._viscosa,C._hispanica,-0.276972604274845,-0.276972604274845,1,2,-1,restoration,2025-07-19 17:27:533
Nurse_S._viscosa,Other_species,2.19722212924987,2.19722212924987,1,2,-1,restoration,2025-07-19 17:27:533
Nurse_G._struthium,Other_species,2.21674200001677,2.21674200001677,1,2,-1,restoration,2025-07-19 17:27:533
H._squamatum,Other_species,1.13242882742085,1.13242882742085,1,2,-1,restoration,2025-07-19 17:27:533
S._viscosa,Other_species,1.91028461899637,1.91028461899637,1,2,-1,restoration,2025-07-19 17:27:533
C._hispanica,Other_species,1.82697822796926,1.82697822796926,1,2,-1,restoration,2025-07-19 17:27:533
Nurse_S._viscosa,Nurse_G._struthium,-6.77362415311172,-6.77362415311172,1,2,-1,natural,2025-07-19 17:27:533
Nurse_S._viscosa,H._squamatum,1.05774399477839,1.05774399477839,1,2,-1,natural,2025-07-19 17:27:533
Nurse_G._struthium,H._squamatum,0.534342888179477,0.534342888179477,1,2,-1,natural,2025-07-19 17:27:533
Nurse_S._viscosa,S._viscosa,-0.828724258121299,-0.828724258121299,1,2,-1,natural,2025-07-19 17:27:533
Nurse_G._struthium,S._viscosa,0.719685241302672,0.719685241302672,1,2,-1,natural,2025-07-19 17:27:533
H._squamatum,S._viscosa,0.972525986568216,0.972525986568216,1,2,-1,natural,2025-07-19 17:27:533
Nurse_S._viscosa,C._hispanica,0.873100886370458,0.873100886370458,1,2,-1,natural,2025-07-19 17:27:533
Nurse_G._struthium,C._hispanica,0.050002945299572,0.050002945299572,1,2,-1,natural,2025-07-19 17:27:533
H._squamatum,C._hispanica,0.619052923065045,0.619052923065045,1,2,-1,natural,2025-07-19 17:27:533
S._viscosa,C._hispanica,0.955169053162265,0.955169053162265,1,2,-1,natural,2025-07-19 17:27:533
Nurse_S._viscosa,Other_species,-0.285414457370129,-0.285414457370129,1,2,-1,natural,2025-07-19 17:27:533
Nurse_G._struthium,Other_species,1.64617179942965,1.64617179942965,1,2,-1,natural,2025-07-19 17:27:533
H._squamatum,Other_species,0.479187511025628,0.479187511025628,1,2,-1,natural,2025-07-19 17:27:533
S._viscosa,Other_species,0.430015338944769,0.430015338944769,1,2,-1,natural,2025-07-19 17:27:533
C._hispanica,Other_species,0.587936015550881,0.587936015550881,1,2,-1,natural,2025-07-19 17:27:533
Nurse_S._viscosa,Nurse_G._struthium,-6.92004010926744,-6.92004010926744,1,2,-1,restoration,2025-07-19 17:27:533
Nurse_S._viscosa,H._squamatum,2.38391166399022,2.38391166399022,1,2,-1,restoration,2025-07-19 17:27:533
Nurse_G._struthium,H._squamatum,2.68137275695736,2.68137275695736,1,2,-1,restoration,2025-07-19 17:27:533
Nurse_S._viscosa,S._viscosa,4.02269738273211,4.02269738273211,1,2,-1,restoration,2025-07-19 17:27:533
Nurse_G._struthium,S._viscosa,0.642000100938451,0.642000100938451,1,2,-1,restoration,2025-07-19 17:27:533
H._squamatum,S._viscosa,-0.888050561534191,-0.888050561534191,1,2,-1,restoration,2025-07-19 17:27:533
Nurse_S._viscosa,C._hispanica,2.73632727939521,2.73632727939521,1,2,-1,restoration,2025-07-19 17:27:533
Nurse_G._struthium,C._hispanica,0.290258803209206,0.290258803209206,1,2,-1,restoration,2025-07-19 17:27:533
H._squamatum,C._hispanica,-1.49790314095138,-1.49790314095138,1,2,-1,restoration,2025-07-19 17:27:533
S._viscosa,C._hispanica,-0.59308339970257,-0.59308339970257,1,2,-1,restoration,2025-07-19 17:27:533
Nurse_S._viscosa,Other_species,2.50578805472101,2.50578805472101,1,2,-1,restoration,2025-07-19 17:27:533
Nurse_G._struthium,Other_species,2.60541929972981,2.60541929972981,1,2,-1,restoration,2025-07-19 17:27:533
H._squamatum,Other_species,-0.152165222035159,-0.152165222035159,1,2,-1,restoration,2025-07-19 17:27:533
S._viscosa,Other_species,1.00674025142775,1.00674025142775,1,2,-1,restoration,2025-07-19 17:27:533
C._hispanica,Other_species,2.62285756284051,2.62285756284051,1,2,-1,restoration,2025-07-19 17:27:533
Nurse_S._viscosa,Nurse_G._struthium,-6.97995059960993,-6.97995059960993,1,2,-1,natural,2025-07-19 17:27:533
Nurse_S._viscosa,H._squamatum,1.25302317609464,1.25302317609464,1,2,-1,natural,2025-07-19 17:27:533
Nurse_G._struthium,H._squamatum,0.846073257305804,0.846073257305804,1,2,-1,natural,2025-07-19 17:27:533
Nurse_S._viscosa,S._viscosa,-0.278345451077564,-0.278345451077564,1,2,-1,natural,2025-07-19 17:27:533
Nurse_G._struthium,S._viscosa,0.595249008464508,0.595249008464508,1,2,-1,natural,2025-07-19 17:27:533
H._squamatum,S._viscosa,1.20766902952515,1.20766902952515,1,2,-1,natural,2025-07-19 17:27:533
Nurse_S._viscosa,C._hispanica,0.57754735335743,0.57754735335743,1,2,-1,natural,2025-07-19 17:27:533
Nurse_G._struthium,C._hispanica,-0.366488227152225,-0.366488227152225,1,2,-1,natural,2025-07-19 17:27:533
H._squamatum,C._hispanica,0.984334311714923,0.984334311714923,1,2,-1,natural,2025-07-19 17:27:533
S._viscosa,C._hispanica,0.486748034806419,0.486748034806419,1,2,-1,natural,2025-07-19 17:27:533
Nurse_S._viscosa,Other_species,-0.0833387517989059,-0.0833387517989059,1,2,-1,natural,2025-07-19 17:27:533
Nurse_G._struthium,Other_species,2.10093027402041,2.10093027402041,1,2,-1,natural,2025-07-19 17:27:533
H._squamatum,Other_species,0.624743026440381,0.624743026440381,1,2,-1,natural,2025-07-19 17:27:533
S._viscosa,Other_species,0.757256834103805,0.757256834103805,1,2,-1,natural,2025-07-19 17:27:533
C._hispanica,Other_species,0.2498326137749,0.2498326137749,1,2,-1,natural,2025-07-19 17:27:533
Nurse_S._viscosa,Nurse_G._struthium,-7.37835210829584,-7.37835210829584,1,2,-1,restoration,2025-07-19 17:27:533
Nurse_S._viscosa,H._squamatum,1.93377501962571,1.93377501962571,1,2,-1,restoration,2025-07-19 17:27:533
Nurse_G._struthium,H._squamatum,2.64158672186465,2.64158672186465,1,2,-1,restoration,2025-07-19 17:27:533
Nurse_S._viscosa,S._viscosa,3.17748039320781,3.17748039320781,1,2,-1,restoration,2025-07-19 17:27:533
Nurse_G._struthium,S._viscosa,1.07650750652763,1.07650750652763,1,2,-1,restoration,2025-07-19 17:27:533
H._squamatum,S._viscosa,0.496603518315629,0.496603518315629,1,2,-1,restoration,2025-07-19 17:27:533
Nurse_S._viscosa,C._hispanica,3.13245498749438,3.13245498749438,1,2,-1,restoration,2025-07-19 17:27:533
Nurse_G._struthium,C._hispanica,1.09272675547784,1.09272675547784,1,2,-1,restoration,2025-07-19 17:27:533
H._squamatum,C._hispanica,-1.26351564937567,-1.26351564937567,1,2,-1,restoration,2025-07-19 17:27:533
S._viscosa,C._hispanica,-0.102143667827396,-0.102143667827396,1,2,-1,restoration,2025-07-19 17:27:533
Nurse_S._viscosa,Other_species,2.3926843839251,2.3926843839251,1,2,-1,restoration,2025-07-19 17:27:533
Nurse_G._struthium,Other_species,2.5827854391302,2.5827854391302,1,2,-1,restoration,2025-07-19 17:27:533
H._squamatum,Other_species,0.4651742263124,0.4651742263124,1,2,-1,restoration,2025-07-19 17:27:533
S._viscosa,Other_species,1.11855020027503,1.11855020027503,1,2,-1,restoration,2025-07-19 17:27:533
C._hispanica,Other_species,1.92601300350436,1.92601300350436,1,2,-1,restoration,2025-07-19 17:27:533
Nurse_S._viscosa,Nurse_G._struthium,-6.90260381864213,-6.90260381864213,1,2,-1,natural,2025-07-19 17:27:533
Nurse_S._viscosa,H._squamatum,1.08398230802796,1.08398230802796,1,2,-1,natural,2025-07-19 17:27:533
Nurse_G._struthium,H._squamatum,0.497361388321732,0.497361388321732,1,2,-1,natural,2025-07-19 17:27:533
Nurse_S._viscosa,S._viscosa,-0.353111973090446,-0.353111973090446,1,2,-1,natural,2025-07-19 17:27:533
Nurse_G._struthium,S._viscosa,0.77471514341658,0.77471514341658,1,2,-1,natural,2025-07-19 17:27:533
H._squamatum,S._viscosa,0.726027638805347,0.726027638805347,1,2,-1,natural,2025-07-19 17:27:533
Nurse_S._viscosa,C._hispanica,0.863273803247763,0.863273803247763,1,2,-1,natural,2025-07-19 17:27:533
Nurse_G._struthium,C._hispanica,-0.0162760671295066,-0.0162760671295066,1,2,-1,natural,2025-07-19 17:27:533
H._squamatum,C._hispanica,0.587515495440743,0.587515495440743,1,2,-1,natural,2025-07-19 17:27:533
S._viscosa,C._hispanica,0.684626985636363,0.684626985636363,1,2,-1,natural,2025-07-19 17:27:533
Nurse_S._viscosa,Other_species,-0.27826276990725,-0.27826276990725,1,2,-1,natural,2025-07-19 17:27:533
Nurse_G._struthium,Other_species,1.90288085634557,1.90288085634557,1,2,-1,natural,2025-07-19 17:27:533
H._squamatum,Other_species,0.463951810429303,0.463951810429303,1,2,-1,natural,2025-07-19 17:27:533
S._viscosa,Other_species,0.432942900528815,0.432942900528815,1,2,-1,natural,2025-07-19 17:27:533
C._hispanica,Other_species,0.619941835500926,0.619941835500926,1,2,-1,natural,2025-07-19 17:27:533
Nurse_S._viscosa,Nurse_G._struthium,-7.93882936161811,-7.93882936161811,1,2,-1,restoration,2025-07-19 17:27:523
Nurse_S._viscosa,H._squamatum,3.29677568419316,3.29677568419316,1,2,-1,restoration,2025-07-19 17:27:523
Nurse_G._struthium,H._squamatum,3.42947106260949,3.42947106260949,1,2,-1,restoration,2025-07-19 17:27:523
Nurse_S._viscosa,S._viscosa,3.26631183106887,3.26631183106887,1,2,-1,restoration,2025-07-19 17:27:523
Nurse_G._struthium,S._viscosa,0.81004255026471506,0.81004255026471506,1,2,-1,restoration,2025-07-19 17:27:523
H._squamatum,S._viscosa,-0.21115380014618,-0.21115380014618,1,2,-1,restoration,2025-07-19 17:27:523
Nurse_S._viscosa,C._hispanica,0.838329711314148,0.838329711314148,1,2,-1,restoration,2025-07-19 17:27:523
Nurse_G._struthium,C._hispanica,-0.0592305923003922,-0.0592305923003922,1,2,-1,restoration,2025-07-19 17:27:523
H._squamatum,C._hispanica,-1.32732916066853,-1.32732916066853,1,2,-1,restoration,2025-07-19 17:27:523
S._viscosa,C._hispanica,-0.803464326822172,-0.803464326822172,1,2,-1,restoration,2025-07-19 17:27:523
Nurse_S._viscosa,Other_species,1.37701575251221,1.37701575251221,1,2,-1,restoration,2025-07-19 17:27:523
Nurse_G._struthium,Other_species,1.94477616435305,1.94477616435305,1,2,-1,restoration,2025-07-19 17:27:523
H._squamatum,Other_species,0.0537045400276219,0.0537045400276219,1,2,-1,restoration,2025-07-19 17:27:523
S._viscosa,Other_species,1.35949078265878,1.35949078265878,1,2,-1,restoration,2025-07-19 17:27:523
C._hispanica,Other_species,2.06767810154209,2.06767810154209,1,2,-1,restoration,2025-07-19 17:27:523
Nurse_S._viscosa,Nurse_G._struthium,-6.77440463273591,-6.77440463273591,1,2,-1,natural,2025-07-19 17:27:523
Nurse_S._viscosa,H._squamatum,1.04562119747524,1.04562119747524,1,2,-1,natural,2025-07-19 17:27:523
Nurse_G._struthium,H._squamatum,0.398294818839763,0.398294818839763,1,2,-1,natural,2025-07-19 17:27:523
Nurse_S._viscosa,S._viscosa,-0.348320680617146,-0.348320680617146,1,2,-1,natural,2025-07-19 17:27:523
Nurse_G._struthium,S._viscosa,0.741231305921533,0.741231305921533,1,2,-1,natural,2025-07-19 17:27:523
H._squamatum,S._viscosa,0.961470989378444,0.961470989378444,1,2,-1,natural,2025-07-19 17:27:523
Nurse_S._viscosa,C._hispanica,0.945459616780688,0.945459616780688,1,2,-1,natural,2025-07-19 17:27:523
Nurse_G._struthium,C._hispanica,0.0211535609323837,0.0211535609323837,1,2,-1,natural,2025-07-19 17:27:523
H._squamatum,C._hispanica,0.748897088902954,0.748897088902954,1,2,-1,natural,2025-07-19 17:27:523
S._viscosa,C._hispanica,0.620944387700864,0.620944387700864,1,2,-1,natural,2025-07-19 17:27:523
Nurse_S._viscosa,Other_species,-0.146128748761126,-0.146128748761126,1,2,-1,natural,2025-07-19 17:27:523
Nurse_G._struthium,Other_species,1.88003147192296,1.88003147192296,1,2,-1,natural,2025-07-19 17:27:523
H._squamatum,Other_species,0.665822296617662,0.665822296617662,1,2,-1,natural,2025-07-19 17:27:523
S._viscosa,Other_species,0.747333628890165,0.747333628890165,1,2,-1,natural,2025-07-19 17:27:523
C._hispanica,Other_species,0.535155979140461,0.535155979140461,1,2,-1,natural,2025-07-19 17:27:523
Nurse_S._viscosa,Nurse_G._struthium,-7.62491537855863,-7.62491537855863,1,2,-1,restoration,2025-07-19 17:27:523
Nurse_S._viscosa,H._squamatum,2.43038230905161,2.43038230905161,1,2,-1,restoration,2025-07-19 17:27:523
Nurse_G._struthium,H._squamatum,2.98888207317104,2.98888207317104,1,2,-1,restoration,2025-07-19 17:27:523
Nurse_S._viscosa,S._viscosa,3.77978993390305,3.77978993390305,1,2,-1,restoration,2025-07-19 17:27:523
Nurse_G._struthium,S._viscosa,1.27088755809636,1.27088755809636,1,2,-1,restoration,2025-07-19 17:27:523
H._squamatum,S._viscosa,-0.989670724302575,-0.989670724302575,1,2,-1,restoration,2025-07-19 17:27:523
Nurse_S._viscosa,C._hispanica,2.17609385225345,2.17609385225345,1,2,-1,restoration,2025-07-19 17:27:523
Nurse_G._struthium,C._hispanica,0.288809333879887,0.288809333879887,1,2,-1,restoration,2025-07-19 17:27:523
H._squamatum,C._hispanica,-1.49002838140546,-1.49002838140546,1,2,-1,restoration,2025-07-19 17:27:523
S._viscosa,C._hispanica,-0.461354850036747,-0.461354850036747,1,2,-1,restoration,2025-07-19 17:27:523
Nurse_S._viscosa,Other_species,2.87573049813739,2.87573049813739,1,2,-1,restoration,2025-07-19 17:27:523
Nurse_G._struthium,Other_species,3.77024541384495,3.77024541384495,1,2,-1,restoration,2025-07-19 17:27:523
H._squamatum,Other_species,1.27060155311286,1.27060155311286,1,2,-1,restoration,2025-07-19 17:27:523
S._viscosa,Other_species,2.52216609981673,2.52216609981673,1,2,-1,restoration,2025-07-19 17:27:523
C._hispanica,Other_species,3.83998139460985,3.83998139460985,1,2,-1,restoration,2025-07-19 17:27:523
Nurse_S._viscosa,Nurse_G._struthium,-6.75380730547425,-6.75380730547425,1,2,-1,natural,2025-07-19 17:27:523
Nurse_S._viscosa,H._squamatum,1.03632897264173,1.03632897264173,1,2,-1,natural,2025-07-19 17:27:523
Nurse_G._struthium,H._squamatum,0.399552933130841,0.399552933130841,1,2,-1,natural,2025-07-19 17:27:523
Nurse_S._viscosa,S._viscosa,-0.653039588833669,-0.653039588833669,1,2,-1,natural,2025-07-19 17:27:523
Nurse_G._struthium,S._viscosa,0.475749759526119,0.475749759526119,1,2,-1,natural,2025-07-19 17:27:523
H._squamatum,S._viscosa,0.880160890078385,0.880160890078385,1,2,-1,natural,2025-07-19 17:27:523
Nurse_S._viscosa,C._hispanica,0.690235595534315,0.690235595534315,1,2,-1,natural,2025-07-19 17:27:523
Nurse_G._struthium,C._hispanica,-0.137798143455585,-0.137798143455585,1,2,-1,natural,2025-07-19 17:27:523
H._squamatum,C._hispanica,0.501053114790981,0.501053114790981,1,2,-1,natural,2025-07-19 17:27:523
S._viscosa,C._hispanica,0.807496382255023,0.807496382255023,1,2,-1,natural,2025-07-19 17:27:523
Nurse_S._viscosa,Other_species,-0.246355437919294,-0.246355437919294,1,2,-1,natural,2025-07-19 17:27:523
Nurse_G._struthium,Other_species,2.00154382345357,2.00154382345357,1,2,-1,natural,2025-07-19 17:27:523
H._squamatum,Other_species,0.688987065974917,0.688987065974917,1,2,-1,natural,2025-07-19 17:27:523
S._viscosa,Other_species,0.725854205837203,0.725854205837203,1,2,-1,natural,2025-07-19 17:27:523
C._hispanica,Other_species,0.337064579228303,0.337064579228303,1,2,-1,natural,2025-07-19 17:27:523
Nurse_S._viscosa,Nurse_G._struthium,-7.57566409158755,-7.57566409158755,1,2,-1,restoration,2025-07-19 17:27:523
Nurse_S._viscosa,H._squamatum,1.48261785685076,1.48261785685076,1,2,-1,restoration,2025-07-19 17:27:523
Nurse_G._struthium,H._squamatum,1.6751537050524,1.6751537050524,1,2,-1,restoration,2025-07-19 17:27:523
Nurse_S._viscosa,S._viscosa,3.43267688110065,3.43267688110065,1,2,-1,restoration,2025-07-19 17:27:523
Nurse_G._struthium,S._viscosa,1.01735553127861,1.01735553127861,1,2,-1,restoration,2025-07-19 17:27:523
H._squamatum,S._viscosa,0.465254390240428,0.465254390240428,1,2,-1,restoration,2025-07-19 17:27:523
Nurse_S._viscosa,C._hispanica,1.63020962938215,1.63020962938215,1,2,-1,restoration,2025-07-19 17:27:523
Nurse_G._struthium,C._hispanica,-0.458570584560361,-0.458570584560361,1,2,-1,restoration,2025-07-19 17:27:523
H._squamatum,C._hispanica,-0.412460107386755,-0.412460107386755,1,2,-1,restoration,2025-07-19 17:27:523
S._viscosa,C._hispanica,0.472207779552121,0.472207779552121,1,2,-1,restoration,2025-07-19 17:27:523
Nurse_S._viscosa,Other_species,1.90330943329314,1.90330943329314,1,2,-1,restoration,2025-07-19 17:27:523
Nurse_G._struthium,Other_species,1.37085515556882,1.37085515556882,1,2,-1,restoration,2025-07-19 17:27:523
H._squamatum,Other_species,0.381533302228627,0.381533302228627,1,2,-1,restoration,2025-07-19 17:27:523
S._viscosa,Other_species,1.62985182541817,1.62985182541817,1,2,-1,restoration,2025-07-19 17:27:523
C._hispanica,Other_species,2.9122958716758,2.9122958716758,1,2,-1,restoration,2025-07-19 17:27:523
Nurse_S._viscosa,Nurse_G._struthium,-6.94870650383802,-6.94870650383802,1,2,-1,natural,2025-07-19 17:27:523
Nurse_S._viscosa,H._squamatum,1.04201780549833,1.04201780549833,1,2,-1,natural,2025-07-19 17:27:523
Nurse_G._struthium,H._squamatum,0.495823518900684,0.495823518900684,1,2,-1,natural,2025-07-19 17:27:523
Nurse_S._viscosa,S._viscosa,-0.556200392693265,-0.556200392693265,1,2,-1,natural,2025-07-19 17:27:523
Nurse_G._struthium,S._viscosa,0.538493744186395,0.538493744186395,1,2,-1,natural,2025-07-19 17:27:523
H._squamatum,S._viscosa,0.980384747482621,0.980384747482621,1,2,-1,natural,2025-07-19 17:27:523
Nurse_S._viscosa,C._hispanica,0.588079812267692,0.588079812267692,1,2,-1,natural,2025-07-19 17:27:523
Nurse_G._struthium,C._hispanica,0.0265436538958612,0.0265436538958612,1,2,-1,natural,2025-07-19 17:27:523
H._squamatum,C._hispanica,0.421755828750623,0.421755828750623,1,2,-1,natural,2025-07-19 17:27:523
S._viscosa,C._hispanica,0.553484096412282,0.553484096412282,1,2,-1,natural,2025-07-19 17:27:523
Nurse_S._viscosa,Other_species,-0.204180555902202,-0.204180555902202,1,2,-1,natural,2025-07-19 17:27:523
Nurse_G._struthium,Other_species,1.94652659304444,1.94652659304444,1,2,-1,natural,2025-07-19 17:27:523
H._squamatum,Other_species,0.362801234695253,0.362801234695253,1,2,-1,natural,2025-07-19 17:27:523
S._viscosa,Other_species,0.682620451086318,0.682620451086318,1,2,-1,natural,2025-07-19 17:27:523
C._hispanica,Other_species,0.566530484352605,0.566530484352605,1,2,-1,natural,2025-07-19 17:27:523
Nurse_S._viscosa,Nurse_G._struthium,-7.91113064884972,-7.91113064884972,1,2,-1,restoration,2025-07-19 17:27:513
Nurse_S._viscosa,H._squamatum,2.37788194833835,2.37788194833835,1,2,-1,restoration,2025-07-19 17:27:513
Nurse_G._struthium,H._squamatum,2.71045919651347,2.71045919651347,1,2,-1,restoration,2025-07-19 17:27:513
Nurse_S._viscosa,S._viscosa,3.44272396851481,3.44272396851481,1,2,-1,restoration,2025-07-19 17:27:513
Nurse_G._struthium,S._viscosa,0.961486515001354,0.961486515001354,1,2,-1,restoration,2025-07-19 17:27:513
H._squamatum,S._viscosa,0.219707342905457,0.219707342905457,1,2,-1,restoration,2025-07-19 17:27:513
Nurse_S._viscosa,C._hispanica,3.06859016663256,3.06859016663256,1,2,-1,restoration,2025-07-19 17:27:513
Nurse_G._struthium,C._hispanica,1.18345946644139,1.18345946644139,1,2,-1,restoration,2025-07-19 17:27:513
H._squamatum,C._hispanica,-0.0176774493687813,-0.0176774493687813,1,2,-1,restoration,2025-07-19 17:27:513
S._viscosa,C._hispanica,0.363110966192525,0.363110966192525,1,2,-1,restoration,2025-07-19 17:27:513
Nurse_S._viscosa,Other_species,2.60438003273327,2.60438003273327,1,2,-1,restoration,2025-07-19 17:27:513
Nurse_G._struthium,Other_species,2.77811064429384,2.77811064429384,1,2,-1,restoration,2025-07-19 17:27:513
H._squamatum,Other_species,1.45473195450469,1.45473195450469,1,2,-1,restoration,2025-07-19 17:27:513
S._viscosa,Other_species,1.06790354524196,1.06790354524196,1,2,-1,restoration,2025-07-19 17:27:513
C._hispanica,Other_species,2.14369599744102,2.14369599744102,1,2,-1,restoration,2025-07-19 17:27:513
Nurse_S._viscosa,Nurse_G._struthium,-6.88725833777268,-6.88725833777268,1,2,-1,natural,2025-07-19 17:27:513
Nurse_S._viscosa,H._squamatum,1.26407101643914,1.26407101643914,1,2,-1,natural,2025-07-19 17:27:513
Nurse_G._struthium,H._squamatum,0.710602895396765,0.710602895396765,1,2,-1,natural,2025-07-19 17:27:513
Nurse_S._viscosa,S._viscosa,-0.643038801394521,-0.643038801394521,1,2,-1,natural,2025-07-19 17:27:513
Nurse_G._struthium,S._viscosa,0.755582017122379,0.755582017122379,1,2,-1,natural,2025-07-19 17:27:513
H._squamatum,S._viscosa,0.957627113440353,0.957627113440353,1,2,-1,natural,2025-07-19 17:27:513
Nurse_S._viscosa,C._hispanica,0.634072289389854,0.634072289389854,1,2,-1,natural,2025-07-19 17:27:513
Nurse_G._struthium,C._hispanica,0.0149343794532083,0.0149343794532083,1,2,-1,natural,2025-07-19 17:27:513
H._squamatum,C._hispanica,0.856086111011181,0.856086111011181,1,2,-1,natural,2025-07-19 17:27:513
S._viscosa,C._hispanica,0.589107983016699,0.589107983016699,1,2,-1,natural,2025-07-19 17:27:513
Nurse_S._viscosa,Other_species,0.00797957713619733,0.00797957713619733,1,2,-1,natural,2025-07-19 17:27:513
Nurse_G._struthium,Other_species,1.86841311151975,1.86841311151975,1,2,-1,natural,2025-07-19 17:27:513
H._squamatum,Other_species,0.656019374017655,0.656019374017655,1,2,-1,natural,2025-07-19 17:27:513
S._viscosa,Other_species,0.881994865739423,0.881994865739423,1,2,-1,natural,2025-07-19 17:27:513
C._hispanica,Other_species,0.496671434642976,0.496671434642976,1,2,-1,natural,2025-07-19 17:27:513
Nurse_S._viscosa,Nurse_G._struthium,-7.56120705868764,-7.56120705868764,1,2,-1,restoration,2025-07-19 17:27:513
Nurse_S._viscosa,H._squamatum,1.14588925215763,1.14588925215763,1,2,-1,restoration,2025-07-19 17:27:513
Nurse_G._struthium,H._squamatum,2.11525289521404,2.11525289521404,1,2,-1,restoration,2025-07-19 17:27:513
Nurse_S._viscosa,S._viscosa,3.88328070025128,3.88328070025128,1,2,-1,restoration,2025-07-19 17:27:513
Nurse_G._struthium,S._viscosa,0.919573309141601,0.919573309141601,1,2,-1,restoration,2025-07-19 17:27:513
H._squamatum,S._viscosa,0.383486117346109,0.383486117346109,1,2,-1,restoration,2025-07-19 17:27:513
Nurse_S._viscosa,C._hispanica,3.42219982587348,3.42219982587348,1,2,-1,restoration,2025-07-19 17:27:513
Nurse_G._struthium,C._hispanica,1.79547970912936,1.79547970912936,1,2,-1,restoration,2025-07-19 17:27:513
H._squamatum,C._hispanica,-0.201223968414024,-0.201223968414024,1,2,-1,restoration,2025-07-19 17:27:513
S._viscosa,C._hispanica,0.0715383642493644,0.0715383642493644,1,2,-1,restoration,2025-07-19 17:27:513
Nurse_S._viscosa,Other_species,1.70439142182589,1.70439142182589,1,2,-1,restoration,2025-07-19 17:27:513
Nurse_G._struthium,Other_species,1.40323551917213,1.40323551917213,1,2,-1,restoration,2025-07-19 17:27:513
H._squamatum,Other_species,0.52542823267061,0.52542823267061,1,2,-1,restoration,2025-07-19 17:27:513
S._viscosa,Other_species,0.990043883248979,0.990043883248979,1,2,-1,restoration,2025-07-19 17:27:513
C._hispanica,Other_species,2.60258344744201,2.60258344744201,1,2,-1,restoration,2025-07-19 17:27:513
Nurse_S._viscosa,Nurse_G._struthium,-6.96436394325745,-6.96436394325745,1,2,-1,natural,2025-07-19 17:27:513
Nurse_S._viscosa,H._squamatum,0.979621693581233,0.979621693581233,1,2,-1,natural,2025-07-19 17:27:513
Nurse_G._struthium,H._squamatum,0.294281402534023,0.294281402534023,1,2,-1,natural,2025-07-19 17:27:513
Nurse_S._viscosa,S._viscosa,-0.326132561648452,-0.326132561648452,1,2,-1,natural,2025-07-19 17:27:513
Nurse_G._struthium,S._viscosa,0.926718623822818,0.926718623822818,1,2,-1,natural,2025-07-19 17:27:513
H._squamatum,S._viscosa,1.1713191106614,1.1713191106614,1,2,-1,natural,2025-07-19 17:27:513
Nurse_S._viscosa,C._hispanica,0.596275820616742,0.596275820616742,1,2,-1,natural,2025-07-19 17:27:513
Nurse_G._struthium,C._hispanica,0.00972788814607782,0.00972788814607782,1,2,-1,natural,2025-07-19 17:27:513
H._squamatum,C._hispanica,0.656617044192255,0.656617044192255,1,2,-1,natural,2025-07-19 17:27:513
S._viscosa,C._hispanica,0.735128025360845,0.735128025360845,1,2,-1,natural,2025-07-19 17:27:513
Nurse_S._viscosa,Other_species,-0.173152608947863,-0.173152608947863,1,2,-1,natural,2025-07-19 17:27:513
Nurse_G._struthium,Other_species,1.95586949508638,1.95586949508638,1,2,-1,natural,2025-07-19 17:27:513
H._squamatum,Other_species,0.471218287215464,0.471218287215464,1,2,-1,natural,2025-07-19 17:27:513
S._viscosa,Other_species,0.818104555622259,0.818104555622259,1,2,-1,natural,2025-07-19 17:27:513
C._hispanica,Other_species,0.429506403818991,0.429506403818991,1,2,-1,natural,2025-07-19 17:27:513
Nurse_S._viscosa,Nurse_G._struthium,-8.39659942168299,-8.39659942168299,1,2,-1,restoration,2025-07-19 17:27:503
Nurse_S._viscosa,H._squamatum,2.37558325655364,2.37558325655364,1,2,-1,restoration,2025-07-19 17:27:503
Nurse_G._struthium,H._squamatum,3.45122501113892,3.45122501113892,1,2,-1,restoration,2025-07-19 17:27:503
Nurse_S._viscosa,S._viscosa,3.85361603124216,3.85361603124216,1,2,-1,restoration,2025-07-19 17:27:503
Nurse_G._struthium,S._viscosa,1.61759318386171,1.61759318386171,1,2,-1,restoration,2025-07-19 17:27:503
H._squamatum,S._viscosa,0.193145042405979,0.193145042405979,1,2,-1,restoration,2025-07-19 17:27:503
Nurse_S._viscosa,C._hispanica,2.52767530948323,2.52767530948323,1,2,-1,restoration,2025-07-19 17:27:503
Nurse_G._struthium,C._hispanica,-0.0373755735263477,-0.0373755735263477,1,2,-1,restoration,2025-07-19 17:27:503
H._squamatum,C._hispanica,-1.28382946959318,-1.28382946959318,1,2,-1,restoration,2025-07-19 17:27:503
S._viscosa,C._hispanica,-0.542137102519135,-0.542137102519135,1,2,-1,restoration,2025-07-19 17:27:503
Nurse_S._viscosa,Other_species,3.01634506214836,3.01634506214836,1,2,-1,restoration,2025-07-19 17:27:503
Nurse_G._struthium,Other_species,3.16933755051108,3.16933755051108,1,2,-1,restoration,2025-07-19 17:27:503
H._squamatum,Other_species,0.28905536947687,0.28905536947687,1,2,-1,restoration,2025-07-19 17:27:503
S._viscosa,Other_species,1.35746557480291,1.35746557480291,1,2,-1,restoration,2025-07-19 17:27:503
C._hispanica,Other_species,2.52863496210887,2.52863496210887,1,2,-1,restoration,2025-07-19 17:27:503
Nurse_S._viscosa,Nurse_G._struthium,-6.86096565287806,-6.86096565287806,1,2,-1,natural,2025-07-19 17:27:503
Nurse_S._viscosa,H._squamatum,0.920320622894257,0.920320622894257,1,2,-1,natural,2025-07-19 17:27:503
Nurse_G._struthium,H._squamatum,0.291890519582257,0.291890519582257,1,2,-1,natural,2025-07-19 17:27:503
Nurse_S._viscosa,S._viscosa,-0.330454005783365,-0.330454005783365,1,2,-1,natural,2025-07-19 17:27:503
Nurse_G._struthium,S._viscosa,0.745656113404822,0.745656113404822,1,2,-1,natural,2025-07-19 17:27:503
H._squamatum,S._viscosa,0.901701702416778,0.901701702416778,1,2,-1,natural,2025-07-19 17:27:503
Nurse_S._viscosa,C._hispanica,0.770581845980274,0.770581845980274,1,2,-1,natural,2025-07-19 17:27:503
Nurse_G._struthium,C._hispanica,0.0608665839227678,0.0608665839227678,1,2,-1,natural,2025-07-19 17:27:503
H._squamatum,C._hispanica,0.655576081771606,0.655576081771606,1,2,-1,natural,2025-07-19 17:27:503
S._viscosa,C._hispanica,0.423584092279697,0.423584092279697,1,2,-1,natural,2025-07-19 17:27:503
Nurse_S._viscosa,Other_species,-0.135777488359707,-0.135777488359707,1,2,-1,natural,2025-07-19 17:27:503
Nurse_G._struthium,Other_species,1.62943115279037,1.62943115279037,1,2,-1,natural,2025-07-19 17:27:503
H._squamatum,Other_species,0.47432376039263,0.47432376039263,1,2,-1,natural,2025-07-19 17:27:503
S._viscosa,Other_species,0.820785981282334,0.820785981282334,1,2,-1,natural,2025-07-19 17:27:503
C._hispanica,Other_species,0.455410688505312,0.455410688505312,1,2,-1,natural,2025-07-19 17:27:503
Nurse_S._viscosa,Nurse_G._struthium,-7.46650310418151,-7.46650310418151,1,2,-1,restoration,2025-07-19 17:27:503
Nurse_S._viscosa,H._squamatum,2.01602985082583,2.01602985082583,1,2,-1,restoration,2025-07-19 17:27:503
Nurse_G._struthium,H._squamatum,2.3240094784462,2.3240094784462,1,2,-1,restoration,2025-07-19 17:27:503
Nurse_S._viscosa,S._viscosa,3.98336016904895,3.98336016904895,1,2,-1,restoration,2025-07-19 17:27:503
Nurse_G._struthium,S._viscosa,1.0754349831411,1.0754349831411,1,2,-1,restoration,2025-07-19 17:27:503
H._squamatum,S._viscosa,0.302951360950622,0.302951360950622,1,2,-1,restoration,2025-07-19 17:27:503
Nurse_S._viscosa,C._hispanica,3.3248420396996,3.3248420396996,1,2,-1,restoration,2025-07-19 17:27:503
Nurse_G._struthium,C._hispanica,0.872609122252347,0.872609122252347,1,2,-1,restoration,2025-07-19 17:27:503
H._squamatum,C._hispanica,-1.24090811005398,-1.24090811005398,1,2,-1,restoration,2025-07-19 17:27:503
S._viscosa,C._hispanica,0.028550989827303,0.028550989827303,1,2,-1,restoration,2025-07-19 17:27:503
Nurse_S._viscosa,Other_species,3.16507042180321,3.16507042180321,1,2,-1,restoration,2025-07-19 17:27:503
Nurse_G._struthium,Other_species,2.96885941413572,2.96885941413572,1,2,-1,restoration,2025-07-19 17:27:503
H._squamatum,Other_species,0.937266703802338,0.937266703802338,1,2,-1,restoration,2025-07-19 17:27:503
S._viscosa,Other_species,1.80883985163724,1.80883985163724,1,2,-1,restoration,2025-07-19 17:27:503
C._hispanica,Other_species,2.14044681798225,2.14044681798225,1,2,-1,restoration,2025-07-19 17:27:503
Nurse_S._viscosa,Nurse_G._struthium,-6.81827192063939,-6.81827192063939,1,2,-1,natural,2025-07-19 17:27:503
Nurse_S._viscosa,H._squamatum,0.806794849868489,0.806794849868489,1,2,-1,natural,2025-07-19 17:27:503
Nurse_G._struthium,H._squamatum,0.63065185212728,0.63065185212728,1,2,-1,natural,2025-07-19 17:27:503
Nurse_S._viscosa,S._viscosa,-0.369411354555737,-0.369411354555737,1,2,-1,natural,2025-07-19 17:27:503
Nurse_G._struthium,S._viscosa,0.619186180245527,0.619186180245527,1,2,-1,natural,2025-07-19 17:27:503
H._squamatum,S._viscosa,0.886806790346814,0.886806790346814,1,2,-1,natural,2025-07-19 17:27:503
Nurse_S._viscosa,C._hispanica,0.571576386944087,0.571576386944087,1,2,-1,natural,2025-07-19 17:27:503
Nurse_G._struthium,C._hispanica,-0.302580303729406,-0.302580303729406,1,2,-1,natural,2025-07-19 17:27:503
H._squamatum,C._hispanica,0.873586179395738,0.873586179395738,1,2,-1,natural,2025-07-19 17:27:503
S._viscosa,C._hispanica,0.710710059261956,0.710710059261956,1,2,-1,natural,2025-07-19 17:27:503
Nurse_S._viscosa,Other_species,-0.150753617683866,-0.150753617683866,1,2,-1,natural,2025-07-19 17:27:503
Nurse_G._struthium,Other_species,1.67530701939686,1.67530701939686,1,2,-1,natural,2025-07-19 17:27:503
H._squamatum,Other_species,0.438256072328867,0.438256072328867,1,2,-1,natural,2025-07-19 17:27:503
S._viscosa,Other_species,0.663139208841241,0.663139208841241,1,2,-1,natural,2025-07-19 17:27:503
C._hispanica,Other_species,0.351595775039496,0.351595775039496,1,2,-1,natural,2025-07-19 17:27:503
Nurse_S._viscosa,Nurse_G._struthium,-7.88793882854009,-7.88793882854009,1,2,-1,restoration,2025-07-19 17:27:493
Nurse_S._viscosa,H._squamatum,1.79954930488304,1.79954930488304,1,2,-1,restoration,2025-07-19 17:27:493
Nurse_G._struthium,H._squamatum,2.55142062337241,2.55142062337241,1,2,-1,restoration,2025-07-19 17:27:493
Nurse_S._viscosa,S._viscosa,2.95222477366052,2.95222477366052,1,2,-1,restoration,2025-07-19 17:27:493
Nurse_G._struthium,S._viscosa,0.973690521863116,0.973690521863116,1,2,-1,restoration,2025-07-19 17:27:493
H._squamatum,S._viscosa,0.847968081530878,0.847968081530878,1,2,-1,restoration,2025-07-19 17:27:493
Nurse_S._viscosa,C._hispanica,3.76599207622283,3.76599207622283,1,2,-1,restoration,2025-07-19 17:27:493
Nurse_G._struthium,C._hispanica,2.29069660791181,2.29069660791181,1,2,-1,restoration,2025-07-19 17:27:493
H._squamatum,C._hispanica,-0.211060652170591,-0.211060652170591,1,2,-1,restoration,2025-07-19 17:27:493
S._viscosa,C._hispanica,-0.842724073605599,-0.842724073605599,1,2,-1,restoration,2025-07-19 17:27:493
Nurse_S._viscosa,Other_species,1.59996939122226,1.59996939122226,1,2,-1,restoration,2025-07-19 17:27:493
Nurse_G._struthium,Other_species,1.9661717413852,1.9661717413852,1,2,-1,restoration,2025-07-19 17:27:493
H._squamatum,Other_species,1.02741797437748,1.02741797437748,1,2,-1,restoration,2025-07-19 17:27:493
S._viscosa,Other_species,1.01312587036438,1.01312587036438,1,2,-1,restoration,2025-07-19 17:27:493
C._hispanica,Other_species,2.57430884412449,2.57430884412449,1,2,-1,restoration,2025-07-19 17:27:493
Nurse_S._viscosa,Nurse_G._struthium,-6.87734120405728,-6.87734120405728,1,2,-1,natural,2025-07-19 17:27:493
Nurse_S._viscosa,H._squamatum,1.25235456853403,1.25235456853403,1,2,-1,natural,2025-07-19 17:27:493
Nurse_G._struthium,H._squamatum,0.706003595371166,0.706003595371166,1,2,-1,natural,2025-07-19 17:27:493
Nurse_S._viscosa,S._viscosa,-0.450103900473972,-0.450103900473972,1,2,-1,natural,2025-07-19 17:27:493
Nurse_G._struthium,S._viscosa,0.554676786721031,0.554676786721031,1,2,-1,natural,2025-07-19 17:27:493
H._squamatum,S._viscosa,1.08993527724437,1.08993527724437,1,2,-1,natural,2025-07-19 17:27:493
Nurse_S._viscosa,C._hispanica,0.605482658111791,0.605482658111791,1,2,-1,natural,2025-07-19 17:27:493
Nurse_G._struthium,C._hispanica,-0.0803889276044528,-0.0803889276044528,1,2,-1,natural,2025-07-19 17:27:493
H._squamatum,C._hispanica,0.867321343809965,0.867321343809965,1,2,-1,natural,2025-07-19 17:27:493
S._viscosa,C._hispanica,0.751302681437193,0.751302681437193,1,2,-1,natural,2025-07-19 17:27:493
Nurse_S._viscosa,Other_species,-0.0137568734500511,-0.0137568734500511,1,2,-1,natural,2025-07-19 17:27:493
Nurse_G._struthium,Other_species,1.94970915755854,1.94970915755854,1,2,-1,natural,2025-07-19 17:27:493
H._squamatum,Other_species,0.637516597356062,0.637516597356062,1,2,-1,natural,2025-07-19 17:27:493
S._viscosa,Other_species,0.769720360411005,0.769720360411005,1,2,-1,natural,2025-07-19 17:27:493
C._hispanica,Other_species,0.667850582669112,0.667850582669112,1,2,-1,natural,2025-07-19 17:27:493
Nurse_S._viscosa,Nurse_G._struthium,-10.6312021981873,-10.6312021981873,1,2,-1,restoration,2025-07-19 17:27:493
Nurse_S._viscosa,H._squamatum,2.51595589739136,2.51595589739136,1,2,-1,restoration,2025-07-19 17:27:493
Nurse_G._struthium,H._squamatum,3.67311685559166,3.67311685559166,1,2,-1,restoration,2025-07-19 17:27:493
Nurse_S._viscosa,S._viscosa,5.08079542989788,5.08079542989788,1,2,-1,restoration,2025-07-19 17:27:493
Nurse_G._struthium,S._viscosa,2.65159165360183,2.65159165360183,1,2,-1,restoration,2025-07-19 17:27:493
H._squamatum,S._viscosa,0.920104829203259,0.920104829203259,1,2,-1,restoration,2025-07-19 17:27:493
Nurse_S._viscosa,C._hispanica,3.89917639009685,3.89917639009685,1,2,-1,restoration,2025-07-19 17:27:493
Nurse_G._struthium,C._hispanica,2.01481444213489,2.01481444213489,1,2,-1,restoration,2025-07-19 17:27:493
H._squamatum,C._hispanica,0.503870676780351,0.503870676780351,1,2,-1,restoration,2025-07-19 17:27:493
S._viscosa,C._hispanica,0.306917790865648,0.306917790865648,1,2,-1,restoration,2025-07-19 17:27:493
Nurse_S._viscosa,Other_species,3.29024854503938,3.29024854503938,1,2,-1,restoration,2025-07-19 17:27:493
Nurse_G._struthium,Other_species,3.62257157095226,3.62257157095226,1,2,-1,restoration,2025-07-19 17:27:493
H._squamatum,Other_species,-0.147319905396843,-0.147319905396843,1,2,-1,restoration,2025-07-19 17:27:493
S._viscosa,Other_species,1.93198638629197,1.93198638629197,1,2,-1,restoration,2025-07-19 17:27:493
C._hispanica,Other_species,2.8602654349556,2.8602654349556,1,2,-1,restoration,2025-07-19 17:27:493
Nurse_S._viscosa,Nurse_G._struthium,-7.01502943100002,-7.01502943100002,1,2,-1,natural,2025-07-19 17:27:493
Nurse_S._viscosa,H._squamatum,1.14081385933882,1.14081385933882,1,2,-1,natural,2025-07-19 17:27:493
Nurse_G._struthium,H._squamatum,0.58835889035983,0.58835889035983,1,2,-1,natural,2025-07-19 17:27:493
Nurse_S._viscosa,S._viscosa,-0.495072341162438,-0.495072341162438,1,2,-1,natural,2025-07-19 17:27:493
Nurse_G._struthium,S._viscosa,0.652348601327463,0.652348601327463,1,2,-1,natural,2025-07-19 17:27:493
H._squamatum,S._viscosa,0.89201088683409,0.89201088683409,1,2,-1,natural,2025-07-19 17:27:493
Nurse_S._viscosa,C._hispanica,0.723225105317505,0.723225105317505,1,2,-1,natural,2025-07-19 17:27:493
Nurse_G._struthium,C._hispanica,-0.0120068498507071,-0.0120068498507071,1,2,-1,natural,2025-07-19 17:27:493
H._squamatum,C._hispanica,0.648636746781419,0.648636746781419,1,2,-1,natural,2025-07-19 17:27:493
S._viscosa,C._hispanica,0.657986949596808,0.657986949596808,1,2,-1,natural,2025-07-19 17:27:493
Nurse_S._viscosa,Other_species,-0.140389154092449,-0.140389154092449,1,2,-1,natural,2025-07-19 17:27:493
Nurse_G._struthium,Other_species,1.82780654436355,1.82780654436355,1,2,-1,natural,2025-07-19 17:27:493
H._squamatum,Other_species,0.639995483365049,0.639995483365049,1,2,-1,natural,2025-07-19 17:27:493
S._viscosa,Other_species,0.550774518963287,0.550774518963287,1,2,-1,natural,2025-07-19 17:27:493
C._hispanica,Other_species,0.440446552919062,0.440446552919062,1,2,-1,natural,2025-07-19 17:27:493
Nurse_S._viscosa,Nurse_G._struthium,-8.03519241555297,-8.03519241555297,1,2,-1,restoration,2025-07-19 17:27:483
Nurse_S._viscosa,H._squamatum,2.28975772960277,2.28975772960277,1,2,-1,restoration,2025-07-19 17:27:483
Nurse_G._struthium,H._squamatum,3.35932621426902,3.35932621426902,1,2,-1,restoration,2025-07-19 17:27:483
Nurse_S._viscosa,S._viscosa,2.8650225165413,2.8650225165413,1,2,-1,restoration,2025-07-19 17:27:483
Nurse_G._struthium,S._viscosa,0.362910546594912,0.362910546594912,1,2,-1,restoration,2025-07-19 17:27:483
H._squamatum,S._viscosa,0.704199186014181,0.704199186014181,1,2,-1,restoration,2025-07-19 17:27:483
Nurse_S._viscosa,C._hispanica,3.86845343847987,3.86845343847987,1,2,-1,restoration,2025-07-19 17:27:483
Nurse_G._struthium,C._hispanica,1.89665197886435,1.89665197886435,1,2,-1,restoration,2025-07-19 17:27:483
H._squamatum,C._hispanica,0.454837561450622,0.454837561450622,1,2,-1,restoration,2025-07-19 17:27:483
S._viscosa,C._hispanica,-0.338435704440081,-0.338435704440081,1,2,-1,restoration,2025-07-19 17:27:483
Nurse_S._viscosa,Other_species,2.03234865312425,2.03234865312425,1,2,-1,restoration,2025-07-19 17:27:483
Nurse_G._struthium,Other_species,2.59688491555094,2.59688491555094,1,2,-1,restoration,2025-07-19 17:27:483
H._squamatum,Other_species,-0.526965020654522,-0.526965020654522,1,2,-1,restoration,2025-07-19 17:27:483
S._viscosa,Other_species,1.5288512103526,1.5288512103526,1,2,-1,restoration,2025-07-19 17:27:483
C._hispanica,Other_species,2.70866814934501,2.70866814934501,1,2,-1,restoration,2025-07-19 17:27:483
Nurse_S._viscosa,Nurse_G._struthium,-6.79404993594745,-6.79404993594745,1,2,-1,natural,2025-07-19 17:27:483
Nurse_S._viscosa,H._squamatum,0.955725199997025,0.955725199997025,1,2,-1,natural,2025-07-19 17:27:483
Nurse_G._struthium,H._squamatum,0.213103489934209,0.213103489934209,1,2,-1,natural,2025-07-19 17:27:483
Nurse_S._viscosa,S._viscosa,-0.47208616737804,-0.47208616737804,1,2,-1,natural,2025-07-19 17:27:483
Nurse_G._struthium,S._viscosa,0.983300648233954,0.983300648233954,1,2,-1,natural,2025-07-19 17:27:483
H._squamatum,S._viscosa,1.07090384073518,1.07090384073518,1,2,-1,natural,2025-07-19 17:27:483
Nurse_S._viscosa,C._hispanica,0.722568087238479,0.722568087238479,1,2,-1,natural,2025-07-19 17:27:483
Nurse_G._struthium,C._hispanica,-0.0736212419351451,-0.0736212419351451,1,2,-1,natural,2025-07-19 17:27:483
H._squamatum,C._hispanica,0.435407320414512,0.435407320414512,1,2,-1,natural,2025-07-19 17:27:483
S._viscosa,C._hispanica,0.943240459844133,0.943240459844133,1,2,-1,natural,2025-07-19 17:27:483
Nurse_S._viscosa,Other_species,-0.214470749792635,-0.214470749792635,1,2,-1,natural,2025-07-19 17:27:483
Nurse_G._struthium,Other_species,1.80135434117914,1.80135434117914,1,2,-1,natural,2025-07-19 17:27:483
H._squamatum,Other_species,0.496852042749784,0.496852042749784,1,2,-1,natural,2025-07-19 17:27:483
S._viscosa,Other_species,0.188449151748277,0.188449151748277,1,2,-1,natural,2025-07-19 17:27:483
C._hispanica,Other_species,0.648632356214201,0.648632356214201,1,2,-1,natural,2025-07-19 17:27:483
Nurse_S._viscosa,Nurse_G._struthium,-7.14882013309415,-7.14882013309415,1,2,-1,restoration,2025-07-19 17:27:483
Nurse_S._viscosa,H._squamatum,1.39506702193319,1.39506702193319,1,2,-1,restoration,2025-07-19 17:27:483
Nurse_G._struthium,H._squamatum,2.14839061485819,2.14839061485819,1,2,-1,restoration,2025-07-19 17:27:483
Nurse_S._viscosa,S._viscosa,3.55956109199997,3.55956109199997,1,2,-1,restoration,2025-07-19 17:27:483
Nurse_G._struthium,S._viscosa,0.793932212694687,0.793932212694687,1,2,-1,restoration,2025-07-19 17:27:483
H._squamatum,S._viscosa,0.280738249306816,0.280738249306816,1,2,-1,restoration,2025-07-19 17:27:483
Nurse_S._viscosa,C._hispanica,1.4165371507125,1.4165371507125,1,2,-1,restoration,2025-07-19 17:27:483
Nurse_G._struthium,C._hispanica,1.00932856886435,1.00932856886435,1,2,-1,restoration,2025-07-19 17:27:483
H._squamatum,C._hispanica,-0.774327909135609,-0.774327909135609,1,2,-1,restoration,2025-07-19 17:27:483
S._viscosa,C._hispanica,0.0708378857728907,0.0708378857728907,1,2,-1,restoration,2025-07-19 17:27:483
Nurse_S._viscosa,Other_species,2.79017916319888,2.79017916319888,1,2,-1,restoration,2025-07-19 17:27:483
Nurse_G._struthium,Other_species,2.90200376936583,2.90200376936583,1,2,-1,restoration,2025-07-19 17:27:483
H._squamatum,Other_species,0.4302436152323,0.4302436152323,1,2,-1,restoration,2025-07-19 17:27:483
S._viscosa,Other_species,1.8814253201773,1.8814253201773,1,2,-1,restoration,2025-07-19 17:27:483
C._hispanica,Other_species,0.833702524013637,0.833702524013637,1,2,-1,restoration,2025-07-19 17:27:483
Nurse_S._viscosa,Nurse_G._struthium,-6.84830180983767,-6.84830180983767,1,2,-1,natural,2025-07-19 17:27:483
Nurse_S._viscosa,H._squamatum,1.03437139765067,1.03437139765067,1,2,-1,natural,2025-07-19 17:27:483
Nurse_G._struthium,H._squamatum,0.585407810655679,0.585407810655679,1,2,-1,natural,2025-07-19 17:27:483
Nurse_S._viscosa,S._viscosa,-0.475403255364015,-0.475403255364015,1,2,-1,natural,2025-07-19 17:27:483
Nurse_G._struthium,S._viscosa,0.913092157989129,0.913092157989129,1,2,-1,natural,2025-07-19 17:27:483
H._squamatum,S._viscosa,0.935686485433775,0.935686485433775,1,2,-1,natural,2025-07-19 17:27:483
Nurse_S._viscosa,C._hispanica,0.699145659361339,0.699145659361339,1,2,-1,natural,2025-07-19 17:27:483
Nurse_G._struthium,C._hispanica,-0.00432563965045434,-0.00432563965045434,1,2,-1,natural,2025-07-19 17:27:483
H._squamatum,C._hispanica,0.658904879352306,0.658904879352306,1,2,-1,natural,2025-07-19 17:27:483
S._viscosa,C._hispanica,0.685388419184839,0.685388419184839,1,2,-1,natural,2025-07-19 17:27:483
Nurse_S._viscosa,Other_species,0.0887595071474784,0.0887595071474784,1,2,-1,natural,2025-07-19 17:27:483
Nurse_G._struthium,Other_species,1.95760127144803,1.95760127144803,1,2,-1,natural,2025-07-19 17:27:483
H._squamatum,Other_species,0.786537627636511,0.786537627636511,1,2,-1,natural,2025-07-19 17:27:483
S._viscosa,Other_species,0.558110941797493,0.558110941797493,1,2,-1,natural,2025-07-19 17:27:483
C._hispanica,Other_species,0.362956023823163,0.362956023823163,1,2,-1,natural,2025-07-19 17:27:483
Nurse_S._viscosa,Nurse_G._struthium,-8.73228382092213,-8.73228382092213,1,2,-1,restoration,2025-07-19 17:27:473
Nurse_S._viscosa,H._squamatum,2.71984946260282,2.71984946260282,1,2,-1,restoration,2025-07-19 17:27:473
Nurse_G._struthium,H._squamatum,3.60163143117817,3.60163143117817,1,2,-1,restoration,2025-07-19 17:27:473
Nurse_S._viscosa,S._viscosa,3.44064657074601,3.44064657074601,1,2,-1,restoration,2025-07-19 17:27:473
Nurse_G._struthium,S._viscosa,1.13996547722401,1.13996547722401,1,2,-1,restoration,2025-07-19 17:27:473
H._squamatum,S._viscosa,0.99545232560701,0.99545232560701,1,2,-1,restoration,2025-07-19 17:27:473
Nurse_S._viscosa,C._hispanica,3.24980780694316,3.24980780694316,1,2,-1,restoration,2025-07-19 17:27:473
Nurse_G._struthium,C._hispanica,1.69429250720466,1.69429250720466,1,2,-1,restoration,2025-07-19 17:27:473
H._squamatum,C._hispanica,0.434005699315592,0.434005699315592,1,2,-1,restoration,2025-07-19 17:27:473
S._viscosa,C._hispanica,0.267623153331964,0.267623153331964,1,2,-1,restoration,2025-07-19 17:27:473
Nurse_S._viscosa,Other_species,3.20270321393428,3.20270321393428,1,2,-1,restoration,2025-07-19 17:27:473
Nurse_G._struthium,Other_species,2.6033139436597,2.6033139436597,1,2,-1,restoration,2025-07-19 17:27:473
H._squamatum,Other_species,0.374747165171125,0.374747165171125,1,2,-1,restoration,2025-07-19 17:27:473
S._viscosa,Other_species,1.13691213356929,1.13691213356929,1,2,-1,restoration,2025-07-19 17:27:473
C._hispanica,Other_species,2.29828489357182,2.29828489357182,1,2,-1,restoration,2025-07-19 17:27:473
Nurse_S._viscosa,Nurse_G._struthium,-6.81062340697764,-6.81062340697764,1,2,-1,natural,2025-07-19 17:27:473
Nurse_S._viscosa,H._squamatum,1.04690862119743,1.04690862119743,1,2,-1,natural,2025-07-19 17:27:473
Nurse_G._struthium,H._squamatum,0.493369169735165,0.493369169735165,1,2,-1,natural,2025-07-19 17:27:473
Nurse_S._viscosa,S._viscosa,-0.552010892509877,-0.552010892509877,1,2,-1,natural,2025-07-19 17:27:473
Nurse_G._struthium,S._viscosa,0.725310491148491,0.725310491148491,1,2,-1,natural,2025-07-19 17:27:473
H._squamatum,S._viscosa,0.834529981762413,0.834529981762413,1,2,-1,natural,2025-07-19 17:27:473
Nurse_S._viscosa,C._hispanica,0.780792931808715,0.780792931808715,1,2,-1,natural,2025-07-19 17:27:473
Nurse_G._struthium,C._hispanica,0.139925755974863,0.139925755974863,1,2,-1,natural,2025-07-19 17:27:473
H._squamatum,C._hispanica,0.748704372866584,0.748704372866584,1,2,-1,natural,2025-07-19 17:27:473
S._viscosa,C._hispanica,0.677440060692893,0.677440060692893,1,2,-1,natural,2025-07-19 17:27:473
Nurse_S._viscosa,Other_species,-0.266902994579095,-0.266902994579095,1,2,-1,natural,2025-07-19 17:27:473
Nurse_G._struthium,Other_species,1.74146611259727,1.74146611259727,1,2,-1,natural,2025-07-19 17:27:473
H._squamatum,Other_species,0.410976533026778,0.410976533026778,1,2,-1,natural,2025-07-19 17:27:473
S._viscosa,Other_species,0.724726865985653,0.724726865985653,1,2,-1,natural,2025-07-19 17:27:473
C._hispanica,Other_species,0.578604994953148,0.578604994953148,1,2,-1,natural,2025-07-19 17:27:473
Nurse_S._viscosa,Nurse_G._struthium,-7.93365556008955,-7.93365556008955,1,2,-1,restoration,2025-07-19 17:27:473
Nurse_S._viscosa,H._squamatum,1.88406677016317,1.88406677016317,1,2,-1,restoration,2025-07-19 17:27:473
Nurse_G._struthium,H._squamatum,2.22033725841845,2.22033725841845,1,2,-1,restoration,2025-07-19 17:27:473
Nurse_S._viscosa,S._viscosa,4.2349110295399,4.2349110295399,1,2,-1,restoration,2025-07-19 17:27:473
Nurse_G._struthium,S._viscosa,1.52935056879567,1.52935056879567,1,2,-1,restoration,2025-07-19 17:27:473
H._squamatum,S._viscosa,0.0920031705751156,0.0920031705751156,1,2,-1,restoration,2025-07-19 17:27:473
Nurse_S._viscosa,C._hispanica,2.25278253864391,2.25278253864391,1,2,-1,restoration,2025-07-19 17:27:473
Nurse_G._struthium,C._hispanica,0.0878138418885368,0.0878138418885368,1,2,-1,restoration,2025-07-19 17:27:473
H._squamatum,C._hispanica,-0.251481299572248,-0.251481299572248,1,2,-1,restoration,2025-07-19 17:27:473
S._viscosa,C._hispanica,-0.356972470921546,-0.356972470921546,1,2,-1,restoration,2025-07-19 17:27:473
Nurse_S._viscosa,Other_species,2.94348223007258,2.94348223007258,1,2,-1,restoration,2025-07-19 17:27:473
Nurse_G._struthium,Other_species,2.7148021403522,2.7148021403522,1,2,-1,restoration,2025-07-19 17:27:473
H._squamatum,Other_species,0.318484023335479,0.318484023335479,1,2,-1,restoration,2025-07-19 17:27:473
S._viscosa,Other_species,0.887907299585257,0.887907299585257,1,2,-1,restoration,2025-07-19 17:27:473
C._hispanica,Other_species,2.44191573986312,2.44191573986312,1,2,-1,restoration,2025-07-19 17:27:473
Nurse_S._viscosa,Nurse_G._struthium,-6.73906161528804,-6.73906161528804,1,2,-1,natural,2025-07-19 17:27:473
Nurse_S._viscosa,H._squamatum,0.958012878473473,0.958012878473473,1,2,-1,natural,2025-07-19 17:27:473
Nurse_G._struthium,H._squamatum,0.253744201174232,0.253744201174232,1,2,-1,natural,2025-07-19 17:27:473
Nurse_S._viscosa,S._viscosa,-0.597153756562607,-0.597153756562607,1,2,-1,natural,2025-07-19 17:27:473
Nurse_G._struthium,S._viscosa,0.910703489415135,0.910703489415135,1,2,-1,natural,2025-07-19 17:27:473
H._squamatum,S._viscosa,1.02038506243358,1.02038506243358,1,2,-1,natural,2025-07-19 17:27:473
Nurse_S._viscosa,C._hispanica,0.593628403994809,0.593628403994809,1,2,-1,natural,2025-07-19 17:27:473
Nurse_G._struthium,C._hispanica,-0.341246558379682,-0.341246558379682,1,2,-1,natural,2025-07-19 17:27:473
H._squamatum,C._hispanica,0.842430585235773,0.842430585235773,1,2,-1,natural,2025-07-19 17:27:473
S._viscosa,C._hispanica,0.725496438995415,0.725496438995415,1,2,-1,natural,2025-07-19 17:27:473
Nurse_S._viscosa,Other_species,-0.278906424516818,-0.278906424516818,1,2,-1,natural,2025-07-19 17:27:473
Nurse_G._struthium,Other_species,1.87320001977008,1.87320001977008,1,2,-1,natural,2025-07-19 17:27:473
H._squamatum,Other_species,0.521171418467994,0.521171418467994,1,2,-1,natural,2025-07-19 17:27:473
S._viscosa,Other_species,0.446565804082661,0.446565804082661,1,2,-1,natural,2025-07-19 17:27:473
C._hispanica,Other_species,0.520064371232912,0.520064371232912,1,2,-1,natural,2025-07-19 17:27:473
Nurse_S._viscosa,Nurse_G._struthium,-8.25914679488716,-8.25914679488716,1,2,-1,restoration,2025-07-19 17:27:463
Nurse_S._viscosa,H._squamatum,3.00406446679609,3.00406446679609,1,2,-1,restoration,2025-07-19 17:27:463
Nurse_G._struthium,H._squamatum,3.91935653228678,3.91935653228678,1,2,-1,restoration,2025-07-19 17:27:463
Nurse_S._viscosa,S._viscosa,3.05357813142409,3.05357813142409,1,2,-1,restoration,2025-07-19 17:27:463
Nurse_G._struthium,S._viscosa,1.08516780321021,1.08516780321021,1,2,-1,restoration,2025-07-19 17:27:463
H._squamatum,S._viscosa,-0.263104179888518,-0.263104179888518,1,2,-1,restoration,2025-07-19 17:27:463
Nurse_S._viscosa,C._hispanica,1.2482320998414,1.2482320998414,1,2,-1,restoration,2025-07-19 17:27:463
Nurse_G._struthium,C._hispanica,1.05295984074792,1.05295984074792,1,2,-1,restoration,2025-07-19 17:27:463
H._squamatum,C._hispanica,-1.52786238820168,-1.52786238820168,1,2,-1,restoration,2025-07-19 17:27:463
S._viscosa,C._hispanica,-2.13239803638022,-2.13239803638022,1,2,-1,restoration,2025-07-19 17:27:463
Nurse_S._viscosa,Other_species,1.90646821517892,1.90646821517892,1,2,-1,restoration,2025-07-19 17:27:463
Nurse_G._struthium,Other_species,2.93629476827109,2.93629476827109,1,2,-1,restoration,2025-07-19 17:27:463
H._squamatum,Other_species,0.870004214315959,0.870004214315959,1,2,-1,restoration,2025-07-19 17:27:463
S._viscosa,Other_species,1.76003633872767,1.76003633872767,1,2,-1,restoration,2025-07-19 17:27:463
C._hispanica,Other_species,2.03491785567044,2.03491785567044,1,2,-1,restoration,2025-07-19 17:27:463
Nurse_S._viscosa,Nurse_G._struthium,-6.96149251549633,-6.96149251549633,1,2,-1,natural,2025-07-19 17:27:463
Nurse_S._viscosa,H._squamatum,1.18946535224361,1.18946535224361,1,2,-1,natural,2025-07-19 17:27:463
Nurse_G._struthium,H._squamatum,0.686928255969593,0.686928255969593,1,2,-1,natural,2025-07-19 17:27:463
Nurse_S._viscosa,S._viscosa,-0.270151676984837,-0.270151676984837,1,2,-1,natural,2025-07-19 17:27:463
Nurse_G._struthium,S._viscosa,0.737614125750828,0.737614125750828,1,2,-1,natural,2025-07-19 17:27:463
H._squamatum,S._viscosa,1.00392404679468,1.00392404679468,1,2,-1,natural,2025-07-19 17:27:463
Nurse_S._viscosa,C._hispanica,0.722612439488059,0.722612439488059,1,2,-1,natural,2025-07-19 17:27:463
Nurse_G._struthium,C._hispanica,-0.165644870915435,-0.165644870915435,1,2,-1,natural,2025-07-19 17:27:463
H._squamatum,C._hispanica,0.743455761088722,0.743455761088722,1,2,-1,natural,2025-07-19 17:27:463
S._viscosa,C._hispanica,0.777332623954588,0.777332623954588,1,2,-1,natural,2025-07-19 17:27:463
Nurse_S._viscosa,Other_species,-0.104020077639263,-0.104020077639263,1,2,-1,natural,2025-07-19 17:27:463
Nurse_G._struthium,Other_species,1.85102816361333,1.85102816361333,1,2,-1,natural,2025-07-19 17:27:463
H._squamatum,Other_species,0.608792300592109,0.608792300592109,1,2,-1,natural,2025-07-19 17:27:463
S._viscosa,Other_species,0.587281213479784,0.587281213479784,1,2,-1,natural,2025-07-19 17:27:463
C._hispanica,Other_species,0.388795711682624,0.388795711682624,1,2,-1,natural,2025-07-19 17:27:463
Nurse_S._viscosa,Nurse_G._struthium,-8.94834199153627,-8.94834199153627,1,2,-1,restoration,2025-07-19 17:27:463
Nurse_S._viscosa,H._squamatum,3.30311297584498,3.30311297584498,1,2,-1,restoration,2025-07-19 17:27:463
Nurse_G._struthium,H._squamatum,4.35908657934423,4.35908657934423,1,2,-1,restoration,2025-07-19 17:27:463
Nurse_S._viscosa,S._viscosa,3.21332754895996,3.21332754895996,1,2,-1,restoration,2025-07-19 17:27:463
Nurse_G._struthium,S._viscosa,0.0712916469258075,0.0712916469258075,1,2,-1,restoration,2025-07-19 17:27:463
H._squamatum,S._viscosa,0.310786078500131,0.310786078500131,1,2,-1,restoration,2025-07-19 17:27:463
Nurse_S._viscosa,C._hispanica,2.69331087944706,2.69331087944706,1,2,-1,restoration,2025-07-19 17:27:463
Nurse_G._struthium,C._hispanica,1.08618331100555,1.08618331100555,1,2,-1,restoration,2025-07-19 17:27:463
H._squamatum,C._hispanica,0.511021912137673,0.511021912137673,1,2,-1,restoration,2025-07-19 17:27:463
S._viscosa,C._hispanica,0.620165331206605,0.620165331206605,1,2,-1,restoration,2025-07-19 17:27:463
Nurse_S._viscosa,Other_species,2.40424257150227,2.40424257150227,1,2,-1,restoration,2025-07-19 17:27:463
Nurse_G._struthium,Other_species,3.0500310441365,3.0500310441365,1,2,-1,restoration,2025-07-19 17:27:463
H._squamatum,Other_species,-0.250306348413145,-0.250306348413145,1,2,-1,restoration,2025-07-19 17:27:463
S._viscosa,Other_species,2.04084741862765,2.04084741862765,1,2,-1,restoration,2025-07-19 17:27:463
C._hispanica,Other_species,1.60042559212033,1.60042559212033,1,2,-1,restoration,2025-07-19 17:27:463
Nurse_S._viscosa,Nurse_G._struthium,-6.89542250843935,-6.89542250843935,1,2,-1,natural,2025-07-19 17:27:463
Nurse_S._viscosa,H._squamatum,1.040526732456,1.040526732456,1,2,-1,natural,2025-07-19 17:27:463
Nurse_G._struthium,H._squamatum,0.283970861935132,0.283970861935132,1,2,-1,natural,2025-07-19 17:27:463
Nurse_S._viscosa,S._viscosa,-0.370400124264667,-0.370400124264667,1,2,-1,natural,2025-07-19 17:27:463
Nurse_G._struthium,S._viscosa,0.619677040337039,0.619677040337039,1,2,-1,natural,2025-07-19 17:27:463
H._squamatum,S._viscosa,0.973373615180029,0.973373615180029,1,2,-1,natural,2025-07-19 17:27:463
Nurse_S._viscosa,C._hispanica,0.700944688270679,0.700944688270679,1,2,-1,natural,2025-07-19 17:27:463
Nurse_G._struthium,C._hispanica,-0.0482708764822061,-0.0482708764822061,1,2,-1,natural,2025-07-19 17:27:463
H._squamatum,C._hispanica,0.654507490289785,0.654507490289785,1,2,-1,natural,2025-07-19 17:27:463
S._viscosa,C._hispanica,0.574352987093007,0.574352987093007,1,2,-1,natural,2025-07-19 17:27:463
Nurse_S._viscosa,Other_species,-0.0819701990115703,-0.0819701990115703,1,2,-1,natural,2025-07-19 17:27:463
Nurse_G._struthium,Other_species,1.69552669640172,1.69552669640172,1,2,-1,natural,2025-07-19 17:27:463
H._squamatum,Other_species,0.511487695797916,0.511487695797916,1,2,-1,natural,2025-07-19 17:27:463
S._viscosa,Other_species,0.723970503079949,0.723970503079949,1,2,-1,natural,2025-07-19 17:27:463
C._hispanica,Other_species,0.224471293872525,0.224471293872525,1,2,-1,natural,2025-07-19 17:27:463
Nurse_S._viscosa,Nurse_G._struthium,-7.88991425739441,-7.88991425739441,1,2,-1,restoration,2025-07-19 17:27:463
Nurse_S._viscosa,H._squamatum,2.59849846765799,2.59849846765799,1,2,-1,restoration,2025-07-19 17:27:463
Nurse_G._struthium,H._squamatum,2.57351767774037,2.57351767774037,1,2,-1,restoration,2025-07-19 17:27:463
Nurse_S._viscosa,S._viscosa,3.37791516394518,3.37791516394518,1,2,-1,restoration,2025-07-19 17:27:463
Nurse_G._struthium,S._viscosa,1.04384992270547,1.04384992270547,1,2,-1,restoration,2025-07-19 17:27:463
H._squamatum,S._viscosa,0.198103068444472,0.198103068444472,1,2,-1,restoration,2025-07-19 17:27:463
Nurse_S._viscosa,C._hispanica,3.06054789365166,3.06054789365166,1,2,-1,restoration,2025-07-19 17:27:463
Nurse_G._struthium,C._hispanica,-1.4520857749962,-1.4520857749962,1,2,-1,restoration,2025-07-19 17:27:463
H._squamatum,C._hispanica,-0.411429462912246,-0.411429462912246,1,2,-1,restoration,2025-07-19 17:27:463
S._viscosa,C._hispanica,-0.30299171881694,-0.30299171881694,1,2,-1,restoration,2025-07-19 17:27:463
Nurse_S._viscosa,Other_species,3.20944536234496,3.20944536234496,1,2,-1,restoration,2025-07-19 17:27:463
Nurse_G._struthium,Other_species,3.21471438947321,3.21471438947321,1,2,-1,restoration,2025-07-19 17:27:463
H._squamatum,Other_species,0.596138487817348,0.596138487817348,1,2,-1,restoration,2025-07-19 17:27:463
S._viscosa,Other_species,2.24676929248572,2.24676929248572,1,2,-1,restoration,2025-07-19 17:27:463
C._hispanica,Other_species,2.34321589477396,2.34321589477396,1,2,-1,restoration,2025-07-19 17:27:463
Nurse_S._viscosa,Nurse_G._struthium,-7.0381641966713,-7.0381641966713,1,2,-1,natural,2025-07-19 17:27:463
Nurse_S._viscosa,H._squamatum,1.1918396679614,1.1918396679614,1,2,-1,natural,2025-07-19 17:27:463
Nurse_G._struthium,H._squamatum,0.523298214230544,0.523298214230544,1,2,-1,natural,2025-07-19 17:27:463
Nurse_S._viscosa,S._viscosa,-0.192454903089875,-0.192454903089875,1,2,-1,natural,2025-07-19 17:27:463
Nurse_G._struthium,S._viscosa,0.790247997345217,0.790247997345217,1,2,-1,natural,2025-07-19 17:27:463
H._squamatum,S._viscosa,0.930871290458592,0.930871290458592,1,2,-1,natural,2025-07-19 17:27:463
Nurse_S._viscosa,C._hispanica,0.63147856569295,0.63147856569295,1,2,-1,natural,2025-07-19 17:27:463
Nurse_G._struthium,C._hispanica,-0.354573769610283,-0.354573769610283,1,2,-1,natural,2025-07-19 17:27:463
H._squamatum,C._hispanica,0.492730727837863,0.492730727837863,1,2,-1,natural,2025-07-19 17:27:463
S._viscosa,C._hispanica,0.854598085175521,0.854598085175521,1,2,-1,natural,2025-07-19 17:27:463
Nurse_S._viscosa,Other_species,-0.0751430209237589,-0.0751430209237589,1,2,-1,natural,2025-07-19 17:27:463
Nurse_G._struthium,Other_species,1.8046994368021,1.8046994368021,1,2,-1,natural,2025-07-19 17:27:463
H._squamatum,Other_species,0.43176293779439,0.43176293779439,1,2,-1,natural,2025-07-19 17:27:463
S._viscosa,Other_species,0.833830893670249,0.833830893670249,1,2,-1,natural,2025-07-19 17:27:463
C._hispanica,Other_species,0.554759667686645,0.554759667686645,1,2,-1,natural,2025-07-19 17:27:463
Nurse_S._viscosa,Nurse_G._struthium,-7.07029830048042,-7.07029830048042,1,2,-1,restoration,2025-07-19 17:27:453
Nurse_S._viscosa,H._squamatum,2.18457143956252,2.18457143956252,1,2,-1,restoration,2025-07-19 17:27:453
Nurse_G._struthium,H._squamatum,2.13552865931197,2.13552865931197,1,2,-1,restoration,2025-07-19 17:27:453
Nurse_S._viscosa,S._viscosa,3.08994475937548,3.08994475937548,1,2,-1,restoration,2025-07-19 17:27:453
Nurse_G._struthium,S._viscosa,0.751946082322549,0.751946082322549,1,2,-1,restoration,2025-07-19 17:27:453
H._squamatum,S._viscosa,-0.174742698572059,-0.174742698572059,1,2,-1,restoration,2025-07-19 17:27:453
Nurse_S._viscosa,C._hispanica,2.14944299503112,2.14944299503112,1,2,-1,restoration,2025-07-19 17:27:453
Nurse_G._struthium,C._hispanica,0.0323527908112998,0.0323527908112998,1,2,-1,restoration,2025-07-19 17:27:453
H._squamatum,C._hispanica,-1.11433259694958,-1.11433259694958,1,2,-1,restoration,2025-07-19 17:27:453
S._viscosa,C._hispanica,-0.426551181870765,-0.426551181870765,1,2,-1,restoration,2025-07-19 17:27:453
Nurse_S._viscosa,Other_species,2.51848694239485,2.51848694239485,1,2,-1,restoration,2025-07-19 17:27:453
Nurse_G._struthium,Other_species,1.74923198137473,1.74923198137473,1,2,-1,restoration,2025-07-19 17:27:453
H._squamatum,Other_species,-0.0553264224556012,-0.0553264224556012,1,2,-1,restoration,2025-07-19 17:27:453
S._viscosa,Other_species,1.57917327452067,1.57917327452067,1,2,-1,restoration,2025-07-19 17:27:453
C._hispanica,Other_species,1.53803791361676,1.53803791361676,1,2,-1,restoration,2025-07-19 17:27:453
Nurse_S._viscosa,Nurse_G._struthium,-6.78407107781144,-6.78407107781144,1,2,-1,natural,2025-07-19 17:27:453
Nurse_S._viscosa,H._squamatum,1.12121872919926,1.12121872919926,1,2,-1,natural,2025-07-19 17:27:453
Nurse_G._struthium,H._squamatum,0.399536092510922,0.399536092510922,1,2,-1,natural,2025-07-19 17:27:453
Nurse_S._viscosa,S._viscosa,-0.393183720539436,-0.393183720539436,1,2,-1,natural,2025-07-19 17:27:453
Nurse_G._struthium,S._viscosa,0.74183077256994,0.74183077256994,1,2,-1,natural,2025-07-19 17:27:453
H._squamatum,S._viscosa,1.02019504803608,1.02019504803608,1,2,-1,natural,2025-07-19 17:27:453
Nurse_S._viscosa,C._hispanica,0.732722850839068,0.732722850839068,1,2,-1,natural,2025-07-19 17:27:453
Nurse_G._struthium,C._hispanica,-0.471168145881123,-0.471168145881123,1,2,-1,natural,2025-07-19 17:27:453
H._squamatum,C._hispanica,0.709011264830427,0.709011264830427,1,2,-1,natural,2025-07-19 17:27:453
S._viscosa,C._hispanica,0.796012890131305,0.796012890131305,1,2,-1,natural,2025-07-19 17:27:453
Nurse_S._viscosa,Other_species,-0.182719294190473,-0.182719294190473,1,2,-1,natural,2025-07-19 17:27:453
Nurse_G._struthium,Other_species,1.7514901329028,1.7514901329028,1,2,-1,natural,2025-07-19 17:27:453
H._squamatum,Other_species,0.596936279480945,0.596936279480945,1,2,-1,natural,2025-07-19 17:27:453
S._viscosa,Other_species,0.742482465054208,0.742482465054208,1,2,-1,natural,2025-07-19 17:27:453
C._hispanica,Other_species,0.397895673321665,0.397895673321665,1,2,-1,natural,2025-07-19 17:27:453
Nurse_S._viscosa,Nurse_G._struthium,-7.46253135963139,-7.46253135963139,1,2,-1,restoration,2025-07-19 17:27:453
Nurse_S._viscosa,H._squamatum,1.90612165851898,1.90612165851898,1,2,-1,restoration,2025-07-19 17:27:453
Nurse_G._struthium,H._squamatum,2.76110773476895,2.76110773476895,1,2,-1,restoration,2025-07-19 17:27:453
Nurse_S._viscosa,S._viscosa,3.66497923968465,3.66497923968465,1,2,-1,restoration,2025-07-19 17:27:453
Nurse_G._struthium,S._viscosa,1.16091627916215,1.16091627916215,1,2,-1,restoration,2025-07-19 17:27:453
H._squamatum,S._viscosa,0.107871150783511,0.107871150783511,1,2,-1,restoration,2025-07-19 17:27:453
Nurse_S._viscosa,C._hispanica,2.64753228553894,2.64753228553894,1,2,-1,restoration,2025-07-19 17:27:453
Nurse_G._struthium,C._hispanica,0.3771133305223,0.3771133305223,1,2,-1,restoration,2025-07-19 17:27:453
H._squamatum,C._hispanica,-1.03920841012127,-1.03920841012127,1,2,-1,restoration,2025-07-19 17:27:453
S._viscosa,C._hispanica,-2.64737828398963,-2.64737828398963,1,2,-1,restoration,2025-07-19 17:27:453
Nurse_S._viscosa,Other_species,2.01322774190781,2.01322774190781,1,2,-1,restoration,2025-07-19 17:27:453
Nurse_G._struthium,Other_species,3.14282627660945,3.14282627660945,1,2,-1,restoration,2025-07-19 17:27:453
H._squamatum,Other_species,1.15909807911423,1.15909807911423,1,2,-1,restoration,2025-07-19 17:27:453
S._viscosa,Other_species,1.0364126463913,1.0364126463913,1,2,-1,restoration,2025-07-19 17:27:453
C._hispanica,Other_species,2.89586820529392,2.89586820529392,1,2,-1,restoration,2025-07-19 17:27:453
Nurse_S._viscosa,Nurse_G._struthium,-6.8037537819187,-6.8037537819187,1,2,-1,natural,2025-07-19 17:27:453
Nurse_S._viscosa,H._squamatum,1.26774880822274,1.26774880822274,1,2,-1,natural,2025-07-19 17:27:453
Nurse_G._struthium,H._squamatum,0.341407526526658,0.341407526526658,1,2,-1,natural,2025-07-19 17:27:453
Nurse_S._viscosa,S._viscosa,-0.605263026700691,-0.605263026700691,1,2,-1,natural,2025-07-19 17:27:453
Nurse_G._struthium,S._viscosa,0.873129213615135,0.873129213615135,1,2,-1,natural,2025-07-19 17:27:453
H._squamatum,S._viscosa,1.16209537349322,1.16209537349322,1,2,-1,natural,2025-07-19 17:27:453
Nurse_S._viscosa,C._hispanica,0.80678246010199,0.80678246010199,1,2,-1,natural,2025-07-19 17:27:453
Nurse_G._struthium,C._hispanica,-0.187658049247345,-0.187658049247345,1,2,-1,natural,2025-07-19 17:27:453
H._squamatum,C._hispanica,0.692723574565921,0.692723574565921,1,2,-1,natural,2025-07-19 17:27:453
S._viscosa,C._hispanica,0.865197775506343,0.865197775506343,1,2,-1,natural,2025-07-19 17:27:453
Nurse_S._viscosa,Other_species,-0.1369882587343,-0.1369882587343,1,2,-1,natural,2025-07-19 17:27:453
Nurse_G._struthium,Other_species,1.84292876674367,1.84292876674367,1,2,-1,natural,2025-07-19 17:27:453
H._squamatum,Other_species,0.617490356571187,0.617490356571187,1,2,-1,natural,2025-07-19 17:27:453
S._viscosa,Other_species,0.629967519873595,0.629967519873595,1,2,-1,natural,2025-07-19 17:27:453
C._hispanica,Other_species,0.499062159278301,0.499062159278301,1,2,-1,natural,2025-07-19 17:27:453
Nurse_S._viscosa,Nurse_G._struthium,-7.93442298093358,-7.93442298093358,1,2,-1,restoration,2025-07-19 17:27:453
Nurse_S._viscosa,H._squamatum,2.18176812131542,2.18176812131542,1,2,-1,restoration,2025-07-19 17:27:453
Nurse_G._struthium,H._squamatum,2.35382611461632,2.35382611461632,1,2,-1,restoration,2025-07-19 17:27:453
Nurse_S._viscosa,S._viscosa,3.63935628967558,3.63935628967558,1,2,-1,restoration,2025-07-19 17:27:453
Nurse_G._struthium,S._viscosa,1.44265204795847,1.44265204795847,1,2,-1,restoration,2025-07-19 17:27:453
H._squamatum,S._viscosa,-0.245139720269511,-0.245139720269511,1,2,-1,restoration,2025-07-19 17:27:453
Nurse_S._viscosa,C._hispanica,1.45012436838564,1.45012436838564,1,2,-1,restoration,2025-07-19 17:27:453
Nurse_G._struthium,C._hispanica,1.21556434415439,1.21556434415439,1,2,-1,restoration,2025-07-19 17:27:453
H._squamatum,C._hispanica,0.213702996763518,0.213702996763518,1,2,-1,restoration,2025-07-19 17:27:453
S._viscosa,C._hispanica,1.09379258172137,1.09379258172137,1,2,-1,restoration,2025-07-19 17:27:453
Nurse_S._viscosa,Other_species,3.04672671181363,3.04672671181363,1,2,-1,restoration,2025-07-19 17:27:453
Nurse_G._struthium,Other_species,2.87054778972214,2.87054778972214,1,2,-1,restoration,2025-07-19 17:27:453
H._squamatum,Other_species,0.922441884978608,0.922441884978608,1,2,-1,restoration,2025-07-19 17:27:453
S._viscosa,Other_species,1.36779800890584,1.36779800890584,1,2,-1,restoration,2025-07-19 17:27:453
C._hispanica,Other_species,2.1435961173086,2.1435961173086,1,2,-1,restoration,2025-07-19 17:27:453
Nurse_S._viscosa,Nurse_G._struthium,-6.90972886145248,-6.90972886145248,1,2,-1,natural,2025-07-19 17:27:453
Nurse_S._viscosa,H._squamatum,0.913201322266307,0.913201322266307,1,2,-1,natural,2025-07-19 17:27:453
Nurse_G._struthium,H._squamatum,0.4129121005993,0.4129121005993,1,2,-1,natural,2025-07-19 17:27:453
Nurse_S._viscosa,S._viscosa,-0.429716009093204,-0.429716009093204,1,2,-1,natural,2025-07-19 17:27:453
Nurse_G._struthium,S._viscosa,0.789864989201242,0.789864989201242,1,2,-1,natural,2025-07-19 17:27:453
H._squamatum,S._viscosa,0.992485658482204,0.992485658482204,1,2,-1,natural,2025-07-19 17:27:453
Nurse_S._viscosa,C._hispanica,0.533114163582397,0.533114163582397,1,2,-1,natural,2025-07-19 17:27:453
Nurse_G._struthium,C._hispanica,-0.0209873468990216,-0.0209873468990216,1,2,-1,natural,2025-07-19 17:27:453
H._squamatum,C._hispanica,0.569453083344093,0.569453083344093,1,2,-1,natural,2025-07-19 17:27:453
S._viscosa,C._hispanica,0.927517302761684,0.927517302761684,1,2,-1,natural,2025-07-19 17:27:453
Nurse_S._viscosa,Other_species,-0.165967692419969,-0.165967692419969,1,2,-1,natural,2025-07-19 17:27:453
Nurse_G._struthium,Other_species,1.74962735001466,1.74962735001466,1,2,-1,natural,2025-07-19 17:27:453
H._squamatum,Other_species,0.483059669661962,0.483059669661962,1,2,-1,natural,2025-07-19 17:27:453
S._viscosa,Other_species,0.653995365799211,0.653995365799211,1,2,-1,natural,2025-07-19 17:27:453
C._hispanica,Other_species,0.43099954730309,0.43099954730309,1,2,-1,natural,2025-07-19 17:27:453
Nurse_S._viscosa,Nurse_G._struthium,-7.79420113074835,-7.79420113074835,1,2,-1,restoration,2025-07-19 17:27:443
Nurse_S._viscosa,H._squamatum,1.8694627856774,1.8694627856774,1,2,-1,restoration,2025-07-19 17:27:443
Nurse_G._struthium,H._squamatum,2.5311902320028,2.5311902320028,1,2,-1,restoration,2025-07-19 17:27:443
Nurse_S._viscosa,S._viscosa,3.68068923754316,3.68068923754316,1,2,-1,restoration,2025-07-19 17:27:443
Nurse_G._struthium,S._viscosa,1.23387226192348,1.23387226192348,1,2,-1,restoration,2025-07-19 17:27:443
H._squamatum,S._viscosa,0.877994445034156,0.877994445034156,1,2,-1,restoration,2025-07-19 17:27:443
Nurse_S._viscosa,C._hispanica,2.85563586988491,2.85563586988491,1,2,-1,restoration,2025-07-19 17:27:443
Nurse_G._struthium,C._hispanica,0.955746459940078,0.955746459940078,1,2,-1,restoration,2025-07-19 17:27:443
H._squamatum,C._hispanica,0.0560951516393176,0.0560951516393176,1,2,-1,restoration,2025-07-19 17:27:443
S._viscosa,C._hispanica,0.162306805611115,0.162306805611115,1,2,-1,restoration,2025-07-19 17:27:443
Nurse_S._viscosa,Other_species,1.50946664812551,1.50946664812551,1,2,-1,restoration,2025-07-19 17:27:443
Nurse_G._struthium,Other_species,2.2417805149927,2.2417805149927,1,2,-1,restoration,2025-07-19 17:27:443
H._squamatum,Other_species,0.620344138450766,0.620344138450766,1,2,-1,restoration,2025-07-19 17:27:443
S._viscosa,Other_species,0.952190596544443,0.952190596544443,1,2,-1,restoration,2025-07-19 17:27:443
C._hispanica,Other_species,2.87688785210153,2.87688785210153,1,2,-1,restoration,2025-07-19 17:27:443
Nurse_S._viscosa,Nurse_G._struthium,-6.85604008916166,-6.85604008916166,1,2,-1,natural,2025-07-19 17:27:443
Nurse_S._viscosa,H._squamatum,1.17616626998209,1.17616626998209,1,2,-1,natural,2025-07-19 17:27:443
Nurse_G._struthium,H._squamatum,0.473262241531535,0.473262241531535,1,2,-1,natural,2025-07-19 17:27:443
Nurse_S._viscosa,S._viscosa,-0.275196603553954,-0.275196603553954,1,2,-1,natural,2025-07-19 17:27:443
Nurse_G._struthium,S._viscosa,0.744477812346735,0.744477812346735,1,2,-1,natural,2025-07-19 17:27:443
H._squamatum,S._viscosa,0.969407622849574,0.969407622849574,1,2,-1,natural,2025-07-19 17:27:443
Nurse_S._viscosa,C._hispanica,0.44619487183192,0.44619487183192,1,2,-1,natural,2025-07-19 17:27:443
Nurse_G._struthium,C._hispanica,-0.231372410143033,-0.231372410143033,1,2,-1,natural,2025-07-19 17:27:443
H._squamatum,C._hispanica,0.635547279847782,0.635547279847782,1,2,-1,natural,2025-07-19 17:27:443
S._viscosa,C._hispanica,0.64354101152931,0.64354101152931,1,2,-1,natural,2025-07-19 17:27:443
Nurse_S._viscosa,Other_species,-0.255507429837589,-0.255507429837589,1,2,-1,natural,2025-07-19 17:27:443
Nurse_G._struthium,Other_species,1.6612289435586,1.6612289435586,1,2,-1,natural,2025-07-19 17:27:443
H._squamatum,Other_species,0.511745151739313,0.511745151739313,1,2,-1,natural,2025-07-19 17:27:443
S._viscosa,Other_species,0.776369997157,0.776369997157,1,2,-1,natural,2025-07-19 17:27:443
C._hispanica,Other_species,0.709691371689626,0.709691371689626,1,2,-1,natural,2025-07-19 17:27:443
Nurse_S._viscosa,Nurse_G._struthium,-8.37138090067424,-8.37138090067424,1,2,-1,restoration,2025-07-19 17:27:443
Nurse_S._viscosa,H._squamatum,2.7872489671528,2.7872489671528,1,2,-1,restoration,2025-07-19 17:27:443
Nurse_G._struthium,H._squamatum,3.3498996049428,3.3498996049428,1,2,-1,restoration,2025-07-19 17:27:443
Nurse_S._viscosa,S._viscosa,4.05157728602246,4.05157728602246,1,2,-1,restoration,2025-07-19 17:27:443
Nurse_G._struthium,S._viscosa,1.9111321753593,1.9111321753593,1,2,-1,restoration,2025-07-19 17:27:443
H._squamatum,S._viscosa,0.523490681592136,0.523490681592136,1,2,-1,restoration,2025-07-19 17:27:443
Nurse_S._viscosa,C._hispanica,2.57563186488977,2.57563186488977,1,2,-1,restoration,2025-07-19 17:27:443
Nurse_G._struthium,C._hispanica,0.693893747492022,0.693893747492022,1,2,-1,restoration,2025-07-19 17:27:443
H._squamatum,C._hispanica,-1.45072054975861,-1.45072054975861,1,2,-1,restoration,2025-07-19 17:27:443
S._viscosa,C._hispanica,-1.54653398204214,-1.54653398204214,1,2,-1,restoration,2025-07-19 17:27:443
Nurse_S._viscosa,Other_species,2.8797151201933,2.8797151201933,1,2,-1,restoration,2025-07-19 17:27:443
Nurse_G._struthium,Other_species,2.98802681108648,2.98802681108648,1,2,-1,restoration,2025-07-19 17:27:443
H._squamatum,Other_species,0.299306003305563,0.299306003305563,1,2,-1,restoration,2025-07-19 17:27:443
S._viscosa,Other_species,1.16343224184037,1.16343224184037,1,2,-1,restoration,2025-07-19 17:27:443
C._hispanica,Other_species,3.40623153001258,3.40623153001258,1,2,-1,restoration,2025-07-19 17:27:443
Nurse_S._viscosa,Nurse_G._struthium,-6.89771026522487,-6.89771026522487,1,2,-1,natural,2025-07-19 17:27:443
Nurse_S._viscosa,H._squamatum,1.18817060489277,1.18817060489277,1,2,-1,natural,2025-07-19 17:27:443
Nurse_G._struthium,H._squamatum,0.497165971653676,0.497165971653676,1,2,-1,natural,2025-07-19 17:27:443
Nurse_S._viscosa,S._viscosa,-0.558966510999334,-0.558966510999334,1,2,-1,natural,2025-07-19 17:27:443
Nurse_G._struthium,S._viscosa,0.746346907905431,0.746346907905431,1,2,-1,natural,2025-07-19 17:27:443
H._squamatum,S._viscosa,1.01709797218086,1.01709797218086,1,2,-1,natural,2025-07-19 17:27:443
Nurse_S._viscosa,C._hispanica,0.669210054962613,0.669210054962613,1,2,-1,natural,2025-07-19 17:27:443
Nurse_G._struthium,C._hispanica,-0.276099277544282,-0.276099277544282,1,2,-1,natural,2025-07-19 17:27:443
H._squamatum,C._hispanica,0.796261808655431,0.796261808655431,1,2,-1,natural,2025-07-19 17:27:443
S._viscosa,C._hispanica,0.589602907639041,0.589602907639041,1,2,-1,natural,2025-07-19 17:27:443
Nurse_S._viscosa,Other_species,-0.106507281274384,-0.106507281274384,1,2,-1,natural,2025-07-19 17:27:443
Nurse_G._struthium,Other_species,1.79367823015788,1.79367823015788,1,2,-1,natural,2025-07-19 17:27:443
H._squamatum,Other_species,0.78060795722182,0.78060795722182,1,2,-1,natural,2025-07-19 17:27:443
S._viscosa,Other_species,0.79020938622083,0.79020938622083,1,2,-1,natural,2025-07-19 17:27:443
C._hispanica,Other_species,0.781070470922144,0.781070470922144,1,2,-1,natural,2025-07-19 17:27:443
Nurse_S._viscosa,Nurse_G._struthium,-8.92804169814766,-8.92804169814766,1,2,-1,restoration,2025-07-19 17:27:433
Nurse_S._viscosa,H._squamatum,3.92340371861326,3.92340371861326,1,2,-1,restoration,2025-07-19 17:27:433
Nurse_G._struthium,H._squamatum,3.90211082176081,3.90211082176081,1,2,-1,restoration,2025-07-19 17:27:433
Nurse_S._viscosa,S._viscosa,2.9086056436764,2.9086056436764,1,2,-1,restoration,2025-07-19 17:27:433
Nurse_G._struthium,S._viscosa,0.675087513385281,0.675087513385281,1,2,-1,restoration,2025-07-19 17:27:433
H._squamatum,S._viscosa,-0.216576950457529,-0.216576950457529,1,2,-1,restoration,2025-07-19 17:27:433
Nurse_S._viscosa,C._hispanica,1.78002441474102,1.78002441474102,1,2,-1,restoration,2025-07-19 17:27:433
Nurse_G._struthium,C._hispanica,-0.946217408021299,-0.946217408021299,1,2,-1,restoration,2025-07-19 17:27:433
H._squamatum,C._hispanica,0.21765582946061,0.21765582946061,1,2,-1,restoration,2025-07-19 17:27:433
S._viscosa,C._hispanica,0.0478470111321591,0.0478470111321591,1,2,-1,restoration,2025-07-19 17:27:433
Nurse_S._viscosa,Other_species,2.35857886085761,2.35857886085761,1,2,-1,restoration,2025-07-19 17:27:433
Nurse_G._struthium,Other_species,2.72430941388309,2.72430941388309,1,2,-1,restoration,2025-07-19 17:27:433
H._squamatum,Other_species,1.01175146871965,1.01175146871965,1,2,-1,restoration,2025-07-19 17:27:433
S._viscosa,Other_species,2.44020404819002,2.44020404819002,1,2,-1,restoration,2025-07-19 17:27:433
C._hispanica,Other_species,2.45128901644718,2.45128901644718,1,2,-1,restoration,2025-07-19 17:27:433
Nurse_S._viscosa,Nurse_G._struthium,-6.79633270166592,-6.79633270166592,1,2,-1,natural,2025-07-19 17:27:433
Nurse_S._viscosa,H._squamatum,0.919547155506629,0.919547155506629,1,2,-1,natural,2025-07-19 17:27:433
Nurse_G._struthium,H._squamatum,0.458966774756889,0.458966774756889,1,2,-1,natural,2025-07-19 17:27:433
Nurse_S._viscosa,S._viscosa,-0.521043400638509,-0.521043400638509,1,2,-1,natural,2025-07-19 17:27:433
Nurse_G._struthium,S._viscosa,0.728193472243365,0.728193472243365,1,2,-1,natural,2025-07-19 17:27:433
H._squamatum,S._viscosa,0.824113129279502,0.824113129279502,1,2,-1,natural,2025-07-19 17:27:433
Nurse_S._viscosa,C._hispanica,0.711562974516235,0.711562974516235,1,2,-1,natural,2025-07-19 17:27:433
Nurse_G._struthium,C._hispanica,0.027851279954169,0.027851279954169,1,2,-1,natural,2025-07-19 17:27:433
H._squamatum,C._hispanica,0.580862332915256,0.580862332915256,1,2,-1,natural,2025-07-19 17:27:433
S._viscosa,C._hispanica,0.707415942872232,0.707415942872232,1,2,-1,natural,2025-07-19 17:27:433
Nurse_S._viscosa,Other_species,-0.328396950138217,-0.328396950138217,1,2,-1,natural,2025-07-19 17:27:433
Nurse_G._struthium,Other_species,1.61872356926753,1.61872356926753,1,2,-1,natural,2025-07-19 17:27:433
H._squamatum,Other_species,0.434113122205141,0.434113122205141,1,2,-1,natural,2025-07-19 17:27:433
S._viscosa,Other_species,0.4945937498436,0.4945937498436,1,2,-1,natural,2025-07-19 17:27:433
C._hispanica,Other_species,0.544523142550797,0.544523142550797,1,2,-1,natural,2025-07-19 17:27:433
Nurse_S._viscosa,Nurse_G._struthium,-8.84355124410395,-8.84355124410395,1,2,-1,restoration,2025-07-19 17:27:433
Nurse_S._viscosa,H._squamatum,2.89282610376663,2.89282610376663,1,2,-1,restoration,2025-07-19 17:27:433
Nurse_G._struthium,H._squamatum,3.51026437822658,3.51026437822658,1,2,-1,restoration,2025-07-19 17:27:433
Nurse_S._viscosa,S._viscosa,3.72123322896148,3.72123322896148,1,2,-1,restoration,2025-07-19 17:27:433
Nurse_G._struthium,S._viscosa,1.56485923573151,1.56485923573151,1,2,-1,restoration,2025-07-19 17:27:433
H._squamatum,S._viscosa,0.725912804114575,0.725912804114575,1,2,-1,restoration,2025-07-19 17:27:433
Nurse_S._viscosa,C._hispanica,2.4955836940024,2.4955836940024,1,2,-1,restoration,2025-07-19 17:27:433
Nurse_G._struthium,C._hispanica,0.236161013984155,0.236161013984155,1,2,-1,restoration,2025-07-19 17:27:433
H._squamatum,C._hispanica,0.603368861160045,0.603368861160045,1,2,-1,restoration,2025-07-19 17:27:433
S._viscosa,C._hispanica,-0.104406104747874,-0.104406104747874,1,2,-1,restoration,2025-07-19 17:27:433
Nurse_S._viscosa,Other_species,2.95642964203439,2.95642964203439,1,2,-1,restoration,2025-07-19 17:27:433
Nurse_G._struthium,Other_species,3.32668138896322,3.32668138896322,1,2,-1,restoration,2025-07-19 17:27:433
H._squamatum,Other_species,0.79575086744397,0.79575086744397,1,2,-1,restoration,2025-07-19 17:27:433
S._viscosa,Other_species,1.34103660156892,1.34103660156892,1,2,-1,restoration,2025-07-19 17:27:433
C._hispanica,Other_species,2.43707417503071,2.43707417503071,1,2,-1,restoration,2025-07-19 17:27:433
Nurse_S._viscosa,Nurse_G._struthium,-6.78927371556218,-6.78927371556218,1,2,-1,natural,2025-07-19 17:27:433
Nurse_S._viscosa,H._squamatum,1.37958905777757,1.37958905777757,1,2,-1,natural,2025-07-19 17:27:433
Nurse_G._struthium,H._squamatum,0.70308706030422,0.70308706030422,1,2,-1,natural,2025-07-19 17:27:433
Nurse_S._viscosa,S._viscosa,-0.768095559965649,-0.768095559965649,1,2,-1,natural,2025-07-19 17:27:433
Nurse_G._struthium,S._viscosa,0.529561282935877,0.529561282935877,1,2,-1,natural,2025-07-19 17:27:433
H._squamatum,S._viscosa,0.955119837502873,0.955119837502873,1,2,-1,natural,2025-07-19 17:27:433
Nurse_S._viscosa,C._hispanica,0.86541693890135,0.86541693890135,1,2,-1,natural,2025-07-19 17:27:433
Nurse_G._struthium,C._hispanica,-0.0168339962498675,-0.0168339962498675,1,2,-1,natural,2025-07-19 17:27:433
H._squamatum,C._hispanica,0.512064796814067,0.512064796814067,1,2,-1,natural,2025-07-19 17:27:433
S._viscosa,C._hispanica,0.913294662800365,0.913294662800365,1,2,-1,natural,2025-07-19 17:27:433
Nurse_S._viscosa,Other_species,-0.140653289457982,-0.140653289457982,1,2,-1,natural,2025-07-19 17:27:433
Nurse_G._struthium,Other_species,1.98017064997222,1.98017064997222,1,2,-1,natural,2025-07-19 17:27:433
H._squamatum,Other_species,0.835377759813308,0.835377759813308,1,2,-1,natural,2025-07-19 17:27:433
S._viscosa,Other_species,0.806399629235404,0.806399629235404,1,2,-1,natural,2025-07-19 17:27:433
C._hispanica,Other_species,0.757723997247395,0.757723997247395,1,2,-1,natural,2025-07-19 17:27:433
Nurse_S._viscosa,Nurse_G._struthium,-7.67559883865838,-7.67559883865838,1,2,-1,restoration,2025-07-19 17:27:433
Nurse_S._viscosa,H._squamatum,1.87718362030823,1.87718362030823,1,2,-1,restoration,2025-07-19 17:27:433
Nurse_G._struthium,H._squamatum,2.66128325062583,2.66128325062583,1,2,-1,restoration,2025-07-19 17:27:433
Nurse_S._viscosa,S._viscosa,3.23420220143168,3.23420220143168,1,2,-1,restoration,2025-07-19 17:27:433
Nurse_G._struthium,S._viscosa,0.999654137142043,0.999654137142043,1,2,-1,restoration,2025-07-19 17:27:433
H._squamatum,S._viscosa,-0.00790286076168615,-0.00790286076168615,1,2,-1,restoration,2025-07-19 17:27:433
Nurse_S._viscosa,C._hispanica,1.9970752023529,1.9970752023529,1,2,-1,restoration,2025-07-19 17:27:433
Nurse_G._struthium,C._hispanica,0.769747342090704,0.769747342090704,1,2,-1,restoration,2025-07-19 17:27:433
H._squamatum,C._hispanica,0.0130475634658869,0.0130475634658869,1,2,-1,restoration,2025-07-19 17:27:433
S._viscosa,C._hispanica,0.00932919359676926,0.00932919359676926,1,2,-1,restoration,2025-07-19 17:27:433
Nurse_S._viscosa,Other_species,3.21620668976445,3.21620668976445,1,2,-1,restoration,2025-07-19 17:27:433
Nurse_G._struthium,Other_species,2.71967454866647,2.71967454866647,1,2,-1,restoration,2025-07-19 17:27:433
H._squamatum,Other_species,0.114575448110227,0.114575448110227,1,2,-1,restoration,2025-07-19 17:27:433
S._viscosa,Other_species,1.98622309903252,1.98622309903252,1,2,-1,restoration,2025-07-19 17:27:433
C._hispanica,Other_species,1.72644372609339,1.72644372609339,1,2,-1,restoration,2025-07-19 17:27:433
Nurse_S._viscosa,Nurse_G._struthium,-6.94903253968759,-6.94903253968759,1,2,-1,natural,2025-07-19 17:27:433
Nurse_S._viscosa,H._squamatum,1.15143447322969,1.15143447322969,1,2,-1,natural,2025-07-19 17:27:433
Nurse_G._struthium,H._squamatum,0.31935444582009,0.31935444582009,1,2,-1,natural,2025-07-19 17:27:433
Nurse_S._viscosa,S._viscosa,-0.213982183083919,-0.213982183083919,1,2,-1,natural,2025-07-19 17:27:433
Nurse_G._struthium,S._viscosa,0.921513473877877,0.921513473877877,1,2,-1,natural,2025-07-19 17:27:433
H._squamatum,S._viscosa,1.12701538645099,1.12701538645099,1,2,-1,natural,2025-07-19 17:27:433
Nurse_S._viscosa,C._hispanica,0.407423270766486,0.407423270766486,1,2,-1,natural,2025-07-19 17:27:433
Nurse_G._struthium,C._hispanica,-0.263084555559963,-0.263084555559963,1,2,-1,natural,2025-07-19 17:27:433
H._squamatum,C._hispanica,0.623145077470276,0.623145077470276,1,2,-1,natural,2025-07-19 17:27:433
S._viscosa,C._hispanica,0.709666789885194,0.709666789885194,1,2,-1,natural,2025-07-19 17:27:433
Nurse_S._viscosa,Other_species,-0.219004753154816,-0.219004753154816,1,2,-1,natural,2025-07-19 17:27:433
Nurse_G._struthium,Other_species,1.78172768094352,1.78172768094352,1,2,-1,natural,2025-07-19 17:27:433
H._squamatum,Other_species,0.64159933929977,0.64159933929977,1,2,-1,natural,2025-07-19 17:27:433
S._viscosa,Other_species,0.429339507617317,0.429339507617317,1,2,-1,natural,2025-07-19 17:27:433
C._hispanica,Other_species,0.352336554746784,0.352336554746784,1,2,-1,natural,2025-07-19 17:27:433
Nurse_S._viscosa,Nurse_G._struthium,-7.73908956218269,-7.73908956218269,1,2,-1,restoration,2025-07-19 17:27:423
Nurse_S._viscosa,H._squamatum,1.92880025235947,1.92880025235947,1,2,-1,restoration,2025-07-19 17:27:423
Nurse_G._struthium,H._squamatum,2.37530372436718,2.37530372436718,1,2,-1,restoration,2025-07-19 17:27:423
Nurse_S._viscosa,S._viscosa,3.68202062986679,3.68202062986679,1,2,-1,restoration,2025-07-19 17:27:423
Nurse_G._struthium,S._viscosa,0.919306900862301,0.919306900862301,1,2,-1,restoration,2025-07-19 17:27:423
H._squamatum,S._viscosa,0.754258310837754,0.754258310837754,1,2,-1,restoration,2025-07-19 17:27:423
Nurse_S._viscosa,C._hispanica,1.89550118260797,1.89550118260797,1,2,-1,restoration,2025-07-19 17:27:423
Nurse_G._struthium,C._hispanica,0.100816534250023,0.100816534250023,1,2,-1,restoration,2025-07-19 17:27:423
H._squamatum,C._hispanica,-1.50213111644643,-1.50213111644643,1,2,-1,restoration,2025-07-19 17:27:423
S._viscosa,C._hispanica,-0.476066462970027,-0.476066462970027,1,2,-1,restoration,2025-07-19 17:27:423
Nurse_S._viscosa,Other_species,2.27729388410357,2.27729388410357,1,2,-1,restoration,2025-07-19 17:27:423
Nurse_G._struthium,Other_species,2.48946873251781,2.48946873251781,1,2,-1,restoration,2025-07-19 17:27:423
H._squamatum,Other_species,0.772827412422173,0.772827412422173,1,2,-1,restoration,2025-07-19 17:27:423
S._viscosa,Other_species,1.07498772662986,1.07498772662986,1,2,-1,restoration,2025-07-19 17:27:423
C._hispanica,Other_species,2.37315627869597,2.37315627869597,1,2,-1,restoration,2025-07-19 17:27:423
Nurse_S._viscosa,Nurse_G._struthium,-6.78515465703584,-6.78515465703584,1,2,-1,natural,2025-07-19 17:27:423
Nurse_S._viscosa,H._squamatum,1.17258870839467,1.17258870839467,1,2,-1,natural,2025-07-19 17:27:423
Nurse_G._struthium,H._squamatum,0.62686261606635,0.62686261606635,1,2,-1,natural,2025-07-19 17:27:423
Nurse_S._viscosa,S._viscosa,-0.384786580840635,-0.384786580840635,1,2,-1,natural,2025-07-19 17:27:423
Nurse_G._struthium,S._viscosa,0.832835023715012,0.832835023715012,1,2,-1,natural,2025-07-19 17:27:423
H._squamatum,S._viscosa,1.11869688727343,1.11869688727343,1,2,-1,natural,2025-07-19 17:27:423
Nurse_S._viscosa,C._hispanica,0.683801582961856,0.683801582961856,1,2,-1,natural,2025-07-19 17:27:423
Nurse_G._struthium,C._hispanica,-0.530571064967719,-0.530571064967719,1,2,-1,natural,2025-07-19 17:27:423
H._squamatum,C._hispanica,0.83919857429954,0.83919857429954,1,2,-1,natural,2025-07-19 17:27:423
S._viscosa,C._hispanica,0.89449648576372,0.89449648576372,1,2,-1,natural,2025-07-19 17:27:423
Nurse_S._viscosa,Other_species,-0.133421189904675,-0.133421189904675,1,2,-1,natural,2025-07-19 17:27:423
Nurse_G._struthium,Other_species,2.15493566249774,2.15493566249774,1,2,-1,natural,2025-07-19 17:27:423
H._squamatum,Other_species,0.573506853913019,0.573506853913019,1,2,-1,natural,2025-07-19 17:27:423
S._viscosa,Other_species,0.495176018467345,0.495176018467345,1,2,-1,natural,2025-07-19 17:27:423
C._hispanica,Other_species,0.43307066793737,0.43307066793737,1,2,-1,natural,2025-07-19 17:27:423
Nurse_S._viscosa,Nurse_G._struthium,-7.90811382228307,-7.90811382228307,1,2,-1,restoration,2025-07-19 17:27:423
Nurse_S._viscosa,H._squamatum,2.3670045634242,2.3670045634242,1,2,-1,restoration,2025-07-19 17:27:423
Nurse_G._struthium,H._squamatum,2.55928986087257,2.55928986087257,1,2,-1,restoration,2025-07-19 17:27:423
Nurse_S._viscosa,S._viscosa,3.3277178103871,3.3277178103871,1,2,-1,restoration,2025-07-19 17:27:423
Nurse_G._struthium,S._viscosa,1.51385837425697,1.51385837425697,1,2,-1,restoration,2025-07-19 17:27:423
H._squamatum,S._viscosa,0.0701324240983821,0.0701324240983821,1,2,-1,restoration,2025-07-19 17:27:423
Nurse_S._viscosa,C._hispanica,2.0336557829171,2.0336557829171,1,2,-1,restoration,2025-07-19 17:27:423
Nurse_G._struthium,C._hispanica,0.317469752554661,0.317469752554661,1,2,-1,restoration,2025-07-19 17:27:423
H._squamatum,C._hispanica,-0.0599837258844201,-0.0599837258844201,1,2,-1,restoration,2025-07-19 17:27:423
S._viscosa,C._hispanica,0.249394560803248,0.249394560803248,1,2,-1,restoration,2025-07-19 17:27:423
Nurse_S._viscosa,Other_species,2.22875346544092,2.22875346544092,1,2,-1,restoration,2025-07-19 17:27:423
Nurse_G._struthium,Other_species,2.53282058913783,2.53282058913783,1,2,-1,restoration,2025-07-19 17:27:423
H._squamatum,Other_species,0.415951244978107,0.415951244978107,1,2,-1,restoration,2025-07-19 17:27:423
S._viscosa,Other_species,0.940345910141608,0.940345910141608,1,2,-1,restoration,2025-07-19 17:27:423
C._hispanica,Other_species,2.40047860471556,2.40047860471556,1,2,-1,restoration,2025-07-19 17:27:423
Nurse_S._viscosa,Nurse_G._struthium,-6.86668043718822,-6.86668043718822,1,2,-1,natural,2025-07-19 17:27:423
Nurse_S._viscosa,H._squamatum,1.10697784653059,1.10697784653059,1,2,-1,natural,2025-07-19 17:27:423
Nurse_G._struthium,H._squamatum,0.394151318118265,0.394151318118265,1,2,-1,natural,2025-07-19 17:27:423
Nurse_S._viscosa,S._viscosa,-0.370807201157107,-0.370807201157107,1,2,-1,natural,2025-07-19 17:27:423
Nurse_G._struthium,S._viscosa,0.68273193176589,0.68273193176589,1,2,-1,natural,2025-07-19 17:27:423
H._squamatum,S._viscosa,0.857505969948867,0.857505969948867,1,2,-1,natural,2025-07-19 17:27:423
Nurse_S._viscosa,C._hispanica,0.314524390664639,0.314524390664639,1,2,-1,natural,2025-07-19 17:27:423
Nurse_G._struthium,C._hispanica,-0.162395301371454,-0.162395301371454,1,2,-1,natural,2025-07-19 17:27:423
H._squamatum,C._hispanica,0.732801017873316,0.732801017873316,1,2,-1,natural,2025-07-19 17:27:423
S._viscosa,C._hispanica,0.409543313743256,0.409543313743256,1,2,-1,natural,2025-07-19 17:27:423
Nurse_S._viscosa,Other_species,-0.169603035947606,-0.169603035947606,1,2,-1,natural,2025-07-19 17:27:423
Nurse_G._struthium,Other_species,1.65193675533538,1.65193675533538,1,2,-1,natural,2025-07-19 17:27:423
H._squamatum,Other_species,0.755269852164173,0.755269852164173,1,2,-1,natural,2025-07-19 17:27:423
S._viscosa,Other_species,0.667655901048982,0.667655901048982,1,2,-1,natural,2025-07-19 17:27:423
C._hispanica,Other_species,0.500294973383053,0.500294973383053,1,2,-1,natural,2025-07-19 17:27:423
Nurse_S._viscosa,Nurse_G._struthium,-7.27275335361536,-7.27275335361536,1,2,-1,restoration,2025-07-19 17:27:423
Nurse_S._viscosa,H._squamatum,1.73429637141219,1.73429637141219,1,2,-1,restoration,2025-07-19 17:27:423
Nurse_G._struthium,H._squamatum,2.01340666861349,2.01340666861349,1,2,-1,restoration,2025-07-19 17:27:423
Nurse_S._viscosa,S._viscosa,3.64608268492939,3.64608268492939,1,2,-1,restoration,2025-07-19 17:27:423
Nurse_G._struthium,S._viscosa,1.10273049099317,1.10273049099317,1,2,-1,restoration,2025-07-19 17:27:423
H._squamatum,S._viscosa,-0.546720745814076,-0.546720745814076,1,2,-1,restoration,2025-07-19 17:27:423
Nurse_S._viscosa,C._hispanica,2.39883402205219,2.39883402205219,1,2,-1,restoration,2025-07-19 17:27:423
Nurse_G._struthium,C._hispanica,0.209549708331363,0.209549708331363,1,2,-1,restoration,2025-07-19 17:27:423
H._squamatum,C._hispanica,0.268907453602971,0.268907453602971,1,2,-1,restoration,2025-07-19 17:27:423
S._viscosa,C._hispanica,-0.802257629209646,-0.802257629209646,1,2,-1,restoration,2025-07-19 17:27:423
Nurse_S._viscosa,Other_species,2.46204072599879,2.46204072599879,1,2,-1,restoration,2025-07-19 17:27:423
Nurse_G._struthium,Other_species,2.64052282118153,2.64052282118153,1,2,-1,restoration,2025-07-19 17:27:423
H._squamatum,Other_species,1.14771667973238,1.14771667973238,1,2,-1,restoration,2025-07-19 17:27:423
S._viscosa,Other_species,1.39994090236518,1.39994090236518,1,2,-1,restoration,2025-07-19 17:27:423
C._hispanica,Other_species,1.94586247897933,1.94586247897933,1,2,-1,restoration,2025-07-19 17:27:423
Nurse_S._viscosa,Nurse_G._struthium,-6.85082456880995,-6.85082456880995,1,2,-1,natural,2025-07-19 17:27:423
Nurse_S._viscosa,H._squamatum,1.01204278776222,1.01204278776222,1,2,-1,natural,2025-07-19 17:27:423
Nurse_G._struthium,H._squamatum,0.595164343972537,0.595164343972537,1,2,-1,natural,2025-07-19 17:27:423
Nurse_S._viscosa,S._viscosa,-0.479903068729261,-0.479903068729261,1,2,-1,natural,2025-07-19 17:27:423
Nurse_G._struthium,S._viscosa,0.692316954215381,0.692316954215381,1,2,-1,natural,2025-07-19 17:27:423
H._squamatum,S._viscosa,0.831091376511943,0.831091376511943,1,2,-1,natural,2025-07-19 17:27:423
Nurse_S._viscosa,C._hispanica,0.630161674584256,0.630161674584256,1,2,-1,natural,2025-07-19 17:27:423
Nurse_G._struthium,C._hispanica,0.00516434561415513,0.00516434561415513,1,2,-1,natural,2025-07-19 17:27:423
H._squamatum,C._hispanica,0.745928567604617,0.745928567604617,1,2,-1,natural,2025-07-19 17:27:423
S._viscosa,C._hispanica,0.608500122092137,0.608500122092137,1,2,-1,natural,2025-07-19 17:27:423
Nurse_S._viscosa,Other_species,-0.161272804738786,-0.161272804738786,1,2,-1,natural,2025-07-19 17:27:423
Nurse_G._struthium,Other_species,1.50498135164624,1.50498135164624,1,2,-1,natural,2025-07-19 17:27:423
H._squamatum,Other_species,0.626170767108992,0.626170767108992,1,2,-1,natural,2025-07-19 17:27:423
S._viscosa,Other_species,0.606162678505875,0.606162678505875,1,2,-1,natural,2025-07-19 17:27:423
C._hispanica,Other_species,0.410653964744019,0.410653964744019,1,2,-1,natural,2025-07-19 17:27:423
Nurse_S._viscosa,Nurse_G._struthium,-7.45721359365402,-7.45721359365402,1,2,-1,restoration,2025-07-19 17:27:413
Nurse_S._viscosa,H._squamatum,2.24018286458127,2.24018286458127,1,2,-1,restoration,2025-07-19 17:27:413
Nurse_G._struthium,H._squamatum,3.06016410665629,3.06016410665629,1,2,-1,restoration,2025-07-19 17:27:413
Nurse_S._viscosa,S._viscosa,2.82214060759002,2.82214060759002,1,2,-1,restoration,2025-07-19 17:27:413
Nurse_G._struthium,S._viscosa,0.266491560826106,0.266491560826106,1,2,-1,restoration,2025-07-19 17:27:413
H._squamatum,S._viscosa,0.138294801244791,0.138294801244791,1,2,-1,restoration,2025-07-19 17:27:413
Nurse_S._viscosa,C._hispanica,1.92162308441017,1.92162308441017,1,2,-1,restoration,2025-07-19 17:27:413
Nurse_G._struthium,C._hispanica,0.346450213634519,0.346450213634519,1,2,-1,restoration,2025-07-19 17:27:413
H._squamatum,C._hispanica,-0.427689758650784,-0.427689758650784,1,2,-1,restoration,2025-07-19 17:27:413
S._viscosa,C._hispanica,-0.00759537455441241,-0.00759537455441241,1,2,-1,restoration,2025-07-19 17:27:413
Nurse_S._viscosa,Other_species,1.33032803984815,1.33032803984815,1,2,-1,restoration,2025-07-19 17:27:413
Nurse_G._struthium,Other_species,2.01201980501602,2.01201980501602,1,2,-1,restoration,2025-07-19 17:27:413
H._squamatum,Other_species,0.853769030300487,0.853769030300487,1,2,-1,restoration,2025-07-19 17:27:413
S._viscosa,Other_species,1.73053263874357,1.73053263874357,1,2,-1,restoration,2025-07-19 17:27:413
C._hispanica,Other_species,3.34538738828505,3.34538738828505,1,2,-1,restoration,2025-07-19 17:27:413
Nurse_S._viscosa,Nurse_G._struthium,-6.84694953823711,-6.84694953823711,1,2,-1,natural,2025-07-19 17:27:413
Nurse_S._viscosa,H._squamatum,1.00150412610934,1.00150412610934,1,2,-1,natural,2025-07-19 17:27:413
Nurse_G._struthium,H._squamatum,0.504897153233424,0.504897153233424,1,2,-1,natural,2025-07-19 17:27:413
Nurse_S._viscosa,S._viscosa,-0.531116295553086,-0.531116295553086,1,2,-1,natural,2025-07-19 17:27:413
Nurse_G._struthium,S._viscosa,0.75748347049963,0.75748347049963,1,2,-1,natural,2025-07-19 17:27:413
H._squamatum,S._viscosa,0.935006289049527,0.935006289049527,1,2,-1,natural,2025-07-19 17:27:413
Nurse_S._viscosa,C._hispanica,0.569564589949265,0.569564589949265,1,2,-1,natural,2025-07-19 17:27:413
Nurse_G._struthium,C._hispanica,-0.286456101358777,-0.286456101358777,1,2,-1,natural,2025-07-19 17:27:413
H._squamatum,C._hispanica,0.708291115173348,0.708291115173348,1,2,-1,natural,2025-07-19 17:27:413
S._viscosa,C._hispanica,0.898477162094203,0.898477162094203,1,2,-1,natural,2025-07-19 17:27:413
Nurse_S._viscosa,Other_species,-0.102525362781135,-0.102525362781135,1,2,-1,natural,2025-07-19 17:27:413
Nurse_G._struthium,Other_species,1.88786990117572,1.88786990117572,1,2,-1,natural,2025-07-19 17:27:413
H._squamatum,Other_species,0.411350261000554,0.411350261000554,1,2,-1,natural,2025-07-19 17:27:413
S._viscosa,Other_species,0.667675767470219,0.667675767470219,1,2,-1,natural,2025-07-19 17:27:413
C._hispanica,Other_species,0.437714809020628,0.437714809020628,1,2,-1,natural,2025-07-19 17:27:413
Nurse_S._viscosa,Nurse_G._struthium,-9.81330607606795,-9.81330607606795,1,2,-1,restoration,2025-07-19 17:27:413
Nurse_S._viscosa,H._squamatum,3.4236027913605,3.4236027913605,1,2,-1,restoration,2025-07-19 17:27:413
Nurse_G._struthium,H._squamatum,3.8502796506511,3.8502796506511,1,2,-1,restoration,2025-07-19 17:27:413
Nurse_S._viscosa,S._viscosa,4.18828007853763,4.18828007853763,1,2,-1,restoration,2025-07-19 17:27:413
Nurse_G._struthium,S._viscosa,1.83677637617336,1.83677637617336,1,2,-1,restoration,2025-07-19 17:27:413
H._squamatum,S._viscosa,0.645057288245279,0.645057288245279,1,2,-1,restoration,2025-07-19 17:27:413
Nurse_S._viscosa,C._hispanica,1.66244937740783,1.66244937740783,1,2,-1,restoration,2025-07-19 17:27:413
Nurse_G._struthium,C._hispanica,0.124631684348257,0.124631684348257,1,2,-1,restoration,2025-07-19 17:27:413
H._squamatum,C._hispanica,-1.65375971892505,-1.65375971892505,1,2,-1,restoration,2025-07-19 17:27:413
S._viscosa,C._hispanica,0.429063839654944,0.429063839654944,1,2,-1,restoration,2025-07-19 17:27:413
Nurse_S._viscosa,Other_species,3.89183216224749,3.89183216224749,1,2,-1,restoration,2025-07-19 17:27:413
Nurse_G._struthium,Other_species,3.76433191350279,3.76433191350279,1,2,-1,restoration,2025-07-19 17:27:413
H._squamatum,Other_species,0.0162109125369199,0.0162109125369199,1,2,-1,restoration,2025-07-19 17:27:413
S._viscosa,Other_species,1.44452490916141,1.44452490916141,1,2,-1,restoration,2025-07-19 17:27:413
C._hispanica,Other_species,2.6698378750325,2.6698378750325,1,2,-1,restoration,2025-07-19 17:27:413
Nurse_S._viscosa,Nurse_G._struthium,-6.69766930769433,-6.69766930769433,1,2,-1,natural,2025-07-19 17:27:413
Nurse_S._viscosa,H._squamatum,1.07837164407062,1.07837164407062,1,2,-1,natural,2025-07-19 17:27:413
Nurse_G._struthium,H._squamatum,0.263069730917,0.263069730917,1,2,-1,natural,2025-07-19 17:27:413
Nurse_S._viscosa,S._viscosa,-0.605188669184616,-0.605188669184616,1,2,-1,natural,2025-07-19 17:27:413
Nurse_G._struthium,S._viscosa,0.527705601267598,0.527705601267598,1,2,-1,natural,2025-07-19 17:27:413
H._squamatum,S._viscosa,1.10188320208965,1.10188320208965,1,2,-1,natural,2025-07-19 17:27:413
Nurse_S._viscosa,C._hispanica,0.878893806484133,0.878893806484133,1,2,-1,natural,2025-07-19 17:27:413
Nurse_G._struthium,C._hispanica,-0.0507153864609539,-0.0507153864609539,1,2,-1,natural,2025-07-19 17:27:413
H._squamatum,C._hispanica,0.487804285064688,0.487804285064688,1,2,-1,natural,2025-07-19 17:27:413
S._viscosa,C._hispanica,1.0711944251057,1.0711944251057,1,2,-1,natural,2025-07-19 17:27:413
Nurse_S._viscosa,Other_species,-0.329219527428894,-0.329219527428894,1,2,-1,natural,2025-07-19 17:27:413
Nurse_G._struthium,Other_species,2.13538305535372,2.13538305535372,1,2,-1,natural,2025-07-19 17:27:413
H._squamatum,Other_species,0.592487484427601,0.592487484427601,1,2,-1,natural,2025-07-19 17:27:413
S._viscosa,Other_species,0.694878228501962,0.694878228501962,1,2,-1,natural,2025-07-19 17:27:413
C._hispanica,Other_species,0.645465505613059,0.645465505613059,1,2,-1,natural,2025-07-19 17:27:413
Nurse_S._viscosa,Nurse_G._struthium,-8.64679143553087,-8.64679143553087,1,2,-1,restoration,2025-07-19 17:27:403
Nurse_S._viscosa,H._squamatum,3.37669251469896,3.37669251469896,1,2,-1,restoration,2025-07-19 17:27:403
Nurse_G._struthium,H._squamatum,3.53582205882041,3.53582205882041,1,2,-1,restoration,2025-07-19 17:27:403
Nurse_S._viscosa,S._viscosa,4.3257239963677,4.3257239963677,1,2,-1,restoration,2025-07-19 17:27:403
Nurse_G._struthium,S._viscosa,1.36456267473285,1.36456267473285,1,2,-1,restoration,2025-07-19 17:27:403
H._squamatum,S._viscosa,-0.458617314069491,-0.458617314069491,1,2,-1,restoration,2025-07-19 17:27:403
Nurse_S._viscosa,C._hispanica,3.51257369305043,3.51257369305043,1,2,-1,restoration,2025-07-19 17:27:403
Nurse_G._struthium,C._hispanica,1.02129961266187,1.02129961266187,1,2,-1,restoration,2025-07-19 17:27:403
H._squamatum,C._hispanica,-0.144704215332033,-0.144704215332033,1,2,-1,restoration,2025-07-19 17:27:403
S._viscosa,C._hispanica,-0.267188873583299,-0.267188873583299,1,2,-1,restoration,2025-07-19 17:27:403
Nurse_S._viscosa,Other_species,3.01101754034528,3.01101754034528,1,2,-1,restoration,2025-07-19 17:27:403
Nurse_G._struthium,Other_species,3.73541042539122,3.73541042539122,1,2,-1,restoration,2025-07-19 17:27:403
H._squamatum,Other_species,0.965319024646198,0.965319024646198,1,2,-1,restoration,2025-07-19 17:27:403
S._viscosa,Other_species,1.10271901143826,1.10271901143826,1,2,-1,restoration,2025-07-19 17:27:403
C._hispanica,Other_species,2.16323905713815,2.16323905713815,1,2,-1,restoration,2025-07-19 17:27:403
Nurse_S._viscosa,Nurse_G._struthium,-6.78918256234297,-6.78918256234297,1,2,-1,natural,2025-07-19 17:27:403
Nurse_S._viscosa,H._squamatum,1.14372682025474,1.14372682025474,1,2,-1,natural,2025-07-19 17:27:403
Nurse_G._struthium,H._squamatum,0.450383581730854,0.450383581730854,1,2,-1,natural,2025-07-19 17:27:403
Nurse_S._viscosa,S._viscosa,-0.557600843680863,-0.557600843680863,1,2,-1,natural,2025-07-19 17:27:403
Nurse_G._struthium,S._viscosa,0.736607423738679,0.736607423738679,1,2,-1,natural,2025-07-19 17:27:403
H._squamatum,S._viscosa,0.997825698840473,0.997825698840473,1,2,-1,natural,2025-07-19 17:27:403
Nurse_S._viscosa,C._hispanica,0.65015797230577,0.65015797230577,1,2,-1,natural,2025-07-19 17:27:403
Nurse_G._struthium,C._hispanica,-0.0668581454401035,-0.0668581454401035,1,2,-1,natural,2025-07-19 17:27:403
H._squamatum,C._hispanica,0.690443935182453,0.690443935182453,1,2,-1,natural,2025-07-19 17:27:403
S._viscosa,C._hispanica,0.701086952451711,0.701086952451711,1,2,-1,natural,2025-07-19 17:27:403
Nurse_S._viscosa,Other_species,-0.119528001091815,-0.119528001091815,1,2,-1,natural,2025-07-19 17:27:403
Nurse_G._struthium,Other_species,1.99435193613917,1.99435193613917,1,2,-1,natural,2025-07-19 17:27:403
H._squamatum,Other_species,0.956463250915779,0.956463250915779,1,2,-1,natural,2025-07-19 17:27:403
S._viscosa,Other_species,0.574311038703316,0.574311038703316,1,2,-1,natural,2025-07-19 17:27:403
C._hispanica,Other_species,0.599329768098603,0.599329768098603,1,2,-1,natural,2025-07-19 17:27:403
Nurse_S._viscosa,Nurse_G._struthium,-8.60307133935224,-8.60307133935224,1,2,-1,restoration,2025-07-19 17:27:403
Nurse_S._viscosa,H._squamatum,2.5786288561559,2.5786288561559,1,2,-1,restoration,2025-07-19 17:27:403
Nurse_G._struthium,H._squamatum,3.83999426459896,3.83999426459896,1,2,-1,restoration,2025-07-19 17:27:403
Nurse_S._viscosa,S._viscosa,3.17136489059711,3.17136489059711,1,2,-1,restoration,2025-07-19 17:27:403
Nurse_G._struthium,S._viscosa,0.912505968942285,0.912505968942285,1,2,-1,restoration,2025-07-19 17:27:403
H._squamatum,S._viscosa,0.917534705567102,0.917534705567102,1,2,-1,restoration,2025-07-19 17:27:403
Nurse_S._viscosa,C._hispanica,2.85122735749155,2.85122735749155,1,2,-1,restoration,2025-07-19 17:27:403
Nurse_G._struthium,C._hispanica,1.55891666364177,1.55891666364177,1,2,-1,restoration,2025-07-19 17:27:403
H._squamatum,C._hispanica,-0.0826098149314779,-0.0826098149314779,1,2,-1,restoration,2025-07-19 17:27:403
S._viscosa,C._hispanica,0.820941350201927,0.820941350201927,1,2,-1,restoration,2025-07-19 17:27:403
Nurse_S._viscosa,Other_species,4.98872382655825,4.98872382655825,1,2,-1,restoration,2025-07-19 17:27:403
Nurse_G._struthium,Other_species,3.99774905537251,3.99774905537251,1,2,-1,restoration,2025-07-19 17:27:403
H._squamatum,Other_species,0.16657105379382,0.16657105379382,1,2,-1,restoration,2025-07-19 17:27:403
S._viscosa,Other_species,2.95140853250052,2.95140853250052,1,2,-1,restoration,2025-07-19 17:27:403
C._hispanica,Other_species,1.97032407874531,1.97032407874531,1,2,-1,restoration,2025-07-19 17:27:403
Nurse_S._viscosa,Nurse_G._struthium,-6.96174562657282,-6.96174562657282,1,2,-1,natural,2025-07-19 17:27:403
Nurse_S._viscosa,H._squamatum,1.1941119412755,1.1941119412755,1,2,-1,natural,2025-07-19 17:27:403
Nurse_G._struthium,H._squamatum,0.562021838400125,0.562021838400125,1,2,-1,natural,2025-07-19 17:27:403
Nurse_S._viscosa,S._viscosa,-0.530957647281591,-0.530957647281591,1,2,-1,natural,2025-07-19 17:27:403
Nurse_G._struthium,S._viscosa,0.688626420278422,0.688626420278422,1,2,-1,natural,2025-07-19 17:27:403
H._squamatum,S._viscosa,1.24528904729851,1.24528904729851,1,2,-1,natural,2025-07-19 17:27:403
Nurse_S._viscosa,C._hispanica,0.774675206608023,0.774675206608023,1,2,-1,natural,2025-07-19 17:27:403
Nurse_G._struthium,C._hispanica,-0.11316717822613,-0.11316717822613,1,2,-1,natural,2025-07-19 17:27:403
H._squamatum,C._hispanica,0.514244957978203,0.514244957978203,1,2,-1,natural,2025-07-19 17:27:403
S._viscosa,C._hispanica,0.833788790816123,0.833788790816123,1,2,-1,natural,2025-07-19 17:27:403
Nurse_S._viscosa,Other_species,0.0159433512088686,0.0159433512088686,1,2,-1,natural,2025-07-19 17:27:403
Nurse_G._struthium,Other_species,1.77967658137359,1.77967658137359,1,2,-1,natural,2025-07-19 17:27:403
H._squamatum,Other_species,0.624704091427263,0.624704091427263,1,2,-1,natural,2025-07-19 17:27:403
S._viscosa,Other_species,0.467431953308497,0.467431953308497,1,2,-1,natural,2025-07-19 17:27:403
C._hispanica,Other_species,0.552592478716793,0.552592478716793,1,2,-1,natural,2025-07-19 17:27:403
Nurse_S._viscosa,Nurse_G._struthium,-9.5723212714155,-9.5723212714155,1,2,-1,restoration,2025-07-19 17:27:403
Nurse_S._viscosa,H._squamatum,3.59837348134592,3.59837348134592,1,2,-1,restoration,2025-07-19 17:27:403
Nurse_G._struthium,H._squamatum,4.07630294209347,4.07630294209347,1,2,-1,restoration,2025-07-19 17:27:403
Nurse_S._viscosa,S._viscosa,3.66692702472541,3.66692702472541,1,2,-1,restoration,2025-07-19 17:27:403
Nurse_G._struthium,S._viscosa,1.16458547422009,1.16458547422009,1,2,-1,restoration,2025-07-19 17:27:403
H._squamatum,S._viscosa,-0.317296284064974,-0.317296284064974,1,2,-1,restoration,2025-07-19 17:27:403
Nurse_S._viscosa,C._hispanica,1.83088441355262,1.83088441355262,1,2,-1,restoration,2025-07-19 17:27:403
Nurse_G._struthium,C._hispanica,0.467568839992409,0.467568839992409,1,2,-1,restoration,2025-07-19 17:27:403
H._squamatum,C._hispanica,-1.78009707335682,-1.78009707335682,1,2,-1,restoration,2025-07-19 17:27:403
S._viscosa,C._hispanica,0.0218838096342425,0.0218838096342425,1,2,-1,restoration,2025-07-19 17:27:403
Nurse_S._viscosa,Other_species,1.93713271395781,1.93713271395781,1,2,-1,restoration,2025-07-19 17:27:403
Nurse_G._struthium,Other_species,2.47749070811546,2.47749070811546,1,2,-1,restoration,2025-07-19 17:27:403
H._squamatum,Other_species,0.453388491544028,0.453388491544028,1,2,-1,restoration,2025-07-19 17:27:403
S._viscosa,Other_species,1.46422885243597,1.46422885243597,1,2,-1,restoration,2025-07-19 17:27:403
C._hispanica,Other_species,2.49096982770073,2.49096982770073,1,2,-1,restoration,2025-07-19 17:27:403
Nurse_S._viscosa,Nurse_G._struthium,-6.78876916225875,-6.78876916225875,1,2,-1,natural,2025-07-19 17:27:403
Nurse_S._viscosa,H._squamatum,0.888548112125695,0.888548112125695,1,2,-1,natural,2025-07-19 17:27:403
Nurse_G._struthium,H._squamatum,0.388613919690376,0.388613919690376,1,2,-1,natural,2025-07-19 17:27:403
Nurse_S._viscosa,S._viscosa,-0.455189869297641,-0.455189869297641,1,2,-1,natural,2025-07-19 17:27:403
Nurse_G._struthium,S._viscosa,0.973292014210674,0.973292014210674,1,2,-1,natural,2025-07-19 17:27:403
H._squamatum,S._viscosa,1.0190977810231,1.0190977810231,1,2,-1,natural,2025-07-19 17:27:403
Nurse_S._viscosa,C._hispanica,0.586140960177997,0.586140960177997,1,2,-1,natural,2025-07-19 17:27:403
Nurse_G._struthium,C._hispanica,-0.336584269800755,-0.336584269800755,1,2,-1,natural,2025-07-19 17:27:403
H._squamatum,C._hispanica,0.740815595696627,0.740815595696627,1,2,-1,natural,2025-07-19 17:27:403
S._viscosa,C._hispanica,0.862548658253331,0.862548658253331,1,2,-1,natural,2025-07-19 17:27:403
Nurse_S._viscosa,Other_species,-0.139485096960939,-0.139485096960939,1,2,-1,natural,2025-07-19 17:27:403
Nurse_G._struthium,Other_species,2.04096028082038,2.04096028082038,1,2,-1,natural,2025-07-19 17:27:403
H._squamatum,Other_species,0.771405907541912,0.771405907541912,1,2,-1,natural,2025-07-19 17:27:403
S._viscosa,Other_species,0.547791571282686,0.547791571282686,1,2,-1,natural,2025-07-19 17:27:403
C._hispanica,Other_species,0.549225459907012,0.549225459907012,1,2,-1,natural,2025-07-19 17:27:403
Nurse_S._viscosa,Nurse_G._struthium,-7.64761292581439,-7.64761292581439,1,2,-1,restoration,2025-07-19 17:27:393
Nurse_S._viscosa,H._squamatum,2.97143551738957,2.97143551738957,1,2,-1,restoration,2025-07-19 17:27:393
Nurse_G._struthium,H._squamatum,3.40397705476009,3.40397705476009,1,2,-1,restoration,2025-07-19 17:27:393
Nurse_S._viscosa,S._viscosa,3.77750116866262,3.77750116866262,1,2,-1,restoration,2025-07-19 17:27:393
Nurse_G._struthium,S._viscosa,1.40230679510513,1.40230679510513,1,2,-1,restoration,2025-07-19 17:27:393
H._squamatum,S._viscosa,-0.450758715694801,-0.450758715694801,1,2,-1,restoration,2025-07-19 17:27:393
Nurse_S._viscosa,C._hispanica,1.54917666413147,1.54917666413147,1,2,-1,restoration,2025-07-19 17:27:393
Nurse_G._struthium,C._hispanica,0.771153433933712,0.771153433933712,1,2,-1,restoration,2025-07-19 17:27:393
H._squamatum,C._hispanica,-1.39046737243398,-1.39046737243398,1,2,-1,restoration,2025-07-19 17:27:393
S._viscosa,C._hispanica,-0.84216875519602,-0.84216875519602,1,2,-1,restoration,2025-07-19 17:27:393
Nurse_S._viscosa,Other_species,2.33098338899505,2.33098338899505,1,2,-1,restoration,2025-07-19 17:27:393
Nurse_G._struthium,Other_species,2.76768444313711,2.76768444313711,1,2,-1,restoration,2025-07-19 17:27:393
H._squamatum,Other_species,0.605167711418474,0.605167711418474,1,2,-1,restoration,2025-07-19 17:27:393
S._viscosa,Other_species,1.03910036447441,1.03910036447441,1,2,-1,restoration,2025-07-19 17:27:393
C._hispanica,Other_species,2.06554924255689,2.06554924255689,1,2,-1,restoration,2025-07-19 17:27:393
Nurse_S._viscosa,Nurse_G._struthium,-6.86293019038548,-6.86293019038548,1,2,-1,natural,2025-07-19 17:27:393
Nurse_S._viscosa,H._squamatum,1.02436827728039,1.02436827728039,1,2,-1,natural,2025-07-19 17:27:393
Nurse_G._struthium,H._squamatum,0.599062020586392,0.599062020586392,1,2,-1,natural,2025-07-19 17:27:393
Nurse_S._viscosa,S._viscosa,-0.474716895075219,-0.474716895075219,1,2,-1,natural,2025-07-19 17:27:393
Nurse_G._struthium,S._viscosa,0.796952586608127,0.796952586608127,1,2,-1,natural,2025-07-19 17:27:393
H._squamatum,S._viscosa,0.789777365884485,0.789777365884485,1,2,-1,natural,2025-07-19 17:27:393
Nurse_S._viscosa,C._hispanica,0.671958410861073,0.671958410861073,1,2,-1,natural,2025-07-19 17:27:393
Nurse_G._struthium,C._hispanica,0.0266969375998122,0.0266969375998122,1,2,-1,natural,2025-07-19 17:27:393
H._squamatum,C._hispanica,0.510069813570033,0.510069813570033,1,2,-1,natural,2025-07-19 17:27:393
S._viscosa,C._hispanica,0.868934119946523,0.868934119946523,1,2,-1,natural,2025-07-19 17:27:393
Nurse_S._viscosa,Other_species,-0.161189095465382,-0.161189095465382,1,2,-1,natural,2025-07-19 17:27:393
Nurse_G._struthium,Other_species,1.90284884828056,1.90284884828056,1,2,-1,natural,2025-07-19 17:27:393
H._squamatum,Other_species,0.443264501619485,0.443264501619485,1,2,-1,natural,2025-07-19 17:27:393
S._viscosa,Other_species,0.639703938893154,0.639703938893154,1,2,-1,natural,2025-07-19 17:27:393
C._hispanica,Other_species,0.621828837961827,0.621828837961827,1,2,-1,natural,2025-07-19 17:27:393
Nurse_S._viscosa,Nurse_G._struthium,-7.92536464933566,-7.92536464933566,1,2,-1,restoration,2025-07-19 17:27:393
Nurse_S._viscosa,H._squamatum,2.95074856661087,2.95074856661087,1,2,-1,restoration,2025-07-19 17:27:393
Nurse_G._struthium,H._squamatum,3.3375320451323,3.3375320451323,1,2,-1,restoration,2025-07-19 17:27:393
Nurse_S._viscosa,S._viscosa,3.48080152172252,3.48080152172252,1,2,-1,restoration,2025-07-19 17:27:393
Nurse_G._struthium,S._viscosa,0.998958227453062,0.998958227453062,1,2,-1,restoration,2025-07-19 17:27:393
H._squamatum,S._viscosa,0.149933154353718,0.149933154353718,1,2,-1,restoration,2025-07-19 17:27:393
Nurse_S._viscosa,C._hispanica,2.13374052267161,2.13374052267161,1,2,-1,restoration,2025-07-19 17:27:393
Nurse_G._struthium,C._hispanica,0.638565627471541,0.638565627471541,1,2,-1,restoration,2025-07-19 17:27:393
H._squamatum,C._hispanica,-0.0564762079950599,-0.0564762079950599,1,2,-1,restoration,2025-07-19 17:27:393
S._viscosa,C._hispanica,0.341501808628907,0.341501808628907,1,2,-1,restoration,2025-07-19 17:27:393
Nurse_S._viscosa,Other_species,1.66966331004131,1.66966331004131,1,2,-1,restoration,2025-07-19 17:27:393
Nurse_G._struthium,Other_species,2.14690603291068,2.14690603291068,1,2,-1,restoration,2025-07-19 17:27:393
H._squamatum,Other_species,0.574172827191179,0.574172827191179,1,2,-1,restoration,2025-07-19 17:27:393
S._viscosa,Other_species,1.57469042342798,1.57469042342798,1,2,-1,restoration,2025-07-19 17:27:393
C._hispanica,Other_species,2.56327507062878,2.56327507062878,1,2,-1,restoration,2025-07-19 17:27:393
Nurse_S._viscosa,Nurse_G._struthium,-7.07109646211586,-7.07109646211586,1,2,-1,natural,2025-07-19 17:27:393
Nurse_S._viscosa,H._squamatum,0.908923011735174,0.908923011735174,1,2,-1,natural,2025-07-19 17:27:393
Nurse_G._struthium,H._squamatum,0.466581232324114,0.466581232324114,1,2,-1,natural,2025-07-19 17:27:393
Nurse_S._viscosa,S._viscosa,-0.733273726125074,-0.733273726125074,1,2,-1,natural,2025-07-19 17:27:393
Nurse_G._struthium,S._viscosa,0.573160254306274,0.573160254306274,1,2,-1,natural,2025-07-19 17:27:393
H._squamatum,S._viscosa,0.988908937072081,0.988908937072081,1,2,-1,natural,2025-07-19 17:27:393
Nurse_S._viscosa,C._hispanica,0.870114180116339,0.870114180116339,1,2,-1,natural,2025-07-19 17:27:393
Nurse_G._struthium,C._hispanica,0.116869269783528,0.116869269783528,1,2,-1,natural,2025-07-19 17:27:393
H._squamatum,C._hispanica,0.389012926822244,0.389012926822244,1,2,-1,natural,2025-07-19 17:27:393
S._viscosa,C._hispanica,0.455708222045995,0.455708222045995,1,2,-1,natural,2025-07-19 17:27:393
Nurse_S._viscosa,Other_species,0.156776626292688,0.156776626292688,1,2,-1,natural,2025-07-19 17:27:393
Nurse_G._struthium,Other_species,2.21020809616784,2.21020809616784,1,2,-1,natural,2025-07-19 17:27:393
H._squamatum,Other_species,0.627093042924222,0.627093042924222,1,2,-1,natural,2025-07-19 17:27:393
S._viscosa,Other_species,0.690618652067586,0.690618652067586,1,2,-1,natural,2025-07-19 17:27:393
C._hispanica,Other_species,0.415970456599023,0.415970456599023,1,2,-1,natural,2025-07-19 17:27:393
Nurse_S._viscosa,Nurse_G._struthium,-7.7558731127903,-7.7558731127903,1,2,-1,restoration,2025-07-19 17:27:393
Nurse_S._viscosa,H._squamatum,2.72476649510005,2.72476649510005,1,2,-1,restoration,2025-07-19 17:27:393
Nurse_G._struthium,H._squamatum,3.86091475858637,3.86091475858637,1,2,-1,restoration,2025-07-19 17:27:393
Nurse_S._viscosa,S._viscosa,2.21495136985911,2.21495136985911,1,2,-1,restoration,2025-07-19 17:27:393
Nurse_G._struthium,S._viscosa,0.298533129404394,0.298533129404394,1,2,-1,restoration,2025-07-19 17:27:393
H._squamatum,S._viscosa,0.0343204695005097,0.0343204695005097,1,2,-1,restoration,2025-07-19 17:27:393
Nurse_S._viscosa,C._hispanica,1.6878923958628,1.6878923958628,1,2,-1,restoration,2025-07-19 17:27:393
Nurse_G._struthium,C._hispanica,0.306683747325157,0.306683747325157,1,2,-1,restoration,2025-07-19 17:27:393
H._squamatum,C._hispanica,0.220722468279794,0.220722468279794,1,2,-1,restoration,2025-07-19 17:27:393
S._viscosa,C._hispanica,0.164576605520155,0.164576605520155,1,2,-1,restoration,2025-07-19 17:27:393
Nurse_S._viscosa,Other_species,0.954841481643416,0.954841481643416,1,2,-1,restoration,2025-07-19 17:27:393
Nurse_G._struthium,Other_species,1.56609368751853,1.56609368751853,1,2,-1,restoration,2025-07-19 17:27:393
H._squamatum,Other_species,-0.302442504685551,-0.302442504685551,1,2,-1,restoration,2025-07-19 17:27:393
S._viscosa,Other_species,1.18252853467998,1.18252853467998,1,2,-1,restoration,2025-07-19 17:27:393
C._hispanica,Other_species,1.90801155638472,1.90801155638472,1,2,-1,restoration,2025-07-19 17:27:393
Nurse_S._viscosa,Nurse_G._struthium,-6.83653157058896,-6.83653157058896,1,2,-1,natural,2025-07-19 17:27:393
Nurse_S._viscosa,H._squamatum,1.46576414117593,1.46576414117593,1,2,-1,natural,2025-07-19 17:27:393
Nurse_G._struthium,H._squamatum,0.586524295227062,0.586524295227062,1,2,-1,natural,2025-07-19 17:27:393
Nurse_S._viscosa,S._viscosa,-0.655458637767598,-0.655458637767598,1,2,-1,natural,2025-07-19 17:27:393
Nurse_G._struthium,S._viscosa,0.600866102981885,0.600866102981885,1,2,-1,natural,2025-07-19 17:27:393
H._squamatum,S._viscosa,1.05476125444685,1.05476125444685,1,2,-1,natural,2025-07-19 17:27:393
Nurse_S._viscosa,C._hispanica,0.762909228613094,0.762909228613094,1,2,-1,natural,2025-07-19 17:27:393
Nurse_G._struthium,C._hispanica,-0.269342845461879,-0.269342845461879,1,2,-1,natural,2025-07-19 17:27:393
H._squamatum,C._hispanica,0.718119946015243,0.718119946015243,1,2,-1,natural,2025-07-19 17:27:393
S._viscosa,C._hispanica,0.912849358791273,0.912849358791273,1,2,-1,natural,2025-07-19 17:27:393
Nurse_S._viscosa,Other_species,-0.105649918031224,-0.105649918031224,1,2,-1,natural,2025-07-19 17:27:393
Nurse_G._struthium,Other_species,1.96883245091148,1.96883245091148,1,2,-1,natural,2025-07-19 17:27:393
H._squamatum,Other_species,0.770260523144903,0.770260523144903,1,2,-1,natural,2025-07-19 17:27:393
S._viscosa,Other_species,0.903555891008757,0.903555891008757,1,2,-1,natural,2025-07-19 17:27:393
C._hispanica,Other_species,0.546783559070894,0.546783559070894,1,2,-1,natural,2025-07-19 17:27:393
Nurse_S._viscosa,Nurse_G._struthium,-7.04104444652783,-7.04104444652783,1,2,-1,restoration,2025-07-19 17:27:383
Nurse_S._viscosa,H._squamatum,0.954567249778809,0.954567249778809,1,2,-1,restoration,2025-07-19 17:27:383
Nurse_G._struthium,H._squamatum,1.90209312179404,1.90209312179404,1,2,-1,restoration,2025-07-19 17:27:383
Nurse_S._viscosa,S._viscosa,3.52452581052124,3.52452581052124,1,2,-1,restoration,2025-07-19 17:27:383
Nurse_G._struthium,S._viscosa,0.590932526821425,0.590932526821425,1,2,-1,restoration,2025-07-19 17:27:383
H._squamatum,S._viscosa,0.372020444247741,0.372020444247741,1,2,-1,restoration,2025-07-19 17:27:383
Nurse_S._viscosa,C._hispanica,1.83866882951889,1.83866882951889,1,2,-1,restoration,2025-07-19 17:27:383
Nurse_G._struthium,C._hispanica,0.135971767000796,0.135971767000796,1,2,-1,restoration,2025-07-19 17:27:383
H._squamatum,C._hispanica,-1.43974951958112,-1.43974951958112,1,2,-1,restoration,2025-07-19 17:27:383
S._viscosa,C._hispanica,-0.329510307338293,-0.329510307338293,1,2,-1,restoration,2025-07-19 17:27:383
Nurse_S._viscosa,Other_species,2.1070680652368,2.1070680652368,1,2,-1,restoration,2025-07-19 17:27:383
Nurse_G._struthium,Other_species,2.30999088253263,2.30999088253263,1,2,-1,restoration,2025-07-19 17:27:383
H._squamatum,Other_species,0.570294915027503,0.570294915027503,1,2,-1,restoration,2025-07-19 17:27:383
S._viscosa,Other_species,1.28830984058289,1.28830984058289,1,2,-1,restoration,2025-07-19 17:27:383
C._hispanica,Other_species,1.74364304783695,1.74364304783695,1,2,-1,restoration,2025-07-19 17:27:383
Nurse_S._viscosa,Nurse_G._struthium,-7.00223374546339,-7.00223374546339,1,2,-1,natural,2025-07-19 17:27:383
Nurse_S._viscosa,H._squamatum,1.01558667931971,1.01558667931971,1,2,-1,natural,2025-07-19 17:27:383
Nurse_G._struthium,H._squamatum,0.453623860307546,0.453623860307546,1,2,-1,natural,2025-07-19 17:27:383
Nurse_S._viscosa,S._viscosa,-0.31476855981874,-0.31476855981874,1,2,-1,natural,2025-07-19 17:27:383
Nurse_G._struthium,S._viscosa,0.764928050173733,0.764928050173733,1,2,-1,natural,2025-07-19 17:27:383
H._squamatum,S._viscosa,1.00816047983871,1.00816047983871,1,2,-1,natural,2025-07-19 17:27:383
Nurse_S._viscosa,C._hispanica,0.587949787189993,0.587949787189993,1,2,-1,natural,2025-07-19 17:27:383
Nurse_G._struthium,C._hispanica,-0.152919555306961,-0.152919555306961,1,2,-1,natural,2025-07-19 17:27:383
H._squamatum,C._hispanica,0.774789316806569,0.774789316806569,1,2,-1,natural,2025-07-19 17:27:383
S._viscosa,C._hispanica,0.668344781446248,0.668344781446248,1,2,-1,natural,2025-07-19 17:27:383
Nurse_S._viscosa,Other_species,-0.200084122206082,-0.200084122206082,1,2,-1,natural,2025-07-19 17:27:383
Nurse_G._struthium,Other_species,1.64230432101204,1.64230432101204,1,2,-1,natural,2025-07-19 17:27:383
H._squamatum,Other_species,0.600549002291049,0.600549002291049,1,2,-1,natural,2025-07-19 17:27:383
S._viscosa,Other_species,0.473715054870455,0.473715054870455,1,2,-1,natural,2025-07-19 17:27:383
C._hispanica,Other_species,0.455311829303969,0.455311829303969,1,2,-1,natural,2025-07-19 17:27:383
Nurse_S._viscosa,Nurse_G._struthium,-8.33070337219016,-8.33070337219016,1,2,-1,restoration,2025-07-19 17:27:383
Nurse_S._viscosa,H._squamatum,2.33179397609722,2.33179397609722,1,2,-1,restoration,2025-07-19 17:27:383
Nurse_G._struthium,H._squamatum,2.55940053754784,2.55940053754784,1,2,-1,restoration,2025-07-19 17:27:383
Nurse_S._viscosa,S._viscosa,4.44996723100365,4.44996723100365,1,2,-1,restoration,2025-07-19 17:27:383
Nurse_G._struthium,S._viscosa,1.56356577215986,1.56356577215986,1,2,-1,restoration,2025-07-19 17:27:383
H._squamatum,S._viscosa,0.194946918362357,0.194946918362357,1,2,-1,restoration,2025-07-19 17:27:383
Nurse_S._viscosa,C._hispanica,2.37512750117625,2.37512750117625,1,2,-1,restoration,2025-07-19 17:27:383
Nurse_G._struthium,C._hispanica,0.126521133591068,0.126521133591068,1,2,-1,restoration,2025-07-19 17:27:383
H._squamatum,C._hispanica,-0.0776443670392825,-0.0776443670392825,1,2,-1,restoration,2025-07-19 17:27:383
S._viscosa,C._hispanica,-0.118991544788743,-0.118991544788743,1,2,-1,restoration,2025-07-19 17:27:383
Nurse_S._viscosa,Other_species,2.85649834560533,2.85649834560533,1,2,-1,restoration,2025-07-19 17:27:383
Nurse_G._struthium,Other_species,3.32238525585715,3.32238525585715,1,2,-1,restoration,2025-07-19 17:27:383
H._squamatum,Other_species,1.3412526221352,1.3412526221352,1,2,-1,restoration,2025-07-19 17:27:383
S._viscosa,Other_species,0.853420832154472,0.853420832154472,1,2,-1,restoration,2025-07-19 17:27:383
C._hispanica,Other_species,2.16167277832485,2.16167277832485,1,2,-1,restoration,2025-07-19 17:27:383
Nurse_S._viscosa,Nurse_G._struthium,-6.73917280367818,-6.73917280367818,1,2,-1,natural,2025-07-19 17:27:383
Nurse_S._viscosa,H._squamatum,1.41054682204847,1.41054682204847,1,2,-1,natural,2025-07-19 17:27:383
Nurse_G._struthium,H._squamatum,0.459822632435143,0.459822632435143,1,2,-1,natural,2025-07-19 17:27:383
Nurse_S._viscosa,S._viscosa,-0.410319036379037,-0.410319036379037,1,2,-1,natural,2025-07-19 17:27:383
Nurse_G._struthium,S._viscosa,0.758284845648274,0.758284845648274,1,2,-1,natural,2025-07-19 17:27:383
H._squamatum,S._viscosa,0.839575135635363,0.839575135635363,1,2,-1,natural,2025-07-19 17:27:383
Nurse_S._viscosa,C._hispanica,0.732340159599487,0.732340159599487,1,2,-1,natural,2025-07-19 17:27:383
Nurse_G._struthium,C._hispanica,-0.178673847066943,-0.178673847066943,1,2,-1,natural,2025-07-19 17:27:383
H._squamatum,C._hispanica,0.57976253443901,0.57976253443901,1,2,-1,natural,2025-07-19 17:27:383
S._viscosa,C._hispanica,0.919852999080249,0.919852999080249,1,2,-1,natural,2025-07-19 17:27:383
Nurse_S._viscosa,Other_species,-0.151812087539988,-0.151812087539988,1,2,-1,natural,2025-07-19 17:27:383
Nurse_G._struthium,Other_species,1.91617271211349,1.91617271211349,1,2,-1,natural,2025-07-19 17:27:383
H._squamatum,Other_species,0.777485170480679,0.777485170480679,1,2,-1,natural,2025-07-19 17:27:383
S._viscosa,Other_species,0.519251413563676,0.519251413563676,1,2,-1,natural,2025-07-19 17:27:383
C._hispanica,Other_species,0.63277963972577,0.63277963972577,1,2,-1,natural,2025-07-19 17:27:383
