Var1,Var2,Var3,value,min_species_for_fit,order,frac,data_type,tag
Nurse_S._viscosa,Nurse_G._struthium,H._squamatum,0,1,2,-1,restoration,2025-07-19 17:29:053
Nurse_S._viscosa,Nurse_G._struthium,S._viscosa,0,1,2,-1,restoration,2025-07-19 17:29:053
Nurse_S._viscosa,Nurse_G._struthium,C._hispanica,0,1,2,-1,restoration,2025-07-19 17:29:053
Nurse_S._viscosa,Nurse_G._struthium,Other_species,0,1,2,-1,restoration,2025-07-19 17:29:053
Nurse_S._viscosa,H._squamatum,S._viscosa,0,1,2,-1,restoration,2025-07-19 17:29:053
Nurse_S._viscosa,H._squamatum,C._hispanica,0,1,2,-1,restoration,2025-07-19 17:29:053
Nurse_S._viscosa,H._squamatum,Other_species,0,1,2,-1,restoration,2025-07-19 17:29:053
Nurse_S._viscosa,S._viscosa,C._hispanica,0,1,2,-1,restoration,2025-07-19 17:29:053
Nurse_S._viscosa,S._viscosa,Other_species,0,1,2,-1,restoration,2025-07-19 17:29:053
Nurse_S._viscosa,C._hispanica,Other_species,0,1,2,-1,restoration,2025-07-19 17:29:053
Nurse_G._struthium,H._squamatum,S._viscosa,0,1,2,-1,restoration,2025-07-19 17:29:053
Nurse_G._struthium,H._squamatum,C._hispanica,0,1,2,-1,restoration,2025-07-19 17:29:053
Nurse_G._struthium,H._squamatum,Other_species,0,1,2,-1,restoration,2025-07-19 17:29:053
Nurse_G._struthium,S._viscosa,C._hispanica,0,1,2,-1,restoration,2025-07-19 17:29:053
Nurse_G._struthium,S._viscosa,Other_species,0,1,2,-1,restoration,2025-07-19 17:29:053
Nurse_G._struthium,C._hispanica,Other_species,0,1,2,-1,restoration,2025-07-19 17:29:053
H._squamatum,S._viscosa,C._hispanica,0,1,2,-1,restoration,2025-07-19 17:29:053
H._squamatum,S._viscosa,Other_species,0,1,2,-1,restoration,2025-07-19 17:29:053
H._squamatum,C._hispanica,Other_species,0,1,2,-1,restoration,2025-07-19 17:29:053
S._viscosa,C._hispanica,Other_species,0,1,2,-1,restoration,2025-07-19 17:29:053
Nurse_S._viscosa,Nurse_G._struthium,H._squamatum,0,1,2,-1,natural,2025-07-19 17:29:053
Nurse_S._viscosa,Nurse_G._struthium,S._viscosa,0,1,2,-1,natural,2025-07-19 17:29:053
Nurse_S._viscosa,Nurse_G._struthium,C._hispanica,0,1,2,-1,natural,2025-07-19 17:29:053
Nurse_S._viscosa,Nurse_G._struthium,Other_species,0,1,2,-1,natural,2025-07-19 17:29:053
Nurse_S._viscosa,H._squamatum,S._viscosa,0,1,2,-1,natural,2025-07-19 17:29:053
Nurse_S._viscosa,H._squamatum,C._hispanica,0,1,2,-1,natural,2025-07-19 17:29:053
Nurse_S._viscosa,H._squamatum,Other_species,0,1,2,-1,natural,2025-07-19 17:29:053
Nurse_S._viscosa,S._viscosa,C._hispanica,0,1,2,-1,natural,2025-07-19 17:29:053
Nurse_S._viscosa,S._viscosa,Other_species,0,1,2,-1,natural,2025-07-19 17:29:053
Nurse_S._viscosa,C._hispanica,Other_species,0,1,2,-1,natural,2025-07-19 17:29:053
Nurse_G._struthium,H._squamatum,S._viscosa,0,1,2,-1,natural,2025-07-19 17:29:053
Nurse_G._struthium,H._squamatum,C._hispanica,0,1,2,-1,natural,2025-07-19 17:29:053
Nurse_G._struthium,H._squamatum,Other_species,0,1,2,-1,natural,2025-07-19 17:29:053
Nurse_G._struthium,S._viscosa,C._hispanica,0,1,2,-1,natural,2025-07-19 17:29:053
Nurse_G._struthium,S._viscosa,Other_species,0,1,2,-1,natural,2025-07-19 17:29:053
Nurse_G._struthium,C._hispanica,Other_species,0,1,2,-1,natural,2025-07-19 17:29:053
H._squamatum,S._viscosa,C._hispanica,0,1,2,-1,natural,2025-07-19 17:29:053
H._squamatum,S._viscosa,Other_species,0,1,2,-1,natural,2025-07-19 17:29:053
H._squamatum,C._hispanica,Other_species,0,1,2,-1,natural,2025-07-19 17:29:053
S._viscosa,C._hispanica,Other_species,0,1,2,-1,natural,2025-07-19 17:29:053
Nurse_S._viscosa,Nurse_G._struthium,H._squamatum,0,1,2,-1,restoration,2025-07-19 17:29:043
Nurse_S._viscosa,Nurse_G._struthium,S._viscosa,0,1,2,-1,restoration,2025-07-19 17:29:043
Nurse_S._viscosa,Nurse_G._struthium,C._hispanica,0,1,2,-1,restoration,2025-07-19 17:29:043
Nurse_S._viscosa,Nurse_G._struthium,Other_species,0,1,2,-1,restoration,2025-07-19 17:29:043
Nurse_S._viscosa,H._squamatum,S._viscosa,0,1,2,-1,restoration,2025-07-19 17:29:043
Nurse_S._viscosa,H._squamatum,C._hispanica,0,1,2,-1,restoration,2025-07-19 17:29:043
Nurse_S._viscosa,H._squamatum,Other_species,0,1,2,-1,restoration,2025-07-19 17:29:043
Nurse_S._viscosa,S._viscosa,C._hispanica,0,1,2,-1,restoration,2025-07-19 17:29:043
Nurse_S._viscosa,S._viscosa,Other_species,0,1,2,-1,restoration,2025-07-19 17:29:043
Nurse_S._viscosa,C._hispanica,Other_species,0,1,2,-1,restoration,2025-07-19 17:29:043
Nurse_G._struthium,H._squamatum,S._viscosa,0,1,2,-1,restoration,2025-07-19 17:29:043
Nurse_G._struthium,H._squamatum,C._hispanica,0,1,2,-1,restoration,2025-07-19 17:29:043
Nurse_G._struthium,H._squamatum,Other_species,0,1,2,-1,restoration,2025-07-19 17:29:043
Nurse_G._struthium,S._viscosa,C._hispanica,0,1,2,-1,restoration,2025-07-19 17:29:043
Nurse_G._struthium,S._viscosa,Other_species,0,1,2,-1,restoration,2025-07-19 17:29:043
Nurse_G._struthium,C._hispanica,Other_species,0,1,2,-1,restoration,2025-07-19 17:29:043
H._squamatum,S._viscosa,C._hispanica,0,1,2,-1,restoration,2025-07-19 17:29:043
H._squamatum,S._viscosa,Other_species,0,1,2,-1,restoration,2025-07-19 17:29:043
H._squamatum,C._hispanica,Other_species,0,1,2,-1,restoration,2025-07-19 17:29:043
S._viscosa,C._hispanica,Other_species,0,1,2,-1,restoration,2025-07-19 17:29:043
Nurse_S._viscosa,Nurse_G._struthium,H._squamatum,0,1,2,-1,natural,2025-07-19 17:29:043
Nurse_S._viscosa,Nurse_G._struthium,S._viscosa,0,1,2,-1,natural,2025-07-19 17:29:043
Nurse_S._viscosa,Nurse_G._struthium,C._hispanica,0,1,2,-1,natural,2025-07-19 17:29:043
Nurse_S._viscosa,Nurse_G._struthium,Other_species,0,1,2,-1,natural,2025-07-19 17:29:043
Nurse_S._viscosa,H._squamatum,S._viscosa,0,1,2,-1,natural,2025-07-19 17:29:043
Nurse_S._viscosa,H._squamatum,C._hispanica,0,1,2,-1,natural,2025-07-19 17:29:043
Nurse_S._viscosa,H._squamatum,Other_species,0,1,2,-1,natural,2025-07-19 17:29:043
Nurse_S._viscosa,S._viscosa,C._hispanica,0,1,2,-1,natural,2025-07-19 17:29:043
Nurse_S._viscosa,S._viscosa,Other_species,0,1,2,-1,natural,2025-07-19 17:29:043
Nurse_S._viscosa,C._hispanica,Other_species,0,1,2,-1,natural,2025-07-19 17:29:043
Nurse_G._struthium,H._squamatum,S._viscosa,0,1,2,-1,natural,2025-07-19 17:29:043
Nurse_G._struthium,H._squamatum,C._hispanica,0,1,2,-1,natural,2025-07-19 17:29:043
Nurse_G._struthium,H._squamatum,Other_species,0,1,2,-1,natural,2025-07-19 17:29:043
Nurse_G._struthium,S._viscosa,C._hispanica,0,1,2,-1,natural,2025-07-19 17:29:043
Nurse_G._struthium,S._viscosa,Other_species,0,1,2,-1,natural,2025-07-19 17:29:043
Nurse_G._struthium,C._hispanica,Other_species,0,1,2,-1,natural,2025-07-19 17:29:043
H._squamatum,S._viscosa,C._hispanica,0,1,2,-1,natural,2025-07-19 17:29:043
H._squamatum,S._viscosa,Other_species,0,1,2,-1,natural,2025-07-19 17:29:043
H._squamatum,C._hispanica,Other_species,0,1,2,-1,natural,2025-07-19 17:29:043
S._viscosa,C._hispanica,Other_species,0,1,2,-1,natural,2025-07-19 17:29:043
Nurse_S._viscosa,Nurse_G._struthium,H._squamatum,0,1,2,-1,restoration,2025-07-19 17:29:043
Nurse_S._viscosa,Nurse_G._struthium,S._viscosa,0,1,2,-1,restoration,2025-07-19 17:29:043
Nurse_S._viscosa,Nurse_G._struthium,C._hispanica,0,1,2,-1,restoration,2025-07-19 17:29:043
Nurse_S._viscosa,Nurse_G._struthium,Other_species,0,1,2,-1,restoration,2025-07-19 17:29:043
Nurse_S._viscosa,H._squamatum,S._viscosa,0,1,2,-1,restoration,2025-07-19 17:29:043
Nurse_S._viscosa,H._squamatum,C._hispanica,0,1,2,-1,restoration,2025-07-19 17:29:043
Nurse_S._viscosa,H._squamatum,Other_species,0,1,2,-1,restoration,2025-07-19 17:29:043
Nurse_S._viscosa,S._viscosa,C._hispanica,0,1,2,-1,restoration,2025-07-19 17:29:043
Nurse_S._viscosa,S._viscosa,Other_species,0,1,2,-1,restoration,2025-07-19 17:29:043
Nurse_S._viscosa,C._hispanica,Other_species,0,1,2,-1,restoration,2025-07-19 17:29:043
Nurse_G._struthium,H._squamatum,S._viscosa,0,1,2,-1,restoration,2025-07-19 17:29:043
Nurse_G._struthium,H._squamatum,C._hispanica,0,1,2,-1,restoration,2025-07-19 17:29:043
Nurse_G._struthium,H._squamatum,Other_species,0,1,2,-1,restoration,2025-07-19 17:29:043
Nurse_G._struthium,S._viscosa,C._hispanica,0,1,2,-1,restoration,2025-07-19 17:29:043
Nurse_G._struthium,S._viscosa,Other_species,0,1,2,-1,restoration,2025-07-19 17:29:043
Nurse_G._struthium,C._hispanica,Other_species,0,1,2,-1,restoration,2025-07-19 17:29:043
H._squamatum,S._viscosa,C._hispanica,0,1,2,-1,restoration,2025-07-19 17:29:043
H._squamatum,S._viscosa,Other_species,0,1,2,-1,restoration,2025-07-19 17:29:043
H._squamatum,C._hispanica,Other_species,0,1,2,-1,restoration,2025-07-19 17:29:043
S._viscosa,C._hispanica,Other_species,0,1,2,-1,restoration,2025-07-19 17:29:043
Nurse_S._viscosa,Nurse_G._struthium,H._squamatum,0,1,2,-1,natural,2025-07-19 17:29:043
Nurse_S._viscosa,Nurse_G._struthium,S._viscosa,0,1,2,-1,natural,2025-07-19 17:29:043
Nurse_S._viscosa,Nurse_G._struthium,C._hispanica,0,1,2,-1,natural,2025-07-19 17:29:043
Nurse_S._viscosa,Nurse_G._struthium,Other_species,0,1,2,-1,natural,2025-07-19 17:29:043
Nurse_S._viscosa,H._squamatum,S._viscosa,0,1,2,-1,natural,2025-07-19 17:29:043
Nurse_S._viscosa,H._squamatum,C._hispanica,0,1,2,-1,natural,2025-07-19 17:29:043
Nurse_S._viscosa,H._squamatum,Other_species,0,1,2,-1,natural,2025-07-19 17:29:043
Nurse_S._viscosa,S._viscosa,C._hispanica,0,1,2,-1,natural,2025-07-19 17:29:043
Nurse_S._viscosa,S._viscosa,Other_species,0,1,2,-1,natural,2025-07-19 17:29:043
Nurse_S._viscosa,C._hispanica,Other_species,0,1,2,-1,natural,2025-07-19 17:29:043
Nurse_G._struthium,H._squamatum,S._viscosa,0,1,2,-1,natural,2025-07-19 17:29:043
Nurse_G._struthium,H._squamatum,C._hispanica,0,1,2,-1,natural,2025-07-19 17:29:043
Nurse_G._struthium,H._squamatum,Other_species,0,1,2,-1,natural,2025-07-19 17:29:043
Nurse_G._struthium,S._viscosa,C._hispanica,0,1,2,-1,natural,2025-07-19 17:29:043
Nurse_G._struthium,S._viscosa,Other_species,0,1,2,-1,natural,2025-07-19 17:29:043
Nurse_G._struthium,C._hispanica,Other_species,0,1,2,-1,natural,2025-07-19 17:29:043
H._squamatum,S._viscosa,C._hispanica,0,1,2,-1,natural,2025-07-19 17:29:043
H._squamatum,S._viscosa,Other_species,0,1,2,-1,natural,2025-07-19 17:29:043
H._squamatum,C._hispanica,Other_species,0,1,2,-1,natural,2025-07-19 17:29:043
S._viscosa,C._hispanica,Other_species,0,1,2,-1,natural,2025-07-19 17:29:043
Nurse_S._viscosa,Nurse_G._struthium,H._squamatum,0,1,2,-1,restoration,2025-07-19 17:29:033
Nurse_S._viscosa,Nurse_G._struthium,S._viscosa,0,1,2,-1,restoration,2025-07-19 17:29:033
Nurse_S._viscosa,Nurse_G._struthium,C._hispanica,0,1,2,-1,restoration,2025-07-19 17:29:033
Nurse_S._viscosa,Nurse_G._struthium,Other_species,0,1,2,-1,restoration,2025-07-19 17:29:033
Nurse_S._viscosa,H._squamatum,S._viscosa,0,1,2,-1,restoration,2025-07-19 17:29:033
Nurse_S._viscosa,H._squamatum,C._hispanica,0,1,2,-1,restoration,2025-07-19 17:29:033
Nurse_S._viscosa,H._squamatum,Other_species,0,1,2,-1,restoration,2025-07-19 17:29:033
Nurse_S._viscosa,S._viscosa,C._hispanica,0,1,2,-1,restoration,2025-07-19 17:29:033
Nurse_S._viscosa,S._viscosa,Other_species,0,1,2,-1,restoration,2025-07-19 17:29:033
Nurse_S._viscosa,C._hispanica,Other_species,0,1,2,-1,restoration,2025-07-19 17:29:033
Nurse_G._struthium,H._squamatum,S._viscosa,0,1,2,-1,restoration,2025-07-19 17:29:033
Nurse_G._struthium,H._squamatum,C._hispanica,0,1,2,-1,restoration,2025-07-19 17:29:033
Nurse_G._struthium,H._squamatum,Other_species,0,1,2,-1,restoration,2025-07-19 17:29:033
Nurse_G._struthium,S._viscosa,C._hispanica,0,1,2,-1,restoration,2025-07-19 17:29:033
Nurse_G._struthium,S._viscosa,Other_species,0,1,2,-1,restoration,2025-07-19 17:29:033
Nurse_G._struthium,C._hispanica,Other_species,0,1,2,-1,restoration,2025-07-19 17:29:033
H._squamatum,S._viscosa,C._hispanica,0,1,2,-1,restoration,2025-07-19 17:29:033
H._squamatum,S._viscosa,Other_species,0,1,2,-1,restoration,2025-07-19 17:29:033
H._squamatum,C._hispanica,Other_species,0,1,2,-1,restoration,2025-07-19 17:29:033
S._viscosa,C._hispanica,Other_species,0,1,2,-1,restoration,2025-07-19 17:29:033
Nurse_S._viscosa,Nurse_G._struthium,H._squamatum,0,1,2,-1,natural,2025-07-19 17:29:033
Nurse_S._viscosa,Nurse_G._struthium,S._viscosa,0,1,2,-1,natural,2025-07-19 17:29:033
Nurse_S._viscosa,Nurse_G._struthium,C._hispanica,0,1,2,-1,natural,2025-07-19 17:29:033
Nurse_S._viscosa,Nurse_G._struthium,Other_species,0,1,2,-1,natural,2025-07-19 17:29:033
Nurse_S._viscosa,H._squamatum,S._viscosa,0,1,2,-1,natural,2025-07-19 17:29:033
Nurse_S._viscosa,H._squamatum,C._hispanica,0,1,2,-1,natural,2025-07-19 17:29:033
Nurse_S._viscosa,H._squamatum,Other_species,0,1,2,-1,natural,2025-07-19 17:29:033
Nurse_S._viscosa,S._viscosa,C._hispanica,0,1,2,-1,natural,2025-07-19 17:29:033
Nurse_S._viscosa,S._viscosa,Other_species,0,1,2,-1,natural,2025-07-19 17:29:033
Nurse_S._viscosa,C._hispanica,Other_species,0,1,2,-1,natural,2025-07-19 17:29:033
Nurse_G._struthium,H._squamatum,S._viscosa,0,1,2,-1,natural,2025-07-19 17:29:033
Nurse_G._struthium,H._squamatum,C._hispanica,0,1,2,-1,natural,2025-07-19 17:29:033
Nurse_G._struthium,H._squamatum,Other_species,0,1,2,-1,natural,2025-07-19 17:29:033
Nurse_G._struthium,S._viscosa,C._hispanica,0,1,2,-1,natural,2025-07-19 17:29:033
Nurse_G._struthium,S._viscosa,Other_species,0,1,2,-1,natural,2025-07-19 17:29:033
Nurse_G._struthium,C._hispanica,Other_species,0,1,2,-1,natural,2025-07-19 17:29:033
H._squamatum,S._viscosa,C._hispanica,0,1,2,-1,natural,2025-07-19 17:29:033
H._squamatum,S._viscosa,Other_species,0,1,2,-1,natural,2025-07-19 17:29:033
H._squamatum,C._hispanica,Other_species,0,1,2,-1,natural,2025-07-19 17:29:033
S._viscosa,C._hispanica,Other_species,0,1,2,-1,natural,2025-07-19 17:29:033
Nurse_S._viscosa,Nurse_G._struthium,H._squamatum,0,1,2,-1,restoration,2025-07-19 17:29:033
Nurse_S._viscosa,Nurse_G._struthium,S._viscosa,0,1,2,-1,restoration,2025-07-19 17:29:033
Nurse_S._viscosa,Nurse_G._struthium,C._hispanica,0,1,2,-1,restoration,2025-07-19 17:29:033
Nurse_S._viscosa,Nurse_G._struthium,Other_species,0,1,2,-1,restoration,2025-07-19 17:29:033
Nurse_S._viscosa,H._squamatum,S._viscosa,0,1,2,-1,restoration,2025-07-19 17:29:033
Nurse_S._viscosa,H._squamatum,C._hispanica,0,1,2,-1,restoration,2025-07-19 17:29:033
Nurse_S._viscosa,H._squamatum,Other_species,0,1,2,-1,restoration,2025-07-19 17:29:033
Nurse_S._viscosa,S._viscosa,C._hispanica,0,1,2,-1,restoration,2025-07-19 17:29:033
Nurse_S._viscosa,S._viscosa,Other_species,0,1,2,-1,restoration,2025-07-19 17:29:033
Nurse_S._viscosa,C._hispanica,Other_species,0,1,2,-1,restoration,2025-07-19 17:29:033
Nurse_G._struthium,H._squamatum,S._viscosa,0,1,2,-1,restoration,2025-07-19 17:29:033
Nurse_G._struthium,H._squamatum,C._hispanica,0,1,2,-1,restoration,2025-07-19 17:29:033
Nurse_G._struthium,H._squamatum,Other_species,0,1,2,-1,restoration,2025-07-19 17:29:033
Nurse_G._struthium,S._viscosa,C._hispanica,0,1,2,-1,restoration,2025-07-19 17:29:033
Nurse_G._struthium,S._viscosa,Other_species,0,1,2,-1,restoration,2025-07-19 17:29:033
Nurse_G._struthium,C._hispanica,Other_species,0,1,2,-1,restoration,2025-07-19 17:29:033
H._squamatum,S._viscosa,C._hispanica,0,1,2,-1,restoration,2025-07-19 17:29:033
H._squamatum,S._viscosa,Other_species,0,1,2,-1,restoration,2025-07-19 17:29:033
H._squamatum,C._hispanica,Other_species,0,1,2,-1,restoration,2025-07-19 17:29:033
S._viscosa,C._hispanica,Other_species,0,1,2,-1,restoration,2025-07-19 17:29:033
Nurse_S._viscosa,Nurse_G._struthium,H._squamatum,0,1,2,-1,natural,2025-07-19 17:29:033
Nurse_S._viscosa,Nurse_G._struthium,S._viscosa,0,1,2,-1,natural,2025-07-19 17:29:033
Nurse_S._viscosa,Nurse_G._struthium,C._hispanica,0,1,2,-1,natural,2025-07-19 17:29:033
Nurse_S._viscosa,Nurse_G._struthium,Other_species,0,1,2,-1,natural,2025-07-19 17:29:033
Nurse_S._viscosa,H._squamatum,S._viscosa,0,1,2,-1,natural,2025-07-19 17:29:033
Nurse_S._viscosa,H._squamatum,C._hispanica,0,1,2,-1,natural,2025-07-19 17:29:033
Nurse_S._viscosa,H._squamatum,Other_species,0,1,2,-1,natural,2025-07-19 17:29:033
Nurse_S._viscosa,S._viscosa,C._hispanica,0,1,2,-1,natural,2025-07-19 17:29:033
Nurse_S._viscosa,S._viscosa,Other_species,0,1,2,-1,natural,2025-07-19 17:29:033
Nurse_S._viscosa,C._hispanica,Other_species,0,1,2,-1,natural,2025-07-19 17:29:033
Nurse_G._struthium,H._squamatum,S._viscosa,0,1,2,-1,natural,2025-07-19 17:29:033
Nurse_G._struthium,H._squamatum,C._hispanica,0,1,2,-1,natural,2025-07-19 17:29:033
Nurse_G._struthium,H._squamatum,Other_species,0,1,2,-1,natural,2025-07-19 17:29:033
Nurse_G._struthium,S._viscosa,C._hispanica,0,1,2,-1,natural,2025-07-19 17:29:033
Nurse_G._struthium,S._viscosa,Other_species,0,1,2,-1,natural,2025-07-19 17:29:033
Nurse_G._struthium,C._hispanica,Other_species,0,1,2,-1,natural,2025-07-19 17:29:033
H._squamatum,S._viscosa,C._hispanica,0,1,2,-1,natural,2025-07-19 17:29:033
H._squamatum,S._viscosa,Other_species,0,1,2,-1,natural,2025-07-19 17:29:033
H._squamatum,C._hispanica,Other_species,0,1,2,-1,natural,2025-07-19 17:29:033
S._viscosa,C._hispanica,Other_species,0,1,2,-1,natural,2025-07-19 17:29:033
Nurse_S._viscosa,Nurse_G._struthium,H._squamatum,0,1,2,-1,restoration,2025-07-19 17:29:023
Nurse_S._viscosa,Nurse_G._struthium,S._viscosa,0,1,2,-1,restoration,2025-07-19 17:29:023
Nurse_S._viscosa,Nurse_G._struthium,C._hispanica,0,1,2,-1,restoration,2025-07-19 17:29:023
Nurse_S._viscosa,Nurse_G._struthium,Other_species,0,1,2,-1,restoration,2025-07-19 17:29:023
Nurse_S._viscosa,H._squamatum,S._viscosa,0,1,2,-1,restoration,2025-07-19 17:29:023
Nurse_S._viscosa,H._squamatum,C._hispanica,0,1,2,-1,restoration,2025-07-19 17:29:023
Nurse_S._viscosa,H._squamatum,Other_species,0,1,2,-1,restoration,2025-07-19 17:29:023
Nurse_S._viscosa,S._viscosa,C._hispanica,0,1,2,-1,restoration,2025-07-19 17:29:023
Nurse_S._viscosa,S._viscosa,Other_species,0,1,2,-1,restoration,2025-07-19 17:29:023
Nurse_S._viscosa,C._hispanica,Other_species,0,1,2,-1,restoration,2025-07-19 17:29:023
Nurse_G._struthium,H._squamatum,S._viscosa,0,1,2,-1,restoration,2025-07-19 17:29:023
Nurse_G._struthium,H._squamatum,C._hispanica,0,1,2,-1,restoration,2025-07-19 17:29:023
Nurse_G._struthium,H._squamatum,Other_species,0,1,2,-1,restoration,2025-07-19 17:29:023
Nurse_G._struthium,S._viscosa,C._hispanica,0,1,2,-1,restoration,2025-07-19 17:29:023
Nurse_G._struthium,S._viscosa,Other_species,0,1,2,-1,restoration,2025-07-19 17:29:023
Nurse_G._struthium,C._hispanica,Other_species,0,1,2,-1,restoration,2025-07-19 17:29:023
H._squamatum,S._viscosa,C._hispanica,0,1,2,-1,restoration,2025-07-19 17:29:023
H._squamatum,S._viscosa,Other_species,0,1,2,-1,restoration,2025-07-19 17:29:023
H._squamatum,C._hispanica,Other_species,0,1,2,-1,restoration,2025-07-19 17:29:023
S._viscosa,C._hispanica,Other_species,0,1,2,-1,restoration,2025-07-19 17:29:023
Nurse_S._viscosa,Nurse_G._struthium,H._squamatum,0,1,2,-1,natural,2025-07-19 17:29:023
Nurse_S._viscosa,Nurse_G._struthium,S._viscosa,0,1,2,-1,natural,2025-07-19 17:29:023
Nurse_S._viscosa,Nurse_G._struthium,C._hispanica,0,1,2,-1,natural,2025-07-19 17:29:023
Nurse_S._viscosa,Nurse_G._struthium,Other_species,0,1,2,-1,natural,2025-07-19 17:29:023
Nurse_S._viscosa,H._squamatum,S._viscosa,0,1,2,-1,natural,2025-07-19 17:29:023
Nurse_S._viscosa,H._squamatum,C._hispanica,0,1,2,-1,natural,2025-07-19 17:29:023
Nurse_S._viscosa,H._squamatum,Other_species,0,1,2,-1,natural,2025-07-19 17:29:023
Nurse_S._viscosa,S._viscosa,C._hispanica,0,1,2,-1,natural,2025-07-19 17:29:023
Nurse_S._viscosa,S._viscosa,Other_species,0,1,2,-1,natural,2025-07-19 17:29:023
Nurse_S._viscosa,C._hispanica,Other_species,0,1,2,-1,natural,2025-07-19 17:29:023
Nurse_G._struthium,H._squamatum,S._viscosa,0,1,2,-1,natural,2025-07-19 17:29:023
Nurse_G._struthium,H._squamatum,C._hispanica,0,1,2,-1,natural,2025-07-19 17:29:023
Nurse_G._struthium,H._squamatum,Other_species,0,1,2,-1,natural,2025-07-19 17:29:023
Nurse_G._struthium,S._viscosa,C._hispanica,0,1,2,-1,natural,2025-07-19 17:29:023
Nurse_G._struthium,S._viscosa,Other_species,0,1,2,-1,natural,2025-07-19 17:29:023
Nurse_G._struthium,C._hispanica,Other_species,0,1,2,-1,natural,2025-07-19 17:29:023
H._squamatum,S._viscosa,C._hispanica,0,1,2,-1,natural,2025-07-19 17:29:023
H._squamatum,S._viscosa,Other_species,0,1,2,-1,natural,2025-07-19 17:29:023
H._squamatum,C._hispanica,Other_species,0,1,2,-1,natural,2025-07-19 17:29:023
S._viscosa,C._hispanica,Other_species,0,1,2,-1,natural,2025-07-19 17:29:023
Nurse_S._viscosa,Nurse_G._struthium,H._squamatum,0,1,2,-1,restoration,2025-07-19 17:29:023
Nurse_S._viscosa,Nurse_G._struthium,S._viscosa,0,1,2,-1,restoration,2025-07-19 17:29:023
Nurse_S._viscosa,Nurse_G._struthium,C._hispanica,0,1,2,-1,restoration,2025-07-19 17:29:023
Nurse_S._viscosa,Nurse_G._struthium,Other_species,0,1,2,-1,restoration,2025-07-19 17:29:023
Nurse_S._viscosa,H._squamatum,S._viscosa,0,1,2,-1,restoration,2025-07-19 17:29:023
Nurse_S._viscosa,H._squamatum,C._hispanica,0,1,2,-1,restoration,2025-07-19 17:29:023
Nurse_S._viscosa,H._squamatum,Other_species,0,1,2,-1,restoration,2025-07-19 17:29:023
Nurse_S._viscosa,S._viscosa,C._hispanica,0,1,2,-1,restoration,2025-07-19 17:29:023
Nurse_S._viscosa,S._viscosa,Other_species,0,1,2,-1,restoration,2025-07-19 17:29:023
Nurse_S._viscosa,C._hispanica,Other_species,0,1,2,-1,restoration,2025-07-19 17:29:023
Nurse_G._struthium,H._squamatum,S._viscosa,0,1,2,-1,restoration,2025-07-19 17:29:023
Nurse_G._struthium,H._squamatum,C._hispanica,0,1,2,-1,restoration,2025-07-19 17:29:023
Nurse_G._struthium,H._squamatum,Other_species,0,1,2,-1,restoration,2025-07-19 17:29:023
Nurse_G._struthium,S._viscosa,C._hispanica,0,1,2,-1,restoration,2025-07-19 17:29:023
Nurse_G._struthium,S._viscosa,Other_species,0,1,2,-1,restoration,2025-07-19 17:29:023
Nurse_G._struthium,C._hispanica,Other_species,0,1,2,-1,restoration,2025-07-19 17:29:023
H._squamatum,S._viscosa,C._hispanica,0,1,2,-1,restoration,2025-07-19 17:29:023
H._squamatum,S._viscosa,Other_species,0,1,2,-1,restoration,2025-07-19 17:29:023
H._squamatum,C._hispanica,Other_species,0,1,2,-1,restoration,2025-07-19 17:29:023
S._viscosa,C._hispanica,Other_species,0,1,2,-1,restoration,2025-07-19 17:29:023
Nurse_S._viscosa,Nurse_G._struthium,H._squamatum,0,1,2,-1,natural,2025-07-19 17:29:023
Nurse_S._viscosa,Nurse_G._struthium,S._viscosa,0,1,2,-1,natural,2025-07-19 17:29:023
Nurse_S._viscosa,Nurse_G._struthium,C._hispanica,0,1,2,-1,natural,2025-07-19 17:29:023
Nurse_S._viscosa,Nurse_G._struthium,Other_species,0,1,2,-1,natural,2025-07-19 17:29:023
Nurse_S._viscosa,H._squamatum,S._viscosa,0,1,2,-1,natural,2025-07-19 17:29:023
Nurse_S._viscosa,H._squamatum,C._hispanica,0,1,2,-1,natural,2025-07-19 17:29:023
Nurse_S._viscosa,H._squamatum,Other_species,0,1,2,-1,natural,2025-07-19 17:29:023
Nurse_S._viscosa,S._viscosa,C._hispanica,0,1,2,-1,natural,2025-07-19 17:29:023
Nurse_S._viscosa,S._viscosa,Other_species,0,1,2,-1,natural,2025-07-19 17:29:023
Nurse_S._viscosa,C._hispanica,Other_species,0,1,2,-1,natural,2025-07-19 17:29:023
Nurse_G._struthium,H._squamatum,S._viscosa,0,1,2,-1,natural,2025-07-19 17:29:023
Nurse_G._struthium,H._squamatum,C._hispanica,0,1,2,-1,natural,2025-07-19 17:29:023
Nurse_G._struthium,H._squamatum,Other_species,0,1,2,-1,natural,2025-07-19 17:29:023
Nurse_G._struthium,S._viscosa,C._hispanica,0,1,2,-1,natural,2025-07-19 17:29:023
Nurse_G._struthium,S._viscosa,Other_species,0,1,2,-1,natural,2025-07-19 17:29:023
Nurse_G._struthium,C._hispanica,Other_species,0,1,2,-1,natural,2025-07-19 17:29:023
H._squamatum,S._viscosa,C._hispanica,0,1,2,-1,natural,2025-07-19 17:29:023
H._squamatum,S._viscosa,Other_species,0,1,2,-1,natural,2025-07-19 17:29:023
H._squamatum,C._hispanica,Other_species,0,1,2,-1,natural,2025-07-19 17:29:023
S._viscosa,C._hispanica,Other_species,0,1,2,-1,natural,2025-07-19 17:29:023
Nurse_S._viscosa,Nurse_G._struthium,H._squamatum,0,1,2,-1,restoration,2025-07-19 17:29:013
Nurse_S._viscosa,Nurse_G._struthium,S._viscosa,0,1,2,-1,restoration,2025-07-19 17:29:013
Nurse_S._viscosa,Nurse_G._struthium,C._hispanica,0,1,2,-1,restoration,2025-07-19 17:29:013
Nurse_S._viscosa,Nurse_G._struthium,Other_species,0,1,2,-1,restoration,2025-07-19 17:29:013
Nurse_S._viscosa,H._squamatum,S._viscosa,0,1,2,-1,restoration,2025-07-19 17:29:013
Nurse_S._viscosa,H._squamatum,C._hispanica,0,1,2,-1,restoration,2025-07-19 17:29:013
Nurse_S._viscosa,H._squamatum,Other_species,0,1,2,-1,restoration,2025-07-19 17:29:013
Nurse_S._viscosa,S._viscosa,C._hispanica,0,1,2,-1,restoration,2025-07-19 17:29:013
Nurse_S._viscosa,S._viscosa,Other_species,0,1,2,-1,restoration,2025-07-19 17:29:013
Nurse_S._viscosa,C._hispanica,Other_species,0,1,2,-1,restoration,2025-07-19 17:29:013
Nurse_G._struthium,H._squamatum,S._viscosa,0,1,2,-1,restoration,2025-07-19 17:29:013
Nurse_G._struthium,H._squamatum,C._hispanica,0,1,2,-1,restoration,2025-07-19 17:29:013
Nurse_G._struthium,H._squamatum,Other_species,0,1,2,-1,restoration,2025-07-19 17:29:013
Nurse_G._struthium,S._viscosa,C._hispanica,0,1,2,-1,restoration,2025-07-19 17:29:013
Nurse_G._struthium,S._viscosa,Other_species,0,1,2,-1,restoration,2025-07-19 17:29:013
Nurse_G._struthium,C._hispanica,Other_species,0,1,2,-1,restoration,2025-07-19 17:29:013
H._squamatum,S._viscosa,C._hispanica,0,1,2,-1,restoration,2025-07-19 17:29:013
H._squamatum,S._viscosa,Other_species,0,1,2,-1,restoration,2025-07-19 17:29:013
H._squamatum,C._hispanica,Other_species,0,1,2,-1,restoration,2025-07-19 17:29:013
S._viscosa,C._hispanica,Other_species,0,1,2,-1,restoration,2025-07-19 17:29:013
Nurse_S._viscosa,Nurse_G._struthium,H._squamatum,0,1,2,-1,natural,2025-07-19 17:29:013
Nurse_S._viscosa,Nurse_G._struthium,S._viscosa,0,1,2,-1,natural,2025-07-19 17:29:013
Nurse_S._viscosa,Nurse_G._struthium,C._hispanica,0,1,2,-1,natural,2025-07-19 17:29:013
Nurse_S._viscosa,Nurse_G._struthium,Other_species,0,1,2,-1,natural,2025-07-19 17:29:013
Nurse_S._viscosa,H._squamatum,S._viscosa,0,1,2,-1,natural,2025-07-19 17:29:013
Nurse_S._viscosa,H._squamatum,C._hispanica,0,1,2,-1,natural,2025-07-19 17:29:013
Nurse_S._viscosa,H._squamatum,Other_species,0,1,2,-1,natural,2025-07-19 17:29:013
Nurse_S._viscosa,S._viscosa,C._hispanica,0,1,2,-1,natural,2025-07-19 17:29:013
Nurse_S._viscosa,S._viscosa,Other_species,0,1,2,-1,natural,2025-07-19 17:29:013
Nurse_S._viscosa,C._hispanica,Other_species,0,1,2,-1,natural,2025-07-19 17:29:013
Nurse_G._struthium,H._squamatum,S._viscosa,0,1,2,-1,natural,2025-07-19 17:29:013
Nurse_G._struthium,H._squamatum,C._hispanica,0,1,2,-1,natural,2025-07-19 17:29:013
Nurse_G._struthium,H._squamatum,Other_species,0,1,2,-1,natural,2025-07-19 17:29:013
Nurse_G._struthium,S._viscosa,C._hispanica,0,1,2,-1,natural,2025-07-19 17:29:013
Nurse_G._struthium,S._viscosa,Other_species,0,1,2,-1,natural,2025-07-19 17:29:013
Nurse_G._struthium,C._hispanica,Other_species,0,1,2,-1,natural,2025-07-19 17:29:013
H._squamatum,S._viscosa,C._hispanica,0,1,2,-1,natural,2025-07-19 17:29:013
H._squamatum,S._viscosa,Other_species,0,1,2,-1,natural,2025-07-19 17:29:013
H._squamatum,C._hispanica,Other_species,0,1,2,-1,natural,2025-07-19 17:29:013
S._viscosa,C._hispanica,Other_species,0,1,2,-1,natural,2025-07-19 17:29:013
Nurse_S._viscosa,Nurse_G._struthium,H._squamatum,0,1,2,-1,restoration,2025-07-19 17:29:013
Nurse_S._viscosa,Nurse_G._struthium,S._viscosa,0,1,2,-1,restoration,2025-07-19 17:29:013
Nurse_S._viscosa,Nurse_G._struthium,C._hispanica,0,1,2,-1,restoration,2025-07-19 17:29:013
Nurse_S._viscosa,Nurse_G._struthium,Other_species,0,1,2,-1,restoration,2025-07-19 17:29:013
Nurse_S._viscosa,H._squamatum,S._viscosa,0,1,2,-1,restoration,2025-07-19 17:29:013
Nurse_S._viscosa,H._squamatum,C._hispanica,0,1,2,-1,restoration,2025-07-19 17:29:013
Nurse_S._viscosa,H._squamatum,Other_species,0,1,2,-1,restoration,2025-07-19 17:29:013
Nurse_S._viscosa,S._viscosa,C._hispanica,0,1,2,-1,restoration,2025-07-19 17:29:013
Nurse_S._viscosa,S._viscosa,Other_species,0,1,2,-1,restoration,2025-07-19 17:29:013
Nurse_S._viscosa,C._hispanica,Other_species,0,1,2,-1,restoration,2025-07-19 17:29:013
Nurse_G._struthium,H._squamatum,S._viscosa,0,1,2,-1,restoration,2025-07-19 17:29:013
Nurse_G._struthium,H._squamatum,C._hispanica,0,1,2,-1,restoration,2025-07-19 17:29:013
Nurse_G._struthium,H._squamatum,Other_species,0,1,2,-1,restoration,2025-07-19 17:29:013
Nurse_G._struthium,S._viscosa,C._hispanica,0,1,2,-1,restoration,2025-07-19 17:29:013
Nurse_G._struthium,S._viscosa,Other_species,0,1,2,-1,restoration,2025-07-19 17:29:013
Nurse_G._struthium,C._hispanica,Other_species,0,1,2,-1,restoration,2025-07-19 17:29:013
H._squamatum,S._viscosa,C._hispanica,0,1,2,-1,restoration,2025-07-19 17:29:013
H._squamatum,S._viscosa,Other_species,0,1,2,-1,restoration,2025-07-19 17:29:013
H._squamatum,C._hispanica,Other_species,0,1,2,-1,restoration,2025-07-19 17:29:013
S._viscosa,C._hispanica,Other_species,0,1,2,-1,restoration,2025-07-19 17:29:013
Nurse_S._viscosa,Nurse_G._struthium,H._squamatum,0,1,2,-1,natural,2025-07-19 17:29:013
Nurse_S._viscosa,Nurse_G._struthium,S._viscosa,0,1,2,-1,natural,2025-07-19 17:29:013
Nurse_S._viscosa,Nurse_G._struthium,C._hispanica,0,1,2,-1,natural,2025-07-19 17:29:013
Nurse_S._viscosa,Nurse_G._struthium,Other_species,0,1,2,-1,natural,2025-07-19 17:29:013
Nurse_S._viscosa,H._squamatum,S._viscosa,0,1,2,-1,natural,2025-07-19 17:29:013
Nurse_S._viscosa,H._squamatum,C._hispanica,0,1,2,-1,natural,2025-07-19 17:29:013
Nurse_S._viscosa,H._squamatum,Other_species,0,1,2,-1,natural,2025-07-19 17:29:013
Nurse_S._viscosa,S._viscosa,C._hispanica,0,1,2,-1,natural,2025-07-19 17:29:013
Nurse_S._viscosa,S._viscosa,Other_species,0,1,2,-1,natural,2025-07-19 17:29:013
Nurse_S._viscosa,C._hispanica,Other_species,0,1,2,-1,natural,2025-07-19 17:29:013
Nurse_G._struthium,H._squamatum,S._viscosa,0,1,2,-1,natural,2025-07-19 17:29:013
Nurse_G._struthium,H._squamatum,C._hispanica,0,1,2,-1,natural,2025-07-19 17:29:013
Nurse_G._struthium,H._squamatum,Other_species,0,1,2,-1,natural,2025-07-19 17:29:013
Nurse_G._struthium,S._viscosa,C._hispanica,0,1,2,-1,natural,2025-07-19 17:29:013
Nurse_G._struthium,S._viscosa,Other_species,0,1,2,-1,natural,2025-07-19 17:29:013
Nurse_G._struthium,C._hispanica,Other_species,0,1,2,-1,natural,2025-07-19 17:29:013
H._squamatum,S._viscosa,C._hispanica,0,1,2,-1,natural,2025-07-19 17:29:013
H._squamatum,S._viscosa,Other_species,0,1,2,-1,natural,2025-07-19 17:29:013
H._squamatum,C._hispanica,Other_species,0,1,2,-1,natural,2025-07-19 17:29:013
S._viscosa,C._hispanica,Other_species,0,1,2,-1,natural,2025-07-19 17:29:013
Nurse_S._viscosa,Nurse_G._struthium,H._squamatum,0,1,2,-1,restoration,2025-07-19 17:29:003
Nurse_S._viscosa,Nurse_G._struthium,S._viscosa,0,1,2,-1,restoration,2025-07-19 17:29:003
Nurse_S._viscosa,Nurse_G._struthium,C._hispanica,0,1,2,-1,restoration,2025-07-19 17:29:003
Nurse_S._viscosa,Nurse_G._struthium,Other_species,0,1,2,-1,restoration,2025-07-19 17:29:003
Nurse_S._viscosa,H._squamatum,S._viscosa,0,1,2,-1,restoration,2025-07-19 17:29:003
Nurse_S._viscosa,H._squamatum,C._hispanica,0,1,2,-1,restoration,2025-07-19 17:29:003
Nurse_S._viscosa,H._squamatum,Other_species,0,1,2,-1,restoration,2025-07-19 17:29:003
Nurse_S._viscosa,S._viscosa,C._hispanica,0,1,2,-1,restoration,2025-07-19 17:29:003
Nurse_S._viscosa,S._viscosa,Other_species,0,1,2,-1,restoration,2025-07-19 17:29:003
Nurse_S._viscosa,C._hispanica,Other_species,0,1,2,-1,restoration,2025-07-19 17:29:003
Nurse_G._struthium,H._squamatum,S._viscosa,0,1,2,-1,restoration,2025-07-19 17:29:003
Nurse_G._struthium,H._squamatum,C._hispanica,0,1,2,-1,restoration,2025-07-19 17:29:003
Nurse_G._struthium,H._squamatum,Other_species,0,1,2,-1,restoration,2025-07-19 17:29:003
Nurse_G._struthium,S._viscosa,C._hispanica,0,1,2,-1,restoration,2025-07-19 17:29:003
Nurse_G._struthium,S._viscosa,Other_species,0,1,2,-1,restoration,2025-07-19 17:29:003
Nurse_G._struthium,C._hispanica,Other_species,0,1,2,-1,restoration,2025-07-19 17:29:003
H._squamatum,S._viscosa,C._hispanica,0,1,2,-1,restoration,2025-07-19 17:29:003
H._squamatum,S._viscosa,Other_species,0,1,2,-1,restoration,2025-07-19 17:29:003
H._squamatum,C._hispanica,Other_species,0,1,2,-1,restoration,2025-07-19 17:29:003
S._viscosa,C._hispanica,Other_species,0,1,2,-1,restoration,2025-07-19 17:29:003
Nurse_S._viscosa,Nurse_G._struthium,H._squamatum,0,1,2,-1,natural,2025-07-19 17:29:003
Nurse_S._viscosa,Nurse_G._struthium,S._viscosa,0,1,2,-1,natural,2025-07-19 17:29:003
Nurse_S._viscosa,Nurse_G._struthium,C._hispanica,0,1,2,-1,natural,2025-07-19 17:29:003
Nurse_S._viscosa,Nurse_G._struthium,Other_species,0,1,2,-1,natural,2025-07-19 17:29:003
Nurse_S._viscosa,H._squamatum,S._viscosa,0,1,2,-1,natural,2025-07-19 17:29:003
Nurse_S._viscosa,H._squamatum,C._hispanica,0,1,2,-1,natural,2025-07-19 17:29:003
Nurse_S._viscosa,H._squamatum,Other_species,0,1,2,-1,natural,2025-07-19 17:29:003
Nurse_S._viscosa,S._viscosa,C._hispanica,0,1,2,-1,natural,2025-07-19 17:29:003
Nurse_S._viscosa,S._viscosa,Other_species,0,1,2,-1,natural,2025-07-19 17:29:003
Nurse_S._viscosa,C._hispanica,Other_species,0,1,2,-1,natural,2025-07-19 17:29:003
Nurse_G._struthium,H._squamatum,S._viscosa,0,1,2,-1,natural,2025-07-19 17:29:003
Nurse_G._struthium,H._squamatum,C._hispanica,0,1,2,-1,natural,2025-07-19 17:29:003
Nurse_G._struthium,H._squamatum,Other_species,0,1,2,-1,natural,2025-07-19 17:29:003
Nurse_G._struthium,S._viscosa,C._hispanica,0,1,2,-1,natural,2025-07-19 17:29:003
Nurse_G._struthium,S._viscosa,Other_species,0,1,2,-1,natural,2025-07-19 17:29:003
Nurse_G._struthium,C._hispanica,Other_species,0,1,2,-1,natural,2025-07-19 17:29:003
H._squamatum,S._viscosa,C._hispanica,0,1,2,-1,natural,2025-07-19 17:29:003
H._squamatum,S._viscosa,Other_species,0,1,2,-1,natural,2025-07-19 17:29:003
H._squamatum,C._hispanica,Other_species,0,1,2,-1,natural,2025-07-19 17:29:003
S._viscosa,C._hispanica,Other_species,0,1,2,-1,natural,2025-07-19 17:29:003
Nurse_S._viscosa,Nurse_G._struthium,H._squamatum,0,1,2,-1,restoration,2025-07-19 17:28:593
Nurse_S._viscosa,Nurse_G._struthium,S._viscosa,0,1,2,-1,restoration,2025-07-19 17:28:593
Nurse_S._viscosa,Nurse_G._struthium,C._hispanica,0,1,2,-1,restoration,2025-07-19 17:28:593
Nurse_S._viscosa,Nurse_G._struthium,Other_species,0,1,2,-1,restoration,2025-07-19 17:28:593
Nurse_S._viscosa,H._squamatum,S._viscosa,0,1,2,-1,restoration,2025-07-19 17:28:593
Nurse_S._viscosa,H._squamatum,C._hispanica,0,1,2,-1,restoration,2025-07-19 17:28:593
Nurse_S._viscosa,H._squamatum,Other_species,0,1,2,-1,restoration,2025-07-19 17:28:593
Nurse_S._viscosa,S._viscosa,C._hispanica,0,1,2,-1,restoration,2025-07-19 17:28:593
Nurse_S._viscosa,S._viscosa,Other_species,0,1,2,-1,restoration,2025-07-19 17:28:593
Nurse_S._viscosa,C._hispanica,Other_species,0,1,2,-1,restoration,2025-07-19 17:28:593
Nurse_G._struthium,H._squamatum,S._viscosa,0,1,2,-1,restoration,2025-07-19 17:28:593
Nurse_G._struthium,H._squamatum,C._hispanica,0,1,2,-1,restoration,2025-07-19 17:28:593
Nurse_G._struthium,H._squamatum,Other_species,0,1,2,-1,restoration,2025-07-19 17:28:593
Nurse_G._struthium,S._viscosa,C._hispanica,0,1,2,-1,restoration,2025-07-19 17:28:593
Nurse_G._struthium,S._viscosa,Other_species,0,1,2,-1,restoration,2025-07-19 17:28:593
Nurse_G._struthium,C._hispanica,Other_species,0,1,2,-1,restoration,2025-07-19 17:28:593
H._squamatum,S._viscosa,C._hispanica,0,1,2,-1,restoration,2025-07-19 17:28:593
H._squamatum,S._viscosa,Other_species,0,1,2,-1,restoration,2025-07-19 17:28:593
H._squamatum,C._hispanica,Other_species,0,1,2,-1,restoration,2025-07-19 17:28:593
S._viscosa,C._hispanica,Other_species,0,1,2,-1,restoration,2025-07-19 17:28:593
Nurse_S._viscosa,Nurse_G._struthium,H._squamatum,0,1,2,-1,natural,2025-07-19 17:28:593
Nurse_S._viscosa,Nurse_G._struthium,S._viscosa,0,1,2,-1,natural,2025-07-19 17:28:593
Nurse_S._viscosa,Nurse_G._struthium,C._hispanica,0,1,2,-1,natural,2025-07-19 17:28:593
Nurse_S._viscosa,Nurse_G._struthium,Other_species,0,1,2,-1,natural,2025-07-19 17:28:593
Nurse_S._viscosa,H._squamatum,S._viscosa,0,1,2,-1,natural,2025-07-19 17:28:593
Nurse_S._viscosa,H._squamatum,C._hispanica,0,1,2,-1,natural,2025-07-19 17:28:593
Nurse_S._viscosa,H._squamatum,Other_species,0,1,2,-1,natural,2025-07-19 17:28:593
Nurse_S._viscosa,S._viscosa,C._hispanica,0,1,2,-1,natural,2025-07-19 17:28:593
Nurse_S._viscosa,S._viscosa,Other_species,0,1,2,-1,natural,2025-07-19 17:28:593
Nurse_S._viscosa,C._hispanica,Other_species,0,1,2,-1,natural,2025-07-19 17:28:593
Nurse_G._struthium,H._squamatum,S._viscosa,0,1,2,-1,natural,2025-07-19 17:28:593
Nurse_G._struthium,H._squamatum,C._hispanica,0,1,2,-1,natural,2025-07-19 17:28:593
Nurse_G._struthium,H._squamatum,Other_species,0,1,2,-1,natural,2025-07-19 17:28:593
Nurse_G._struthium,S._viscosa,C._hispanica,0,1,2,-1,natural,2025-07-19 17:28:593
Nurse_G._struthium,S._viscosa,Other_species,0,1,2,-1,natural,2025-07-19 17:28:593
Nurse_G._struthium,C._hispanica,Other_species,0,1,2,-1,natural,2025-07-19 17:28:593
H._squamatum,S._viscosa,C._hispanica,0,1,2,-1,natural,2025-07-19 17:28:593
H._squamatum,S._viscosa,Other_species,0,1,2,-1,natural,2025-07-19 17:28:593
H._squamatum,C._hispanica,Other_species,0,1,2,-1,natural,2025-07-19 17:28:593
S._viscosa,C._hispanica,Other_species,0,1,2,-1,natural,2025-07-19 17:28:593
Nurse_S._viscosa,Nurse_G._struthium,H._squamatum,0,1,2,-1,restoration,2025-07-19 17:28:593
Nurse_S._viscosa,Nurse_G._struthium,S._viscosa,0,1,2,-1,restoration,2025-07-19 17:28:593
Nurse_S._viscosa,Nurse_G._struthium,C._hispanica,0,1,2,-1,restoration,2025-07-19 17:28:593
Nurse_S._viscosa,Nurse_G._struthium,Other_species,0,1,2,-1,restoration,2025-07-19 17:28:593
Nurse_S._viscosa,H._squamatum,S._viscosa,0,1,2,-1,restoration,2025-07-19 17:28:593
Nurse_S._viscosa,H._squamatum,C._hispanica,0,1,2,-1,restoration,2025-07-19 17:28:593
Nurse_S._viscosa,H._squamatum,Other_species,0,1,2,-1,restoration,2025-07-19 17:28:593
Nurse_S._viscosa,S._viscosa,C._hispanica,0,1,2,-1,restoration,2025-07-19 17:28:593
Nurse_S._viscosa,S._viscosa,Other_species,0,1,2,-1,restoration,2025-07-19 17:28:593
Nurse_S._viscosa,C._hispanica,Other_species,0,1,2,-1,restoration,2025-07-19 17:28:593
Nurse_G._struthium,H._squamatum,S._viscosa,0,1,2,-1,restoration,2025-07-19 17:28:593
Nurse_G._struthium,H._squamatum,C._hispanica,0,1,2,-1,restoration,2025-07-19 17:28:593
Nurse_G._struthium,H._squamatum,Other_species,0,1,2,-1,restoration,2025-07-19 17:28:593
Nurse_G._struthium,S._viscosa,C._hispanica,0,1,2,-1,restoration,2025-07-19 17:28:593
Nurse_G._struthium,S._viscosa,Other_species,0,1,2,-1,restoration,2025-07-19 17:28:593
Nurse_G._struthium,C._hispanica,Other_species,0,1,2,-1,restoration,2025-07-19 17:28:593
H._squamatum,S._viscosa,C._hispanica,0,1,2,-1,restoration,2025-07-19 17:28:593
H._squamatum,S._viscosa,Other_species,0,1,2,-1,restoration,2025-07-19 17:28:593
H._squamatum,C._hispanica,Other_species,0,1,2,-1,restoration,2025-07-19 17:28:593
S._viscosa,C._hispanica,Other_species,0,1,2,-1,restoration,2025-07-19 17:28:593
Nurse_S._viscosa,Nurse_G._struthium,H._squamatum,0,1,2,-1,natural,2025-07-19 17:28:593
Nurse_S._viscosa,Nurse_G._struthium,S._viscosa,0,1,2,-1,natural,2025-07-19 17:28:593
Nurse_S._viscosa,Nurse_G._struthium,C._hispanica,0,1,2,-1,natural,2025-07-19 17:28:593
Nurse_S._viscosa,Nurse_G._struthium,Other_species,0,1,2,-1,natural,2025-07-19 17:28:593
Nurse_S._viscosa,H._squamatum,S._viscosa,0,1,2,-1,natural,2025-07-19 17:28:593
Nurse_S._viscosa,H._squamatum,C._hispanica,0,1,2,-1,natural,2025-07-19 17:28:593
Nurse_S._viscosa,H._squamatum,Other_species,0,1,2,-1,natural,2025-07-19 17:28:593
Nurse_S._viscosa,S._viscosa,C._hispanica,0,1,2,-1,natural,2025-07-19 17:28:593
Nurse_S._viscosa,S._viscosa,Other_species,0,1,2,-1,natural,2025-07-19 17:28:593
Nurse_S._viscosa,C._hispanica,Other_species,0,1,2,-1,natural,2025-07-19 17:28:593
Nurse_G._struthium,H._squamatum,S._viscosa,0,1,2,-1,natural,2025-07-19 17:28:593
Nurse_G._struthium,H._squamatum,C._hispanica,0,1,2,-1,natural,2025-07-19 17:28:593
Nurse_G._struthium,H._squamatum,Other_species,0,1,2,-1,natural,2025-07-19 17:28:593
Nurse_G._struthium,S._viscosa,C._hispanica,0,1,2,-1,natural,2025-07-19 17:28:593
Nurse_G._struthium,S._viscosa,Other_species,0,1,2,-1,natural,2025-07-19 17:28:593
Nurse_G._struthium,C._hispanica,Other_species,0,1,2,-1,natural,2025-07-19 17:28:593
H._squamatum,S._viscosa,C._hispanica,0,1,2,-1,natural,2025-07-19 17:28:593
H._squamatum,S._viscosa,Other_species,0,1,2,-1,natural,2025-07-19 17:28:593
H._squamatum,C._hispanica,Other_species,0,1,2,-1,natural,2025-07-19 17:28:593
S._viscosa,C._hispanica,Other_species,0,1,2,-1,natural,2025-07-19 17:28:593
Nurse_S._viscosa,Nurse_G._struthium,H._squamatum,0,1,2,-1,restoration,2025-07-19 17:28:583
Nurse_S._viscosa,Nurse_G._struthium,S._viscosa,0,1,2,-1,restoration,2025-07-19 17:28:583
Nurse_S._viscosa,Nurse_G._struthium,C._hispanica,0,1,2,-1,restoration,2025-07-19 17:28:583
Nurse_S._viscosa,Nurse_G._struthium,Other_species,0,1,2,-1,restoration,2025-07-19 17:28:583
Nurse_S._viscosa,H._squamatum,S._viscosa,0,1,2,-1,restoration,2025-07-19 17:28:583
Nurse_S._viscosa,H._squamatum,C._hispanica,0,1,2,-1,restoration,2025-07-19 17:28:583
Nurse_S._viscosa,H._squamatum,Other_species,0,1,2,-1,restoration,2025-07-19 17:28:583
Nurse_S._viscosa,S._viscosa,C._hispanica,0,1,2,-1,restoration,2025-07-19 17:28:583
Nurse_S._viscosa,S._viscosa,Other_species,0,1,2,-1,restoration,2025-07-19 17:28:583
Nurse_S._viscosa,C._hispanica,Other_species,0,1,2,-1,restoration,2025-07-19 17:28:583
Nurse_G._struthium,H._squamatum,S._viscosa,0,1,2,-1,restoration,2025-07-19 17:28:583
Nurse_G._struthium,H._squamatum,C._hispanica,0,1,2,-1,restoration,2025-07-19 17:28:583
Nurse_G._struthium,H._squamatum,Other_species,0,1,2,-1,restoration,2025-07-19 17:28:583
Nurse_G._struthium,S._viscosa,C._hispanica,0,1,2,-1,restoration,2025-07-19 17:28:583
Nurse_G._struthium,S._viscosa,Other_species,0,1,2,-1,restoration,2025-07-19 17:28:583
Nurse_G._struthium,C._hispanica,Other_species,0,1,2,-1,restoration,2025-07-19 17:28:583
H._squamatum,S._viscosa,C._hispanica,0,1,2,-1,restoration,2025-07-19 17:28:583
H._squamatum,S._viscosa,Other_species,0,1,2,-1,restoration,2025-07-19 17:28:583
H._squamatum,C._hispanica,Other_species,0,1,2,-1,restoration,2025-07-19 17:28:583
S._viscosa,C._hispanica,Other_species,0,1,2,-1,restoration,2025-07-19 17:28:583
Nurse_S._viscosa,Nurse_G._struthium,H._squamatum,0,1,2,-1,natural,2025-07-19 17:28:583
Nurse_S._viscosa,Nurse_G._struthium,S._viscosa,0,1,2,-1,natural,2025-07-19 17:28:583
Nurse_S._viscosa,Nurse_G._struthium,C._hispanica,0,1,2,-1,natural,2025-07-19 17:28:583
Nurse_S._viscosa,Nurse_G._struthium,Other_species,0,1,2,-1,natural,2025-07-19 17:28:583
Nurse_S._viscosa,H._squamatum,S._viscosa,0,1,2,-1,natural,2025-07-19 17:28:583
Nurse_S._viscosa,H._squamatum,C._hispanica,0,1,2,-1,natural,2025-07-19 17:28:583
Nurse_S._viscosa,H._squamatum,Other_species,0,1,2,-1,natural,2025-07-19 17:28:583
Nurse_S._viscosa,S._viscosa,C._hispanica,0,1,2,-1,natural,2025-07-19 17:28:583
Nurse_S._viscosa,S._viscosa,Other_species,0,1,2,-1,natural,2025-07-19 17:28:583
Nurse_S._viscosa,C._hispanica,Other_species,0,1,2,-1,natural,2025-07-19 17:28:583
Nurse_G._struthium,H._squamatum,S._viscosa,0,1,2,-1,natural,2025-07-19 17:28:583
Nurse_G._struthium,H._squamatum,C._hispanica,0,1,2,-1,natural,2025-07-19 17:28:583
Nurse_G._struthium,H._squamatum,Other_species,0,1,2,-1,natural,2025-07-19 17:28:583
Nurse_G._struthium,S._viscosa,C._hispanica,0,1,2,-1,natural,2025-07-19 17:28:583
Nurse_G._struthium,S._viscosa,Other_species,0,1,2,-1,natural,2025-07-19 17:28:583
Nurse_G._struthium,C._hispanica,Other_species,0,1,2,-1,natural,2025-07-19 17:28:583
H._squamatum,S._viscosa,C._hispanica,0,1,2,-1,natural,2025-07-19 17:28:583
H._squamatum,S._viscosa,Other_species,0,1,2,-1,natural,2025-07-19 17:28:583
H._squamatum,C._hispanica,Other_species,0,1,2,-1,natural,2025-07-19 17:28:583
S._viscosa,C._hispanica,Other_species,0,1,2,-1,natural,2025-07-19 17:28:583
Nurse_S._viscosa,Nurse_G._struthium,H._squamatum,0,1,2,-1,restoration,2025-07-19 17:28:583
Nurse_S._viscosa,Nurse_G._struthium,S._viscosa,0,1,2,-1,restoration,2025-07-19 17:28:583
Nurse_S._viscosa,Nurse_G._struthium,C._hispanica,0,1,2,-1,restoration,2025-07-19 17:28:583
Nurse_S._viscosa,Nurse_G._struthium,Other_species,0,1,2,-1,restoration,2025-07-19 17:28:583
Nurse_S._viscosa,H._squamatum,S._viscosa,0,1,2,-1,restoration,2025-07-19 17:28:583
Nurse_S._viscosa,H._squamatum,C._hispanica,0,1,2,-1,restoration,2025-07-19 17:28:583
Nurse_S._viscosa,H._squamatum,Other_species,0,1,2,-1,restoration,2025-07-19 17:28:583
Nurse_S._viscosa,S._viscosa,C._hispanica,0,1,2,-1,restoration,2025-07-19 17:28:583
Nurse_S._viscosa,S._viscosa,Other_species,0,1,2,-1,restoration,2025-07-19 17:28:583
Nurse_S._viscosa,C._hispanica,Other_species,0,1,2,-1,restoration,2025-07-19 17:28:583
Nurse_G._struthium,H._squamatum,S._viscosa,0,1,2,-1,restoration,2025-07-19 17:28:583
Nurse_G._struthium,H._squamatum,C._hispanica,0,1,2,-1,restoration,2025-07-19 17:28:583
Nurse_G._struthium,H._squamatum,Other_species,0,1,2,-1,restoration,2025-07-19 17:28:583
Nurse_G._struthium,S._viscosa,C._hispanica,0,1,2,-1,restoration,2025-07-19 17:28:583
Nurse_G._struthium,S._viscosa,Other_species,0,1,2,-1,restoration,2025-07-19 17:28:583
Nurse_G._struthium,C._hispanica,Other_species,0,1,2,-1,restoration,2025-07-19 17:28:583
H._squamatum,S._viscosa,C._hispanica,0,1,2,-1,restoration,2025-07-19 17:28:583
H._squamatum,S._viscosa,Other_species,0,1,2,-1,restoration,2025-07-19 17:28:583
H._squamatum,C._hispanica,Other_species,0,1,2,-1,restoration,2025-07-19 17:28:583
S._viscosa,C._hispanica,Other_species,0,1,2,-1,restoration,2025-07-19 17:28:583
Nurse_S._viscosa,Nurse_G._struthium,H._squamatum,0,1,2,-1,natural,2025-07-19 17:28:583
Nurse_S._viscosa,Nurse_G._struthium,S._viscosa,0,1,2,-1,natural,2025-07-19 17:28:583
Nurse_S._viscosa,Nurse_G._struthium,C._hispanica,0,1,2,-1,natural,2025-07-19 17:28:583
Nurse_S._viscosa,Nurse_G._struthium,Other_species,0,1,2,-1,natural,2025-07-19 17:28:583
Nurse_S._viscosa,H._squamatum,S._viscosa,0,1,2,-1,natural,2025-07-19 17:28:583
Nurse_S._viscosa,H._squamatum,C._hispanica,0,1,2,-1,natural,2025-07-19 17:28:583
Nurse_S._viscosa,H._squamatum,Other_species,0,1,2,-1,natural,2025-07-19 17:28:583
Nurse_S._viscosa,S._viscosa,C._hispanica,0,1,2,-1,natural,2025-07-19 17:28:583
Nurse_S._viscosa,S._viscosa,Other_species,0,1,2,-1,natural,2025-07-19 17:28:583
Nurse_S._viscosa,C._hispanica,Other_species,0,1,2,-1,natural,2025-07-19 17:28:583
Nurse_G._struthium,H._squamatum,S._viscosa,0,1,2,-1,natural,2025-07-19 17:28:583
Nurse_G._struthium,H._squamatum,C._hispanica,0,1,2,-1,natural,2025-07-19 17:28:583
Nurse_G._struthium,H._squamatum,Other_species,0,1,2,-1,natural,2025-07-19 17:28:583
Nurse_G._struthium,S._viscosa,C._hispanica,0,1,2,-1,natural,2025-07-19 17:28:583
Nurse_G._struthium,S._viscosa,Other_species,0,1,2,-1,natural,2025-07-19 17:28:583
Nurse_G._struthium,C._hispanica,Other_species,0,1,2,-1,natural,2025-07-19 17:28:583
H._squamatum,S._viscosa,C._hispanica,0,1,2,-1,natural,2025-07-19 17:28:583
H._squamatum,S._viscosa,Other_species,0,1,2,-1,natural,2025-07-19 17:28:583
H._squamatum,C._hispanica,Other_species,0,1,2,-1,natural,2025-07-19 17:28:583
S._viscosa,C._hispanica,Other_species,0,1,2,-1,natural,2025-07-19 17:28:583
Nurse_S._viscosa,Nurse_G._struthium,H._squamatum,0,1,2,-1,restoration,2025-07-19 17:28:573
Nurse_S._viscosa,Nurse_G._struthium,S._viscosa,0,1,2,-1,restoration,2025-07-19 17:28:573
Nurse_S._viscosa,Nurse_G._struthium,C._hispanica,0,1,2,-1,restoration,2025-07-19 17:28:573
Nurse_S._viscosa,Nurse_G._struthium,Other_species,0,1,2,-1,restoration,2025-07-19 17:28:573
Nurse_S._viscosa,H._squamatum,S._viscosa,0,1,2,-1,restoration,2025-07-19 17:28:573
Nurse_S._viscosa,H._squamatum,C._hispanica,0,1,2,-1,restoration,2025-07-19 17:28:573
Nurse_S._viscosa,H._squamatum,Other_species,0,1,2,-1,restoration,2025-07-19 17:28:573
Nurse_S._viscosa,S._viscosa,C._hispanica,0,1,2,-1,restoration,2025-07-19 17:28:573
Nurse_S._viscosa,S._viscosa,Other_species,0,1,2,-1,restoration,2025-07-19 17:28:573
Nurse_S._viscosa,C._hispanica,Other_species,0,1,2,-1,restoration,2025-07-19 17:28:573
Nurse_G._struthium,H._squamatum,S._viscosa,0,1,2,-1,restoration,2025-07-19 17:28:573
Nurse_G._struthium,H._squamatum,C._hispanica,0,1,2,-1,restoration,2025-07-19 17:28:573
Nurse_G._struthium,H._squamatum,Other_species,0,1,2,-1,restoration,2025-07-19 17:28:573
Nurse_G._struthium,S._viscosa,C._hispanica,0,1,2,-1,restoration,2025-07-19 17:28:573
Nurse_G._struthium,S._viscosa,Other_species,0,1,2,-1,restoration,2025-07-19 17:28:573
Nurse_G._struthium,C._hispanica,Other_species,0,1,2,-1,restoration,2025-07-19 17:28:573
H._squamatum,S._viscosa,C._hispanica,0,1,2,-1,restoration,2025-07-19 17:28:573
H._squamatum,S._viscosa,Other_species,0,1,2,-1,restoration,2025-07-19 17:28:573
H._squamatum,C._hispanica,Other_species,0,1,2,-1,restoration,2025-07-19 17:28:573
S._viscosa,C._hispanica,Other_species,0,1,2,-1,restoration,2025-07-19 17:28:573
Nurse_S._viscosa,Nurse_G._struthium,H._squamatum,0,1,2,-1,natural,2025-07-19 17:28:573
Nurse_S._viscosa,Nurse_G._struthium,S._viscosa,0,1,2,-1,natural,2025-07-19 17:28:573
Nurse_S._viscosa,Nurse_G._struthium,C._hispanica,0,1,2,-1,natural,2025-07-19 17:28:573
Nurse_S._viscosa,Nurse_G._struthium,Other_species,0,1,2,-1,natural,2025-07-19 17:28:573
Nurse_S._viscosa,H._squamatum,S._viscosa,0,1,2,-1,natural,2025-07-19 17:28:573
Nurse_S._viscosa,H._squamatum,C._hispanica,0,1,2,-1,natural,2025-07-19 17:28:573
Nurse_S._viscosa,H._squamatum,Other_species,0,1,2,-1,natural,2025-07-19 17:28:573
Nurse_S._viscosa,S._viscosa,C._hispanica,0,1,2,-1,natural,2025-07-19 17:28:573
Nurse_S._viscosa,S._viscosa,Other_species,0,1,2,-1,natural,2025-07-19 17:28:573
Nurse_S._viscosa,C._hispanica,Other_species,0,1,2,-1,natural,2025-07-19 17:28:573
Nurse_G._struthium,H._squamatum,S._viscosa,0,1,2,-1,natural,2025-07-19 17:28:573
Nurse_G._struthium,H._squamatum,C._hispanica,0,1,2,-1,natural,2025-07-19 17:28:573
Nurse_G._struthium,H._squamatum,Other_species,0,1,2,-1,natural,2025-07-19 17:28:573
Nurse_G._struthium,S._viscosa,C._hispanica,0,1,2,-1,natural,2025-07-19 17:28:573
Nurse_G._struthium,S._viscosa,Other_species,0,1,2,-1,natural,2025-07-19 17:28:573
Nurse_G._struthium,C._hispanica,Other_species,0,1,2,-1,natural,2025-07-19 17:28:573
H._squamatum,S._viscosa,C._hispanica,0,1,2,-1,natural,2025-07-19 17:28:573
H._squamatum,S._viscosa,Other_species,0,1,2,-1,natural,2025-07-19 17:28:573
H._squamatum,C._hispanica,Other_species,0,1,2,-1,natural,2025-07-19 17:28:573
S._viscosa,C._hispanica,Other_species,0,1,2,-1,natural,2025-07-19 17:28:573
Nurse_S._viscosa,Nurse_G._struthium,H._squamatum,0,1,2,-1,restoration,2025-07-19 17:28:563
Nurse_S._viscosa,Nurse_G._struthium,S._viscosa,0,1,2,-1,restoration,2025-07-19 17:28:563
Nurse_S._viscosa,Nurse_G._struthium,C._hispanica,0,1,2,-1,restoration,2025-07-19 17:28:563
Nurse_S._viscosa,Nurse_G._struthium,Other_species,0,1,2,-1,restoration,2025-07-19 17:28:563
Nurse_S._viscosa,H._squamatum,S._viscosa,0,1,2,-1,restoration,2025-07-19 17:28:563
Nurse_S._viscosa,H._squamatum,C._hispanica,0,1,2,-1,restoration,2025-07-19 17:28:563
Nurse_S._viscosa,H._squamatum,Other_species,0,1,2,-1,restoration,2025-07-19 17:28:563
Nurse_S._viscosa,S._viscosa,C._hispanica,0,1,2,-1,restoration,2025-07-19 17:28:563
Nurse_S._viscosa,S._viscosa,Other_species,0,1,2,-1,restoration,2025-07-19 17:28:563
Nurse_S._viscosa,C._hispanica,Other_species,0,1,2,-1,restoration,2025-07-19 17:28:563
Nurse_G._struthium,H._squamatum,S._viscosa,0,1,2,-1,restoration,2025-07-19 17:28:563
Nurse_G._struthium,H._squamatum,C._hispanica,0,1,2,-1,restoration,2025-07-19 17:28:563
Nurse_G._struthium,H._squamatum,Other_species,0,1,2,-1,restoration,2025-07-19 17:28:563
Nurse_G._struthium,S._viscosa,C._hispanica,0,1,2,-1,restoration,2025-07-19 17:28:563
Nurse_G._struthium,S._viscosa,Other_species,0,1,2,-1,restoration,2025-07-19 17:28:563
Nurse_G._struthium,C._hispanica,Other_species,0,1,2,-1,restoration,2025-07-19 17:28:563
H._squamatum,S._viscosa,C._hispanica,0,1,2,-1,restoration,2025-07-19 17:28:563
H._squamatum,S._viscosa,Other_species,0,1,2,-1,restoration,2025-07-19 17:28:563
H._squamatum,C._hispanica,Other_species,0,1,2,-1,restoration,2025-07-19 17:28:563
S._viscosa,C._hispanica,Other_species,0,1,2,-1,restoration,2025-07-19 17:28:563
Nurse_S._viscosa,Nurse_G._struthium,H._squamatum,0,1,2,-1,natural,2025-07-19 17:28:563
Nurse_S._viscosa,Nurse_G._struthium,S._viscosa,0,1,2,-1,natural,2025-07-19 17:28:563
Nurse_S._viscosa,Nurse_G._struthium,C._hispanica,0,1,2,-1,natural,2025-07-19 17:28:563
Nurse_S._viscosa,Nurse_G._struthium,Other_species,0,1,2,-1,natural,2025-07-19 17:28:563
Nurse_S._viscosa,H._squamatum,S._viscosa,0,1,2,-1,natural,2025-07-19 17:28:563
Nurse_S._viscosa,H._squamatum,C._hispanica,0,1,2,-1,natural,2025-07-19 17:28:563
Nurse_S._viscosa,H._squamatum,Other_species,0,1,2,-1,natural,2025-07-19 17:28:563
Nurse_S._viscosa,S._viscosa,C._hispanica,0,1,2,-1,natural,2025-07-19 17:28:563
Nurse_S._viscosa,S._viscosa,Other_species,0,1,2,-1,natural,2025-07-19 17:28:563
Nurse_S._viscosa,C._hispanica,Other_species,0,1,2,-1,natural,2025-07-19 17:28:563
Nurse_G._struthium,H._squamatum,S._viscosa,0,1,2,-1,natural,2025-07-19 17:28:563
Nurse_G._struthium,H._squamatum,C._hispanica,0,1,2,-1,natural,2025-07-19 17:28:563
Nurse_G._struthium,H._squamatum,Other_species,0,1,2,-1,natural,2025-07-19 17:28:563
Nurse_G._struthium,S._viscosa,C._hispanica,0,1,2,-1,natural,2025-07-19 17:28:563
Nurse_G._struthium,S._viscosa,Other_species,0,1,2,-1,natural,2025-07-19 17:28:563
Nurse_G._struthium,C._hispanica,Other_species,0,1,2,-1,natural,2025-07-19 17:28:563
H._squamatum,S._viscosa,C._hispanica,0,1,2,-1,natural,2025-07-19 17:28:563
H._squamatum,S._viscosa,Other_species,0,1,2,-1,natural,2025-07-19 17:28:563
H._squamatum,C._hispanica,Other_species,0,1,2,-1,natural,2025-07-19 17:28:563
S._viscosa,C._hispanica,Other_species,0,1,2,-1,natural,2025-07-19 17:28:563
Nurse_S._viscosa,Nurse_G._struthium,H._squamatum,0,1,2,-1,restoration,2025-07-19 17:28:563
Nurse_S._viscosa,Nurse_G._struthium,S._viscosa,0,1,2,-1,restoration,2025-07-19 17:28:563
Nurse_S._viscosa,Nurse_G._struthium,C._hispanica,0,1,2,-1,restoration,2025-07-19 17:28:563
Nurse_S._viscosa,Nurse_G._struthium,Other_species,0,1,2,-1,restoration,2025-07-19 17:28:563
Nurse_S._viscosa,H._squamatum,S._viscosa,0,1,2,-1,restoration,2025-07-19 17:28:563
Nurse_S._viscosa,H._squamatum,C._hispanica,0,1,2,-1,restoration,2025-07-19 17:28:563
Nurse_S._viscosa,H._squamatum,Other_species,0,1,2,-1,restoration,2025-07-19 17:28:563
Nurse_S._viscosa,S._viscosa,C._hispanica,0,1,2,-1,restoration,2025-07-19 17:28:563
Nurse_S._viscosa,S._viscosa,Other_species,0,1,2,-1,restoration,2025-07-19 17:28:563
Nurse_S._viscosa,C._hispanica,Other_species,0,1,2,-1,restoration,2025-07-19 17:28:563
Nurse_G._struthium,H._squamatum,S._viscosa,0,1,2,-1,restoration,2025-07-19 17:28:563
Nurse_G._struthium,H._squamatum,C._hispanica,0,1,2,-1,restoration,2025-07-19 17:28:563
Nurse_G._struthium,H._squamatum,Other_species,0,1,2,-1,restoration,2025-07-19 17:28:563
Nurse_G._struthium,S._viscosa,C._hispanica,0,1,2,-1,restoration,2025-07-19 17:28:563
Nurse_G._struthium,S._viscosa,Other_species,0,1,2,-1,restoration,2025-07-19 17:28:563
Nurse_G._struthium,C._hispanica,Other_species,0,1,2,-1,restoration,2025-07-19 17:28:563
H._squamatum,S._viscosa,C._hispanica,0,1,2,-1,restoration,2025-07-19 17:28:563
H._squamatum,S._viscosa,Other_species,0,1,2,-1,restoration,2025-07-19 17:28:563
H._squamatum,C._hispanica,Other_species,0,1,2,-1,restoration,2025-07-19 17:28:563
S._viscosa,C._hispanica,Other_species,0,1,2,-1,restoration,2025-07-19 17:28:563
Nurse_S._viscosa,Nurse_G._struthium,H._squamatum,0,1,2,-1,natural,2025-07-19 17:28:563
Nurse_S._viscosa,Nurse_G._struthium,S._viscosa,0,1,2,-1,natural,2025-07-19 17:28:563
Nurse_S._viscosa,Nurse_G._struthium,C._hispanica,0,1,2,-1,natural,2025-07-19 17:28:563
Nurse_S._viscosa,Nurse_G._struthium,Other_species,0,1,2,-1,natural,2025-07-19 17:28:563
Nurse_S._viscosa,H._squamatum,S._viscosa,0,1,2,-1,natural,2025-07-19 17:28:563
Nurse_S._viscosa,H._squamatum,C._hispanica,0,1,2,-1,natural,2025-07-19 17:28:563
Nurse_S._viscosa,H._squamatum,Other_species,0,1,2,-1,natural,2025-07-19 17:28:563
Nurse_S._viscosa,S._viscosa,C._hispanica,0,1,2,-1,natural,2025-07-19 17:28:563
Nurse_S._viscosa,S._viscosa,Other_species,0,1,2,-1,natural,2025-07-19 17:28:563
Nurse_S._viscosa,C._hispanica,Other_species,0,1,2,-1,natural,2025-07-19 17:28:563
Nurse_G._struthium,H._squamatum,S._viscosa,0,1,2,-1,natural,2025-07-19 17:28:563
Nurse_G._struthium,H._squamatum,C._hispanica,0,1,2,-1,natural,2025-07-19 17:28:563
Nurse_G._struthium,H._squamatum,Other_species,0,1,2,-1,natural,2025-07-19 17:28:563
Nurse_G._struthium,S._viscosa,C._hispanica,0,1,2,-1,natural,2025-07-19 17:28:563
Nurse_G._struthium,S._viscosa,Other_species,0,1,2,-1,natural,2025-07-19 17:28:563
Nurse_G._struthium,C._hispanica,Other_species,0,1,2,-1,natural,2025-07-19 17:28:563
H._squamatum,S._viscosa,C._hispanica,0,1,2,-1,natural,2025-07-19 17:28:563
H._squamatum,S._viscosa,Other_species,0,1,2,-1,natural,2025-07-19 17:28:563
H._squamatum,C._hispanica,Other_species,0,1,2,-1,natural,2025-07-19 17:28:563
S._viscosa,C._hispanica,Other_species,0,1,2,-1,natural,2025-07-19 17:28:563
Nurse_S._viscosa,Nurse_G._struthium,H._squamatum,0,1,2,-1,restoration,2025-07-19 17:28:553
Nurse_S._viscosa,Nurse_G._struthium,S._viscosa,0,1,2,-1,restoration,2025-07-19 17:28:553
Nurse_S._viscosa,Nurse_G._struthium,C._hispanica,0,1,2,-1,restoration,2025-07-19 17:28:553
Nurse_S._viscosa,Nurse_G._struthium,Other_species,0,1,2,-1,restoration,2025-07-19 17:28:553
Nurse_S._viscosa,H._squamatum,S._viscosa,0,1,2,-1,restoration,2025-07-19 17:28:553
Nurse_S._viscosa,H._squamatum,C._hispanica,0,1,2,-1,restoration,2025-07-19 17:28:553
Nurse_S._viscosa,H._squamatum,Other_species,0,1,2,-1,restoration,2025-07-19 17:28:553
Nurse_S._viscosa,S._viscosa,C._hispanica,0,1,2,-1,restoration,2025-07-19 17:28:553
Nurse_S._viscosa,S._viscosa,Other_species,0,1,2,-1,restoration,2025-07-19 17:28:553
Nurse_S._viscosa,C._hispanica,Other_species,0,1,2,-1,restoration,2025-07-19 17:28:553
Nurse_G._struthium,H._squamatum,S._viscosa,0,1,2,-1,restoration,2025-07-19 17:28:553
Nurse_G._struthium,H._squamatum,C._hispanica,0,1,2,-1,restoration,2025-07-19 17:28:553
Nurse_G._struthium,H._squamatum,Other_species,0,1,2,-1,restoration,2025-07-19 17:28:553
Nurse_G._struthium,S._viscosa,C._hispanica,0,1,2,-1,restoration,2025-07-19 17:28:553
Nurse_G._struthium,S._viscosa,Other_species,0,1,2,-1,restoration,2025-07-19 17:28:553
Nurse_G._struthium,C._hispanica,Other_species,0,1,2,-1,restoration,2025-07-19 17:28:553
H._squamatum,S._viscosa,C._hispanica,0,1,2,-1,restoration,2025-07-19 17:28:553
H._squamatum,S._viscosa,Other_species,0,1,2,-1,restoration,2025-07-19 17:28:553
H._squamatum,C._hispanica,Other_species,0,1,2,-1,restoration,2025-07-19 17:28:553
S._viscosa,C._hispanica,Other_species,0,1,2,-1,restoration,2025-07-19 17:28:553
Nurse_S._viscosa,Nurse_G._struthium,H._squamatum,0,1,2,-1,natural,2025-07-19 17:28:553
Nurse_S._viscosa,Nurse_G._struthium,S._viscosa,0,1,2,-1,natural,2025-07-19 17:28:553
Nurse_S._viscosa,Nurse_G._struthium,C._hispanica,0,1,2,-1,natural,2025-07-19 17:28:553
Nurse_S._viscosa,Nurse_G._struthium,Other_species,0,1,2,-1,natural,2025-07-19 17:28:553
Nurse_S._viscosa,H._squamatum,S._viscosa,0,1,2,-1,natural,2025-07-19 17:28:553
Nurse_S._viscosa,H._squamatum,C._hispanica,0,1,2,-1,natural,2025-07-19 17:28:553
Nurse_S._viscosa,H._squamatum,Other_species,0,1,2,-1,natural,2025-07-19 17:28:553
Nurse_S._viscosa,S._viscosa,C._hispanica,0,1,2,-1,natural,2025-07-19 17:28:553
Nurse_S._viscosa,S._viscosa,Other_species,0,1,2,-1,natural,2025-07-19 17:28:553
Nurse_S._viscosa,C._hispanica,Other_species,0,1,2,-1,natural,2025-07-19 17:28:553
Nurse_G._struthium,H._squamatum,S._viscosa,0,1,2,-1,natural,2025-07-19 17:28:553
Nurse_G._struthium,H._squamatum,C._hispanica,0,1,2,-1,natural,2025-07-19 17:28:553
Nurse_G._struthium,H._squamatum,Other_species,0,1,2,-1,natural,2025-07-19 17:28:553
Nurse_G._struthium,S._viscosa,C._hispanica,0,1,2,-1,natural,2025-07-19 17:28:553
Nurse_G._struthium,S._viscosa,Other_species,0,1,2,-1,natural,2025-07-19 17:28:553
Nurse_G._struthium,C._hispanica,Other_species,0,1,2,-1,natural,2025-07-19 17:28:553
H._squamatum,S._viscosa,C._hispanica,0,1,2,-1,natural,2025-07-19 17:28:553
H._squamatum,S._viscosa,Other_species,0,1,2,-1,natural,2025-07-19 17:28:553
H._squamatum,C._hispanica,Other_species,0,1,2,-1,natural,2025-07-19 17:28:553
S._viscosa,C._hispanica,Other_species,0,1,2,-1,natural,2025-07-19 17:28:553
Nurse_S._viscosa,Nurse_G._struthium,H._squamatum,0,1,2,-1,restoration,2025-07-19 17:28:543
Nurse_S._viscosa,Nurse_G._struthium,S._viscosa,0,1,2,-1,restoration,2025-07-19 17:28:543
Nurse_S._viscosa,Nurse_G._struthium,C._hispanica,0,1,2,-1,restoration,2025-07-19 17:28:543
Nurse_S._viscosa,Nurse_G._struthium,Other_species,0,1,2,-1,restoration,2025-07-19 17:28:543
Nurse_S._viscosa,H._squamatum,S._viscosa,0,1,2,-1,restoration,2025-07-19 17:28:543
Nurse_S._viscosa,H._squamatum,C._hispanica,0,1,2,-1,restoration,2025-07-19 17:28:543
Nurse_S._viscosa,H._squamatum,Other_species,0,1,2,-1,restoration,2025-07-19 17:28:543
Nurse_S._viscosa,S._viscosa,C._hispanica,0,1,2,-1,restoration,2025-07-19 17:28:543
Nurse_S._viscosa,S._viscosa,Other_species,0,1,2,-1,restoration,2025-07-19 17:28:543
Nurse_S._viscosa,C._hispanica,Other_species,0,1,2,-1,restoration,2025-07-19 17:28:543
Nurse_G._struthium,H._squamatum,S._viscosa,0,1,2,-1,restoration,2025-07-19 17:28:543
Nurse_G._struthium,H._squamatum,C._hispanica,0,1,2,-1,restoration,2025-07-19 17:28:543
Nurse_G._struthium,H._squamatum,Other_species,0,1,2,-1,restoration,2025-07-19 17:28:543
Nurse_G._struthium,S._viscosa,C._hispanica,0,1,2,-1,restoration,2025-07-19 17:28:543
Nurse_G._struthium,S._viscosa,Other_species,0,1,2,-1,restoration,2025-07-19 17:28:543
Nurse_G._struthium,C._hispanica,Other_species,0,1,2,-1,restoration,2025-07-19 17:28:543
H._squamatum,S._viscosa,C._hispanica,0,1,2,-1,restoration,2025-07-19 17:28:543
H._squamatum,S._viscosa,Other_species,0,1,2,-1,restoration,2025-07-19 17:28:543
H._squamatum,C._hispanica,Other_species,0,1,2,-1,restoration,2025-07-19 17:28:543
S._viscosa,C._hispanica,Other_species,0,1,2,-1,restoration,2025-07-19 17:28:543
Nurse_S._viscosa,Nurse_G._struthium,H._squamatum,0,1,2,-1,natural,2025-07-19 17:28:543
Nurse_S._viscosa,Nurse_G._struthium,S._viscosa,0,1,2,-1,natural,2025-07-19 17:28:543
Nurse_S._viscosa,Nurse_G._struthium,C._hispanica,0,1,2,-1,natural,2025-07-19 17:28:543
Nurse_S._viscosa,Nurse_G._struthium,Other_species,0,1,2,-1,natural,2025-07-19 17:28:543
Nurse_S._viscosa,H._squamatum,S._viscosa,0,1,2,-1,natural,2025-07-19 17:28:543
Nurse_S._viscosa,H._squamatum,C._hispanica,0,1,2,-1,natural,2025-07-19 17:28:543
Nurse_S._viscosa,H._squamatum,Other_species,0,1,2,-1,natural,2025-07-19 17:28:543
Nurse_S._viscosa,S._viscosa,C._hispanica,0,1,2,-1,natural,2025-07-19 17:28:543
Nurse_S._viscosa,S._viscosa,Other_species,0,1,2,-1,natural,2025-07-19 17:28:543
Nurse_S._viscosa,C._hispanica,Other_species,0,1,2,-1,natural,2025-07-19 17:28:543
Nurse_G._struthium,H._squamatum,S._viscosa,0,1,2,-1,natural,2025-07-19 17:28:543
Nurse_G._struthium,H._squamatum,C._hispanica,0,1,2,-1,natural,2025-07-19 17:28:543
Nurse_G._struthium,H._squamatum,Other_species,0,1,2,-1,natural,2025-07-19 17:28:543
Nurse_G._struthium,S._viscosa,C._hispanica,0,1,2,-1,natural,2025-07-19 17:28:543
Nurse_G._struthium,S._viscosa,Other_species,0,1,2,-1,natural,2025-07-19 17:28:543
Nurse_G._struthium,C._hispanica,Other_species,0,1,2,-1,natural,2025-07-19 17:28:543
H._squamatum,S._viscosa,C._hispanica,0,1,2,-1,natural,2025-07-19 17:28:543
H._squamatum,S._viscosa,Other_species,0,1,2,-1,natural,2025-07-19 17:28:543
H._squamatum,C._hispanica,Other_species,0,1,2,-1,natural,2025-07-19 17:28:543
S._viscosa,C._hispanica,Other_species,0,1,2,-1,natural,2025-07-19 17:28:543
Nurse_S._viscosa,Nurse_G._struthium,H._squamatum,0,1,2,-1,restoration,2025-07-19 17:28:543
Nurse_S._viscosa,Nurse_G._struthium,S._viscosa,0,1,2,-1,restoration,2025-07-19 17:28:543
Nurse_S._viscosa,Nurse_G._struthium,C._hispanica,0,1,2,-1,restoration,2025-07-19 17:28:543
Nurse_S._viscosa,Nurse_G._struthium,Other_species,0,1,2,-1,restoration,2025-07-19 17:28:543
Nurse_S._viscosa,H._squamatum,S._viscosa,0,1,2,-1,restoration,2025-07-19 17:28:543
Nurse_S._viscosa,H._squamatum,C._hispanica,0,1,2,-1,restoration,2025-07-19 17:28:543
Nurse_S._viscosa,H._squamatum,Other_species,0,1,2,-1,restoration,2025-07-19 17:28:543
Nurse_S._viscosa,S._viscosa,C._hispanica,0,1,2,-1,restoration,2025-07-19 17:28:543
Nurse_S._viscosa,S._viscosa,Other_species,0,1,2,-1,restoration,2025-07-19 17:28:543
Nurse_S._viscosa,C._hispanica,Other_species,0,1,2,-1,restoration,2025-07-19 17:28:543
Nurse_G._struthium,H._squamatum,S._viscosa,0,1,2,-1,restoration,2025-07-19 17:28:543
Nurse_G._struthium,H._squamatum,C._hispanica,0,1,2,-1,restoration,2025-07-19 17:28:543
Nurse_G._struthium,H._squamatum,Other_species,0,1,2,-1,restoration,2025-07-19 17:28:543
Nurse_G._struthium,S._viscosa,C._hispanica,0,1,2,-1,restoration,2025-07-19 17:28:543
Nurse_G._struthium,S._viscosa,Other_species,0,1,2,-1,restoration,2025-07-19 17:28:543
Nurse_G._struthium,C._hispanica,Other_species,0,1,2,-1,restoration,2025-07-19 17:28:543
H._squamatum,S._viscosa,C._hispanica,0,1,2,-1,restoration,2025-07-19 17:28:543
H._squamatum,S._viscosa,Other_species,0,1,2,-1,restoration,2025-07-19 17:28:543
H._squamatum,C._hispanica,Other_species,0,1,2,-1,restoration,2025-07-19 17:28:543
S._viscosa,C._hispanica,Other_species,0,1,2,-1,restoration,2025-07-19 17:28:543
Nurse_S._viscosa,Nurse_G._struthium,H._squamatum,0,1,2,-1,natural,2025-07-19 17:28:543
Nurse_S._viscosa,Nurse_G._struthium,S._viscosa,0,1,2,-1,natural,2025-07-19 17:28:543
Nurse_S._viscosa,Nurse_G._struthium,C._hispanica,0,1,2,-1,natural,2025-07-19 17:28:543
Nurse_S._viscosa,Nurse_G._struthium,Other_species,0,1,2,-1,natural,2025-07-19 17:28:543
Nurse_S._viscosa,H._squamatum,S._viscosa,0,1,2,-1,natural,2025-07-19 17:28:543
Nurse_S._viscosa,H._squamatum,C._hispanica,0,1,2,-1,natural,2025-07-19 17:28:543
Nurse_S._viscosa,H._squamatum,Other_species,0,1,2,-1,natural,2025-07-19 17:28:543
Nurse_S._viscosa,S._viscosa,C._hispanica,0,1,2,-1,natural,2025-07-19 17:28:543
Nurse_S._viscosa,S._viscosa,Other_species,0,1,2,-1,natural,2025-07-19 17:28:543
Nurse_S._viscosa,C._hispanica,Other_species,0,1,2,-1,natural,2025-07-19 17:28:543
Nurse_G._struthium,H._squamatum,S._viscosa,0,1,2,-1,natural,2025-07-19 17:28:543
Nurse_G._struthium,H._squamatum,C._hispanica,0,1,2,-1,natural,2025-07-19 17:28:543
Nurse_G._struthium,H._squamatum,Other_species,0,1,2,-1,natural,2025-07-19 17:28:543
Nurse_G._struthium,S._viscosa,C._hispanica,0,1,2,-1,natural,2025-07-19 17:28:543
Nurse_G._struthium,S._viscosa,Other_species,0,1,2,-1,natural,2025-07-19 17:28:543
Nurse_G._struthium,C._hispanica,Other_species,0,1,2,-1,natural,2025-07-19 17:28:543
H._squamatum,S._viscosa,C._hispanica,0,1,2,-1,natural,2025-07-19 17:28:543
H._squamatum,S._viscosa,Other_species,0,1,2,-1,natural,2025-07-19 17:28:543
H._squamatum,C._hispanica,Other_species,0,1,2,-1,natural,2025-07-19 17:28:543
S._viscosa,C._hispanica,Other_species,0,1,2,-1,natural,2025-07-19 17:28:543
Nurse_S._viscosa,Nurse_G._struthium,H._squamatum,0,1,2,-1,restoration,2025-07-19 17:28:533
Nurse_S._viscosa,Nurse_G._struthium,S._viscosa,0,1,2,-1,restoration,2025-07-19 17:28:533
Nurse_S._viscosa,Nurse_G._struthium,C._hispanica,0,1,2,-1,restoration,2025-07-19 17:28:533
Nurse_S._viscosa,Nurse_G._struthium,Other_species,0,1,2,-1,restoration,2025-07-19 17:28:533
Nurse_S._viscosa,H._squamatum,S._viscosa,0,1,2,-1,restoration,2025-07-19 17:28:533
Nurse_S._viscosa,H._squamatum,C._hispanica,0,1,2,-1,restoration,2025-07-19 17:28:533
Nurse_S._viscosa,H._squamatum,Other_species,0,1,2,-1,restoration,2025-07-19 17:28:533
Nurse_S._viscosa,S._viscosa,C._hispanica,0,1,2,-1,restoration,2025-07-19 17:28:533
Nurse_S._viscosa,S._viscosa,Other_species,0,1,2,-1,restoration,2025-07-19 17:28:533
Nurse_S._viscosa,C._hispanica,Other_species,0,1,2,-1,restoration,2025-07-19 17:28:533
Nurse_G._struthium,H._squamatum,S._viscosa,0,1,2,-1,restoration,2025-07-19 17:28:533
Nurse_G._struthium,H._squamatum,C._hispanica,0,1,2,-1,restoration,2025-07-19 17:28:533
Nurse_G._struthium,H._squamatum,Other_species,0,1,2,-1,restoration,2025-07-19 17:28:533
Nurse_G._struthium,S._viscosa,C._hispanica,0,1,2,-1,restoration,2025-07-19 17:28:533
Nurse_G._struthium,S._viscosa,Other_species,0,1,2,-1,restoration,2025-07-19 17:28:533
Nurse_G._struthium,C._hispanica,Other_species,0,1,2,-1,restoration,2025-07-19 17:28:533
H._squamatum,S._viscosa,C._hispanica,0,1,2,-1,restoration,2025-07-19 17:28:533
H._squamatum,S._viscosa,Other_species,0,1,2,-1,restoration,2025-07-19 17:28:533
H._squamatum,C._hispanica,Other_species,0,1,2,-1,restoration,2025-07-19 17:28:533
S._viscosa,C._hispanica,Other_species,0,1,2,-1,restoration,2025-07-19 17:28:533
Nurse_S._viscosa,Nurse_G._struthium,H._squamatum,0,1,2,-1,natural,2025-07-19 17:28:533
Nurse_S._viscosa,Nurse_G._struthium,S._viscosa,0,1,2,-1,natural,2025-07-19 17:28:533
Nurse_S._viscosa,Nurse_G._struthium,C._hispanica,0,1,2,-1,natural,2025-07-19 17:28:533
Nurse_S._viscosa,Nurse_G._struthium,Other_species,0,1,2,-1,natural,2025-07-19 17:28:533
Nurse_S._viscosa,H._squamatum,S._viscosa,0,1,2,-1,natural,2025-07-19 17:28:533
Nurse_S._viscosa,H._squamatum,C._hispanica,0,1,2,-1,natural,2025-07-19 17:28:533
Nurse_S._viscosa,H._squamatum,Other_species,0,1,2,-1,natural,2025-07-19 17:28:533
Nurse_S._viscosa,S._viscosa,C._hispanica,0,1,2,-1,natural,2025-07-19 17:28:533
Nurse_S._viscosa,S._viscosa,Other_species,0,1,2,-1,natural,2025-07-19 17:28:533
Nurse_S._viscosa,C._hispanica,Other_species,0,1,2,-1,natural,2025-07-19 17:28:533
Nurse_G._struthium,H._squamatum,S._viscosa,0,1,2,-1,natural,2025-07-19 17:28:533
Nurse_G._struthium,H._squamatum,C._hispanica,0,1,2,-1,natural,2025-07-19 17:28:533
Nurse_G._struthium,H._squamatum,Other_species,0,1,2,-1,natural,2025-07-19 17:28:533
Nurse_G._struthium,S._viscosa,C._hispanica,0,1,2,-1,natural,2025-07-19 17:28:533
Nurse_G._struthium,S._viscosa,Other_species,0,1,2,-1,natural,2025-07-19 17:28:533
Nurse_G._struthium,C._hispanica,Other_species,0,1,2,-1,natural,2025-07-19 17:28:533
H._squamatum,S._viscosa,C._hispanica,0,1,2,-1,natural,2025-07-19 17:28:533
H._squamatum,S._viscosa,Other_species,0,1,2,-1,natural,2025-07-19 17:28:533
H._squamatum,C._hispanica,Other_species,0,1,2,-1,natural,2025-07-19 17:28:533
S._viscosa,C._hispanica,Other_species,0,1,2,-1,natural,2025-07-19 17:28:533
Nurse_S._viscosa,Nurse_G._struthium,H._squamatum,0,1,2,-1,restoration,2025-07-19 17:28:533
Nurse_S._viscosa,Nurse_G._struthium,S._viscosa,0,1,2,-1,restoration,2025-07-19 17:28:533
Nurse_S._viscosa,Nurse_G._struthium,C._hispanica,0,1,2,-1,restoration,2025-07-19 17:28:533
Nurse_S._viscosa,Nurse_G._struthium,Other_species,0,1,2,-1,restoration,2025-07-19 17:28:533
Nurse_S._viscosa,H._squamatum,S._viscosa,0,1,2,-1,restoration,2025-07-19 17:28:533
Nurse_S._viscosa,H._squamatum,C._hispanica,0,1,2,-1,restoration,2025-07-19 17:28:533
Nurse_S._viscosa,H._squamatum,Other_species,0,1,2,-1,restoration,2025-07-19 17:28:533
Nurse_S._viscosa,S._viscosa,C._hispanica,0,1,2,-1,restoration,2025-07-19 17:28:533
Nurse_S._viscosa,S._viscosa,Other_species,0,1,2,-1,restoration,2025-07-19 17:28:533
Nurse_S._viscosa,C._hispanica,Other_species,0,1,2,-1,restoration,2025-07-19 17:28:533
Nurse_G._struthium,H._squamatum,S._viscosa,0,1,2,-1,restoration,2025-07-19 17:28:533
Nurse_G._struthium,H._squamatum,C._hispanica,0,1,2,-1,restoration,2025-07-19 17:28:533
Nurse_G._struthium,H._squamatum,Other_species,0,1,2,-1,restoration,2025-07-19 17:28:533
Nurse_G._struthium,S._viscosa,C._hispanica,0,1,2,-1,restoration,2025-07-19 17:28:533
Nurse_G._struthium,S._viscosa,Other_species,0,1,2,-1,restoration,2025-07-19 17:28:533
Nurse_G._struthium,C._hispanica,Other_species,0,1,2,-1,restoration,2025-07-19 17:28:533
H._squamatum,S._viscosa,C._hispanica,0,1,2,-1,restoration,2025-07-19 17:28:533
H._squamatum,S._viscosa,Other_species,0,1,2,-1,restoration,2025-07-19 17:28:533
H._squamatum,C._hispanica,Other_species,0,1,2,-1,restoration,2025-07-19 17:28:533
S._viscosa,C._hispanica,Other_species,0,1,2,-1,restoration,2025-07-19 17:28:533
Nurse_S._viscosa,Nurse_G._struthium,H._squamatum,0,1,2,-1,natural,2025-07-19 17:28:533
Nurse_S._viscosa,Nurse_G._struthium,S._viscosa,0,1,2,-1,natural,2025-07-19 17:28:533
Nurse_S._viscosa,Nurse_G._struthium,C._hispanica,0,1,2,-1,natural,2025-07-19 17:28:533
Nurse_S._viscosa,Nurse_G._struthium,Other_species,0,1,2,-1,natural,2025-07-19 17:28:533
Nurse_S._viscosa,H._squamatum,S._viscosa,0,1,2,-1,natural,2025-07-19 17:28:533
Nurse_S._viscosa,H._squamatum,C._hispanica,0,1,2,-1,natural,2025-07-19 17:28:533
Nurse_S._viscosa,H._squamatum,Other_species,0,1,2,-1,natural,2025-07-19 17:28:533
Nurse_S._viscosa,S._viscosa,C._hispanica,0,1,2,-1,natural,2025-07-19 17:28:533
Nurse_S._viscosa,S._viscosa,Other_species,0,1,2,-1,natural,2025-07-19 17:28:533
Nurse_S._viscosa,C._hispanica,Other_species,0,1,2,-1,natural,2025-07-19 17:28:533
Nurse_G._struthium,H._squamatum,S._viscosa,0,1,2,-1,natural,2025-07-19 17:28:533
Nurse_G._struthium,H._squamatum,C._hispanica,0,1,2,-1,natural,2025-07-19 17:28:533
Nurse_G._struthium,H._squamatum,Other_species,0,1,2,-1,natural,2025-07-19 17:28:533
Nurse_G._struthium,S._viscosa,C._hispanica,0,1,2,-1,natural,2025-07-19 17:28:533
Nurse_G._struthium,S._viscosa,Other_species,0,1,2,-1,natural,2025-07-19 17:28:533
Nurse_G._struthium,C._hispanica,Other_species,0,1,2,-1,natural,2025-07-19 17:28:533
H._squamatum,S._viscosa,C._hispanica,0,1,2,-1,natural,2025-07-19 17:28:533
H._squamatum,S._viscosa,Other_species,0,1,2,-1,natural,2025-07-19 17:28:533
H._squamatum,C._hispanica,Other_species,0,1,2,-1,natural,2025-07-19 17:28:533
S._viscosa,C._hispanica,Other_species,0,1,2,-1,natural,2025-07-19 17:28:533
Nurse_S._viscosa,Nurse_G._struthium,H._squamatum,0,1,2,-1,restoration,2025-07-19 17:28:523
Nurse_S._viscosa,Nurse_G._struthium,S._viscosa,0,1,2,-1,restoration,2025-07-19 17:28:523
Nurse_S._viscosa,Nurse_G._struthium,C._hispanica,0,1,2,-1,restoration,2025-07-19 17:28:523
Nurse_S._viscosa,Nurse_G._struthium,Other_species,0,1,2,-1,restoration,2025-07-19 17:28:523
Nurse_S._viscosa,H._squamatum,S._viscosa,0,1,2,-1,restoration,2025-07-19 17:28:523
Nurse_S._viscosa,H._squamatum,C._hispanica,0,1,2,-1,restoration,2025-07-19 17:28:523
Nurse_S._viscosa,H._squamatum,Other_species,0,1,2,-1,restoration,2025-07-19 17:28:523
Nurse_S._viscosa,S._viscosa,C._hispanica,0,1,2,-1,restoration,2025-07-19 17:28:523
Nurse_S._viscosa,S._viscosa,Other_species,0,1,2,-1,restoration,2025-07-19 17:28:523
Nurse_S._viscosa,C._hispanica,Other_species,0,1,2,-1,restoration,2025-07-19 17:28:523
Nurse_G._struthium,H._squamatum,S._viscosa,0,1,2,-1,restoration,2025-07-19 17:28:523
Nurse_G._struthium,H._squamatum,C._hispanica,0,1,2,-1,restoration,2025-07-19 17:28:523
Nurse_G._struthium,H._squamatum,Other_species,0,1,2,-1,restoration,2025-07-19 17:28:523
Nurse_G._struthium,S._viscosa,C._hispanica,0,1,2,-1,restoration,2025-07-19 17:28:523
Nurse_G._struthium,S._viscosa,Other_species,0,1,2,-1,restoration,2025-07-19 17:28:523
Nurse_G._struthium,C._hispanica,Other_species,0,1,2,-1,restoration,2025-07-19 17:28:523
H._squamatum,S._viscosa,C._hispanica,0,1,2,-1,restoration,2025-07-19 17:28:523
H._squamatum,S._viscosa,Other_species,0,1,2,-1,restoration,2025-07-19 17:28:523
H._squamatum,C._hispanica,Other_species,0,1,2,-1,restoration,2025-07-19 17:28:523
S._viscosa,C._hispanica,Other_species,0,1,2,-1,restoration,2025-07-19 17:28:523
Nurse_S._viscosa,Nurse_G._struthium,H._squamatum,0,1,2,-1,natural,2025-07-19 17:28:523
Nurse_S._viscosa,Nurse_G._struthium,S._viscosa,0,1,2,-1,natural,2025-07-19 17:28:523
Nurse_S._viscosa,Nurse_G._struthium,C._hispanica,0,1,2,-1,natural,2025-07-19 17:28:523
Nurse_S._viscosa,Nurse_G._struthium,Other_species,0,1,2,-1,natural,2025-07-19 17:28:523
Nurse_S._viscosa,H._squamatum,S._viscosa,0,1,2,-1,natural,2025-07-19 17:28:523
Nurse_S._viscosa,H._squamatum,C._hispanica,0,1,2,-1,natural,2025-07-19 17:28:523
Nurse_S._viscosa,H._squamatum,Other_species,0,1,2,-1,natural,2025-07-19 17:28:523
Nurse_S._viscosa,S._viscosa,C._hispanica,0,1,2,-1,natural,2025-07-19 17:28:523
Nurse_S._viscosa,S._viscosa,Other_species,0,1,2,-1,natural,2025-07-19 17:28:523
Nurse_S._viscosa,C._hispanica,Other_species,0,1,2,-1,natural,2025-07-19 17:28:523
Nurse_G._struthium,H._squamatum,S._viscosa,0,1,2,-1,natural,2025-07-19 17:28:523
Nurse_G._struthium,H._squamatum,C._hispanica,0,1,2,-1,natural,2025-07-19 17:28:523
Nurse_G._struthium,H._squamatum,Other_species,0,1,2,-1,natural,2025-07-19 17:28:523
Nurse_G._struthium,S._viscosa,C._hispanica,0,1,2,-1,natural,2025-07-19 17:28:523
Nurse_G._struthium,S._viscosa,Other_species,0,1,2,-1,natural,2025-07-19 17:28:523
Nurse_G._struthium,C._hispanica,Other_species,0,1,2,-1,natural,2025-07-19 17:28:523
H._squamatum,S._viscosa,C._hispanica,0,1,2,-1,natural,2025-07-19 17:28:523
H._squamatum,S._viscosa,Other_species,0,1,2,-1,natural,2025-07-19 17:28:523
H._squamatum,C._hispanica,Other_species,0,1,2,-1,natural,2025-07-19 17:28:523
S._viscosa,C._hispanica,Other_species,0,1,2,-1,natural,2025-07-19 17:28:523
Nurse_S._viscosa,Nurse_G._struthium,H._squamatum,0,1,2,-1,restoration,2025-07-19 17:28:513
Nurse_S._viscosa,Nurse_G._struthium,S._viscosa,0,1,2,-1,restoration,2025-07-19 17:28:513
Nurse_S._viscosa,Nurse_G._struthium,C._hispanica,0,1,2,-1,restoration,2025-07-19 17:28:513
Nurse_S._viscosa,Nurse_G._struthium,Other_species,0,1,2,-1,restoration,2025-07-19 17:28:513
Nurse_S._viscosa,H._squamatum,S._viscosa,0,1,2,-1,restoration,2025-07-19 17:28:513
Nurse_S._viscosa,H._squamatum,C._hispanica,0,1,2,-1,restoration,2025-07-19 17:28:513
Nurse_S._viscosa,H._squamatum,Other_species,0,1,2,-1,restoration,2025-07-19 17:28:513
Nurse_S._viscosa,S._viscosa,C._hispanica,0,1,2,-1,restoration,2025-07-19 17:28:513
Nurse_S._viscosa,S._viscosa,Other_species,0,1,2,-1,restoration,2025-07-19 17:28:513
Nurse_S._viscosa,C._hispanica,Other_species,0,1,2,-1,restoration,2025-07-19 17:28:513
Nurse_G._struthium,H._squamatum,S._viscosa,0,1,2,-1,restoration,2025-07-19 17:28:513
Nurse_G._struthium,H._squamatum,C._hispanica,0,1,2,-1,restoration,2025-07-19 17:28:513
Nurse_G._struthium,H._squamatum,Other_species,0,1,2,-1,restoration,2025-07-19 17:28:513
Nurse_G._struthium,S._viscosa,C._hispanica,0,1,2,-1,restoration,2025-07-19 17:28:513
Nurse_G._struthium,S._viscosa,Other_species,0,1,2,-1,restoration,2025-07-19 17:28:513
Nurse_G._struthium,C._hispanica,Other_species,0,1,2,-1,restoration,2025-07-19 17:28:513
H._squamatum,S._viscosa,C._hispanica,0,1,2,-1,restoration,2025-07-19 17:28:513
H._squamatum,S._viscosa,Other_species,0,1,2,-1,restoration,2025-07-19 17:28:513
H._squamatum,C._hispanica,Other_species,0,1,2,-1,restoration,2025-07-19 17:28:513
S._viscosa,C._hispanica,Other_species,0,1,2,-1,restoration,2025-07-19 17:28:513
Nurse_S._viscosa,Nurse_G._struthium,H._squamatum,0,1,2,-1,natural,2025-07-19 17:28:513
Nurse_S._viscosa,Nurse_G._struthium,S._viscosa,0,1,2,-1,natural,2025-07-19 17:28:513
Nurse_S._viscosa,Nurse_G._struthium,C._hispanica,0,1,2,-1,natural,2025-07-19 17:28:513
Nurse_S._viscosa,Nurse_G._struthium,Other_species,0,1,2,-1,natural,2025-07-19 17:28:513
Nurse_S._viscosa,H._squamatum,S._viscosa,0,1,2,-1,natural,2025-07-19 17:28:513
Nurse_S._viscosa,H._squamatum,C._hispanica,0,1,2,-1,natural,2025-07-19 17:28:513
Nurse_S._viscosa,H._squamatum,Other_species,0,1,2,-1,natural,2025-07-19 17:28:513
Nurse_S._viscosa,S._viscosa,C._hispanica,0,1,2,-1,natural,2025-07-19 17:28:513
Nurse_S._viscosa,S._viscosa,Other_species,0,1,2,-1,natural,2025-07-19 17:28:513
Nurse_S._viscosa,C._hispanica,Other_species,0,1,2,-1,natural,2025-07-19 17:28:513
Nurse_G._struthium,H._squamatum,S._viscosa,0,1,2,-1,natural,2025-07-19 17:28:513
Nurse_G._struthium,H._squamatum,C._hispanica,0,1,2,-1,natural,2025-07-19 17:28:513
Nurse_G._struthium,H._squamatum,Other_species,0,1,2,-1,natural,2025-07-19 17:28:513
Nurse_G._struthium,S._viscosa,C._hispanica,0,1,2,-1,natural,2025-07-19 17:28:513
Nurse_G._struthium,S._viscosa,Other_species,0,1,2,-1,natural,2025-07-19 17:28:513
Nurse_G._struthium,C._hispanica,Other_species,0,1,2,-1,natural,2025-07-19 17:28:513
H._squamatum,S._viscosa,C._hispanica,0,1,2,-1,natural,2025-07-19 17:28:513
H._squamatum,S._viscosa,Other_species,0,1,2,-1,natural,2025-07-19 17:28:513
H._squamatum,C._hispanica,Other_species,0,1,2,-1,natural,2025-07-19 17:28:513
S._viscosa,C._hispanica,Other_species,0,1,2,-1,natural,2025-07-19 17:28:513
Nurse_S._viscosa,Nurse_G._struthium,H._squamatum,0,1,2,-1,restoration,2025-07-19 17:28:513
Nurse_S._viscosa,Nurse_G._struthium,S._viscosa,0,1,2,-1,restoration,2025-07-19 17:28:513
Nurse_S._viscosa,Nurse_G._struthium,C._hispanica,0,1,2,-1,restoration,2025-07-19 17:28:513
Nurse_S._viscosa,Nurse_G._struthium,Other_species,0,1,2,-1,restoration,2025-07-19 17:28:513
Nurse_S._viscosa,H._squamatum,S._viscosa,0,1,2,-1,restoration,2025-07-19 17:28:513
Nurse_S._viscosa,H._squamatum,C._hispanica,0,1,2,-1,restoration,2025-07-19 17:28:513
Nurse_S._viscosa,H._squamatum,Other_species,0,1,2,-1,restoration,2025-07-19 17:28:513
Nurse_S._viscosa,S._viscosa,C._hispanica,0,1,2,-1,restoration,2025-07-19 17:28:513
Nurse_S._viscosa,S._viscosa,Other_species,0,1,2,-1,restoration,2025-07-19 17:28:513
Nurse_S._viscosa,C._hispanica,Other_species,0,1,2,-1,restoration,2025-07-19 17:28:513
Nurse_G._struthium,H._squamatum,S._viscosa,0,1,2,-1,restoration,2025-07-19 17:28:513
Nurse_G._struthium,H._squamatum,C._hispanica,0,1,2,-1,restoration,2025-07-19 17:28:513
Nurse_G._struthium,H._squamatum,Other_species,0,1,2,-1,restoration,2025-07-19 17:28:513
Nurse_G._struthium,S._viscosa,C._hispanica,0,1,2,-1,restoration,2025-07-19 17:28:513
Nurse_G._struthium,S._viscosa,Other_species,0,1,2,-1,restoration,2025-07-19 17:28:513
Nurse_G._struthium,C._hispanica,Other_species,0,1,2,-1,restoration,2025-07-19 17:28:513
H._squamatum,S._viscosa,C._hispanica,0,1,2,-1,restoration,2025-07-19 17:28:513
H._squamatum,S._viscosa,Other_species,0,1,2,-1,restoration,2025-07-19 17:28:513
H._squamatum,C._hispanica,Other_species,0,1,2,-1,restoration,2025-07-19 17:28:513
S._viscosa,C._hispanica,Other_species,0,1,2,-1,restoration,2025-07-19 17:28:513
Nurse_S._viscosa,Nurse_G._struthium,H._squamatum,0,1,2,-1,natural,2025-07-19 17:28:513
Nurse_S._viscosa,Nurse_G._struthium,S._viscosa,0,1,2,-1,natural,2025-07-19 17:28:513
Nurse_S._viscosa,Nurse_G._struthium,C._hispanica,0,1,2,-1,natural,2025-07-19 17:28:513
Nurse_S._viscosa,Nurse_G._struthium,Other_species,0,1,2,-1,natural,2025-07-19 17:28:513
Nurse_S._viscosa,H._squamatum,S._viscosa,0,1,2,-1,natural,2025-07-19 17:28:513
Nurse_S._viscosa,H._squamatum,C._hispanica,0,1,2,-1,natural,2025-07-19 17:28:513
Nurse_S._viscosa,H._squamatum,Other_species,0,1,2,-1,natural,2025-07-19 17:28:513
Nurse_S._viscosa,S._viscosa,C._hispanica,0,1,2,-1,natural,2025-07-19 17:28:513
Nurse_S._viscosa,S._viscosa,Other_species,0,1,2,-1,natural,2025-07-19 17:28:513
Nurse_S._viscosa,C._hispanica,Other_species,0,1,2,-1,natural,2025-07-19 17:28:513
Nurse_G._struthium,H._squamatum,S._viscosa,0,1,2,-1,natural,2025-07-19 17:28:513
Nurse_G._struthium,H._squamatum,C._hispanica,0,1,2,-1,natural,2025-07-19 17:28:513
Nurse_G._struthium,H._squamatum,Other_species,0,1,2,-1,natural,2025-07-19 17:28:513
Nurse_G._struthium,S._viscosa,C._hispanica,0,1,2,-1,natural,2025-07-19 17:28:513
Nurse_G._struthium,S._viscosa,Other_species,0,1,2,-1,natural,2025-07-19 17:28:513
Nurse_G._struthium,C._hispanica,Other_species,0,1,2,-1,natural,2025-07-19 17:28:513
H._squamatum,S._viscosa,C._hispanica,0,1,2,-1,natural,2025-07-19 17:28:513
H._squamatum,S._viscosa,Other_species,0,1,2,-1,natural,2025-07-19 17:28:513
H._squamatum,C._hispanica,Other_species,0,1,2,-1,natural,2025-07-19 17:28:513
S._viscosa,C._hispanica,Other_species,0,1,2,-1,natural,2025-07-19 17:28:513
Nurse_S._viscosa,Nurse_G._struthium,H._squamatum,0,1,2,-1,restoration,2025-07-19 17:28:503
Nurse_S._viscosa,Nurse_G._struthium,S._viscosa,0,1,2,-1,restoration,2025-07-19 17:28:503
Nurse_S._viscosa,Nurse_G._struthium,C._hispanica,0,1,2,-1,restoration,2025-07-19 17:28:503
Nurse_S._viscosa,Nurse_G._struthium,Other_species,0,1,2,-1,restoration,2025-07-19 17:28:503
Nurse_S._viscosa,H._squamatum,S._viscosa,0,1,2,-1,restoration,2025-07-19 17:28:503
Nurse_S._viscosa,H._squamatum,C._hispanica,0,1,2,-1,restoration,2025-07-19 17:28:503
Nurse_S._viscosa,H._squamatum,Other_species,0,1,2,-1,restoration,2025-07-19 17:28:503
Nurse_S._viscosa,S._viscosa,C._hispanica,0,1,2,-1,restoration,2025-07-19 17:28:503
Nurse_S._viscosa,S._viscosa,Other_species,0,1,2,-1,restoration,2025-07-19 17:28:503
Nurse_S._viscosa,C._hispanica,Other_species,0,1,2,-1,restoration,2025-07-19 17:28:503
Nurse_G._struthium,H._squamatum,S._viscosa,0,1,2,-1,restoration,2025-07-19 17:28:503
Nurse_G._struthium,H._squamatum,C._hispanica,0,1,2,-1,restoration,2025-07-19 17:28:503
Nurse_G._struthium,H._squamatum,Other_species,0,1,2,-1,restoration,2025-07-19 17:28:503
Nurse_G._struthium,S._viscosa,C._hispanica,0,1,2,-1,restoration,2025-07-19 17:28:503
Nurse_G._struthium,S._viscosa,Other_species,0,1,2,-1,restoration,2025-07-19 17:28:503
Nurse_G._struthium,C._hispanica,Other_species,0,1,2,-1,restoration,2025-07-19 17:28:503
H._squamatum,S._viscosa,C._hispanica,0,1,2,-1,restoration,2025-07-19 17:28:503
H._squamatum,S._viscosa,Other_species,0,1,2,-1,restoration,2025-07-19 17:28:503
H._squamatum,C._hispanica,Other_species,0,1,2,-1,restoration,2025-07-19 17:28:503
S._viscosa,C._hispanica,Other_species,0,1,2,-1,restoration,2025-07-19 17:28:503
Nurse_S._viscosa,Nurse_G._struthium,H._squamatum,0,1,2,-1,natural,2025-07-19 17:28:503
Nurse_S._viscosa,Nurse_G._struthium,S._viscosa,0,1,2,-1,natural,2025-07-19 17:28:503
Nurse_S._viscosa,Nurse_G._struthium,C._hispanica,0,1,2,-1,natural,2025-07-19 17:28:503
Nurse_S._viscosa,Nurse_G._struthium,Other_species,0,1,2,-1,natural,2025-07-19 17:28:503
Nurse_S._viscosa,H._squamatum,S._viscosa,0,1,2,-1,natural,2025-07-19 17:28:503
Nurse_S._viscosa,H._squamatum,C._hispanica,0,1,2,-1,natural,2025-07-19 17:28:503
Nurse_S._viscosa,H._squamatum,Other_species,0,1,2,-1,natural,2025-07-19 17:28:503
Nurse_S._viscosa,S._viscosa,C._hispanica,0,1,2,-1,natural,2025-07-19 17:28:503
Nurse_S._viscosa,S._viscosa,Other_species,0,1,2,-1,natural,2025-07-19 17:28:503
Nurse_S._viscosa,C._hispanica,Other_species,0,1,2,-1,natural,2025-07-19 17:28:503
Nurse_G._struthium,H._squamatum,S._viscosa,0,1,2,-1,natural,2025-07-19 17:28:503
Nurse_G._struthium,H._squamatum,C._hispanica,0,1,2,-1,natural,2025-07-19 17:28:503
Nurse_G._struthium,H._squamatum,Other_species,0,1,2,-1,natural,2025-07-19 17:28:503
Nurse_G._struthium,S._viscosa,C._hispanica,0,1,2,-1,natural,2025-07-19 17:28:503
Nurse_G._struthium,S._viscosa,Other_species,0,1,2,-1,natural,2025-07-19 17:28:503
Nurse_G._struthium,C._hispanica,Other_species,0,1,2,-1,natural,2025-07-19 17:28:503
H._squamatum,S._viscosa,C._hispanica,0,1,2,-1,natural,2025-07-19 17:28:503
H._squamatum,S._viscosa,Other_species,0,1,2,-1,natural,2025-07-19 17:28:503
H._squamatum,C._hispanica,Other_species,0,1,2,-1,natural,2025-07-19 17:28:503
S._viscosa,C._hispanica,Other_species,0,1,2,-1,natural,2025-07-19 17:28:503
Nurse_S._viscosa,Nurse_G._struthium,H._squamatum,0,1,2,-1,restoration,2025-07-19 17:28:503
Nurse_S._viscosa,Nurse_G._struthium,S._viscosa,0,1,2,-1,restoration,2025-07-19 17:28:503
Nurse_S._viscosa,Nurse_G._struthium,C._hispanica,0,1,2,-1,restoration,2025-07-19 17:28:503
Nurse_S._viscosa,Nurse_G._struthium,Other_species,0,1,2,-1,restoration,2025-07-19 17:28:503
Nurse_S._viscosa,H._squamatum,S._viscosa,0,1,2,-1,restoration,2025-07-19 17:28:503
Nurse_S._viscosa,H._squamatum,C._hispanica,0,1,2,-1,restoration,2025-07-19 17:28:503
Nurse_S._viscosa,H._squamatum,Other_species,0,1,2,-1,restoration,2025-07-19 17:28:503
Nurse_S._viscosa,S._viscosa,C._hispanica,0,1,2,-1,restoration,2025-07-19 17:28:503
Nurse_S._viscosa,S._viscosa,Other_species,0,1,2,-1,restoration,2025-07-19 17:28:503
Nurse_S._viscosa,C._hispanica,Other_species,0,1,2,-1,restoration,2025-07-19 17:28:503
Nurse_G._struthium,H._squamatum,S._viscosa,0,1,2,-1,restoration,2025-07-19 17:28:503
Nurse_G._struthium,H._squamatum,C._hispanica,0,1,2,-1,restoration,2025-07-19 17:28:503
Nurse_G._struthium,H._squamatum,Other_species,0,1,2,-1,restoration,2025-07-19 17:28:503
Nurse_G._struthium,S._viscosa,C._hispanica,0,1,2,-1,restoration,2025-07-19 17:28:503
Nurse_G._struthium,S._viscosa,Other_species,0,1,2,-1,restoration,2025-07-19 17:28:503
Nurse_G._struthium,C._hispanica,Other_species,0,1,2,-1,restoration,2025-07-19 17:28:503
H._squamatum,S._viscosa,C._hispanica,0,1,2,-1,restoration,2025-07-19 17:28:503
H._squamatum,S._viscosa,Other_species,0,1,2,-1,restoration,2025-07-19 17:28:503
H._squamatum,C._hispanica,Other_species,0,1,2,-1,restoration,2025-07-19 17:28:503
S._viscosa,C._hispanica,Other_species,0,1,2,-1,restoration,2025-07-19 17:28:503
Nurse_S._viscosa,Nurse_G._struthium,H._squamatum,0,1,2,-1,natural,2025-07-19 17:28:503
Nurse_S._viscosa,Nurse_G._struthium,S._viscosa,0,1,2,-1,natural,2025-07-19 17:28:503
Nurse_S._viscosa,Nurse_G._struthium,C._hispanica,0,1,2,-1,natural,2025-07-19 17:28:503
Nurse_S._viscosa,Nurse_G._struthium,Other_species,0,1,2,-1,natural,2025-07-19 17:28:503
Nurse_S._viscosa,H._squamatum,S._viscosa,0,1,2,-1,natural,2025-07-19 17:28:503
Nurse_S._viscosa,H._squamatum,C._hispanica,0,1,2,-1,natural,2025-07-19 17:28:503
Nurse_S._viscosa,H._squamatum,Other_species,0,1,2,-1,natural,2025-07-19 17:28:503
Nurse_S._viscosa,S._viscosa,C._hispanica,0,1,2,-1,natural,2025-07-19 17:28:503
Nurse_S._viscosa,S._viscosa,Other_species,0,1,2,-1,natural,2025-07-19 17:28:503
Nurse_S._viscosa,C._hispanica,Other_species,0,1,2,-1,natural,2025-07-19 17:28:503
Nurse_G._struthium,H._squamatum,S._viscosa,0,1,2,-1,natural,2025-07-19 17:28:503
Nurse_G._struthium,H._squamatum,C._hispanica,0,1,2,-1,natural,2025-07-19 17:28:503
Nurse_G._struthium,H._squamatum,Other_species,0,1,2,-1,natural,2025-07-19 17:28:503
Nurse_G._struthium,S._viscosa,C._hispanica,0,1,2,-1,natural,2025-07-19 17:28:503
Nurse_G._struthium,S._viscosa,Other_species,0,1,2,-1,natural,2025-07-19 17:28:503
Nurse_G._struthium,C._hispanica,Other_species,0,1,2,-1,natural,2025-07-19 17:28:503
H._squamatum,S._viscosa,C._hispanica,0,1,2,-1,natural,2025-07-19 17:28:503
H._squamatum,S._viscosa,Other_species,0,1,2,-1,natural,2025-07-19 17:28:503
H._squamatum,C._hispanica,Other_species,0,1,2,-1,natural,2025-07-19 17:28:503
S._viscosa,C._hispanica,Other_species,0,1,2,-1,natural,2025-07-19 17:28:503
Nurse_S._viscosa,Nurse_G._struthium,H._squamatum,0,1,2,-1,restoration,2025-07-19 17:28:493
Nurse_S._viscosa,Nurse_G._struthium,S._viscosa,0,1,2,-1,restoration,2025-07-19 17:28:493
Nurse_S._viscosa,Nurse_G._struthium,C._hispanica,0,1,2,-1,restoration,2025-07-19 17:28:493
Nurse_S._viscosa,Nurse_G._struthium,Other_species,0,1,2,-1,restoration,2025-07-19 17:28:493
Nurse_S._viscosa,H._squamatum,S._viscosa,0,1,2,-1,restoration,2025-07-19 17:28:493
Nurse_S._viscosa,H._squamatum,C._hispanica,0,1,2,-1,restoration,2025-07-19 17:28:493
Nurse_S._viscosa,H._squamatum,Other_species,0,1,2,-1,restoration,2025-07-19 17:28:493
Nurse_S._viscosa,S._viscosa,C._hispanica,0,1,2,-1,restoration,2025-07-19 17:28:493
Nurse_S._viscosa,S._viscosa,Other_species,0,1,2,-1,restoration,2025-07-19 17:28:493
Nurse_S._viscosa,C._hispanica,Other_species,0,1,2,-1,restoration,2025-07-19 17:28:493
Nurse_G._struthium,H._squamatum,S._viscosa,0,1,2,-1,restoration,2025-07-19 17:28:493
Nurse_G._struthium,H._squamatum,C._hispanica,0,1,2,-1,restoration,2025-07-19 17:28:493
Nurse_G._struthium,H._squamatum,Other_species,0,1,2,-1,restoration,2025-07-19 17:28:493
Nurse_G._struthium,S._viscosa,C._hispanica,0,1,2,-1,restoration,2025-07-19 17:28:493
Nurse_G._struthium,S._viscosa,Other_species,0,1,2,-1,restoration,2025-07-19 17:28:493
Nurse_G._struthium,C._hispanica,Other_species,0,1,2,-1,restoration,2025-07-19 17:28:493
H._squamatum,S._viscosa,C._hispanica,0,1,2,-1,restoration,2025-07-19 17:28:493
H._squamatum,S._viscosa,Other_species,0,1,2,-1,restoration,2025-07-19 17:28:493
H._squamatum,C._hispanica,Other_species,0,1,2,-1,restoration,2025-07-19 17:28:493
S._viscosa,C._hispanica,Other_species,0,1,2,-1,restoration,2025-07-19 17:28:493
Nurse_S._viscosa,Nurse_G._struthium,H._squamatum,0,1,2,-1,natural,2025-07-19 17:28:493
Nurse_S._viscosa,Nurse_G._struthium,S._viscosa,0,1,2,-1,natural,2025-07-19 17:28:493
Nurse_S._viscosa,Nurse_G._struthium,C._hispanica,0,1,2,-1,natural,2025-07-19 17:28:493
Nurse_S._viscosa,Nurse_G._struthium,Other_species,0,1,2,-1,natural,2025-07-19 17:28:493
Nurse_S._viscosa,H._squamatum,S._viscosa,0,1,2,-1,natural,2025-07-19 17:28:493
Nurse_S._viscosa,H._squamatum,C._hispanica,0,1,2,-1,natural,2025-07-19 17:28:493
Nurse_S._viscosa,H._squamatum,Other_species,0,1,2,-1,natural,2025-07-19 17:28:493
Nurse_S._viscosa,S._viscosa,C._hispanica,0,1,2,-1,natural,2025-07-19 17:28:493
Nurse_S._viscosa,S._viscosa,Other_species,0,1,2,-1,natural,2025-07-19 17:28:493
Nurse_S._viscosa,C._hispanica,Other_species,0,1,2,-1,natural,2025-07-19 17:28:493
Nurse_G._struthium,H._squamatum,S._viscosa,0,1,2,-1,natural,2025-07-19 17:28:493
Nurse_G._struthium,H._squamatum,C._hispanica,0,1,2,-1,natural,2025-07-19 17:28:493
Nurse_G._struthium,H._squamatum,Other_species,0,1,2,-1,natural,2025-07-19 17:28:493
Nurse_G._struthium,S._viscosa,C._hispanica,0,1,2,-1,natural,2025-07-19 17:28:493
Nurse_G._struthium,S._viscosa,Other_species,0,1,2,-1,natural,2025-07-19 17:28:493
Nurse_G._struthium,C._hispanica,Other_species,0,1,2,-1,natural,2025-07-19 17:28:493
H._squamatum,S._viscosa,C._hispanica,0,1,2,-1,natural,2025-07-19 17:28:493
H._squamatum,S._viscosa,Other_species,0,1,2,-1,natural,2025-07-19 17:28:493
H._squamatum,C._hispanica,Other_species,0,1,2,-1,natural,2025-07-19 17:28:493
S._viscosa,C._hispanica,Other_species,0,1,2,-1,natural,2025-07-19 17:28:493
Nurse_S._viscosa,Nurse_G._struthium,H._squamatum,0,1,2,-1,restoration,2025-07-19 17:28:483
Nurse_S._viscosa,Nurse_G._struthium,S._viscosa,0,1,2,-1,restoration,2025-07-19 17:28:483
Nurse_S._viscosa,Nurse_G._struthium,C._hispanica,0,1,2,-1,restoration,2025-07-19 17:28:483
Nurse_S._viscosa,Nurse_G._struthium,Other_species,0,1,2,-1,restoration,2025-07-19 17:28:483
Nurse_S._viscosa,H._squamatum,S._viscosa,0,1,2,-1,restoration,2025-07-19 17:28:483
Nurse_S._viscosa,H._squamatum,C._hispanica,0,1,2,-1,restoration,2025-07-19 17:28:483
Nurse_S._viscosa,H._squamatum,Other_species,0,1,2,-1,restoration,2025-07-19 17:28:483
Nurse_S._viscosa,S._viscosa,C._hispanica,0,1,2,-1,restoration,2025-07-19 17:28:483
Nurse_S._viscosa,S._viscosa,Other_species,0,1,2,-1,restoration,2025-07-19 17:28:483
Nurse_S._viscosa,C._hispanica,Other_species,0,1,2,-1,restoration,2025-07-19 17:28:483
Nurse_G._struthium,H._squamatum,S._viscosa,0,1,2,-1,restoration,2025-07-19 17:28:483
Nurse_G._struthium,H._squamatum,C._hispanica,0,1,2,-1,restoration,2025-07-19 17:28:483
Nurse_G._struthium,H._squamatum,Other_species,0,1,2,-1,restoration,2025-07-19 17:28:483
Nurse_G._struthium,S._viscosa,C._hispanica,0,1,2,-1,restoration,2025-07-19 17:28:483
Nurse_G._struthium,S._viscosa,Other_species,0,1,2,-1,restoration,2025-07-19 17:28:483
Nurse_G._struthium,C._hispanica,Other_species,0,1,2,-1,restoration,2025-07-19 17:28:483
H._squamatum,S._viscosa,C._hispanica,0,1,2,-1,restoration,2025-07-19 17:28:483
H._squamatum,S._viscosa,Other_species,0,1,2,-1,restoration,2025-07-19 17:28:483
H._squamatum,C._hispanica,Other_species,0,1,2,-1,restoration,2025-07-19 17:28:483
S._viscosa,C._hispanica,Other_species,0,1,2,-1,restoration,2025-07-19 17:28:483
Nurse_S._viscosa,Nurse_G._struthium,H._squamatum,0,1,2,-1,natural,2025-07-19 17:28:483
Nurse_S._viscosa,Nurse_G._struthium,S._viscosa,0,1,2,-1,natural,2025-07-19 17:28:483
Nurse_S._viscosa,Nurse_G._struthium,C._hispanica,0,1,2,-1,natural,2025-07-19 17:28:483
Nurse_S._viscosa,Nurse_G._struthium,Other_species,0,1,2,-1,natural,2025-07-19 17:28:483
Nurse_S._viscosa,H._squamatum,S._viscosa,0,1,2,-1,natural,2025-07-19 17:28:483
Nurse_S._viscosa,H._squamatum,C._hispanica,0,1,2,-1,natural,2025-07-19 17:28:483
Nurse_S._viscosa,H._squamatum,Other_species,0,1,2,-1,natural,2025-07-19 17:28:483
Nurse_S._viscosa,S._viscosa,C._hispanica,0,1,2,-1,natural,2025-07-19 17:28:483
Nurse_S._viscosa,S._viscosa,Other_species,0,1,2,-1,natural,2025-07-19 17:28:483
Nurse_S._viscosa,C._hispanica,Other_species,0,1,2,-1,natural,2025-07-19 17:28:483
Nurse_G._struthium,H._squamatum,S._viscosa,0,1,2,-1,natural,2025-07-19 17:28:483
Nurse_G._struthium,H._squamatum,C._hispanica,0,1,2,-1,natural,2025-07-19 17:28:483
Nurse_G._struthium,H._squamatum,Other_species,0,1,2,-1,natural,2025-07-19 17:28:483
Nurse_G._struthium,S._viscosa,C._hispanica,0,1,2,-1,natural,2025-07-19 17:28:483
Nurse_G._struthium,S._viscosa,Other_species,0,1,2,-1,natural,2025-07-19 17:28:483
Nurse_G._struthium,C._hispanica,Other_species,0,1,2,-1,natural,2025-07-19 17:28:483
H._squamatum,S._viscosa,C._hispanica,0,1,2,-1,natural,2025-07-19 17:28:483
H._squamatum,S._viscosa,Other_species,0,1,2,-1,natural,2025-07-19 17:28:483
H._squamatum,C._hispanica,Other_species,0,1,2,-1,natural,2025-07-19 17:28:483
S._viscosa,C._hispanica,Other_species,0,1,2,-1,natural,2025-07-19 17:28:483
Nurse_S._viscosa,Nurse_G._struthium,H._squamatum,0,1,2,-1,restoration,2025-07-19 17:28:483
Nurse_S._viscosa,Nurse_G._struthium,S._viscosa,0,1,2,-1,restoration,2025-07-19 17:28:483
Nurse_S._viscosa,Nurse_G._struthium,C._hispanica,0,1,2,-1,restoration,2025-07-19 17:28:483
Nurse_S._viscosa,Nurse_G._struthium,Other_species,0,1,2,-1,restoration,2025-07-19 17:28:483
Nurse_S._viscosa,H._squamatum,S._viscosa,0,1,2,-1,restoration,2025-07-19 17:28:483
Nurse_S._viscosa,H._squamatum,C._hispanica,0,1,2,-1,restoration,2025-07-19 17:28:483
Nurse_S._viscosa,H._squamatum,Other_species,0,1,2,-1,restoration,2025-07-19 17:28:483
Nurse_S._viscosa,S._viscosa,C._hispanica,0,1,2,-1,restoration,2025-07-19 17:28:483
Nurse_S._viscosa,S._viscosa,Other_species,0,1,2,-1,restoration,2025-07-19 17:28:483
Nurse_S._viscosa,C._hispanica,Other_species,0,1,2,-1,restoration,2025-07-19 17:28:483
Nurse_G._struthium,H._squamatum,S._viscosa,0,1,2,-1,restoration,2025-07-19 17:28:483
Nurse_G._struthium,H._squamatum,C._hispanica,0,1,2,-1,restoration,2025-07-19 17:28:483
Nurse_G._struthium,H._squamatum,Other_species,0,1,2,-1,restoration,2025-07-19 17:28:483
Nurse_G._struthium,S._viscosa,C._hispanica,0,1,2,-1,restoration,2025-07-19 17:28:483
Nurse_G._struthium,S._viscosa,Other_species,0,1,2,-1,restoration,2025-07-19 17:28:483
Nurse_G._struthium,C._hispanica,Other_species,0,1,2,-1,restoration,2025-07-19 17:28:483
H._squamatum,S._viscosa,C._hispanica,0,1,2,-1,restoration,2025-07-19 17:28:483
H._squamatum,S._viscosa,Other_species,0,1,2,-1,restoration,2025-07-19 17:28:483
H._squamatum,C._hispanica,Other_species,0,1,2,-1,restoration,2025-07-19 17:28:483
S._viscosa,C._hispanica,Other_species,0,1,2,-1,restoration,2025-07-19 17:28:483
Nurse_S._viscosa,Nurse_G._struthium,H._squamatum,0,1,2,-1,natural,2025-07-19 17:28:483
Nurse_S._viscosa,Nurse_G._struthium,S._viscosa,0,1,2,-1,natural,2025-07-19 17:28:483
Nurse_S._viscosa,Nurse_G._struthium,C._hispanica,0,1,2,-1,natural,2025-07-19 17:28:483
Nurse_S._viscosa,Nurse_G._struthium,Other_species,0,1,2,-1,natural,2025-07-19 17:28:483
Nurse_S._viscosa,H._squamatum,S._viscosa,0,1,2,-1,natural,2025-07-19 17:28:483
Nurse_S._viscosa,H._squamatum,C._hispanica,0,1,2,-1,natural,2025-07-19 17:28:483
Nurse_S._viscosa,H._squamatum,Other_species,0,1,2,-1,natural,2025-07-19 17:28:483
Nurse_S._viscosa,S._viscosa,C._hispanica,0,1,2,-1,natural,2025-07-19 17:28:483
Nurse_S._viscosa,S._viscosa,Other_species,0,1,2,-1,natural,2025-07-19 17:28:483
Nurse_S._viscosa,C._hispanica,Other_species,0,1,2,-1,natural,2025-07-19 17:28:483
Nurse_G._struthium,H._squamatum,S._viscosa,0,1,2,-1,natural,2025-07-19 17:28:483
Nurse_G._struthium,H._squamatum,C._hispanica,0,1,2,-1,natural,2025-07-19 17:28:483
Nurse_G._struthium,H._squamatum,Other_species,0,1,2,-1,natural,2025-07-19 17:28:483
Nurse_G._struthium,S._viscosa,C._hispanica,0,1,2,-1,natural,2025-07-19 17:28:483
Nurse_G._struthium,S._viscosa,Other_species,0,1,2,-1,natural,2025-07-19 17:28:483
Nurse_G._struthium,C._hispanica,Other_species,0,1,2,-1,natural,2025-07-19 17:28:483
H._squamatum,S._viscosa,C._hispanica,0,1,2,-1,natural,2025-07-19 17:28:483
H._squamatum,S._viscosa,Other_species,0,1,2,-1,natural,2025-07-19 17:28:483
H._squamatum,C._hispanica,Other_species,0,1,2,-1,natural,2025-07-19 17:28:483
S._viscosa,C._hispanica,Other_species,0,1,2,-1,natural,2025-07-19 17:28:483
Nurse_S._viscosa,Nurse_G._struthium,H._squamatum,0,1,2,-1,restoration,2025-07-19 17:28:473
Nurse_S._viscosa,Nurse_G._struthium,S._viscosa,0,1,2,-1,restoration,2025-07-19 17:28:473
Nurse_S._viscosa,Nurse_G._struthium,C._hispanica,0,1,2,-1,restoration,2025-07-19 17:28:473
Nurse_S._viscosa,Nurse_G._struthium,Other_species,0,1,2,-1,restoration,2025-07-19 17:28:473
Nurse_S._viscosa,H._squamatum,S._viscosa,0,1,2,-1,restoration,2025-07-19 17:28:473
Nurse_S._viscosa,H._squamatum,C._hispanica,0,1,2,-1,restoration,2025-07-19 17:28:473
Nurse_S._viscosa,H._squamatum,Other_species,0,1,2,-1,restoration,2025-07-19 17:28:473
Nurse_S._viscosa,S._viscosa,C._hispanica,0,1,2,-1,restoration,2025-07-19 17:28:473
Nurse_S._viscosa,S._viscosa,Other_species,0,1,2,-1,restoration,2025-07-19 17:28:473
Nurse_S._viscosa,C._hispanica,Other_species,0,1,2,-1,restoration,2025-07-19 17:28:473
Nurse_G._struthium,H._squamatum,S._viscosa,0,1,2,-1,restoration,2025-07-19 17:28:473
Nurse_G._struthium,H._squamatum,C._hispanica,0,1,2,-1,restoration,2025-07-19 17:28:473
Nurse_G._struthium,H._squamatum,Other_species,0,1,2,-1,restoration,2025-07-19 17:28:473
Nurse_G._struthium,S._viscosa,C._hispanica,0,1,2,-1,restoration,2025-07-19 17:28:473
Nurse_G._struthium,S._viscosa,Other_species,0,1,2,-1,restoration,2025-07-19 17:28:473
Nurse_G._struthium,C._hispanica,Other_species,0,1,2,-1,restoration,2025-07-19 17:28:473
H._squamatum,S._viscosa,C._hispanica,0,1,2,-1,restoration,2025-07-19 17:28:473
H._squamatum,S._viscosa,Other_species,0,1,2,-1,restoration,2025-07-19 17:28:473
H._squamatum,C._hispanica,Other_species,0,1,2,-1,restoration,2025-07-19 17:28:473
S._viscosa,C._hispanica,Other_species,0,1,2,-1,restoration,2025-07-19 17:28:473
Nurse_S._viscosa,Nurse_G._struthium,H._squamatum,0,1,2,-1,natural,2025-07-19 17:28:473
Nurse_S._viscosa,Nurse_G._struthium,S._viscosa,0,1,2,-1,natural,2025-07-19 17:28:473
Nurse_S._viscosa,Nurse_G._struthium,C._hispanica,0,1,2,-1,natural,2025-07-19 17:28:473
Nurse_S._viscosa,Nurse_G._struthium,Other_species,0,1,2,-1,natural,2025-07-19 17:28:473
Nurse_S._viscosa,H._squamatum,S._viscosa,0,1,2,-1,natural,2025-07-19 17:28:473
Nurse_S._viscosa,H._squamatum,C._hispanica,0,1,2,-1,natural,2025-07-19 17:28:473
Nurse_S._viscosa,H._squamatum,Other_species,0,1,2,-1,natural,2025-07-19 17:28:473
Nurse_S._viscosa,S._viscosa,C._hispanica,0,1,2,-1,natural,2025-07-19 17:28:473
Nurse_S._viscosa,S._viscosa,Other_species,0,1,2,-1,natural,2025-07-19 17:28:473
Nurse_S._viscosa,C._hispanica,Other_species,0,1,2,-1,natural,2025-07-19 17:28:473
Nurse_G._struthium,H._squamatum,S._viscosa,0,1,2,-1,natural,2025-07-19 17:28:473
Nurse_G._struthium,H._squamatum,C._hispanica,0,1,2,-1,natural,2025-07-19 17:28:473
Nurse_G._struthium,H._squamatum,Other_species,0,1,2,-1,natural,2025-07-19 17:28:473
Nurse_G._struthium,S._viscosa,C._hispanica,0,1,2,-1,natural,2025-07-19 17:28:473
Nurse_G._struthium,S._viscosa,Other_species,0,1,2,-1,natural,2025-07-19 17:28:473
Nurse_G._struthium,C._hispanica,Other_species,0,1,2,-1,natural,2025-07-19 17:28:473
H._squamatum,S._viscosa,C._hispanica,0,1,2,-1,natural,2025-07-19 17:28:473
H._squamatum,S._viscosa,Other_species,0,1,2,-1,natural,2025-07-19 17:28:473
H._squamatum,C._hispanica,Other_species,0,1,2,-1,natural,2025-07-19 17:28:473
S._viscosa,C._hispanica,Other_species,0,1,2,-1,natural,2025-07-19 17:28:473
Nurse_S._viscosa,Nurse_G._struthium,H._squamatum,0,1,2,-1,restoration,2025-07-19 17:28:473
Nurse_S._viscosa,Nurse_G._struthium,S._viscosa,0,1,2,-1,restoration,2025-07-19 17:28:473
Nurse_S._viscosa,Nurse_G._struthium,C._hispanica,0,1,2,-1,restoration,2025-07-19 17:28:473
Nurse_S._viscosa,Nurse_G._struthium,Other_species,0,1,2,-1,restoration,2025-07-19 17:28:473
Nurse_S._viscosa,H._squamatum,S._viscosa,0,1,2,-1,restoration,2025-07-19 17:28:473
Nurse_S._viscosa,H._squamatum,C._hispanica,0,1,2,-1,restoration,2025-07-19 17:28:473
Nurse_S._viscosa,H._squamatum,Other_species,0,1,2,-1,restoration,2025-07-19 17:28:473
Nurse_S._viscosa,S._viscosa,C._hispanica,0,1,2,-1,restoration,2025-07-19 17:28:473
Nurse_S._viscosa,S._viscosa,Other_species,0,1,2,-1,restoration,2025-07-19 17:28:473
Nurse_S._viscosa,C._hispanica,Other_species,0,1,2,-1,restoration,2025-07-19 17:28:473
Nurse_G._struthium,H._squamatum,S._viscosa,0,1,2,-1,restoration,2025-07-19 17:28:473
Nurse_G._struthium,H._squamatum,C._hispanica,0,1,2,-1,restoration,2025-07-19 17:28:473
Nurse_G._struthium,H._squamatum,Other_species,0,1,2,-1,restoration,2025-07-19 17:28:473
Nurse_G._struthium,S._viscosa,C._hispanica,0,1,2,-1,restoration,2025-07-19 17:28:473
Nurse_G._struthium,S._viscosa,Other_species,0,1,2,-1,restoration,2025-07-19 17:28:473
Nurse_G._struthium,C._hispanica,Other_species,0,1,2,-1,restoration,2025-07-19 17:28:473
H._squamatum,S._viscosa,C._hispanica,0,1,2,-1,restoration,2025-07-19 17:28:473
H._squamatum,S._viscosa,Other_species,0,1,2,-1,restoration,2025-07-19 17:28:473
H._squamatum,C._hispanica,Other_species,0,1,2,-1,restoration,2025-07-19 17:28:473
S._viscosa,C._hispanica,Other_species,0,1,2,-1,restoration,2025-07-19 17:28:473
Nurse_S._viscosa,Nurse_G._struthium,H._squamatum,0,1,2,-1,natural,2025-07-19 17:28:473
Nurse_S._viscosa,Nurse_G._struthium,S._viscosa,0,1,2,-1,natural,2025-07-19 17:28:473
Nurse_S._viscosa,Nurse_G._struthium,C._hispanica,0,1,2,-1,natural,2025-07-19 17:28:473
Nurse_S._viscosa,Nurse_G._struthium,Other_species,0,1,2,-1,natural,2025-07-19 17:28:473
Nurse_S._viscosa,H._squamatum,S._viscosa,0,1,2,-1,natural,2025-07-19 17:28:473
Nurse_S._viscosa,H._squamatum,C._hispanica,0,1,2,-1,natural,2025-07-19 17:28:473
Nurse_S._viscosa,H._squamatum,Other_species,0,1,2,-1,natural,2025-07-19 17:28:473
Nurse_S._viscosa,S._viscosa,C._hispanica,0,1,2,-1,natural,2025-07-19 17:28:473
Nurse_S._viscosa,S._viscosa,Other_species,0,1,2,-1,natural,2025-07-19 17:28:473
Nurse_S._viscosa,C._hispanica,Other_species,0,1,2,-1,natural,2025-07-19 17:28:473
Nurse_G._struthium,H._squamatum,S._viscosa,0,1,2,-1,natural,2025-07-19 17:28:473
Nurse_G._struthium,H._squamatum,C._hispanica,0,1,2,-1,natural,2025-07-19 17:28:473
Nurse_G._struthium,H._squamatum,Other_species,0,1,2,-1,natural,2025-07-19 17:28:473
Nurse_G._struthium,S._viscosa,C._hispanica,0,1,2,-1,natural,2025-07-19 17:28:473
Nurse_G._struthium,S._viscosa,Other_species,0,1,2,-1,natural,2025-07-19 17:28:473
Nurse_G._struthium,C._hispanica,Other_species,0,1,2,-1,natural,2025-07-19 17:28:473
H._squamatum,S._viscosa,C._hispanica,0,1,2,-1,natural,2025-07-19 17:28:473
H._squamatum,S._viscosa,Other_species,0,1,2,-1,natural,2025-07-19 17:28:473
H._squamatum,C._hispanica,Other_species,0,1,2,-1,natural,2025-07-19 17:28:473
S._viscosa,C._hispanica,Other_species,0,1,2,-1,natural,2025-07-19 17:28:473
Nurse_S._viscosa,Nurse_G._struthium,H._squamatum,0,1,2,-1,restoration,2025-07-19 17:28:463
Nurse_S._viscosa,Nurse_G._struthium,S._viscosa,0,1,2,-1,restoration,2025-07-19 17:28:463
Nurse_S._viscosa,Nurse_G._struthium,C._hispanica,0,1,2,-1,restoration,2025-07-19 17:28:463
Nurse_S._viscosa,Nurse_G._struthium,Other_species,0,1,2,-1,restoration,2025-07-19 17:28:463
Nurse_S._viscosa,H._squamatum,S._viscosa,0,1,2,-1,restoration,2025-07-19 17:28:463
Nurse_S._viscosa,H._squamatum,C._hispanica,0,1,2,-1,restoration,2025-07-19 17:28:463
Nurse_S._viscosa,H._squamatum,Other_species,0,1,2,-1,restoration,2025-07-19 17:28:463
Nurse_S._viscosa,S._viscosa,C._hispanica,0,1,2,-1,restoration,2025-07-19 17:28:463
Nurse_S._viscosa,S._viscosa,Other_species,0,1,2,-1,restoration,2025-07-19 17:28:463
Nurse_S._viscosa,C._hispanica,Other_species,0,1,2,-1,restoration,2025-07-19 17:28:463
Nurse_G._struthium,H._squamatum,S._viscosa,0,1,2,-1,restoration,2025-07-19 17:28:463
Nurse_G._struthium,H._squamatum,C._hispanica,0,1,2,-1,restoration,2025-07-19 17:28:463
Nurse_G._struthium,H._squamatum,Other_species,0,1,2,-1,restoration,2025-07-19 17:28:463
Nurse_G._struthium,S._viscosa,C._hispanica,0,1,2,-1,restoration,2025-07-19 17:28:463
Nurse_G._struthium,S._viscosa,Other_species,0,1,2,-1,restoration,2025-07-19 17:28:463
Nurse_G._struthium,C._hispanica,Other_species,0,1,2,-1,restoration,2025-07-19 17:28:463
H._squamatum,S._viscosa,C._hispanica,0,1,2,-1,restoration,2025-07-19 17:28:463
H._squamatum,S._viscosa,Other_species,0,1,2,-1,restoration,2025-07-19 17:28:463
H._squamatum,C._hispanica,Other_species,0,1,2,-1,restoration,2025-07-19 17:28:463
S._viscosa,C._hispanica,Other_species,0,1,2,-1,restoration,2025-07-19 17:28:463
Nurse_S._viscosa,Nurse_G._struthium,H._squamatum,0,1,2,-1,natural,2025-07-19 17:28:463
Nurse_S._viscosa,Nurse_G._struthium,S._viscosa,0,1,2,-1,natural,2025-07-19 17:28:463
Nurse_S._viscosa,Nurse_G._struthium,C._hispanica,0,1,2,-1,natural,2025-07-19 17:28:463
Nurse_S._viscosa,Nurse_G._struthium,Other_species,0,1,2,-1,natural,2025-07-19 17:28:463
Nurse_S._viscosa,H._squamatum,S._viscosa,0,1,2,-1,natural,2025-07-19 17:28:463
Nurse_S._viscosa,H._squamatum,C._hispanica,0,1,2,-1,natural,2025-07-19 17:28:463
Nurse_S._viscosa,H._squamatum,Other_species,0,1,2,-1,natural,2025-07-19 17:28:463
Nurse_S._viscosa,S._viscosa,C._hispanica,0,1,2,-1,natural,2025-07-19 17:28:463
Nurse_S._viscosa,S._viscosa,Other_species,0,1,2,-1,natural,2025-07-19 17:28:463
Nurse_S._viscosa,C._hispanica,Other_species,0,1,2,-1,natural,2025-07-19 17:28:463
Nurse_G._struthium,H._squamatum,S._viscosa,0,1,2,-1,natural,2025-07-19 17:28:463
Nurse_G._struthium,H._squamatum,C._hispanica,0,1,2,-1,natural,2025-07-19 17:28:463
Nurse_G._struthium,H._squamatum,Other_species,0,1,2,-1,natural,2025-07-19 17:28:463
Nurse_G._struthium,S._viscosa,C._hispanica,0,1,2,-1,natural,2025-07-19 17:28:463
Nurse_G._struthium,S._viscosa,Other_species,0,1,2,-1,natural,2025-07-19 17:28:463
Nurse_G._struthium,C._hispanica,Other_species,0,1,2,-1,natural,2025-07-19 17:28:463
H._squamatum,S._viscosa,C._hispanica,0,1,2,-1,natural,2025-07-19 17:28:463
H._squamatum,S._viscosa,Other_species,0,1,2,-1,natural,2025-07-19 17:28:463
H._squamatum,C._hispanica,Other_species,0,1,2,-1,natural,2025-07-19 17:28:463
S._viscosa,C._hispanica,Other_species,0,1,2,-1,natural,2025-07-19 17:28:463
Nurse_S._viscosa,Nurse_G._struthium,H._squamatum,0,1,2,-1,restoration,2025-07-19 17:28:463
Nurse_S._viscosa,Nurse_G._struthium,S._viscosa,0,1,2,-1,restoration,2025-07-19 17:28:463
Nurse_S._viscosa,Nurse_G._struthium,C._hispanica,0,1,2,-1,restoration,2025-07-19 17:28:463
Nurse_S._viscosa,Nurse_G._struthium,Other_species,0,1,2,-1,restoration,2025-07-19 17:28:463
Nurse_S._viscosa,H._squamatum,S._viscosa,0,1,2,-1,restoration,2025-07-19 17:28:463
Nurse_S._viscosa,H._squamatum,C._hispanica,0,1,2,-1,restoration,2025-07-19 17:28:463
Nurse_S._viscosa,H._squamatum,Other_species,0,1,2,-1,restoration,2025-07-19 17:28:463
Nurse_S._viscosa,S._viscosa,C._hispanica,0,1,2,-1,restoration,2025-07-19 17:28:463
Nurse_S._viscosa,S._viscosa,Other_species,0,1,2,-1,restoration,2025-07-19 17:28:463
Nurse_S._viscosa,C._hispanica,Other_species,0,1,2,-1,restoration,2025-07-19 17:28:463
Nurse_G._struthium,H._squamatum,S._viscosa,0,1,2,-1,restoration,2025-07-19 17:28:463
Nurse_G._struthium,H._squamatum,C._hispanica,0,1,2,-1,restoration,2025-07-19 17:28:463
Nurse_G._struthium,H._squamatum,Other_species,0,1,2,-1,restoration,2025-07-19 17:28:463
Nurse_G._struthium,S._viscosa,C._hispanica,0,1,2,-1,restoration,2025-07-19 17:28:463
Nurse_G._struthium,S._viscosa,Other_species,0,1,2,-1,restoration,2025-07-19 17:28:463
Nurse_G._struthium,C._hispanica,Other_species,0,1,2,-1,restoration,2025-07-19 17:28:463
H._squamatum,S._viscosa,C._hispanica,0,1,2,-1,restoration,2025-07-19 17:28:463
H._squamatum,S._viscosa,Other_species,0,1,2,-1,restoration,2025-07-19 17:28:463
H._squamatum,C._hispanica,Other_species,0,1,2,-1,restoration,2025-07-19 17:28:463
S._viscosa,C._hispanica,Other_species,0,1,2,-1,restoration,2025-07-19 17:28:463
Nurse_S._viscosa,Nurse_G._struthium,H._squamatum,0,1,2,-1,natural,2025-07-19 17:28:463
Nurse_S._viscosa,Nurse_G._struthium,S._viscosa,0,1,2,-1,natural,2025-07-19 17:28:463
Nurse_S._viscosa,Nurse_G._struthium,C._hispanica,0,1,2,-1,natural,2025-07-19 17:28:463
Nurse_S._viscosa,Nurse_G._struthium,Other_species,0,1,2,-1,natural,2025-07-19 17:28:463
Nurse_S._viscosa,H._squamatum,S._viscosa,0,1,2,-1,natural,2025-07-19 17:28:463
Nurse_S._viscosa,H._squamatum,C._hispanica,0,1,2,-1,natural,2025-07-19 17:28:463
Nurse_S._viscosa,H._squamatum,Other_species,0,1,2,-1,natural,2025-07-19 17:28:463
Nurse_S._viscosa,S._viscosa,C._hispanica,0,1,2,-1,natural,2025-07-19 17:28:463
Nurse_S._viscosa,S._viscosa,Other_species,0,1,2,-1,natural,2025-07-19 17:28:463
Nurse_S._viscosa,C._hispanica,Other_species,0,1,2,-1,natural,2025-07-19 17:28:463
Nurse_G._struthium,H._squamatum,S._viscosa,0,1,2,-1,natural,2025-07-19 17:28:463
Nurse_G._struthium,H._squamatum,C._hispanica,0,1,2,-1,natural,2025-07-19 17:28:463
Nurse_G._struthium,H._squamatum,Other_species,0,1,2,-1,natural,2025-07-19 17:28:463
Nurse_G._struthium,S._viscosa,C._hispanica,0,1,2,-1,natural,2025-07-19 17:28:463
Nurse_G._struthium,S._viscosa,Other_species,0,1,2,-1,natural,2025-07-19 17:28:463
Nurse_G._struthium,C._hispanica,Other_species,0,1,2,-1,natural,2025-07-19 17:28:463
H._squamatum,S._viscosa,C._hispanica,0,1,2,-1,natural,2025-07-19 17:28:463
H._squamatum,S._viscosa,Other_species,0,1,2,-1,natural,2025-07-19 17:28:463
H._squamatum,C._hispanica,Other_species,0,1,2,-1,natural,2025-07-19 17:28:463
S._viscosa,C._hispanica,Other_species,0,1,2,-1,natural,2025-07-19 17:28:463
Nurse_S._viscosa,Nurse_G._struthium,H._squamatum,0,1,2,-1,restoration,2025-07-19 17:28:453
Nurse_S._viscosa,Nurse_G._struthium,S._viscosa,0,1,2,-1,restoration,2025-07-19 17:28:453
Nurse_S._viscosa,Nurse_G._struthium,C._hispanica,0,1,2,-1,restoration,2025-07-19 17:28:453
Nurse_S._viscosa,Nurse_G._struthium,Other_species,0,1,2,-1,restoration,2025-07-19 17:28:453
Nurse_S._viscosa,H._squamatum,S._viscosa,0,1,2,-1,restoration,2025-07-19 17:28:453
Nurse_S._viscosa,H._squamatum,C._hispanica,0,1,2,-1,restoration,2025-07-19 17:28:453
Nurse_S._viscosa,H._squamatum,Other_species,0,1,2,-1,restoration,2025-07-19 17:28:453
Nurse_S._viscosa,S._viscosa,C._hispanica,0,1,2,-1,restoration,2025-07-19 17:28:453
Nurse_S._viscosa,S._viscosa,Other_species,0,1,2,-1,restoration,2025-07-19 17:28:453
Nurse_S._viscosa,C._hispanica,Other_species,0,1,2,-1,restoration,2025-07-19 17:28:453
Nurse_G._struthium,H._squamatum,S._viscosa,0,1,2,-1,restoration,2025-07-19 17:28:453
Nurse_G._struthium,H._squamatum,C._hispanica,0,1,2,-1,restoration,2025-07-19 17:28:453
Nurse_G._struthium,H._squamatum,Other_species,0,1,2,-1,restoration,2025-07-19 17:28:453
Nurse_G._struthium,S._viscosa,C._hispanica,0,1,2,-1,restoration,2025-07-19 17:28:453
Nurse_G._struthium,S._viscosa,Other_species,0,1,2,-1,restoration,2025-07-19 17:28:453
Nurse_G._struthium,C._hispanica,Other_species,0,1,2,-1,restoration,2025-07-19 17:28:453
H._squamatum,S._viscosa,C._hispanica,0,1,2,-1,restoration,2025-07-19 17:28:453
H._squamatum,S._viscosa,Other_species,0,1,2,-1,restoration,2025-07-19 17:28:453
H._squamatum,C._hispanica,Other_species,0,1,2,-1,restoration,2025-07-19 17:28:453
S._viscosa,C._hispanica,Other_species,0,1,2,-1,restoration,2025-07-19 17:28:453
Nurse_S._viscosa,Nurse_G._struthium,H._squamatum,0,1,2,-1,natural,2025-07-19 17:28:453
Nurse_S._viscosa,Nurse_G._struthium,S._viscosa,0,1,2,-1,natural,2025-07-19 17:28:453
Nurse_S._viscosa,Nurse_G._struthium,C._hispanica,0,1,2,-1,natural,2025-07-19 17:28:453
Nurse_S._viscosa,Nurse_G._struthium,Other_species,0,1,2,-1,natural,2025-07-19 17:28:453
Nurse_S._viscosa,H._squamatum,S._viscosa,0,1,2,-1,natural,2025-07-19 17:28:453
Nurse_S._viscosa,H._squamatum,C._hispanica,0,1,2,-1,natural,2025-07-19 17:28:453
Nurse_S._viscosa,H._squamatum,Other_species,0,1,2,-1,natural,2025-07-19 17:28:453
Nurse_S._viscosa,S._viscosa,C._hispanica,0,1,2,-1,natural,2025-07-19 17:28:453
Nurse_S._viscosa,S._viscosa,Other_species,0,1,2,-1,natural,2025-07-19 17:28:453
Nurse_S._viscosa,C._hispanica,Other_species,0,1,2,-1,natural,2025-07-19 17:28:453
Nurse_G._struthium,H._squamatum,S._viscosa,0,1,2,-1,natural,2025-07-19 17:28:453
Nurse_G._struthium,H._squamatum,C._hispanica,0,1,2,-1,natural,2025-07-19 17:28:453
Nurse_G._struthium,H._squamatum,Other_species,0,1,2,-1,natural,2025-07-19 17:28:453
Nurse_G._struthium,S._viscosa,C._hispanica,0,1,2,-1,natural,2025-07-19 17:28:453
Nurse_G._struthium,S._viscosa,Other_species,0,1,2,-1,natural,2025-07-19 17:28:453
Nurse_G._struthium,C._hispanica,Other_species,0,1,2,-1,natural,2025-07-19 17:28:453
H._squamatum,S._viscosa,C._hispanica,0,1,2,-1,natural,2025-07-19 17:28:453
H._squamatum,S._viscosa,Other_species,0,1,2,-1,natural,2025-07-19 17:28:453
H._squamatum,C._hispanica,Other_species,0,1,2,-1,natural,2025-07-19 17:28:453
S._viscosa,C._hispanica,Other_species,0,1,2,-1,natural,2025-07-19 17:28:453
Nurse_S._viscosa,Nurse_G._struthium,H._squamatum,0,1,2,-1,restoration,2025-07-19 17:28:453
Nurse_S._viscosa,Nurse_G._struthium,S._viscosa,0,1,2,-1,restoration,2025-07-19 17:28:453
Nurse_S._viscosa,Nurse_G._struthium,C._hispanica,0,1,2,-1,restoration,2025-07-19 17:28:453
Nurse_S._viscosa,Nurse_G._struthium,Other_species,0,1,2,-1,restoration,2025-07-19 17:28:453
Nurse_S._viscosa,H._squamatum,S._viscosa,0,1,2,-1,restoration,2025-07-19 17:28:453
Nurse_S._viscosa,H._squamatum,C._hispanica,0,1,2,-1,restoration,2025-07-19 17:28:453
Nurse_S._viscosa,H._squamatum,Other_species,0,1,2,-1,restoration,2025-07-19 17:28:453
Nurse_S._viscosa,S._viscosa,C._hispanica,0,1,2,-1,restoration,2025-07-19 17:28:453
Nurse_S._viscosa,S._viscosa,Other_species,0,1,2,-1,restoration,2025-07-19 17:28:453
Nurse_S._viscosa,C._hispanica,Other_species,0,1,2,-1,restoration,2025-07-19 17:28:453
Nurse_G._struthium,H._squamatum,S._viscosa,0,1,2,-1,restoration,2025-07-19 17:28:453
Nurse_G._struthium,H._squamatum,C._hispanica,0,1,2,-1,restoration,2025-07-19 17:28:453
Nurse_G._struthium,H._squamatum,Other_species,0,1,2,-1,restoration,2025-07-19 17:28:453
Nurse_G._struthium,S._viscosa,C._hispanica,0,1,2,-1,restoration,2025-07-19 17:28:453
Nurse_G._struthium,S._viscosa,Other_species,0,1,2,-1,restoration,2025-07-19 17:28:453
Nurse_G._struthium,C._hispanica,Other_species,0,1,2,-1,restoration,2025-07-19 17:28:453
H._squamatum,S._viscosa,C._hispanica,0,1,2,-1,restoration,2025-07-19 17:28:453
H._squamatum,S._viscosa,Other_species,0,1,2,-1,restoration,2025-07-19 17:28:453
H._squamatum,C._hispanica,Other_species,0,1,2,-1,restoration,2025-07-19 17:28:453
S._viscosa,C._hispanica,Other_species,0,1,2,-1,restoration,2025-07-19 17:28:453
Nurse_S._viscosa,Nurse_G._struthium,H._squamatum,0,1,2,-1,natural,2025-07-19 17:28:453
Nurse_S._viscosa,Nurse_G._struthium,S._viscosa,0,1,2,-1,natural,2025-07-19 17:28:453
Nurse_S._viscosa,Nurse_G._struthium,C._hispanica,0,1,2,-1,natural,2025-07-19 17:28:453
Nurse_S._viscosa,Nurse_G._struthium,Other_species,0,1,2,-1,natural,2025-07-19 17:28:453
Nurse_S._viscosa,H._squamatum,S._viscosa,0,1,2,-1,natural,2025-07-19 17:28:453
Nurse_S._viscosa,H._squamatum,C._hispanica,0,1,2,-1,natural,2025-07-19 17:28:453
Nurse_S._viscosa,H._squamatum,Other_species,0,1,2,-1,natural,2025-07-19 17:28:453
Nurse_S._viscosa,S._viscosa,C._hispanica,0,1,2,-1,natural,2025-07-19 17:28:453
Nurse_S._viscosa,S._viscosa,Other_species,0,1,2,-1,natural,2025-07-19 17:28:453
Nurse_S._viscosa,C._hispanica,Other_species,0,1,2,-1,natural,2025-07-19 17:28:453
Nurse_G._struthium,H._squamatum,S._viscosa,0,1,2,-1,natural,2025-07-19 17:28:453
Nurse_G._struthium,H._squamatum,C._hispanica,0,1,2,-1,natural,2025-07-19 17:28:453
Nurse_G._struthium,H._squamatum,Other_species,0,1,2,-1,natural,2025-07-19 17:28:453
Nurse_G._struthium,S._viscosa,C._hispanica,0,1,2,-1,natural,2025-07-19 17:28:453
Nurse_G._struthium,S._viscosa,Other_species,0,1,2,-1,natural,2025-07-19 17:28:453
Nurse_G._struthium,C._hispanica,Other_species,0,1,2,-1,natural,2025-07-19 17:28:453
H._squamatum,S._viscosa,C._hispanica,0,1,2,-1,natural,2025-07-19 17:28:453
H._squamatum,S._viscosa,Other_species,0,1,2,-1,natural,2025-07-19 17:28:453
H._squamatum,C._hispanica,Other_species,0,1,2,-1,natural,2025-07-19 17:28:453
S._viscosa,C._hispanica,Other_species,0,1,2,-1,natural,2025-07-19 17:28:453
Nurse_S._viscosa,Nurse_G._struthium,H._squamatum,0,1,2,-1,restoration,2025-07-19 17:28:443
Nurse_S._viscosa,Nurse_G._struthium,S._viscosa,0,1,2,-1,restoration,2025-07-19 17:28:443
Nurse_S._viscosa,Nurse_G._struthium,C._hispanica,0,1,2,-1,restoration,2025-07-19 17:28:443
Nurse_S._viscosa,Nurse_G._struthium,Other_species,0,1,2,-1,restoration,2025-07-19 17:28:443
Nurse_S._viscosa,H._squamatum,S._viscosa,0,1,2,-1,restoration,2025-07-19 17:28:443
Nurse_S._viscosa,H._squamatum,C._hispanica,0,1,2,-1,restoration,2025-07-19 17:28:443
Nurse_S._viscosa,H._squamatum,Other_species,0,1,2,-1,restoration,2025-07-19 17:28:443
Nurse_S._viscosa,S._viscosa,C._hispanica,0,1,2,-1,restoration,2025-07-19 17:28:443
Nurse_S._viscosa,S._viscosa,Other_species,0,1,2,-1,restoration,2025-07-19 17:28:443
Nurse_S._viscosa,C._hispanica,Other_species,0,1,2,-1,restoration,2025-07-19 17:28:443
Nurse_G._struthium,H._squamatum,S._viscosa,0,1,2,-1,restoration,2025-07-19 17:28:443
Nurse_G._struthium,H._squamatum,C._hispanica,0,1,2,-1,restoration,2025-07-19 17:28:443
Nurse_G._struthium,H._squamatum,Other_species,0,1,2,-1,restoration,2025-07-19 17:28:443
Nurse_G._struthium,S._viscosa,C._hispanica,0,1,2,-1,restoration,2025-07-19 17:28:443
Nurse_G._struthium,S._viscosa,Other_species,0,1,2,-1,restoration,2025-07-19 17:28:443
Nurse_G._struthium,C._hispanica,Other_species,0,1,2,-1,restoration,2025-07-19 17:28:443
H._squamatum,S._viscosa,C._hispanica,0,1,2,-1,restoration,2025-07-19 17:28:443
H._squamatum,S._viscosa,Other_species,0,1,2,-1,restoration,2025-07-19 17:28:443
H._squamatum,C._hispanica,Other_species,0,1,2,-1,restoration,2025-07-19 17:28:443
S._viscosa,C._hispanica,Other_species,0,1,2,-1,restoration,2025-07-19 17:28:443
Nurse_S._viscosa,Nurse_G._struthium,H._squamatum,0,1,2,-1,natural,2025-07-19 17:28:443
Nurse_S._viscosa,Nurse_G._struthium,S._viscosa,0,1,2,-1,natural,2025-07-19 17:28:443
Nurse_S._viscosa,Nurse_G._struthium,C._hispanica,0,1,2,-1,natural,2025-07-19 17:28:443
Nurse_S._viscosa,Nurse_G._struthium,Other_species,0,1,2,-1,natural,2025-07-19 17:28:443
Nurse_S._viscosa,H._squamatum,S._viscosa,0,1,2,-1,natural,2025-07-19 17:28:443
Nurse_S._viscosa,H._squamatum,C._hispanica,0,1,2,-1,natural,2025-07-19 17:28:443
Nurse_S._viscosa,H._squamatum,Other_species,0,1,2,-1,natural,2025-07-19 17:28:443
Nurse_S._viscosa,S._viscosa,C._hispanica,0,1,2,-1,natural,2025-07-19 17:28:443
Nurse_S._viscosa,S._viscosa,Other_species,0,1,2,-1,natural,2025-07-19 17:28:443
Nurse_S._viscosa,C._hispanica,Other_species,0,1,2,-1,natural,2025-07-19 17:28:443
Nurse_G._struthium,H._squamatum,S._viscosa,0,1,2,-1,natural,2025-07-19 17:28:443
Nurse_G._struthium,H._squamatum,C._hispanica,0,1,2,-1,natural,2025-07-19 17:28:443
Nurse_G._struthium,H._squamatum,Other_species,0,1,2,-1,natural,2025-07-19 17:28:443
Nurse_G._struthium,S._viscosa,C._hispanica,0,1,2,-1,natural,2025-07-19 17:28:443
Nurse_G._struthium,S._viscosa,Other_species,0,1,2,-1,natural,2025-07-19 17:28:443
Nurse_G._struthium,C._hispanica,Other_species,0,1,2,-1,natural,2025-07-19 17:28:443
H._squamatum,S._viscosa,C._hispanica,0,1,2,-1,natural,2025-07-19 17:28:443
H._squamatum,S._viscosa,Other_species,0,1,2,-1,natural,2025-07-19 17:28:443
H._squamatum,C._hispanica,Other_species,0,1,2,-1,natural,2025-07-19 17:28:443
S._viscosa,C._hispanica,Other_species,0,1,2,-1,natural,2025-07-19 17:28:443
Nurse_S._viscosa,Nurse_G._struthium,H._squamatum,0,1,2,-1,restoration,2025-07-19 17:28:443
Nurse_S._viscosa,Nurse_G._struthium,S._viscosa,0,1,2,-1,restoration,2025-07-19 17:28:443
Nurse_S._viscosa,Nurse_G._struthium,C._hispanica,0,1,2,-1,restoration,2025-07-19 17:28:443
Nurse_S._viscosa,Nurse_G._struthium,Other_species,0,1,2,-1,restoration,2025-07-19 17:28:443
Nurse_S._viscosa,H._squamatum,S._viscosa,0,1,2,-1,restoration,2025-07-19 17:28:443
Nurse_S._viscosa,H._squamatum,C._hispanica,0,1,2,-1,restoration,2025-07-19 17:28:443
Nurse_S._viscosa,H._squamatum,Other_species,0,1,2,-1,restoration,2025-07-19 17:28:443
Nurse_S._viscosa,S._viscosa,C._hispanica,0,1,2,-1,restoration,2025-07-19 17:28:443
Nurse_S._viscosa,S._viscosa,Other_species,0,1,2,-1,restoration,2025-07-19 17:28:443
Nurse_S._viscosa,C._hispanica,Other_species,0,1,2,-1,restoration,2025-07-19 17:28:443
Nurse_G._struthium,H._squamatum,S._viscosa,0,1,2,-1,restoration,2025-07-19 17:28:443
Nurse_G._struthium,H._squamatum,C._hispanica,0,1,2,-1,restoration,2025-07-19 17:28:443
Nurse_G._struthium,H._squamatum,Other_species,0,1,2,-1,restoration,2025-07-19 17:28:443
Nurse_G._struthium,S._viscosa,C._hispanica,0,1,2,-1,restoration,2025-07-19 17:28:443
Nurse_G._struthium,S._viscosa,Other_species,0,1,2,-1,restoration,2025-07-19 17:28:443
Nurse_G._struthium,C._hispanica,Other_species,0,1,2,-1,restoration,2025-07-19 17:28:443
H._squamatum,S._viscosa,C._hispanica,0,1,2,-1,restoration,2025-07-19 17:28:443
H._squamatum,S._viscosa,Other_species,0,1,2,-1,restoration,2025-07-19 17:28:443
H._squamatum,C._hispanica,Other_species,0,1,2,-1,restoration,2025-07-19 17:28:443
S._viscosa,C._hispanica,Other_species,0,1,2,-1,restoration,2025-07-19 17:28:443
Nurse_S._viscosa,Nurse_G._struthium,H._squamatum,0,1,2,-1,natural,2025-07-19 17:28:443
Nurse_S._viscosa,Nurse_G._struthium,S._viscosa,0,1,2,-1,natural,2025-07-19 17:28:443
Nurse_S._viscosa,Nurse_G._struthium,C._hispanica,0,1,2,-1,natural,2025-07-19 17:28:443
Nurse_S._viscosa,Nurse_G._struthium,Other_species,0,1,2,-1,natural,2025-07-19 17:28:443
Nurse_S._viscosa,H._squamatum,S._viscosa,0,1,2,-1,natural,2025-07-19 17:28:443
Nurse_S._viscosa,H._squamatum,C._hispanica,0,1,2,-1,natural,2025-07-19 17:28:443
Nurse_S._viscosa,H._squamatum,Other_species,0,1,2,-1,natural,2025-07-19 17:28:443
Nurse_S._viscosa,S._viscosa,C._hispanica,0,1,2,-1,natural,2025-07-19 17:28:443
Nurse_S._viscosa,S._viscosa,Other_species,0,1,2,-1,natural,2025-07-19 17:28:443
Nurse_S._viscosa,C._hispanica,Other_species,0,1,2,-1,natural,2025-07-19 17:28:443
Nurse_G._struthium,H._squamatum,S._viscosa,0,1,2,-1,natural,2025-07-19 17:28:443
Nurse_G._struthium,H._squamatum,C._hispanica,0,1,2,-1,natural,2025-07-19 17:28:443
Nurse_G._struthium,H._squamatum,Other_species,0,1,2,-1,natural,2025-07-19 17:28:443
Nurse_G._struthium,S._viscosa,C._hispanica,0,1,2,-1,natural,2025-07-19 17:28:443
Nurse_G._struthium,S._viscosa,Other_species,0,1,2,-1,natural,2025-07-19 17:28:443
Nurse_G._struthium,C._hispanica,Other_species,0,1,2,-1,natural,2025-07-19 17:28:443
H._squamatum,S._viscosa,C._hispanica,0,1,2,-1,natural,2025-07-19 17:28:443
H._squamatum,S._viscosa,Other_species,0,1,2,-1,natural,2025-07-19 17:28:443
H._squamatum,C._hispanica,Other_species,0,1,2,-1,natural,2025-07-19 17:28:443
S._viscosa,C._hispanica,Other_species,0,1,2,-1,natural,2025-07-19 17:28:443
Nurse_S._viscosa,Nurse_G._struthium,H._squamatum,0,1,2,-1,restoration,2025-07-19 17:28:443
Nurse_S._viscosa,Nurse_G._struthium,S._viscosa,0,1,2,-1,restoration,2025-07-19 17:28:443
Nurse_S._viscosa,Nurse_G._struthium,C._hispanica,0,1,2,-1,restoration,2025-07-19 17:28:443
Nurse_S._viscosa,Nurse_G._struthium,Other_species,0,1,2,-1,restoration,2025-07-19 17:28:443
Nurse_S._viscosa,H._squamatum,S._viscosa,0,1,2,-1,restoration,2025-07-19 17:28:443
Nurse_S._viscosa,H._squamatum,C._hispanica,0,1,2,-1,restoration,2025-07-19 17:28:443
Nurse_S._viscosa,H._squamatum,Other_species,0,1,2,-1,restoration,2025-07-19 17:28:443
Nurse_S._viscosa,S._viscosa,C._hispanica,0,1,2,-1,restoration,2025-07-19 17:28:443
Nurse_S._viscosa,S._viscosa,Other_species,0,1,2,-1,restoration,2025-07-19 17:28:443
Nurse_S._viscosa,C._hispanica,Other_species,0,1,2,-1,restoration,2025-07-19 17:28:443
Nurse_G._struthium,H._squamatum,S._viscosa,0,1,2,-1,restoration,2025-07-19 17:28:443
Nurse_G._struthium,H._squamatum,C._hispanica,0,1,2,-1,restoration,2025-07-19 17:28:443
Nurse_G._struthium,H._squamatum,Other_species,0,1,2,-1,restoration,2025-07-19 17:28:443
Nurse_G._struthium,S._viscosa,C._hispanica,0,1,2,-1,restoration,2025-07-19 17:28:443
Nurse_G._struthium,S._viscosa,Other_species,0,1,2,-1,restoration,2025-07-19 17:28:443
Nurse_G._struthium,C._hispanica,Other_species,0,1,2,-1,restoration,2025-07-19 17:28:443
H._squamatum,S._viscosa,C._hispanica,0,1,2,-1,restoration,2025-07-19 17:28:443
H._squamatum,S._viscosa,Other_species,0,1,2,-1,restoration,2025-07-19 17:28:443
H._squamatum,C._hispanica,Other_species,0,1,2,-1,restoration,2025-07-19 17:28:443
S._viscosa,C._hispanica,Other_species,0,1,2,-1,restoration,2025-07-19 17:28:443
Nurse_S._viscosa,Nurse_G._struthium,H._squamatum,0,1,2,-1,natural,2025-07-19 17:28:443
Nurse_S._viscosa,Nurse_G._struthium,S._viscosa,0,1,2,-1,natural,2025-07-19 17:28:443
Nurse_S._viscosa,Nurse_G._struthium,C._hispanica,0,1,2,-1,natural,2025-07-19 17:28:443
Nurse_S._viscosa,Nurse_G._struthium,Other_species,0,1,2,-1,natural,2025-07-19 17:28:443
Nurse_S._viscosa,H._squamatum,S._viscosa,0,1,2,-1,natural,2025-07-19 17:28:443
Nurse_S._viscosa,H._squamatum,C._hispanica,0,1,2,-1,natural,2025-07-19 17:28:443
Nurse_S._viscosa,H._squamatum,Other_species,0,1,2,-1,natural,2025-07-19 17:28:443
Nurse_S._viscosa,S._viscosa,C._hispanica,0,1,2,-1,natural,2025-07-19 17:28:443
Nurse_S._viscosa,S._viscosa,Other_species,0,1,2,-1,natural,2025-07-19 17:28:443
Nurse_S._viscosa,C._hispanica,Other_species,0,1,2,-1,natural,2025-07-19 17:28:443
Nurse_G._struthium,H._squamatum,S._viscosa,0,1,2,-1,natural,2025-07-19 17:28:443
Nurse_G._struthium,H._squamatum,C._hispanica,0,1,2,-1,natural,2025-07-19 17:28:443
Nurse_G._struthium,H._squamatum,Other_species,0,1,2,-1,natural,2025-07-19 17:28:443
Nurse_G._struthium,S._viscosa,C._hispanica,0,1,2,-1,natural,2025-07-19 17:28:443
Nurse_G._struthium,S._viscosa,Other_species,0,1,2,-1,natural,2025-07-19 17:28:443
Nurse_G._struthium,C._hispanica,Other_species,0,1,2,-1,natural,2025-07-19 17:28:443
H._squamatum,S._viscosa,C._hispanica,0,1,2,-1,natural,2025-07-19 17:28:443
H._squamatum,S._viscosa,Other_species,0,1,2,-1,natural,2025-07-19 17:28:443
H._squamatum,C._hispanica,Other_species,0,1,2,-1,natural,2025-07-19 17:28:443
S._viscosa,C._hispanica,Other_species,0,1,2,-1,natural,2025-07-19 17:28:443
Nurse_S._viscosa,Nurse_G._struthium,H._squamatum,0,1,2,-1,restoration,2025-07-19 17:28:433
Nurse_S._viscosa,Nurse_G._struthium,S._viscosa,0,1,2,-1,restoration,2025-07-19 17:28:433
Nurse_S._viscosa,Nurse_G._struthium,C._hispanica,0,1,2,-1,restoration,2025-07-19 17:28:433
Nurse_S._viscosa,Nurse_G._struthium,Other_species,0,1,2,-1,restoration,2025-07-19 17:28:433
Nurse_S._viscosa,H._squamatum,S._viscosa,0,1,2,-1,restoration,2025-07-19 17:28:433
Nurse_S._viscosa,H._squamatum,C._hispanica,0,1,2,-1,restoration,2025-07-19 17:28:433
Nurse_S._viscosa,H._squamatum,Other_species,0,1,2,-1,restoration,2025-07-19 17:28:433
Nurse_S._viscosa,S._viscosa,C._hispanica,0,1,2,-1,restoration,2025-07-19 17:28:433
Nurse_S._viscosa,S._viscosa,Other_species,0,1,2,-1,restoration,2025-07-19 17:28:433
Nurse_S._viscosa,C._hispanica,Other_species,0,1,2,-1,restoration,2025-07-19 17:28:433
Nurse_G._struthium,H._squamatum,S._viscosa,0,1,2,-1,restoration,2025-07-19 17:28:433
Nurse_G._struthium,H._squamatum,C._hispanica,0,1,2,-1,restoration,2025-07-19 17:28:433
Nurse_G._struthium,H._squamatum,Other_species,0,1,2,-1,restoration,2025-07-19 17:28:433
Nurse_G._struthium,S._viscosa,C._hispanica,0,1,2,-1,restoration,2025-07-19 17:28:433
Nurse_G._struthium,S._viscosa,Other_species,0,1,2,-1,restoration,2025-07-19 17:28:433
Nurse_G._struthium,C._hispanica,Other_species,0,1,2,-1,restoration,2025-07-19 17:28:433
H._squamatum,S._viscosa,C._hispanica,0,1,2,-1,restoration,2025-07-19 17:28:433
H._squamatum,S._viscosa,Other_species,0,1,2,-1,restoration,2025-07-19 17:28:433
H._squamatum,C._hispanica,Other_species,0,1,2,-1,restoration,2025-07-19 17:28:433
S._viscosa,C._hispanica,Other_species,0,1,2,-1,restoration,2025-07-19 17:28:433
Nurse_S._viscosa,Nurse_G._struthium,H._squamatum,0,1,2,-1,natural,2025-07-19 17:28:433
Nurse_S._viscosa,Nurse_G._struthium,S._viscosa,0,1,2,-1,natural,2025-07-19 17:28:433
Nurse_S._viscosa,Nurse_G._struthium,C._hispanica,0,1,2,-1,natural,2025-07-19 17:28:433
Nurse_S._viscosa,Nurse_G._struthium,Other_species,0,1,2,-1,natural,2025-07-19 17:28:433
Nurse_S._viscosa,H._squamatum,S._viscosa,0,1,2,-1,natural,2025-07-19 17:28:433
Nurse_S._viscosa,H._squamatum,C._hispanica,0,1,2,-1,natural,2025-07-19 17:28:433
Nurse_S._viscosa,H._squamatum,Other_species,0,1,2,-1,natural,2025-07-19 17:28:433
Nurse_S._viscosa,S._viscosa,C._hispanica,0,1,2,-1,natural,2025-07-19 17:28:433
Nurse_S._viscosa,S._viscosa,Other_species,0,1,2,-1,natural,2025-07-19 17:28:433
Nurse_S._viscosa,C._hispanica,Other_species,0,1,2,-1,natural,2025-07-19 17:28:433
Nurse_G._struthium,H._squamatum,S._viscosa,0,1,2,-1,natural,2025-07-19 17:28:433
Nurse_G._struthium,H._squamatum,C._hispanica,0,1,2,-1,natural,2025-07-19 17:28:433
Nurse_G._struthium,H._squamatum,Other_species,0,1,2,-1,natural,2025-07-19 17:28:433
Nurse_G._struthium,S._viscosa,C._hispanica,0,1,2,-1,natural,2025-07-19 17:28:433
Nurse_G._struthium,S._viscosa,Other_species,0,1,2,-1,natural,2025-07-19 17:28:433
Nurse_G._struthium,C._hispanica,Other_species,0,1,2,-1,natural,2025-07-19 17:28:433
H._squamatum,S._viscosa,C._hispanica,0,1,2,-1,natural,2025-07-19 17:28:433
H._squamatum,S._viscosa,Other_species,0,1,2,-1,natural,2025-07-19 17:28:433
H._squamatum,C._hispanica,Other_species,0,1,2,-1,natural,2025-07-19 17:28:433
S._viscosa,C._hispanica,Other_species,0,1,2,-1,natural,2025-07-19 17:28:433
Nurse_S._viscosa,Nurse_G._struthium,H._squamatum,0,1,2,-1,restoration,2025-07-19 17:28:433
Nurse_S._viscosa,Nurse_G._struthium,S._viscosa,0,1,2,-1,restoration,2025-07-19 17:28:433
Nurse_S._viscosa,Nurse_G._struthium,C._hispanica,0,1,2,-1,restoration,2025-07-19 17:28:433
Nurse_S._viscosa,Nurse_G._struthium,Other_species,0,1,2,-1,restoration,2025-07-19 17:28:433
Nurse_S._viscosa,H._squamatum,S._viscosa,0,1,2,-1,restoration,2025-07-19 17:28:433
Nurse_S._viscosa,H._squamatum,C._hispanica,0,1,2,-1,restoration,2025-07-19 17:28:433
Nurse_S._viscosa,H._squamatum,Other_species,0,1,2,-1,restoration,2025-07-19 17:28:433
Nurse_S._viscosa,S._viscosa,C._hispanica,0,1,2,-1,restoration,2025-07-19 17:28:433
Nurse_S._viscosa,S._viscosa,Other_species,0,1,2,-1,restoration,2025-07-19 17:28:433
Nurse_S._viscosa,C._hispanica,Other_species,0,1,2,-1,restoration,2025-07-19 17:28:433
Nurse_G._struthium,H._squamatum,S._viscosa,0,1,2,-1,restoration,2025-07-19 17:28:433
Nurse_G._struthium,H._squamatum,C._hispanica,0,1,2,-1,restoration,2025-07-19 17:28:433
Nurse_G._struthium,H._squamatum,Other_species,0,1,2,-1,restoration,2025-07-19 17:28:433
Nurse_G._struthium,S._viscosa,C._hispanica,0,1,2,-1,restoration,2025-07-19 17:28:433
Nurse_G._struthium,S._viscosa,Other_species,0,1,2,-1,restoration,2025-07-19 17:28:433
Nurse_G._struthium,C._hispanica,Other_species,0,1,2,-1,restoration,2025-07-19 17:28:433
H._squamatum,S._viscosa,C._hispanica,0,1,2,-1,restoration,2025-07-19 17:28:433
H._squamatum,S._viscosa,Other_species,0,1,2,-1,restoration,2025-07-19 17:28:433
H._squamatum,C._hispanica,Other_species,0,1,2,-1,restoration,2025-07-19 17:28:433
S._viscosa,C._hispanica,Other_species,0,1,2,-1,restoration,2025-07-19 17:28:433
Nurse_S._viscosa,Nurse_G._struthium,H._squamatum,0,1,2,-1,natural,2025-07-19 17:28:433
Nurse_S._viscosa,Nurse_G._struthium,S._viscosa,0,1,2,-1,natural,2025-07-19 17:28:433
Nurse_S._viscosa,Nurse_G._struthium,C._hispanica,0,1,2,-1,natural,2025-07-19 17:28:433
Nurse_S._viscosa,Nurse_G._struthium,Other_species,0,1,2,-1,natural,2025-07-19 17:28:433
Nurse_S._viscosa,H._squamatum,S._viscosa,0,1,2,-1,natural,2025-07-19 17:28:433
Nurse_S._viscosa,H._squamatum,C._hispanica,0,1,2,-1,natural,2025-07-19 17:28:433
Nurse_S._viscosa,H._squamatum,Other_species,0,1,2,-1,natural,2025-07-19 17:28:433
Nurse_S._viscosa,S._viscosa,C._hispanica,0,1,2,-1,natural,2025-07-19 17:28:433
Nurse_S._viscosa,S._viscosa,Other_species,0,1,2,-1,natural,2025-07-19 17:28:433
Nurse_S._viscosa,C._hispanica,Other_species,0,1,2,-1,natural,2025-07-19 17:28:433
Nurse_G._struthium,H._squamatum,S._viscosa,0,1,2,-1,natural,2025-07-19 17:28:433
Nurse_G._struthium,H._squamatum,C._hispanica,0,1,2,-1,natural,2025-07-19 17:28:433
Nurse_G._struthium,H._squamatum,Other_species,0,1,2,-1,natural,2025-07-19 17:28:433
Nurse_G._struthium,S._viscosa,C._hispanica,0,1,2,-1,natural,2025-07-19 17:28:433
Nurse_G._struthium,S._viscosa,Other_species,0,1,2,-1,natural,2025-07-19 17:28:433
Nurse_G._struthium,C._hispanica,Other_species,0,1,2,-1,natural,2025-07-19 17:28:433
H._squamatum,S._viscosa,C._hispanica,0,1,2,-1,natural,2025-07-19 17:28:433
H._squamatum,S._viscosa,Other_species,0,1,2,-1,natural,2025-07-19 17:28:433
H._squamatum,C._hispanica,Other_species,0,1,2,-1,natural,2025-07-19 17:28:433
S._viscosa,C._hispanica,Other_species,0,1,2,-1,natural,2025-07-19 17:28:433
Nurse_S._viscosa,Nurse_G._struthium,H._squamatum,0,1,2,-1,restoration,2025-07-19 17:28:433
Nurse_S._viscosa,Nurse_G._struthium,S._viscosa,0,1,2,-1,restoration,2025-07-19 17:28:433
Nurse_S._viscosa,Nurse_G._struthium,C._hispanica,0,1,2,-1,restoration,2025-07-19 17:28:433
Nurse_S._viscosa,Nurse_G._struthium,Other_species,0,1,2,-1,restoration,2025-07-19 17:28:433
Nurse_S._viscosa,H._squamatum,S._viscosa,0,1,2,-1,restoration,2025-07-19 17:28:433
Nurse_S._viscosa,H._squamatum,C._hispanica,0,1,2,-1,restoration,2025-07-19 17:28:433
Nurse_S._viscosa,H._squamatum,Other_species,0,1,2,-1,restoration,2025-07-19 17:28:433
Nurse_S._viscosa,S._viscosa,C._hispanica,0,1,2,-1,restoration,2025-07-19 17:28:433
Nurse_S._viscosa,S._viscosa,Other_species,0,1,2,-1,restoration,2025-07-19 17:28:433
Nurse_S._viscosa,C._hispanica,Other_species,0,1,2,-1,restoration,2025-07-19 17:28:433
Nurse_G._struthium,H._squamatum,S._viscosa,0,1,2,-1,restoration,2025-07-19 17:28:433
Nurse_G._struthium,H._squamatum,C._hispanica,0,1,2,-1,restoration,2025-07-19 17:28:433
Nurse_G._struthium,H._squamatum,Other_species,0,1,2,-1,restoration,2025-07-19 17:28:433
Nurse_G._struthium,S._viscosa,C._hispanica,0,1,2,-1,restoration,2025-07-19 17:28:433
Nurse_G._struthium,S._viscosa,Other_species,0,1,2,-1,restoration,2025-07-19 17:28:433
Nurse_G._struthium,C._hispanica,Other_species,0,1,2,-1,restoration,2025-07-19 17:28:433
H._squamatum,S._viscosa,C._hispanica,0,1,2,-1,restoration,2025-07-19 17:28:433
H._squamatum,S._viscosa,Other_species,0,1,2,-1,restoration,2025-07-19 17:28:433
H._squamatum,C._hispanica,Other_species,0,1,2,-1,restoration,2025-07-19 17:28:433
S._viscosa,C._hispanica,Other_species,0,1,2,-1,restoration,2025-07-19 17:28:433
Nurse_S._viscosa,Nurse_G._struthium,H._squamatum,0,1,2,-1,natural,2025-07-19 17:28:433
Nurse_S._viscosa,Nurse_G._struthium,S._viscosa,0,1,2,-1,natural,2025-07-19 17:28:433
Nurse_S._viscosa,Nurse_G._struthium,C._hispanica,0,1,2,-1,natural,2025-07-19 17:28:433
Nurse_S._viscosa,Nurse_G._struthium,Other_species,0,1,2,-1,natural,2025-07-19 17:28:433
Nurse_S._viscosa,H._squamatum,S._viscosa,0,1,2,-1,natural,2025-07-19 17:28:433
Nurse_S._viscosa,H._squamatum,C._hispanica,0,1,2,-1,natural,2025-07-19 17:28:433
Nurse_S._viscosa,H._squamatum,Other_species,0,1,2,-1,natural,2025-07-19 17:28:433
Nurse_S._viscosa,S._viscosa,C._hispanica,0,1,2,-1,natural,2025-07-19 17:28:433
Nurse_S._viscosa,S._viscosa,Other_species,0,1,2,-1,natural,2025-07-19 17:28:433
Nurse_S._viscosa,C._hispanica,Other_species,0,1,2,-1,natural,2025-07-19 17:28:433
Nurse_G._struthium,H._squamatum,S._viscosa,0,1,2,-1,natural,2025-07-19 17:28:433
Nurse_G._struthium,H._squamatum,C._hispanica,0,1,2,-1,natural,2025-07-19 17:28:433
Nurse_G._struthium,H._squamatum,Other_species,0,1,2,-1,natural,2025-07-19 17:28:433
Nurse_G._struthium,S._viscosa,C._hispanica,0,1,2,-1,natural,2025-07-19 17:28:433
Nurse_G._struthium,S._viscosa,Other_species,0,1,2,-1,natural,2025-07-19 17:28:433
Nurse_G._struthium,C._hispanica,Other_species,0,1,2,-1,natural,2025-07-19 17:28:433
H._squamatum,S._viscosa,C._hispanica,0,1,2,-1,natural,2025-07-19 17:28:433
H._squamatum,S._viscosa,Other_species,0,1,2,-1,natural,2025-07-19 17:28:433
H._squamatum,C._hispanica,Other_species,0,1,2,-1,natural,2025-07-19 17:28:433
S._viscosa,C._hispanica,Other_species,0,1,2,-1,natural,2025-07-19 17:28:433
Nurse_S._viscosa,Nurse_G._struthium,H._squamatum,0,1,2,-1,restoration,2025-07-19 17:28:423
Nurse_S._viscosa,Nurse_G._struthium,S._viscosa,0,1,2,-1,restoration,2025-07-19 17:28:423
Nurse_S._viscosa,Nurse_G._struthium,C._hispanica,0,1,2,-1,restoration,2025-07-19 17:28:423
Nurse_S._viscosa,Nurse_G._struthium,Other_species,0,1,2,-1,restoration,2025-07-19 17:28:423
Nurse_S._viscosa,H._squamatum,S._viscosa,0,1,2,-1,restoration,2025-07-19 17:28:423
Nurse_S._viscosa,H._squamatum,C._hispanica,0,1,2,-1,restoration,2025-07-19 17:28:423
Nurse_S._viscosa,H._squamatum,Other_species,0,1,2,-1,restoration,2025-07-19 17:28:423
Nurse_S._viscosa,S._viscosa,C._hispanica,0,1,2,-1,restoration,2025-07-19 17:28:423
Nurse_S._viscosa,S._viscosa,Other_species,0,1,2,-1,restoration,2025-07-19 17:28:423
Nurse_S._viscosa,C._hispanica,Other_species,0,1,2,-1,restoration,2025-07-19 17:28:423
Nurse_G._struthium,H._squamatum,S._viscosa,0,1,2,-1,restoration,2025-07-19 17:28:423
Nurse_G._struthium,H._squamatum,C._hispanica,0,1,2,-1,restoration,2025-07-19 17:28:423
Nurse_G._struthium,H._squamatum,Other_species,0,1,2,-1,restoration,2025-07-19 17:28:423
Nurse_G._struthium,S._viscosa,C._hispanica,0,1,2,-1,restoration,2025-07-19 17:28:423
Nurse_G._struthium,S._viscosa,Other_species,0,1,2,-1,restoration,2025-07-19 17:28:423
Nurse_G._struthium,C._hispanica,Other_species,0,1,2,-1,restoration,2025-07-19 17:28:423
H._squamatum,S._viscosa,C._hispanica,0,1,2,-1,restoration,2025-07-19 17:28:423
H._squamatum,S._viscosa,Other_species,0,1,2,-1,restoration,2025-07-19 17:28:423
H._squamatum,C._hispanica,Other_species,0,1,2,-1,restoration,2025-07-19 17:28:423
S._viscosa,C._hispanica,Other_species,0,1,2,-1,restoration,2025-07-19 17:28:423
Nurse_S._viscosa,Nurse_G._struthium,H._squamatum,0,1,2,-1,natural,2025-07-19 17:28:423
Nurse_S._viscosa,Nurse_G._struthium,S._viscosa,0,1,2,-1,natural,2025-07-19 17:28:423
Nurse_S._viscosa,Nurse_G._struthium,C._hispanica,0,1,2,-1,natural,2025-07-19 17:28:423
Nurse_S._viscosa,Nurse_G._struthium,Other_species,0,1,2,-1,natural,2025-07-19 17:28:423
Nurse_S._viscosa,H._squamatum,S._viscosa,0,1,2,-1,natural,2025-07-19 17:28:423
Nurse_S._viscosa,H._squamatum,C._hispanica,0,1,2,-1,natural,2025-07-19 17:28:423
Nurse_S._viscosa,H._squamatum,Other_species,0,1,2,-1,natural,2025-07-19 17:28:423
Nurse_S._viscosa,S._viscosa,C._hispanica,0,1,2,-1,natural,2025-07-19 17:28:423
Nurse_S._viscosa,S._viscosa,Other_species,0,1,2,-1,natural,2025-07-19 17:28:423
Nurse_S._viscosa,C._hispanica,Other_species,0,1,2,-1,natural,2025-07-19 17:28:423
Nurse_G._struthium,H._squamatum,S._viscosa,0,1,2,-1,natural,2025-07-19 17:28:423
Nurse_G._struthium,H._squamatum,C._hispanica,0,1,2,-1,natural,2025-07-19 17:28:423
Nurse_G._struthium,H._squamatum,Other_species,0,1,2,-1,natural,2025-07-19 17:28:423
Nurse_G._struthium,S._viscosa,C._hispanica,0,1,2,-1,natural,2025-07-19 17:28:423
Nurse_G._struthium,S._viscosa,Other_species,0,1,2,-1,natural,2025-07-19 17:28:423
Nurse_G._struthium,C._hispanica,Other_species,0,1,2,-1,natural,2025-07-19 17:28:423
H._squamatum,S._viscosa,C._hispanica,0,1,2,-1,natural,2025-07-19 17:28:423
H._squamatum,S._viscosa,Other_species,0,1,2,-1,natural,2025-07-19 17:28:423
H._squamatum,C._hispanica,Other_species,0,1,2,-1,natural,2025-07-19 17:28:423
S._viscosa,C._hispanica,Other_species,0,1,2,-1,natural,2025-07-19 17:28:423
Nurse_S._viscosa,Nurse_G._struthium,H._squamatum,0,1,2,-1,restoration,2025-07-19 17:28:423
Nurse_S._viscosa,Nurse_G._struthium,S._viscosa,0,1,2,-1,restoration,2025-07-19 17:28:423
Nurse_S._viscosa,Nurse_G._struthium,C._hispanica,0,1,2,-1,restoration,2025-07-19 17:28:423
Nurse_S._viscosa,Nurse_G._struthium,Other_species,0,1,2,-1,restoration,2025-07-19 17:28:423
Nurse_S._viscosa,H._squamatum,S._viscosa,0,1,2,-1,restoration,2025-07-19 17:28:423
Nurse_S._viscosa,H._squamatum,C._hispanica,0,1,2,-1,restoration,2025-07-19 17:28:423
Nurse_S._viscosa,H._squamatum,Other_species,0,1,2,-1,restoration,2025-07-19 17:28:423
Nurse_S._viscosa,S._viscosa,C._hispanica,0,1,2,-1,restoration,2025-07-19 17:28:423
Nurse_S._viscosa,S._viscosa,Other_species,0,1,2,-1,restoration,2025-07-19 17:28:423
Nurse_S._viscosa,C._hispanica,Other_species,0,1,2,-1,restoration,2025-07-19 17:28:423
Nurse_G._struthium,H._squamatum,S._viscosa,0,1,2,-1,restoration,2025-07-19 17:28:423
Nurse_G._struthium,H._squamatum,C._hispanica,0,1,2,-1,restoration,2025-07-19 17:28:423
Nurse_G._struthium,H._squamatum,Other_species,0,1,2,-1,restoration,2025-07-19 17:28:423
Nurse_G._struthium,S._viscosa,C._hispanica,0,1,2,-1,restoration,2025-07-19 17:28:423
Nurse_G._struthium,S._viscosa,Other_species,0,1,2,-1,restoration,2025-07-19 17:28:423
Nurse_G._struthium,C._hispanica,Other_species,0,1,2,-1,restoration,2025-07-19 17:28:423
H._squamatum,S._viscosa,C._hispanica,0,1,2,-1,restoration,2025-07-19 17:28:423
H._squamatum,S._viscosa,Other_species,0,1,2,-1,restoration,2025-07-19 17:28:423
H._squamatum,C._hispanica,Other_species,0,1,2,-1,restoration,2025-07-19 17:28:423
S._viscosa,C._hispanica,Other_species,0,1,2,-1,restoration,2025-07-19 17:28:423
Nurse_S._viscosa,Nurse_G._struthium,H._squamatum,0,1,2,-1,natural,2025-07-19 17:28:423
Nurse_S._viscosa,Nurse_G._struthium,S._viscosa,0,1,2,-1,natural,2025-07-19 17:28:423
Nurse_S._viscosa,Nurse_G._struthium,C._hispanica,0,1,2,-1,natural,2025-07-19 17:28:423
Nurse_S._viscosa,Nurse_G._struthium,Other_species,0,1,2,-1,natural,2025-07-19 17:28:423
Nurse_S._viscosa,H._squamatum,S._viscosa,0,1,2,-1,natural,2025-07-19 17:28:423
Nurse_S._viscosa,H._squamatum,C._hispanica,0,1,2,-1,natural,2025-07-19 17:28:423
Nurse_S._viscosa,H._squamatum,Other_species,0,1,2,-1,natural,2025-07-19 17:28:423
Nurse_S._viscosa,S._viscosa,C._hispanica,0,1,2,-1,natural,2025-07-19 17:28:423
Nurse_S._viscosa,S._viscosa,Other_species,0,1,2,-1,natural,2025-07-19 17:28:423
Nurse_S._viscosa,C._hispanica,Other_species,0,1,2,-1,natural,2025-07-19 17:28:423
Nurse_G._struthium,H._squamatum,S._viscosa,0,1,2,-1,natural,2025-07-19 17:28:423
Nurse_G._struthium,H._squamatum,C._hispanica,0,1,2,-1,natural,2025-07-19 17:28:423
Nurse_G._struthium,H._squamatum,Other_species,0,1,2,-1,natural,2025-07-19 17:28:423
Nurse_G._struthium,S._viscosa,C._hispanica,0,1,2,-1,natural,2025-07-19 17:28:423
Nurse_G._struthium,S._viscosa,Other_species,0,1,2,-1,natural,2025-07-19 17:28:423
Nurse_G._struthium,C._hispanica,Other_species,0,1,2,-1,natural,2025-07-19 17:28:423
H._squamatum,S._viscosa,C._hispanica,0,1,2,-1,natural,2025-07-19 17:28:423
H._squamatum,S._viscosa,Other_species,0,1,2,-1,natural,2025-07-19 17:28:423
H._squamatum,C._hispanica,Other_species,0,1,2,-1,natural,2025-07-19 17:28:423
S._viscosa,C._hispanica,Other_species,0,1,2,-1,natural,2025-07-19 17:28:423
Nurse_S._viscosa,Nurse_G._struthium,H._squamatum,0,1,2,-1,restoration,2025-07-19 17:28:413
Nurse_S._viscosa,Nurse_G._struthium,S._viscosa,0,1,2,-1,restoration,2025-07-19 17:28:413
Nurse_S._viscosa,Nurse_G._struthium,C._hispanica,0,1,2,-1,restoration,2025-07-19 17:28:413
Nurse_S._viscosa,Nurse_G._struthium,Other_species,0,1,2,-1,restoration,2025-07-19 17:28:413
Nurse_S._viscosa,H._squamatum,S._viscosa,0,1,2,-1,restoration,2025-07-19 17:28:413
Nurse_S._viscosa,H._squamatum,C._hispanica,0,1,2,-1,restoration,2025-07-19 17:28:413
Nurse_S._viscosa,H._squamatum,Other_species,0,1,2,-1,restoration,2025-07-19 17:28:413
Nurse_S._viscosa,S._viscosa,C._hispanica,0,1,2,-1,restoration,2025-07-19 17:28:413
Nurse_S._viscosa,S._viscosa,Other_species,0,1,2,-1,restoration,2025-07-19 17:28:413
Nurse_S._viscosa,C._hispanica,Other_species,0,1,2,-1,restoration,2025-07-19 17:28:413
Nurse_G._struthium,H._squamatum,S._viscosa,0,1,2,-1,restoration,2025-07-19 17:28:413
Nurse_G._struthium,H._squamatum,C._hispanica,0,1,2,-1,restoration,2025-07-19 17:28:413
Nurse_G._struthium,H._squamatum,Other_species,0,1,2,-1,restoration,2025-07-19 17:28:413
Nurse_G._struthium,S._viscosa,C._hispanica,0,1,2,-1,restoration,2025-07-19 17:28:413
Nurse_G._struthium,S._viscosa,Other_species,0,1,2,-1,restoration,2025-07-19 17:28:413
Nurse_G._struthium,C._hispanica,Other_species,0,1,2,-1,restoration,2025-07-19 17:28:413
H._squamatum,S._viscosa,C._hispanica,0,1,2,-1,restoration,2025-07-19 17:28:413
H._squamatum,S._viscosa,Other_species,0,1,2,-1,restoration,2025-07-19 17:28:413
H._squamatum,C._hispanica,Other_species,0,1,2,-1,restoration,2025-07-19 17:28:413
S._viscosa,C._hispanica,Other_species,0,1,2,-1,restoration,2025-07-19 17:28:413
Nurse_S._viscosa,Nurse_G._struthium,H._squamatum,0,1,2,-1,natural,2025-07-19 17:28:413
Nurse_S._viscosa,Nurse_G._struthium,S._viscosa,0,1,2,-1,natural,2025-07-19 17:28:413
Nurse_S._viscosa,Nurse_G._struthium,C._hispanica,0,1,2,-1,natural,2025-07-19 17:28:413
Nurse_S._viscosa,Nurse_G._struthium,Other_species,0,1,2,-1,natural,2025-07-19 17:28:413
Nurse_S._viscosa,H._squamatum,S._viscosa,0,1,2,-1,natural,2025-07-19 17:28:413
Nurse_S._viscosa,H._squamatum,C._hispanica,0,1,2,-1,natural,2025-07-19 17:28:413
Nurse_S._viscosa,H._squamatum,Other_species,0,1,2,-1,natural,2025-07-19 17:28:413
Nurse_S._viscosa,S._viscosa,C._hispanica,0,1,2,-1,natural,2025-07-19 17:28:413
Nurse_S._viscosa,S._viscosa,Other_species,0,1,2,-1,natural,2025-07-19 17:28:413
Nurse_S._viscosa,C._hispanica,Other_species,0,1,2,-1,natural,2025-07-19 17:28:413
Nurse_G._struthium,H._squamatum,S._viscosa,0,1,2,-1,natural,2025-07-19 17:28:413
Nurse_G._struthium,H._squamatum,C._hispanica,0,1,2,-1,natural,2025-07-19 17:28:413
Nurse_G._struthium,H._squamatum,Other_species,0,1,2,-1,natural,2025-07-19 17:28:413
Nurse_G._struthium,S._viscosa,C._hispanica,0,1,2,-1,natural,2025-07-19 17:28:413
Nurse_G._struthium,S._viscosa,Other_species,0,1,2,-1,natural,2025-07-19 17:28:413
Nurse_G._struthium,C._hispanica,Other_species,0,1,2,-1,natural,2025-07-19 17:28:413
H._squamatum,S._viscosa,C._hispanica,0,1,2,-1,natural,2025-07-19 17:28:413
H._squamatum,S._viscosa,Other_species,0,1,2,-1,natural,2025-07-19 17:28:413
H._squamatum,C._hispanica,Other_species,0,1,2,-1,natural,2025-07-19 17:28:413
S._viscosa,C._hispanica,Other_species,0,1,2,-1,natural,2025-07-19 17:28:413
Nurse_S._viscosa,Nurse_G._struthium,H._squamatum,0,1,2,-1,restoration,2025-07-19 17:28:413
Nurse_S._viscosa,Nurse_G._struthium,S._viscosa,0,1,2,-1,restoration,2025-07-19 17:28:413
Nurse_S._viscosa,Nurse_G._struthium,C._hispanica,0,1,2,-1,restoration,2025-07-19 17:28:413
Nurse_S._viscosa,Nurse_G._struthium,Other_species,0,1,2,-1,restoration,2025-07-19 17:28:413
Nurse_S._viscosa,H._squamatum,S._viscosa,0,1,2,-1,restoration,2025-07-19 17:28:413
Nurse_S._viscosa,H._squamatum,C._hispanica,0,1,2,-1,restoration,2025-07-19 17:28:413
Nurse_S._viscosa,H._squamatum,Other_species,0,1,2,-1,restoration,2025-07-19 17:28:413
Nurse_S._viscosa,S._viscosa,C._hispanica,0,1,2,-1,restoration,2025-07-19 17:28:413
Nurse_S._viscosa,S._viscosa,Other_species,0,1,2,-1,restoration,2025-07-19 17:28:413
Nurse_S._viscosa,C._hispanica,Other_species,0,1,2,-1,restoration,2025-07-19 17:28:413
Nurse_G._struthium,H._squamatum,S._viscosa,0,1,2,-1,restoration,2025-07-19 17:28:413
Nurse_G._struthium,H._squamatum,C._hispanica,0,1,2,-1,restoration,2025-07-19 17:28:413
Nurse_G._struthium,H._squamatum,Other_species,0,1,2,-1,restoration,2025-07-19 17:28:413
Nurse_G._struthium,S._viscosa,C._hispanica,0,1,2,-1,restoration,2025-07-19 17:28:413
Nurse_G._struthium,S._viscosa,Other_species,0,1,2,-1,restoration,2025-07-19 17:28:413
Nurse_G._struthium,C._hispanica,Other_species,0,1,2,-1,restoration,2025-07-19 17:28:413
H._squamatum,S._viscosa,C._hispanica,0,1,2,-1,restoration,2025-07-19 17:28:413
H._squamatum,S._viscosa,Other_species,0,1,2,-1,restoration,2025-07-19 17:28:413
H._squamatum,C._hispanica,Other_species,0,1,2,-1,restoration,2025-07-19 17:28:413
S._viscosa,C._hispanica,Other_species,0,1,2,-1,restoration,2025-07-19 17:28:413
Nurse_S._viscosa,Nurse_G._struthium,H._squamatum,0,1,2,-1,natural,2025-07-19 17:28:413
Nurse_S._viscosa,Nurse_G._struthium,S._viscosa,0,1,2,-1,natural,2025-07-19 17:28:413
Nurse_S._viscosa,Nurse_G._struthium,C._hispanica,0,1,2,-1,natural,2025-07-19 17:28:413
Nurse_S._viscosa,Nurse_G._struthium,Other_species,0,1,2,-1,natural,2025-07-19 17:28:413
Nurse_S._viscosa,H._squamatum,S._viscosa,0,1,2,-1,natural,2025-07-19 17:28:413
Nurse_S._viscosa,H._squamatum,C._hispanica,0,1,2,-1,natural,2025-07-19 17:28:413
Nurse_S._viscosa,H._squamatum,Other_species,0,1,2,-1,natural,2025-07-19 17:28:413
Nurse_S._viscosa,S._viscosa,C._hispanica,0,1,2,-1,natural,2025-07-19 17:28:413
Nurse_S._viscosa,S._viscosa,Other_species,0,1,2,-1,natural,2025-07-19 17:28:413
Nurse_S._viscosa,C._hispanica,Other_species,0,1,2,-1,natural,2025-07-19 17:28:413
Nurse_G._struthium,H._squamatum,S._viscosa,0,1,2,-1,natural,2025-07-19 17:28:413
Nurse_G._struthium,H._squamatum,C._hispanica,0,1,2,-1,natural,2025-07-19 17:28:413
Nurse_G._struthium,H._squamatum,Other_species,0,1,2,-1,natural,2025-07-19 17:28:413
Nurse_G._struthium,S._viscosa,C._hispanica,0,1,2,-1,natural,2025-07-19 17:28:413
Nurse_G._struthium,S._viscosa,Other_species,0,1,2,-1,natural,2025-07-19 17:28:413
Nurse_G._struthium,C._hispanica,Other_species,0,1,2,-1,natural,2025-07-19 17:28:413
H._squamatum,S._viscosa,C._hispanica,0,1,2,-1,natural,2025-07-19 17:28:413
H._squamatum,S._viscosa,Other_species,0,1,2,-1,natural,2025-07-19 17:28:413
H._squamatum,C._hispanica,Other_species,0,1,2,-1,natural,2025-07-19 17:28:413
S._viscosa,C._hispanica,Other_species,0,1,2,-1,natural,2025-07-19 17:28:413
Nurse_S._viscosa,Nurse_G._struthium,H._squamatum,0,1,2,-1,restoration,2025-07-19 17:28:413
Nurse_S._viscosa,Nurse_G._struthium,S._viscosa,0,1,2,-1,restoration,2025-07-19 17:28:413
Nurse_S._viscosa,Nurse_G._struthium,C._hispanica,0,1,2,-1,restoration,2025-07-19 17:28:413
Nurse_S._viscosa,Nurse_G._struthium,Other_species,0,1,2,-1,restoration,2025-07-19 17:28:413
Nurse_S._viscosa,H._squamatum,S._viscosa,0,1,2,-1,restoration,2025-07-19 17:28:413
Nurse_S._viscosa,H._squamatum,C._hispanica,0,1,2,-1,restoration,2025-07-19 17:28:413
Nurse_S._viscosa,H._squamatum,Other_species,0,1,2,-1,restoration,2025-07-19 17:28:413
Nurse_S._viscosa,S._viscosa,C._hispanica,0,1,2,-1,restoration,2025-07-19 17:28:413
Nurse_S._viscosa,S._viscosa,Other_species,0,1,2,-1,restoration,2025-07-19 17:28:413
Nurse_S._viscosa,C._hispanica,Other_species,0,1,2,-1,restoration,2025-07-19 17:28:413
Nurse_G._struthium,H._squamatum,S._viscosa,0,1,2,-1,restoration,2025-07-19 17:28:413
Nurse_G._struthium,H._squamatum,C._hispanica,0,1,2,-1,restoration,2025-07-19 17:28:413
Nurse_G._struthium,H._squamatum,Other_species,0,1,2,-1,restoration,2025-07-19 17:28:413
Nurse_G._struthium,S._viscosa,C._hispanica,0,1,2,-1,restoration,2025-07-19 17:28:413
Nurse_G._struthium,S._viscosa,Other_species,0,1,2,-1,restoration,2025-07-19 17:28:413
Nurse_G._struthium,C._hispanica,Other_species,0,1,2,-1,restoration,2025-07-19 17:28:413
H._squamatum,S._viscosa,C._hispanica,0,1,2,-1,restoration,2025-07-19 17:28:413
H._squamatum,S._viscosa,Other_species,0,1,2,-1,restoration,2025-07-19 17:28:413
H._squamatum,C._hispanica,Other_species,0,1,2,-1,restoration,2025-07-19 17:28:413
S._viscosa,C._hispanica,Other_species,0,1,2,-1,restoration,2025-07-19 17:28:413
Nurse_S._viscosa,Nurse_G._struthium,H._squamatum,0,1,2,-1,natural,2025-07-19 17:28:413
Nurse_S._viscosa,Nurse_G._struthium,S._viscosa,0,1,2,-1,natural,2025-07-19 17:28:413
Nurse_S._viscosa,Nurse_G._struthium,C._hispanica,0,1,2,-1,natural,2025-07-19 17:28:413
Nurse_S._viscosa,Nurse_G._struthium,Other_species,0,1,2,-1,natural,2025-07-19 17:28:413
Nurse_S._viscosa,H._squamatum,S._viscosa,0,1,2,-1,natural,2025-07-19 17:28:413
Nurse_S._viscosa,H._squamatum,C._hispanica,0,1,2,-1,natural,2025-07-19 17:28:413
Nurse_S._viscosa,H._squamatum,Other_species,0,1,2,-1,natural,2025-07-19 17:28:413
Nurse_S._viscosa,S._viscosa,C._hispanica,0,1,2,-1,natural,2025-07-19 17:28:413
Nurse_S._viscosa,S._viscosa,Other_species,0,1,2,-1,natural,2025-07-19 17:28:413
Nurse_S._viscosa,C._hispanica,Other_species,0,1,2,-1,natural,2025-07-19 17:28:413
Nurse_G._struthium,H._squamatum,S._viscosa,0,1,2,-1,natural,2025-07-19 17:28:413
Nurse_G._struthium,H._squamatum,C._hispanica,0,1,2,-1,natural,2025-07-19 17:28:413
Nurse_G._struthium,H._squamatum,Other_species,0,1,2,-1,natural,2025-07-19 17:28:413
Nurse_G._struthium,S._viscosa,C._hispanica,0,1,2,-1,natural,2025-07-19 17:28:413
Nurse_G._struthium,S._viscosa,Other_species,0,1,2,-1,natural,2025-07-19 17:28:413
Nurse_G._struthium,C._hispanica,Other_species,0,1,2,-1,natural,2025-07-19 17:28:413
H._squamatum,S._viscosa,C._hispanica,0,1,2,-1,natural,2025-07-19 17:28:413
H._squamatum,S._viscosa,Other_species,0,1,2,-1,natural,2025-07-19 17:28:413
H._squamatum,C._hispanica,Other_species,0,1,2,-1,natural,2025-07-19 17:28:413
S._viscosa,C._hispanica,Other_species,0,1,2,-1,natural,2025-07-19 17:28:413
Nurse_S._viscosa,Nurse_G._struthium,H._squamatum,0,1,2,-1,restoration,2025-07-19 17:28:403
Nurse_S._viscosa,Nurse_G._struthium,S._viscosa,0,1,2,-1,restoration,2025-07-19 17:28:403
Nurse_S._viscosa,Nurse_G._struthium,C._hispanica,0,1,2,-1,restoration,2025-07-19 17:28:403
Nurse_S._viscosa,Nurse_G._struthium,Other_species,0,1,2,-1,restoration,2025-07-19 17:28:403
Nurse_S._viscosa,H._squamatum,S._viscosa,0,1,2,-1,restoration,2025-07-19 17:28:403
Nurse_S._viscosa,H._squamatum,C._hispanica,0,1,2,-1,restoration,2025-07-19 17:28:403
Nurse_S._viscosa,H._squamatum,Other_species,0,1,2,-1,restoration,2025-07-19 17:28:403
Nurse_S._viscosa,S._viscosa,C._hispanica,0,1,2,-1,restoration,2025-07-19 17:28:403
Nurse_S._viscosa,S._viscosa,Other_species,0,1,2,-1,restoration,2025-07-19 17:28:403
Nurse_S._viscosa,C._hispanica,Other_species,0,1,2,-1,restoration,2025-07-19 17:28:403
Nurse_G._struthium,H._squamatum,S._viscosa,0,1,2,-1,restoration,2025-07-19 17:28:403
Nurse_G._struthium,H._squamatum,C._hispanica,0,1,2,-1,restoration,2025-07-19 17:28:403
Nurse_G._struthium,H._squamatum,Other_species,0,1,2,-1,restoration,2025-07-19 17:28:403
Nurse_G._struthium,S._viscosa,C._hispanica,0,1,2,-1,restoration,2025-07-19 17:28:403
Nurse_G._struthium,S._viscosa,Other_species,0,1,2,-1,restoration,2025-07-19 17:28:403
Nurse_G._struthium,C._hispanica,Other_species,0,1,2,-1,restoration,2025-07-19 17:28:403
H._squamatum,S._viscosa,C._hispanica,0,1,2,-1,restoration,2025-07-19 17:28:403
H._squamatum,S._viscosa,Other_species,0,1,2,-1,restoration,2025-07-19 17:28:403
H._squamatum,C._hispanica,Other_species,0,1,2,-1,restoration,2025-07-19 17:28:403
S._viscosa,C._hispanica,Other_species,0,1,2,-1,restoration,2025-07-19 17:28:403
Nurse_S._viscosa,Nurse_G._struthium,H._squamatum,0,1,2,-1,natural,2025-07-19 17:28:403
Nurse_S._viscosa,Nurse_G._struthium,S._viscosa,0,1,2,-1,natural,2025-07-19 17:28:403
Nurse_S._viscosa,Nurse_G._struthium,C._hispanica,0,1,2,-1,natural,2025-07-19 17:28:403
Nurse_S._viscosa,Nurse_G._struthium,Other_species,0,1,2,-1,natural,2025-07-19 17:28:403
Nurse_S._viscosa,H._squamatum,S._viscosa,0,1,2,-1,natural,2025-07-19 17:28:403
Nurse_S._viscosa,H._squamatum,C._hispanica,0,1,2,-1,natural,2025-07-19 17:28:403
Nurse_S._viscosa,H._squamatum,Other_species,0,1,2,-1,natural,2025-07-19 17:28:403
Nurse_S._viscosa,S._viscosa,C._hispanica,0,1,2,-1,natural,2025-07-19 17:28:403
Nurse_S._viscosa,S._viscosa,Other_species,0,1,2,-1,natural,2025-07-19 17:28:403
Nurse_S._viscosa,C._hispanica,Other_species,0,1,2,-1,natural,2025-07-19 17:28:403
Nurse_G._struthium,H._squamatum,S._viscosa,0,1,2,-1,natural,2025-07-19 17:28:403
Nurse_G._struthium,H._squamatum,C._hispanica,0,1,2,-1,natural,2025-07-19 17:28:403
Nurse_G._struthium,H._squamatum,Other_species,0,1,2,-1,natural,2025-07-19 17:28:403
Nurse_G._struthium,S._viscosa,C._hispanica,0,1,2,-1,natural,2025-07-19 17:28:403
Nurse_G._struthium,S._viscosa,Other_species,0,1,2,-1,natural,2025-07-19 17:28:403
Nurse_G._struthium,C._hispanica,Other_species,0,1,2,-1,natural,2025-07-19 17:28:403
H._squamatum,S._viscosa,C._hispanica,0,1,2,-1,natural,2025-07-19 17:28:403
H._squamatum,S._viscosa,Other_species,0,1,2,-1,natural,2025-07-19 17:28:403
H._squamatum,C._hispanica,Other_species,0,1,2,-1,natural,2025-07-19 17:28:403
S._viscosa,C._hispanica,Other_species,0,1,2,-1,natural,2025-07-19 17:28:403
Nurse_S._viscosa,Nurse_G._struthium,H._squamatum,0,1,2,-1,restoration,2025-07-19 17:28:403
Nurse_S._viscosa,Nurse_G._struthium,S._viscosa,0,1,2,-1,restoration,2025-07-19 17:28:403
Nurse_S._viscosa,Nurse_G._struthium,C._hispanica,0,1,2,-1,restoration,2025-07-19 17:28:403
Nurse_S._viscosa,Nurse_G._struthium,Other_species,0,1,2,-1,restoration,2025-07-19 17:28:403
Nurse_S._viscosa,H._squamatum,S._viscosa,0,1,2,-1,restoration,2025-07-19 17:28:403
Nurse_S._viscosa,H._squamatum,C._hispanica,0,1,2,-1,restoration,2025-07-19 17:28:403
Nurse_S._viscosa,H._squamatum,Other_species,0,1,2,-1,restoration,2025-07-19 17:28:403
Nurse_S._viscosa,S._viscosa,C._hispanica,0,1,2,-1,restoration,2025-07-19 17:28:403
Nurse_S._viscosa,S._viscosa,Other_species,0,1,2,-1,restoration,2025-07-19 17:28:403
Nurse_S._viscosa,C._hispanica,Other_species,0,1,2,-1,restoration,2025-07-19 17:28:403
Nurse_G._struthium,H._squamatum,S._viscosa,0,1,2,-1,restoration,2025-07-19 17:28:403
Nurse_G._struthium,H._squamatum,C._hispanica,0,1,2,-1,restoration,2025-07-19 17:28:403
Nurse_G._struthium,H._squamatum,Other_species,0,1,2,-1,restoration,2025-07-19 17:28:403
Nurse_G._struthium,S._viscosa,C._hispanica,0,1,2,-1,restoration,2025-07-19 17:28:403
Nurse_G._struthium,S._viscosa,Other_species,0,1,2,-1,restoration,2025-07-19 17:28:403
Nurse_G._struthium,C._hispanica,Other_species,0,1,2,-1,restoration,2025-07-19 17:28:403
H._squamatum,S._viscosa,C._hispanica,0,1,2,-1,restoration,2025-07-19 17:28:403
H._squamatum,S._viscosa,Other_species,0,1,2,-1,restoration,2025-07-19 17:28:403
H._squamatum,C._hispanica,Other_species,0,1,2,-1,restoration,2025-07-19 17:28:403
S._viscosa,C._hispanica,Other_species,0,1,2,-1,restoration,2025-07-19 17:28:403
Nurse_S._viscosa,Nurse_G._struthium,H._squamatum,0,1,2,-1,natural,2025-07-19 17:28:403
Nurse_S._viscosa,Nurse_G._struthium,S._viscosa,0,1,2,-1,natural,2025-07-19 17:28:403
Nurse_S._viscosa,Nurse_G._struthium,C._hispanica,0,1,2,-1,natural,2025-07-19 17:28:403
Nurse_S._viscosa,Nurse_G._struthium,Other_species,0,1,2,-1,natural,2025-07-19 17:28:403
Nurse_S._viscosa,H._squamatum,S._viscosa,0,1,2,-1,natural,2025-07-19 17:28:403
Nurse_S._viscosa,H._squamatum,C._hispanica,0,1,2,-1,natural,2025-07-19 17:28:403
Nurse_S._viscosa,H._squamatum,Other_species,0,1,2,-1,natural,2025-07-19 17:28:403
Nurse_S._viscosa,S._viscosa,C._hispanica,0,1,2,-1,natural,2025-07-19 17:28:403
Nurse_S._viscosa,S._viscosa,Other_species,0,1,2,-1,natural,2025-07-19 17:28:403
Nurse_S._viscosa,C._hispanica,Other_species,0,1,2,-1,natural,2025-07-19 17:28:403
Nurse_G._struthium,H._squamatum,S._viscosa,0,1,2,-1,natural,2025-07-19 17:28:403
Nurse_G._struthium,H._squamatum,C._hispanica,0,1,2,-1,natural,2025-07-19 17:28:403
Nurse_G._struthium,H._squamatum,Other_species,0,1,2,-1,natural,2025-07-19 17:28:403
Nurse_G._struthium,S._viscosa,C._hispanica,0,1,2,-1,natural,2025-07-19 17:28:403
Nurse_G._struthium,S._viscosa,Other_species,0,1,2,-1,natural,2025-07-19 17:28:403
Nurse_G._struthium,C._hispanica,Other_species,0,1,2,-1,natural,2025-07-19 17:28:403
H._squamatum,S._viscosa,C._hispanica,0,1,2,-1,natural,2025-07-19 17:28:403
H._squamatum,S._viscosa,Other_species,0,1,2,-1,natural,2025-07-19 17:28:403
H._squamatum,C._hispanica,Other_species,0,1,2,-1,natural,2025-07-19 17:28:403
S._viscosa,C._hispanica,Other_species,0,1,2,-1,natural,2025-07-19 17:28:403
Nurse_S._viscosa,Nurse_G._struthium,H._squamatum,0,1,2,-1,restoration,2025-07-19 17:28:393
Nurse_S._viscosa,Nurse_G._struthium,S._viscosa,0,1,2,-1,restoration,2025-07-19 17:28:393
Nurse_S._viscosa,Nurse_G._struthium,C._hispanica,0,1,2,-1,restoration,2025-07-19 17:28:393
Nurse_S._viscosa,Nurse_G._struthium,Other_species,0,1,2,-1,restoration,2025-07-19 17:28:393
Nurse_S._viscosa,H._squamatum,S._viscosa,0,1,2,-1,restoration,2025-07-19 17:28:393
Nurse_S._viscosa,H._squamatum,C._hispanica,0,1,2,-1,restoration,2025-07-19 17:28:393
Nurse_S._viscosa,H._squamatum,Other_species,0,1,2,-1,restoration,2025-07-19 17:28:393
Nurse_S._viscosa,S._viscosa,C._hispanica,0,1,2,-1,restoration,2025-07-19 17:28:393
Nurse_S._viscosa,S._viscosa,Other_species,0,1,2,-1,restoration,2025-07-19 17:28:393
Nurse_S._viscosa,C._hispanica,Other_species,0,1,2,-1,restoration,2025-07-19 17:28:393
Nurse_G._struthium,H._squamatum,S._viscosa,0,1,2,-1,restoration,2025-07-19 17:28:393
Nurse_G._struthium,H._squamatum,C._hispanica,0,1,2,-1,restoration,2025-07-19 17:28:393
Nurse_G._struthium,H._squamatum,Other_species,0,1,2,-1,restoration,2025-07-19 17:28:393
Nurse_G._struthium,S._viscosa,C._hispanica,0,1,2,-1,restoration,2025-07-19 17:28:393
Nurse_G._struthium,S._viscosa,Other_species,0,1,2,-1,restoration,2025-07-19 17:28:393
Nurse_G._struthium,C._hispanica,Other_species,0,1,2,-1,restoration,2025-07-19 17:28:393
H._squamatum,S._viscosa,C._hispanica,0,1,2,-1,restoration,2025-07-19 17:28:393
H._squamatum,S._viscosa,Other_species,0,1,2,-1,restoration,2025-07-19 17:28:393
H._squamatum,C._hispanica,Other_species,0,1,2,-1,restoration,2025-07-19 17:28:393
S._viscosa,C._hispanica,Other_species,0,1,2,-1,restoration,2025-07-19 17:28:393
Nurse_S._viscosa,Nurse_G._struthium,H._squamatum,0,1,2,-1,natural,2025-07-19 17:28:393
Nurse_S._viscosa,Nurse_G._struthium,S._viscosa,0,1,2,-1,natural,2025-07-19 17:28:393
Nurse_S._viscosa,Nurse_G._struthium,C._hispanica,0,1,2,-1,natural,2025-07-19 17:28:393
Nurse_S._viscosa,Nurse_G._struthium,Other_species,0,1,2,-1,natural,2025-07-19 17:28:393
Nurse_S._viscosa,H._squamatum,S._viscosa,0,1,2,-1,natural,2025-07-19 17:28:393
Nurse_S._viscosa,H._squamatum,C._hispanica,0,1,2,-1,natural,2025-07-19 17:28:393
Nurse_S._viscosa,H._squamatum,Other_species,0,1,2,-1,natural,2025-07-19 17:28:393
Nurse_S._viscosa,S._viscosa,C._hispanica,0,1,2,-1,natural,2025-07-19 17:28:393
Nurse_S._viscosa,S._viscosa,Other_species,0,1,2,-1,natural,2025-07-19 17:28:393
Nurse_S._viscosa,C._hispanica,Other_species,0,1,2,-1,natural,2025-07-19 17:28:393
Nurse_G._struthium,H._squamatum,S._viscosa,0,1,2,-1,natural,2025-07-19 17:28:393
Nurse_G._struthium,H._squamatum,C._hispanica,0,1,2,-1,natural,2025-07-19 17:28:393
Nurse_G._struthium,H._squamatum,Other_species,0,1,2,-1,natural,2025-07-19 17:28:393
Nurse_G._struthium,S._viscosa,C._hispanica,0,1,2,-1,natural,2025-07-19 17:28:393
Nurse_G._struthium,S._viscosa,Other_species,0,1,2,-1,natural,2025-07-19 17:28:393
Nurse_G._struthium,C._hispanica,Other_species,0,1,2,-1,natural,2025-07-19 17:28:393
H._squamatum,S._viscosa,C._hispanica,0,1,2,-1,natural,2025-07-19 17:28:393
H._squamatum,S._viscosa,Other_species,0,1,2,-1,natural,2025-07-19 17:28:393
H._squamatum,C._hispanica,Other_species,0,1,2,-1,natural,2025-07-19 17:28:393
S._viscosa,C._hispanica,Other_species,0,1,2,-1,natural,2025-07-19 17:28:393
Nurse_S._viscosa,Nurse_G._struthium,H._squamatum,0,1,2,-1,restoration,2025-07-19 17:28:393
Nurse_S._viscosa,Nurse_G._struthium,S._viscosa,0,1,2,-1,restoration,2025-07-19 17:28:393
Nurse_S._viscosa,Nurse_G._struthium,C._hispanica,0,1,2,-1,restoration,2025-07-19 17:28:393
Nurse_S._viscosa,Nurse_G._struthium,Other_species,0,1,2,-1,restoration,2025-07-19 17:28:393
Nurse_S._viscosa,H._squamatum,S._viscosa,0,1,2,-1,restoration,2025-07-19 17:28:393
Nurse_S._viscosa,H._squamatum,C._hispanica,0,1,2,-1,restoration,2025-07-19 17:28:393
Nurse_S._viscosa,H._squamatum,Other_species,0,1,2,-1,restoration,2025-07-19 17:28:393
Nurse_S._viscosa,S._viscosa,C._hispanica,0,1,2,-1,restoration,2025-07-19 17:28:393
Nurse_S._viscosa,S._viscosa,Other_species,0,1,2,-1,restoration,2025-07-19 17:28:393
Nurse_S._viscosa,C._hispanica,Other_species,0,1,2,-1,restoration,2025-07-19 17:28:393
Nurse_G._struthium,H._squamatum,S._viscosa,0,1,2,-1,restoration,2025-07-19 17:28:393
Nurse_G._struthium,H._squamatum,C._hispanica,0,1,2,-1,restoration,2025-07-19 17:28:393
Nurse_G._struthium,H._squamatum,Other_species,0,1,2,-1,restoration,2025-07-19 17:28:393
Nurse_G._struthium,S._viscosa,C._hispanica,0,1,2,-1,restoration,2025-07-19 17:28:393
Nurse_G._struthium,S._viscosa,Other_species,0,1,2,-1,restoration,2025-07-19 17:28:393
Nurse_G._struthium,C._hispanica,Other_species,0,1,2,-1,restoration,2025-07-19 17:28:393
H._squamatum,S._viscosa,C._hispanica,0,1,2,-1,restoration,2025-07-19 17:28:393
H._squamatum,S._viscosa,Other_species,0,1,2,-1,restoration,2025-07-19 17:28:393
H._squamatum,C._hispanica,Other_species,0,1,2,-1,restoration,2025-07-19 17:28:393
S._viscosa,C._hispanica,Other_species,0,1,2,-1,restoration,2025-07-19 17:28:393
Nurse_S._viscosa,Nurse_G._struthium,H._squamatum,0,1,2,-1,natural,2025-07-19 17:28:393
Nurse_S._viscosa,Nurse_G._struthium,S._viscosa,0,1,2,-1,natural,2025-07-19 17:28:393
Nurse_S._viscosa,Nurse_G._struthium,C._hispanica,0,1,2,-1,natural,2025-07-19 17:28:393
Nurse_S._viscosa,Nurse_G._struthium,Other_species,0,1,2,-1,natural,2025-07-19 17:28:393
Nurse_S._viscosa,H._squamatum,S._viscosa,0,1,2,-1,natural,2025-07-19 17:28:393
Nurse_S._viscosa,H._squamatum,C._hispanica,0,1,2,-1,natural,2025-07-19 17:28:393
Nurse_S._viscosa,H._squamatum,Other_species,0,1,2,-1,natural,2025-07-19 17:28:393
Nurse_S._viscosa,S._viscosa,C._hispanica,0,1,2,-1,natural,2025-07-19 17:28:393
Nurse_S._viscosa,S._viscosa,Other_species,0,1,2,-1,natural,2025-07-19 17:28:393
Nurse_S._viscosa,C._hispanica,Other_species,0,1,2,-1,natural,2025-07-19 17:28:393
Nurse_G._struthium,H._squamatum,S._viscosa,0,1,2,-1,natural,2025-07-19 17:28:393
Nurse_G._struthium,H._squamatum,C._hispanica,0,1,2,-1,natural,2025-07-19 17:28:393
Nurse_G._struthium,H._squamatum,Other_species,0,1,2,-1,natural,2025-07-19 17:28:393
Nurse_G._struthium,S._viscosa,C._hispanica,0,1,2,-1,natural,2025-07-19 17:28:393
Nurse_G._struthium,S._viscosa,Other_species,0,1,2,-1,natural,2025-07-19 17:28:393
Nurse_G._struthium,C._hispanica,Other_species,0,1,2,-1,natural,2025-07-19 17:28:393
H._squamatum,S._viscosa,C._hispanica,0,1,2,-1,natural,2025-07-19 17:28:393
H._squamatum,S._viscosa,Other_species,0,1,2,-1,natural,2025-07-19 17:28:393
H._squamatum,C._hispanica,Other_species,0,1,2,-1,natural,2025-07-19 17:28:393
S._viscosa,C._hispanica,Other_species,0,1,2,-1,natural,2025-07-19 17:28:393
Nurse_S._viscosa,Nurse_G._struthium,H._squamatum,0,1,2,-1,restoration,2025-07-19 17:28:393
Nurse_S._viscosa,Nurse_G._struthium,S._viscosa,0,1,2,-1,restoration,2025-07-19 17:28:393
Nurse_S._viscosa,Nurse_G._struthium,C._hispanica,0,1,2,-1,restoration,2025-07-19 17:28:393
Nurse_S._viscosa,Nurse_G._struthium,Other_species,0,1,2,-1,restoration,2025-07-19 17:28:393
Nurse_S._viscosa,H._squamatum,S._viscosa,0,1,2,-1,restoration,2025-07-19 17:28:393
Nurse_S._viscosa,H._squamatum,C._hispanica,0,1,2,-1,restoration,2025-07-19 17:28:393
Nurse_S._viscosa,H._squamatum,Other_species,0,1,2,-1,restoration,2025-07-19 17:28:393
Nurse_S._viscosa,S._viscosa,C._hispanica,0,1,2,-1,restoration,2025-07-19 17:28:393
Nurse_S._viscosa,S._viscosa,Other_species,0,1,2,-1,restoration,2025-07-19 17:28:393
Nurse_S._viscosa,C._hispanica,Other_species,0,1,2,-1,restoration,2025-07-19 17:28:393
Nurse_G._struthium,H._squamatum,S._viscosa,0,1,2,-1,restoration,2025-07-19 17:28:393
Nurse_G._struthium,H._squamatum,C._hispanica,0,1,2,-1,restoration,2025-07-19 17:28:393
Nurse_G._struthium,H._squamatum,Other_species,0,1,2,-1,restoration,2025-07-19 17:28:393
Nurse_G._struthium,S._viscosa,C._hispanica,0,1,2,-1,restoration,2025-07-19 17:28:393
Nurse_G._struthium,S._viscosa,Other_species,0,1,2,-1,restoration,2025-07-19 17:28:393
Nurse_G._struthium,C._hispanica,Other_species,0,1,2,-1,restoration,2025-07-19 17:28:393
H._squamatum,S._viscosa,C._hispanica,0,1,2,-1,restoration,2025-07-19 17:28:393
H._squamatum,S._viscosa,Other_species,0,1,2,-1,restoration,2025-07-19 17:28:393
H._squamatum,C._hispanica,Other_species,0,1,2,-1,restoration,2025-07-19 17:28:393
S._viscosa,C._hispanica,Other_species,0,1,2,-1,restoration,2025-07-19 17:28:393
Nurse_S._viscosa,Nurse_G._struthium,H._squamatum,0,1,2,-1,natural,2025-07-19 17:28:393
Nurse_S._viscosa,Nurse_G._struthium,S._viscosa,0,1,2,-1,natural,2025-07-19 17:28:393
Nurse_S._viscosa,Nurse_G._struthium,C._hispanica,0,1,2,-1,natural,2025-07-19 17:28:393
Nurse_S._viscosa,Nurse_G._struthium,Other_species,0,1,2,-1,natural,2025-07-19 17:28:393
Nurse_S._viscosa,H._squamatum,S._viscosa,0,1,2,-1,natural,2025-07-19 17:28:393
Nurse_S._viscosa,H._squamatum,C._hispanica,0,1,2,-1,natural,2025-07-19 17:28:393
Nurse_S._viscosa,H._squamatum,Other_species,0,1,2,-1,natural,2025-07-19 17:28:393
Nurse_S._viscosa,S._viscosa,C._hispanica,0,1,2,-1,natural,2025-07-19 17:28:393
Nurse_S._viscosa,S._viscosa,Other_species,0,1,2,-1,natural,2025-07-19 17:28:393
Nurse_S._viscosa,C._hispanica,Other_species,0,1,2,-1,natural,2025-07-19 17:28:393
Nurse_G._struthium,H._squamatum,S._viscosa,0,1,2,-1,natural,2025-07-19 17:28:393
Nurse_G._struthium,H._squamatum,C._hispanica,0,1,2,-1,natural,2025-07-19 17:28:393
Nurse_G._struthium,H._squamatum,Other_species,0,1,2,-1,natural,2025-07-19 17:28:393
Nurse_G._struthium,S._viscosa,C._hispanica,0,1,2,-1,natural,2025-07-19 17:28:393
Nurse_G._struthium,S._viscosa,Other_species,0,1,2,-1,natural,2025-07-19 17:28:393
Nurse_G._struthium,C._hispanica,Other_species,0,1,2,-1,natural,2025-07-19 17:28:393
H._squamatum,S._viscosa,C._hispanica,0,1,2,-1,natural,2025-07-19 17:28:393
H._squamatum,S._viscosa,Other_species,0,1,2,-1,natural,2025-07-19 17:28:393
H._squamatum,C._hispanica,Other_species,0,1,2,-1,natural,2025-07-19 17:28:393
S._viscosa,C._hispanica,Other_species,0,1,2,-1,natural,2025-07-19 17:28:393
Nurse_S._viscosa,Nurse_G._struthium,H._squamatum,0,1,2,-1,restoration,2025-07-19 17:28:383
Nurse_S._viscosa,Nurse_G._struthium,S._viscosa,0,1,2,-1,restoration,2025-07-19 17:28:383
Nurse_S._viscosa,Nurse_G._struthium,C._hispanica,0,1,2,-1,restoration,2025-07-19 17:28:383
Nurse_S._viscosa,Nurse_G._struthium,Other_species,0,1,2,-1,restoration,2025-07-19 17:28:383
Nurse_S._viscosa,H._squamatum,S._viscosa,0,1,2,-1,restoration,2025-07-19 17:28:383
Nurse_S._viscosa,H._squamatum,C._hispanica,0,1,2,-1,restoration,2025-07-19 17:28:383
Nurse_S._viscosa,H._squamatum,Other_species,0,1,2,-1,restoration,2025-07-19 17:28:383
Nurse_S._viscosa,S._viscosa,C._hispanica,0,1,2,-1,restoration,2025-07-19 17:28:383
Nurse_S._viscosa,S._viscosa,Other_species,0,1,2,-1,restoration,2025-07-19 17:28:383
Nurse_S._viscosa,C._hispanica,Other_species,0,1,2,-1,restoration,2025-07-19 17:28:383
Nurse_G._struthium,H._squamatum,S._viscosa,0,1,2,-1,restoration,2025-07-19 17:28:383
Nurse_G._struthium,H._squamatum,C._hispanica,0,1,2,-1,restoration,2025-07-19 17:28:383
Nurse_G._struthium,H._squamatum,Other_species,0,1,2,-1,restoration,2025-07-19 17:28:383
Nurse_G._struthium,S._viscosa,C._hispanica,0,1,2,-1,restoration,2025-07-19 17:28:383
Nurse_G._struthium,S._viscosa,Other_species,0,1,2,-1,restoration,2025-07-19 17:28:383
Nurse_G._struthium,C._hispanica,Other_species,0,1,2,-1,restoration,2025-07-19 17:28:383
H._squamatum,S._viscosa,C._hispanica,0,1,2,-1,restoration,2025-07-19 17:28:383
H._squamatum,S._viscosa,Other_species,0,1,2,-1,restoration,2025-07-19 17:28:383
H._squamatum,C._hispanica,Other_species,0,1,2,-1,restoration,2025-07-19 17:28:383
S._viscosa,C._hispanica,Other_species,0,1,2,-1,restoration,2025-07-19 17:28:383
Nurse_S._viscosa,Nurse_G._struthium,H._squamatum,0,1,2,-1,natural,2025-07-19 17:28:383
Nurse_S._viscosa,Nurse_G._struthium,S._viscosa,0,1,2,-1,natural,2025-07-19 17:28:383
Nurse_S._viscosa,Nurse_G._struthium,C._hispanica,0,1,2,-1,natural,2025-07-19 17:28:383
Nurse_S._viscosa,Nurse_G._struthium,Other_species,0,1,2,-1,natural,2025-07-19 17:28:383
Nurse_S._viscosa,H._squamatum,S._viscosa,0,1,2,-1,natural,2025-07-19 17:28:383
Nurse_S._viscosa,H._squamatum,C._hispanica,0,1,2,-1,natural,2025-07-19 17:28:383
Nurse_S._viscosa,H._squamatum,Other_species,0,1,2,-1,natural,2025-07-19 17:28:383
Nurse_S._viscosa,S._viscosa,C._hispanica,0,1,2,-1,natural,2025-07-19 17:28:383
Nurse_S._viscosa,S._viscosa,Other_species,0,1,2,-1,natural,2025-07-19 17:28:383
Nurse_S._viscosa,C._hispanica,Other_species,0,1,2,-1,natural,2025-07-19 17:28:383
Nurse_G._struthium,H._squamatum,S._viscosa,0,1,2,-1,natural,2025-07-19 17:28:383
Nurse_G._struthium,H._squamatum,C._hispanica,0,1,2,-1,natural,2025-07-19 17:28:383
Nurse_G._struthium,H._squamatum,Other_species,0,1,2,-1,natural,2025-07-19 17:28:383
Nurse_G._struthium,S._viscosa,C._hispanica,0,1,2,-1,natural,2025-07-19 17:28:383
Nurse_G._struthium,S._viscosa,Other_species,0,1,2,-1,natural,2025-07-19 17:28:383
Nurse_G._struthium,C._hispanica,Other_species,0,1,2,-1,natural,2025-07-19 17:28:383
H._squamatum,S._viscosa,C._hispanica,0,1,2,-1,natural,2025-07-19 17:28:383
H._squamatum,S._viscosa,Other_species,0,1,2,-1,natural,2025-07-19 17:28:383
H._squamatum,C._hispanica,Other_species,0,1,2,-1,natural,2025-07-19 17:28:383
S._viscosa,C._hispanica,Other_species,0,1,2,-1,natural,2025-07-19 17:28:383
Nurse_S._viscosa,Nurse_G._struthium,H._squamatum,0,1,2,-1,restoration,2025-07-19 17:28:383
Nurse_S._viscosa,Nurse_G._struthium,S._viscosa,0,1,2,-1,restoration,2025-07-19 17:28:383
Nurse_S._viscosa,Nurse_G._struthium,C._hispanica,0,1,2,-1,restoration,2025-07-19 17:28:383
Nurse_S._viscosa,Nurse_G._struthium,Other_species,0,1,2,-1,restoration,2025-07-19 17:28:383
Nurse_S._viscosa,H._squamatum,S._viscosa,0,1,2,-1,restoration,2025-07-19 17:28:383
Nurse_S._viscosa,H._squamatum,C._hispanica,0,1,2,-1,restoration,2025-07-19 17:28:383
Nurse_S._viscosa,H._squamatum,Other_species,0,1,2,-1,restoration,2025-07-19 17:28:383
Nurse_S._viscosa,S._viscosa,C._hispanica,0,1,2,-1,restoration,2025-07-19 17:28:383
Nurse_S._viscosa,S._viscosa,Other_species,0,1,2,-1,restoration,2025-07-19 17:28:383
Nurse_S._viscosa,C._hispanica,Other_species,0,1,2,-1,restoration,2025-07-19 17:28:383
Nurse_G._struthium,H._squamatum,S._viscosa,0,1,2,-1,restoration,2025-07-19 17:28:383
Nurse_G._struthium,H._squamatum,C._hispanica,0,1,2,-1,restoration,2025-07-19 17:28:383
Nurse_G._struthium,H._squamatum,Other_species,0,1,2,-1,restoration,2025-07-19 17:28:383
Nurse_G._struthium,S._viscosa,C._hispanica,0,1,2,-1,restoration,2025-07-19 17:28:383
Nurse_G._struthium,S._viscosa,Other_species,0,1,2,-1,restoration,2025-07-19 17:28:383
Nurse_G._struthium,C._hispanica,Other_species,0,1,2,-1,restoration,2025-07-19 17:28:383
H._squamatum,S._viscosa,C._hispanica,0,1,2,-1,restoration,2025-07-19 17:28:383
H._squamatum,S._viscosa,Other_species,0,1,2,-1,restoration,2025-07-19 17:28:383
H._squamatum,C._hispanica,Other_species,0,1,2,-1,restoration,2025-07-19 17:28:383
S._viscosa,C._hispanica,Other_species,0,1,2,-1,restoration,2025-07-19 17:28:383
Nurse_S._viscosa,Nurse_G._struthium,H._squamatum,0,1,2,-1,natural,2025-07-19 17:28:383
Nurse_S._viscosa,Nurse_G._struthium,S._viscosa,0,1,2,-1,natural,2025-07-19 17:28:383
Nurse_S._viscosa,Nurse_G._struthium,C._hispanica,0,1,2,-1,natural,2025-07-19 17:28:383
Nurse_S._viscosa,Nurse_G._struthium,Other_species,0,1,2,-1,natural,2025-07-19 17:28:383
Nurse_S._viscosa,H._squamatum,S._viscosa,0,1,2,-1,natural,2025-07-19 17:28:383
Nurse_S._viscosa,H._squamatum,C._hispanica,0,1,2,-1,natural,2025-07-19 17:28:383
Nurse_S._viscosa,H._squamatum,Other_species,0,1,2,-1,natural,2025-07-19 17:28:383
Nurse_S._viscosa,S._viscosa,C._hispanica,0,1,2,-1,natural,2025-07-19 17:28:383
Nurse_S._viscosa,S._viscosa,Other_species,0,1,2,-1,natural,2025-07-19 17:28:383
Nurse_S._viscosa,C._hispanica,Other_species,0,1,2,-1,natural,2025-07-19 17:28:383
Nurse_G._struthium,H._squamatum,S._viscosa,0,1,2,-1,natural,2025-07-19 17:28:383
Nurse_G._struthium,H._squamatum,C._hispanica,0,1,2,-1,natural,2025-07-19 17:28:383
Nurse_G._struthium,H._squamatum,Other_species,0,1,2,-1,natural,2025-07-19 17:28:383
Nurse_G._struthium,S._viscosa,C._hispanica,0,1,2,-1,natural,2025-07-19 17:28:383
Nurse_G._struthium,S._viscosa,Other_species,0,1,2,-1,natural,2025-07-19 17:28:383
Nurse_G._struthium,C._hispanica,Other_species,0,1,2,-1,natural,2025-07-19 17:28:383
H._squamatum,S._viscosa,C._hispanica,0,1,2,-1,natural,2025-07-19 17:28:383
H._squamatum,S._viscosa,Other_species,0,1,2,-1,natural,2025-07-19 17:28:383
H._squamatum,C._hispanica,Other_species,0,1,2,-1,natural,2025-07-19 17:28:383
S._viscosa,C._hispanica,Other_species,0,1,2,-1,natural,2025-07-19 17:28:383
Nurse_S._viscosa,Nurse_G._struthium,H._squamatum,0,1,2,-1,restoration,2025-07-19 17:28:373
Nurse_S._viscosa,Nurse_G._struthium,S._viscosa,0,1,2,-1,restoration,2025-07-19 17:28:373
Nurse_S._viscosa,Nurse_G._struthium,C._hispanica,0,1,2,-1,restoration,2025-07-19 17:28:373
Nurse_S._viscosa,Nurse_G._struthium,Other_species,0,1,2,-1,restoration,2025-07-19 17:28:373
Nurse_S._viscosa,H._squamatum,S._viscosa,0,1,2,-1,restoration,2025-07-19 17:28:373
Nurse_S._viscosa,H._squamatum,C._hispanica,0,1,2,-1,restoration,2025-07-19 17:28:373
Nurse_S._viscosa,H._squamatum,Other_species,0,1,2,-1,restoration,2025-07-19 17:28:373
Nurse_S._viscosa,S._viscosa,C._hispanica,0,1,2,-1,restoration,2025-07-19 17:28:373
Nurse_S._viscosa,S._viscosa,Other_species,0,1,2,-1,restoration,2025-07-19 17:28:373
Nurse_S._viscosa,C._hispanica,Other_species,0,1,2,-1,restoration,2025-07-19 17:28:373
Nurse_G._struthium,H._squamatum,S._viscosa,0,1,2,-1,restoration,2025-07-19 17:28:373
Nurse_G._struthium,H._squamatum,C._hispanica,0,1,2,-1,restoration,2025-07-19 17:28:373
Nurse_G._struthium,H._squamatum,Other_species,0,1,2,-1,restoration,2025-07-19 17:28:373
Nurse_G._struthium,S._viscosa,C._hispanica,0,1,2,-1,restoration,2025-07-19 17:28:373
Nurse_G._struthium,S._viscosa,Other_species,0,1,2,-1,restoration,2025-07-19 17:28:373
Nurse_G._struthium,C._hispanica,Other_species,0,1,2,-1,restoration,2025-07-19 17:28:373
H._squamatum,S._viscosa,C._hispanica,0,1,2,-1,restoration,2025-07-19 17:28:373
H._squamatum,S._viscosa,Other_species,0,1,2,-1,restoration,2025-07-19 17:28:373
H._squamatum,C._hispanica,Other_species,0,1,2,-1,restoration,2025-07-19 17:28:373
S._viscosa,C._hispanica,Other_species,0,1,2,-1,restoration,2025-07-19 17:28:373
Nurse_S._viscosa,Nurse_G._struthium,H._squamatum,0,1,2,-1,natural,2025-07-19 17:28:373
Nurse_S._viscosa,Nurse_G._struthium,S._viscosa,0,1,2,-1,natural,2025-07-19 17:28:373
Nurse_S._viscosa,Nurse_G._struthium,C._hispanica,0,1,2,-1,natural,2025-07-19 17:28:373
Nurse_S._viscosa,Nurse_G._struthium,Other_species,0,1,2,-1,natural,2025-07-19 17:28:373
Nurse_S._viscosa,H._squamatum,S._viscosa,0,1,2,-1,natural,2025-07-19 17:28:373
Nurse_S._viscosa,H._squamatum,C._hispanica,0,1,2,-1,natural,2025-07-19 17:28:373
Nurse_S._viscosa,H._squamatum,Other_species,0,1,2,-1,natural,2025-07-19 17:28:373
Nurse_S._viscosa,S._viscosa,C._hispanica,0,1,2,-1,natural,2025-07-19 17:28:373
Nurse_S._viscosa,S._viscosa,Other_species,0,1,2,-1,natural,2025-07-19 17:28:373
Nurse_S._viscosa,C._hispanica,Other_species,0,1,2,-1,natural,2025-07-19 17:28:373
Nurse_G._struthium,H._squamatum,S._viscosa,0,1,2,-1,natural,2025-07-19 17:28:373
Nurse_G._struthium,H._squamatum,C._hispanica,0,1,2,-1,natural,2025-07-19 17:28:373
Nurse_G._struthium,H._squamatum,Other_species,0,1,2,-1,natural,2025-07-19 17:28:373
Nurse_G._struthium,S._viscosa,C._hispanica,0,1,2,-1,natural,2025-07-19 17:28:373
Nurse_G._struthium,S._viscosa,Other_species,0,1,2,-1,natural,2025-07-19 17:28:373
Nurse_G._struthium,C._hispanica,Other_species,0,1,2,-1,natural,2025-07-19 17:28:373
H._squamatum,S._viscosa,C._hispanica,0,1,2,-1,natural,2025-07-19 17:28:373
H._squamatum,S._viscosa,Other_species,0,1,2,-1,natural,2025-07-19 17:28:373
H._squamatum,C._hispanica,Other_species,0,1,2,-1,natural,2025-07-19 17:28:373
S._viscosa,C._hispanica,Other_species,0,1,2,-1,natural,2025-07-19 17:28:373
Nurse_S._viscosa,Nurse_G._struthium,H._squamatum,0,1,2,-1,restoration,2025-07-19 17:28:373
Nurse_S._viscosa,Nurse_G._struthium,S._viscosa,0,1,2,-1,restoration,2025-07-19 17:28:373
Nurse_S._viscosa,Nurse_G._struthium,C._hispanica,0,1,2,-1,restoration,2025-07-19 17:28:373
Nurse_S._viscosa,Nurse_G._struthium,Other_species,0,1,2,-1,restoration,2025-07-19 17:28:373
Nurse_S._viscosa,H._squamatum,S._viscosa,0,1,2,-1,restoration,2025-07-19 17:28:373
Nurse_S._viscosa,H._squamatum,C._hispanica,0,1,2,-1,restoration,2025-07-19 17:28:373
Nurse_S._viscosa,H._squamatum,Other_species,0,1,2,-1,restoration,2025-07-19 17:28:373
Nurse_S._viscosa,S._viscosa,C._hispanica,0,1,2,-1,restoration,2025-07-19 17:28:373
Nurse_S._viscosa,S._viscosa,Other_species,0,1,2,-1,restoration,2025-07-19 17:28:373
Nurse_S._viscosa,C._hispanica,Other_species,0,1,2,-1,restoration,2025-07-19 17:28:373
Nurse_G._struthium,H._squamatum,S._viscosa,0,1,2,-1,restoration,2025-07-19 17:28:373
Nurse_G._struthium,H._squamatum,C._hispanica,0,1,2,-1,restoration,2025-07-19 17:28:373
Nurse_G._struthium,H._squamatum,Other_species,0,1,2,-1,restoration,2025-07-19 17:28:373
Nurse_G._struthium,S._viscosa,C._hispanica,0,1,2,-1,restoration,2025-07-19 17:28:373
Nurse_G._struthium,S._viscosa,Other_species,0,1,2,-1,restoration,2025-07-19 17:28:373
Nurse_G._struthium,C._hispanica,Other_species,0,1,2,-1,restoration,2025-07-19 17:28:373
H._squamatum,S._viscosa,C._hispanica,0,1,2,-1,restoration,2025-07-19 17:28:373
H._squamatum,S._viscosa,Other_species,0,1,2,-1,restoration,2025-07-19 17:28:373
H._squamatum,C._hispanica,Other_species,0,1,2,-1,restoration,2025-07-19 17:28:373
S._viscosa,C._hispanica,Other_species,0,1,2,-1,restoration,2025-07-19 17:28:373
Nurse_S._viscosa,Nurse_G._struthium,H._squamatum,0,1,2,-1,natural,2025-07-19 17:28:373
Nurse_S._viscosa,Nurse_G._struthium,S._viscosa,0,1,2,-1,natural,2025-07-19 17:28:373
Nurse_S._viscosa,Nurse_G._struthium,C._hispanica,0,1,2,-1,natural,2025-07-19 17:28:373
Nurse_S._viscosa,Nurse_G._struthium,Other_species,0,1,2,-1,natural,2025-07-19 17:28:373
Nurse_S._viscosa,H._squamatum,S._viscosa,0,1,2,-1,natural,2025-07-19 17:28:373
Nurse_S._viscosa,H._squamatum,C._hispanica,0,1,2,-1,natural,2025-07-19 17:28:373
Nurse_S._viscosa,H._squamatum,Other_species,0,1,2,-1,natural,2025-07-19 17:28:373
Nurse_S._viscosa,S._viscosa,C._hispanica,0,1,2,-1,natural,2025-07-19 17:28:373
Nurse_S._viscosa,S._viscosa,Other_species,0,1,2,-1,natural,2025-07-19 17:28:373
Nurse_S._viscosa,C._hispanica,Other_species,0,1,2,-1,natural,2025-07-19 17:28:373
Nurse_G._struthium,H._squamatum,S._viscosa,0,1,2,-1,natural,2025-07-19 17:28:373
Nurse_G._struthium,H._squamatum,C._hispanica,0,1,2,-1,natural,2025-07-19 17:28:373
Nurse_G._struthium,H._squamatum,Other_species,0,1,2,-1,natural,2025-07-19 17:28:373
Nurse_G._struthium,S._viscosa,C._hispanica,0,1,2,-1,natural,2025-07-19 17:28:373
Nurse_G._struthium,S._viscosa,Other_species,0,1,2,-1,natural,2025-07-19 17:28:373
Nurse_G._struthium,C._hispanica,Other_species,0,1,2,-1,natural,2025-07-19 17:28:373
H._squamatum,S._viscosa,C._hispanica,0,1,2,-1,natural,2025-07-19 17:28:373
H._squamatum,S._viscosa,Other_species,0,1,2,-1,natural,2025-07-19 17:28:373
H._squamatum,C._hispanica,Other_species,0,1,2,-1,natural,2025-07-19 17:28:373
S._viscosa,C._hispanica,Other_species,0,1,2,-1,natural,2025-07-19 17:28:373
Nurse_S._viscosa,Nurse_G._struthium,H._squamatum,0,1,2,-1,restoration,2025-07-19 17:28:363
Nurse_S._viscosa,Nurse_G._struthium,S._viscosa,0,1,2,-1,restoration,2025-07-19 17:28:363
Nurse_S._viscosa,Nurse_G._struthium,C._hispanica,0,1,2,-1,restoration,2025-07-19 17:28:363
Nurse_S._viscosa,Nurse_G._struthium,Other_species,0,1,2,-1,restoration,2025-07-19 17:28:363
Nurse_S._viscosa,H._squamatum,S._viscosa,0,1,2,-1,restoration,2025-07-19 17:28:363
Nurse_S._viscosa,H._squamatum,C._hispanica,0,1,2,-1,restoration,2025-07-19 17:28:363
Nurse_S._viscosa,H._squamatum,Other_species,0,1,2,-1,restoration,2025-07-19 17:28:363
Nurse_S._viscosa,S._viscosa,C._hispanica,0,1,2,-1,restoration,2025-07-19 17:28:363
Nurse_S._viscosa,S._viscosa,Other_species,0,1,2,-1,restoration,2025-07-19 17:28:363
Nurse_S._viscosa,C._hispanica,Other_species,0,1,2,-1,restoration,2025-07-19 17:28:363
Nurse_G._struthium,H._squamatum,S._viscosa,0,1,2,-1,restoration,2025-07-19 17:28:363
Nurse_G._struthium,H._squamatum,C._hispanica,0,1,2,-1,restoration,2025-07-19 17:28:363
Nurse_G._struthium,H._squamatum,Other_species,0,1,2,-1,restoration,2025-07-19 17:28:363
Nurse_G._struthium,S._viscosa,C._hispanica,0,1,2,-1,restoration,2025-07-19 17:28:363
Nurse_G._struthium,S._viscosa,Other_species,0,1,2,-1,restoration,2025-07-19 17:28:363
Nurse_G._struthium,C._hispanica,Other_species,0,1,2,-1,restoration,2025-07-19 17:28:363
H._squamatum,S._viscosa,C._hispanica,0,1,2,-1,restoration,2025-07-19 17:28:363
H._squamatum,S._viscosa,Other_species,0,1,2,-1,restoration,2025-07-19 17:28:363
H._squamatum,C._hispanica,Other_species,0,1,2,-1,restoration,2025-07-19 17:28:363
S._viscosa,C._hispanica,Other_species,0,1,2,-1,restoration,2025-07-19 17:28:363
Nurse_S._viscosa,Nurse_G._struthium,H._squamatum,0,1,2,-1,natural,2025-07-19 17:28:363
Nurse_S._viscosa,Nurse_G._struthium,S._viscosa,0,1,2,-1,natural,2025-07-19 17:28:363
Nurse_S._viscosa,Nurse_G._struthium,C._hispanica,0,1,2,-1,natural,2025-07-19 17:28:363
Nurse_S._viscosa,Nurse_G._struthium,Other_species,0,1,2,-1,natural,2025-07-19 17:28:363
Nurse_S._viscosa,H._squamatum,S._viscosa,0,1,2,-1,natural,2025-07-19 17:28:363
Nurse_S._viscosa,H._squamatum,C._hispanica,0,1,2,-1,natural,2025-07-19 17:28:363
Nurse_S._viscosa,H._squamatum,Other_species,0,1,2,-1,natural,2025-07-19 17:28:363
Nurse_S._viscosa,S._viscosa,C._hispanica,0,1,2,-1,natural,2025-07-19 17:28:363
Nurse_S._viscosa,S._viscosa,Other_species,0,1,2,-1,natural,2025-07-19 17:28:363
Nurse_S._viscosa,C._hispanica,Other_species,0,1,2,-1,natural,2025-07-19 17:28:363
Nurse_G._struthium,H._squamatum,S._viscosa,0,1,2,-1,natural,2025-07-19 17:28:363
Nurse_G._struthium,H._squamatum,C._hispanica,0,1,2,-1,natural,2025-07-19 17:28:363
Nurse_G._struthium,H._squamatum,Other_species,0,1,2,-1,natural,2025-07-19 17:28:363
Nurse_G._struthium,S._viscosa,C._hispanica,0,1,2,-1,natural,2025-07-19 17:28:363
Nurse_G._struthium,S._viscosa,Other_species,0,1,2,-1,natural,2025-07-19 17:28:363
Nurse_G._struthium,C._hispanica,Other_species,0,1,2,-1,natural,2025-07-19 17:28:363
H._squamatum,S._viscosa,C._hispanica,0,1,2,-1,natural,2025-07-19 17:28:363
H._squamatum,S._viscosa,Other_species,0,1,2,-1,natural,2025-07-19 17:28:363
H._squamatum,C._hispanica,Other_species,0,1,2,-1,natural,2025-07-19 17:28:363
S._viscosa,C._hispanica,Other_species,0,1,2,-1,natural,2025-07-19 17:28:363
Nurse_S._viscosa,Nurse_G._struthium,H._squamatum,0,1,2,-1,restoration,2025-07-19 17:28:363
Nurse_S._viscosa,Nurse_G._struthium,S._viscosa,0,1,2,-1,restoration,2025-07-19 17:28:363
Nurse_S._viscosa,Nurse_G._struthium,C._hispanica,0,1,2,-1,restoration,2025-07-19 17:28:363
Nurse_S._viscosa,Nurse_G._struthium,Other_species,0,1,2,-1,restoration,2025-07-19 17:28:363
Nurse_S._viscosa,H._squamatum,S._viscosa,0,1,2,-1,restoration,2025-07-19 17:28:363
Nurse_S._viscosa,H._squamatum,C._hispanica,0,1,2,-1,restoration,2025-07-19 17:28:363
Nurse_S._viscosa,H._squamatum,Other_species,0,1,2,-1,restoration,2025-07-19 17:28:363
Nurse_S._viscosa,S._viscosa,C._hispanica,0,1,2,-1,restoration,2025-07-19 17:28:363
Nurse_S._viscosa,S._viscosa,Other_species,0,1,2,-1,restoration,2025-07-19 17:28:363
Nurse_S._viscosa,C._hispanica,Other_species,0,1,2,-1,restoration,2025-07-19 17:28:363
Nurse_G._struthium,H._squamatum,S._viscosa,0,1,2,-1,restoration,2025-07-19 17:28:363
Nurse_G._struthium,H._squamatum,C._hispanica,0,1,2,-1,restoration,2025-07-19 17:28:363
Nurse_G._struthium,H._squamatum,Other_species,0,1,2,-1,restoration,2025-07-19 17:28:363
Nurse_G._struthium,S._viscosa,C._hispanica,0,1,2,-1,restoration,2025-07-19 17:28:363
Nurse_G._struthium,S._viscosa,Other_species,0,1,2,-1,restoration,2025-07-19 17:28:363
Nurse_G._struthium,C._hispanica,Other_species,0,1,2,-1,restoration,2025-07-19 17:28:363
H._squamatum,S._viscosa,C._hispanica,0,1,2,-1,restoration,2025-07-19 17:28:363
H._squamatum,S._viscosa,Other_species,0,1,2,-1,restoration,2025-07-19 17:28:363
H._squamatum,C._hispanica,Other_species,0,1,2,-1,restoration,2025-07-19 17:28:363
S._viscosa,C._hispanica,Other_species,0,1,2,-1,restoration,2025-07-19 17:28:363
Nurse_S._viscosa,Nurse_G._struthium,H._squamatum,0,1,2,-1,natural,2025-07-19 17:28:363
Nurse_S._viscosa,Nurse_G._struthium,S._viscosa,0,1,2,-1,natural,2025-07-19 17:28:363
Nurse_S._viscosa,Nurse_G._struthium,C._hispanica,0,1,2,-1,natural,2025-07-19 17:28:363
Nurse_S._viscosa,Nurse_G._struthium,Other_species,0,1,2,-1,natural,2025-07-19 17:28:363
Nurse_S._viscosa,H._squamatum,S._viscosa,0,1,2,-1,natural,2025-07-19 17:28:363
Nurse_S._viscosa,H._squamatum,C._hispanica,0,1,2,-1,natural,2025-07-19 17:28:363
Nurse_S._viscosa,H._squamatum,Other_species,0,1,2,-1,natural,2025-07-19 17:28:363
Nurse_S._viscosa,S._viscosa,C._hispanica,0,1,2,-1,natural,2025-07-19 17:28:363
Nurse_S._viscosa,S._viscosa,Other_species,0,1,2,-1,natural,2025-07-19 17:28:363
Nurse_S._viscosa,C._hispanica,Other_species,0,1,2,-1,natural,2025-07-19 17:28:363
Nurse_G._struthium,H._squamatum,S._viscosa,0,1,2,-1,natural,2025-07-19 17:28:363
Nurse_G._struthium,H._squamatum,C._hispanica,0,1,2,-1,natural,2025-07-19 17:28:363
Nurse_G._struthium,H._squamatum,Other_species,0,1,2,-1,natural,2025-07-19 17:28:363
Nurse_G._struthium,S._viscosa,C._hispanica,0,1,2,-1,natural,2025-07-19 17:28:363
Nurse_G._struthium,S._viscosa,Other_species,0,1,2,-1,natural,2025-07-19 17:28:363
Nurse_G._struthium,C._hispanica,Other_species,0,1,2,-1,natural,2025-07-19 17:28:363
H._squamatum,S._viscosa,C._hispanica,0,1,2,-1,natural,2025-07-19 17:28:363
H._squamatum,S._viscosa,Other_species,0,1,2,-1,natural,2025-07-19 17:28:363
H._squamatum,C._hispanica,Other_species,0,1,2,-1,natural,2025-07-19 17:28:363
S._viscosa,C._hispanica,Other_species,0,1,2,-1,natural,2025-07-19 17:28:363
Nurse_S._viscosa,Nurse_G._struthium,H._squamatum,0,1,2,-1,restoration,2025-07-19 17:28:353
Nurse_S._viscosa,Nurse_G._struthium,S._viscosa,0,1,2,-1,restoration,2025-07-19 17:28:353
Nurse_S._viscosa,Nurse_G._struthium,C._hispanica,0,1,2,-1,restoration,2025-07-19 17:28:353
Nurse_S._viscosa,Nurse_G._struthium,Other_species,0,1,2,-1,restoration,2025-07-19 17:28:353
Nurse_S._viscosa,H._squamatum,S._viscosa,0,1,2,-1,restoration,2025-07-19 17:28:353
Nurse_S._viscosa,H._squamatum,C._hispanica,0,1,2,-1,restoration,2025-07-19 17:28:353
Nurse_S._viscosa,H._squamatum,Other_species,0,1,2,-1,restoration,2025-07-19 17:28:353
Nurse_S._viscosa,S._viscosa,C._hispanica,0,1,2,-1,restoration,2025-07-19 17:28:353
Nurse_S._viscosa,S._viscosa,Other_species,0,1,2,-1,restoration,2025-07-19 17:28:353
Nurse_S._viscosa,C._hispanica,Other_species,0,1,2,-1,restoration,2025-07-19 17:28:353
Nurse_G._struthium,H._squamatum,S._viscosa,0,1,2,-1,restoration,2025-07-19 17:28:353
Nurse_G._struthium,H._squamatum,C._hispanica,0,1,2,-1,restoration,2025-07-19 17:28:353
Nurse_G._struthium,H._squamatum,Other_species,0,1,2,-1,restoration,2025-07-19 17:28:353
Nurse_G._struthium,S._viscosa,C._hispanica,0,1,2,-1,restoration,2025-07-19 17:28:353
Nurse_G._struthium,S._viscosa,Other_species,0,1,2,-1,restoration,2025-07-19 17:28:353
Nurse_G._struthium,C._hispanica,Other_species,0,1,2,-1,restoration,2025-07-19 17:28:353
H._squamatum,S._viscosa,C._hispanica,0,1,2,-1,restoration,2025-07-19 17:28:353
H._squamatum,S._viscosa,Other_species,0,1,2,-1,restoration,2025-07-19 17:28:353
H._squamatum,C._hispanica,Other_species,0,1,2,-1,restoration,2025-07-19 17:28:353
S._viscosa,C._hispanica,Other_species,0,1,2,-1,restoration,2025-07-19 17:28:353
Nurse_S._viscosa,Nurse_G._struthium,H._squamatum,0,1,2,-1,natural,2025-07-19 17:28:353
Nurse_S._viscosa,Nurse_G._struthium,S._viscosa,0,1,2,-1,natural,2025-07-19 17:28:353
Nurse_S._viscosa,Nurse_G._struthium,C._hispanica,0,1,2,-1,natural,2025-07-19 17:28:353
Nurse_S._viscosa,Nurse_G._struthium,Other_species,0,1,2,-1,natural,2025-07-19 17:28:353
Nurse_S._viscosa,H._squamatum,S._viscosa,0,1,2,-1,natural,2025-07-19 17:28:353
Nurse_S._viscosa,H._squamatum,C._hispanica,0,1,2,-1,natural,2025-07-19 17:28:353
Nurse_S._viscosa,H._squamatum,Other_species,0,1,2,-1,natural,2025-07-19 17:28:353
Nurse_S._viscosa,S._viscosa,C._hispanica,0,1,2,-1,natural,2025-07-19 17:28:353
Nurse_S._viscosa,S._viscosa,Other_species,0,1,2,-1,natural,2025-07-19 17:28:353
Nurse_S._viscosa,C._hispanica,Other_species,0,1,2,-1,natural,2025-07-19 17:28:353
Nurse_G._struthium,H._squamatum,S._viscosa,0,1,2,-1,natural,2025-07-19 17:28:353
Nurse_G._struthium,H._squamatum,C._hispanica,0,1,2,-1,natural,2025-07-19 17:28:353
Nurse_G._struthium,H._squamatum,Other_species,0,1,2,-1,natural,2025-07-19 17:28:353
Nurse_G._struthium,S._viscosa,C._hispanica,0,1,2,-1,natural,2025-07-19 17:28:353
Nurse_G._struthium,S._viscosa,Other_species,0,1,2,-1,natural,2025-07-19 17:28:353
Nurse_G._struthium,C._hispanica,Other_species,0,1,2,-1,natural,2025-07-19 17:28:353
H._squamatum,S._viscosa,C._hispanica,0,1,2,-1,natural,2025-07-19 17:28:353
H._squamatum,S._viscosa,Other_species,0,1,2,-1,natural,2025-07-19 17:28:353
H._squamatum,C._hispanica,Other_species,0,1,2,-1,natural,2025-07-19 17:28:353
S._viscosa,C._hispanica,Other_species,0,1,2,-1,natural,2025-07-19 17:28:353
Nurse_S._viscosa,Nurse_G._struthium,H._squamatum,0,1,2,-1,restoration,2025-07-19 17:28:343
Nurse_S._viscosa,Nurse_G._struthium,S._viscosa,0,1,2,-1,restoration,2025-07-19 17:28:343
Nurse_S._viscosa,Nurse_G._struthium,C._hispanica,0,1,2,-1,restoration,2025-07-19 17:28:343
Nurse_S._viscosa,Nurse_G._struthium,Other_species,0,1,2,-1,restoration,2025-07-19 17:28:343
Nurse_S._viscosa,H._squamatum,S._viscosa,0,1,2,-1,restoration,2025-07-19 17:28:343
Nurse_S._viscosa,H._squamatum,C._hispanica,0,1,2,-1,restoration,2025-07-19 17:28:343
Nurse_S._viscosa,H._squamatum,Other_species,0,1,2,-1,restoration,2025-07-19 17:28:343
Nurse_S._viscosa,S._viscosa,C._hispanica,0,1,2,-1,restoration,2025-07-19 17:28:343
Nurse_S._viscosa,S._viscosa,Other_species,0,1,2,-1,restoration,2025-07-19 17:28:343
Nurse_S._viscosa,C._hispanica,Other_species,0,1,2,-1,restoration,2025-07-19 17:28:343
Nurse_G._struthium,H._squamatum,S._viscosa,0,1,2,-1,restoration,2025-07-19 17:28:343
Nurse_G._struthium,H._squamatum,C._hispanica,0,1,2,-1,restoration,2025-07-19 17:28:343
Nurse_G._struthium,H._squamatum,Other_species,0,1,2,-1,restoration,2025-07-19 17:28:343
Nurse_G._struthium,S._viscosa,C._hispanica,0,1,2,-1,restoration,2025-07-19 17:28:343
Nurse_G._struthium,S._viscosa,Other_species,0,1,2,-1,restoration,2025-07-19 17:28:343
Nurse_G._struthium,C._hispanica,Other_species,0,1,2,-1,restoration,2025-07-19 17:28:343
H._squamatum,S._viscosa,C._hispanica,0,1,2,-1,restoration,2025-07-19 17:28:343
H._squamatum,S._viscosa,Other_species,0,1,2,-1,restoration,2025-07-19 17:28:343
H._squamatum,C._hispanica,Other_species,0,1,2,-1,restoration,2025-07-19 17:28:343
S._viscosa,C._hispanica,Other_species,0,1,2,-1,restoration,2025-07-19 17:28:343
Nurse_S._viscosa,Nurse_G._struthium,H._squamatum,0,1,2,-1,natural,2025-07-19 17:28:343
Nurse_S._viscosa,Nurse_G._struthium,S._viscosa,0,1,2,-1,natural,2025-07-19 17:28:343
Nurse_S._viscosa,Nurse_G._struthium,C._hispanica,0,1,2,-1,natural,2025-07-19 17:28:343
Nurse_S._viscosa,Nurse_G._struthium,Other_species,0,1,2,-1,natural,2025-07-19 17:28:343
Nurse_S._viscosa,H._squamatum,S._viscosa,0,1,2,-1,natural,2025-07-19 17:28:343
Nurse_S._viscosa,H._squamatum,C._hispanica,0,1,2,-1,natural,2025-07-19 17:28:343
Nurse_S._viscosa,H._squamatum,Other_species,0,1,2,-1,natural,2025-07-19 17:28:343
Nurse_S._viscosa,S._viscosa,C._hispanica,0,1,2,-1,natural,2025-07-19 17:28:343
Nurse_S._viscosa,S._viscosa,Other_species,0,1,2,-1,natural,2025-07-19 17:28:343
Nurse_S._viscosa,C._hispanica,Other_species,0,1,2,-1,natural,2025-07-19 17:28:343
Nurse_G._struthium,H._squamatum,S._viscosa,0,1,2,-1,natural,2025-07-19 17:28:343
Nurse_G._struthium,H._squamatum,C._hispanica,0,1,2,-1,natural,2025-07-19 17:28:343
Nurse_G._struthium,H._squamatum,Other_species,0,1,2,-1,natural,2025-07-19 17:28:343
Nurse_G._struthium,S._viscosa,C._hispanica,0,1,2,-1,natural,2025-07-19 17:28:343
Nurse_G._struthium,S._viscosa,Other_species,0,1,2,-1,natural,2025-07-19 17:28:343
Nurse_G._struthium,C._hispanica,Other_species,0,1,2,-1,natural,2025-07-19 17:28:343
H._squamatum,S._viscosa,C._hispanica,0,1,2,-1,natural,2025-07-19 17:28:343
H._squamatum,S._viscosa,Other_species,0,1,2,-1,natural,2025-07-19 17:28:343
H._squamatum,C._hispanica,Other_species,0,1,2,-1,natural,2025-07-19 17:28:343
S._viscosa,C._hispanica,Other_species,0,1,2,-1,natural,2025-07-19 17:28:343
Nurse_S._viscosa,Nurse_G._struthium,H._squamatum,0,1,2,-1,restoration,2025-07-19 17:28:343
Nurse_S._viscosa,Nurse_G._struthium,S._viscosa,0,1,2,-1,restoration,2025-07-19 17:28:343
Nurse_S._viscosa,Nurse_G._struthium,C._hispanica,0,1,2,-1,restoration,2025-07-19 17:28:343
Nurse_S._viscosa,Nurse_G._struthium,Other_species,0,1,2,-1,restoration,2025-07-19 17:28:343
Nurse_S._viscosa,H._squamatum,S._viscosa,0,1,2,-1,restoration,2025-07-19 17:28:343
Nurse_S._viscosa,H._squamatum,C._hispanica,0,1,2,-1,restoration,2025-07-19 17:28:343
Nurse_S._viscosa,H._squamatum,Other_species,0,1,2,-1,restoration,2025-07-19 17:28:343
Nurse_S._viscosa,S._viscosa,C._hispanica,0,1,2,-1,restoration,2025-07-19 17:28:343
Nurse_S._viscosa,S._viscosa,Other_species,0,1,2,-1,restoration,2025-07-19 17:28:343
Nurse_S._viscosa,C._hispanica,Other_species,0,1,2,-1,restoration,2025-07-19 17:28:343
Nurse_G._struthium,H._squamatum,S._viscosa,0,1,2,-1,restoration,2025-07-19 17:28:343
Nurse_G._struthium,H._squamatum,C._hispanica,0,1,2,-1,restoration,2025-07-19 17:28:343
Nurse_G._struthium,H._squamatum,Other_species,0,1,2,-1,restoration,2025-07-19 17:28:343
Nurse_G._struthium,S._viscosa,C._hispanica,0,1,2,-1,restoration,2025-07-19 17:28:343
Nurse_G._struthium,S._viscosa,Other_species,0,1,2,-1,restoration,2025-07-19 17:28:343
Nurse_G._struthium,C._hispanica,Other_species,0,1,2,-1,restoration,2025-07-19 17:28:343
H._squamatum,S._viscosa,C._hispanica,0,1,2,-1,restoration,2025-07-19 17:28:343
H._squamatum,S._viscosa,Other_species,0,1,2,-1,restoration,2025-07-19 17:28:343
H._squamatum,C._hispanica,Other_species,0,1,2,-1,restoration,2025-07-19 17:28:343
S._viscosa,C._hispanica,Other_species,0,1,2,-1,restoration,2025-07-19 17:28:343
Nurse_S._viscosa,Nurse_G._struthium,H._squamatum,0,1,2,-1,natural,2025-07-19 17:28:343
Nurse_S._viscosa,Nurse_G._struthium,S._viscosa,0,1,2,-1,natural,2025-07-19 17:28:343
Nurse_S._viscosa,Nurse_G._struthium,C._hispanica,0,1,2,-1,natural,2025-07-19 17:28:343
Nurse_S._viscosa,Nurse_G._struthium,Other_species,0,1,2,-1,natural,2025-07-19 17:28:343
Nurse_S._viscosa,H._squamatum,S._viscosa,0,1,2,-1,natural,2025-07-19 17:28:343
Nurse_S._viscosa,H._squamatum,C._hispanica,0,1,2,-1,natural,2025-07-19 17:28:343
Nurse_S._viscosa,H._squamatum,Other_species,0,1,2,-1,natural,2025-07-19 17:28:343
Nurse_S._viscosa,S._viscosa,C._hispanica,0,1,2,-1,natural,2025-07-19 17:28:343
Nurse_S._viscosa,S._viscosa,Other_species,0,1,2,-1,natural,2025-07-19 17:28:343
Nurse_S._viscosa,C._hispanica,Other_species,0,1,2,-1,natural,2025-07-19 17:28:343
Nurse_G._struthium,H._squamatum,S._viscosa,0,1,2,-1,natural,2025-07-19 17:28:343
Nurse_G._struthium,H._squamatum,C._hispanica,0,1,2,-1,natural,2025-07-19 17:28:343
Nurse_G._struthium,H._squamatum,Other_species,0,1,2,-1,natural,2025-07-19 17:28:343
Nurse_G._struthium,S._viscosa,C._hispanica,0,1,2,-1,natural,2025-07-19 17:28:343
Nurse_G._struthium,S._viscosa,Other_species,0,1,2,-1,natural,2025-07-19 17:28:343
Nurse_G._struthium,C._hispanica,Other_species,0,1,2,-1,natural,2025-07-19 17:28:343
H._squamatum,S._viscosa,C._hispanica,0,1,2,-1,natural,2025-07-19 17:28:343
H._squamatum,S._viscosa,Other_species,0,1,2,-1,natural,2025-07-19 17:28:343
H._squamatum,C._hispanica,Other_species,0,1,2,-1,natural,2025-07-19 17:28:343
S._viscosa,C._hispanica,Other_species,0,1,2,-1,natural,2025-07-19 17:28:343
Nurse_S._viscosa,Nurse_G._struthium,H._squamatum,0,1,2,-1,restoration,2025-07-19 17:28:333
Nurse_S._viscosa,Nurse_G._struthium,S._viscosa,0,1,2,-1,restoration,2025-07-19 17:28:333
Nurse_S._viscosa,Nurse_G._struthium,C._hispanica,0,1,2,-1,restoration,2025-07-19 17:28:333
Nurse_S._viscosa,Nurse_G._struthium,Other_species,0,1,2,-1,restoration,2025-07-19 17:28:333
Nurse_S._viscosa,H._squamatum,S._viscosa,0,1,2,-1,restoration,2025-07-19 17:28:333
Nurse_S._viscosa,H._squamatum,C._hispanica,0,1,2,-1,restoration,2025-07-19 17:28:333
Nurse_S._viscosa,H._squamatum,Other_species,0,1,2,-1,restoration,2025-07-19 17:28:333
Nurse_S._viscosa,S._viscosa,C._hispanica,0,1,2,-1,restoration,2025-07-19 17:28:333
Nurse_S._viscosa,S._viscosa,Other_species,0,1,2,-1,restoration,2025-07-19 17:28:333
Nurse_S._viscosa,C._hispanica,Other_species,0,1,2,-1,restoration,2025-07-19 17:28:333
Nurse_G._struthium,H._squamatum,S._viscosa,0,1,2,-1,restoration,2025-07-19 17:28:333
Nurse_G._struthium,H._squamatum,C._hispanica,0,1,2,-1,restoration,2025-07-19 17:28:333
Nurse_G._struthium,H._squamatum,Other_species,0,1,2,-1,restoration,2025-07-19 17:28:333
Nurse_G._struthium,S._viscosa,C._hispanica,0,1,2,-1,restoration,2025-07-19 17:28:333
Nurse_G._struthium,S._viscosa,Other_species,0,1,2,-1,restoration,2025-07-19 17:28:333
Nurse_G._struthium,C._hispanica,Other_species,0,1,2,-1,restoration,2025-07-19 17:28:333
H._squamatum,S._viscosa,C._hispanica,0,1,2,-1,restoration,2025-07-19 17:28:333
H._squamatum,S._viscosa,Other_species,0,1,2,-1,restoration,2025-07-19 17:28:333
H._squamatum,C._hispanica,Other_species,0,1,2,-1,restoration,2025-07-19 17:28:333
S._viscosa,C._hispanica,Other_species,0,1,2,-1,restoration,2025-07-19 17:28:333
Nurse_S._viscosa,Nurse_G._struthium,H._squamatum,0,1,2,-1,natural,2025-07-19 17:28:333
Nurse_S._viscosa,Nurse_G._struthium,S._viscosa,0,1,2,-1,natural,2025-07-19 17:28:333
Nurse_S._viscosa,Nurse_G._struthium,C._hispanica,0,1,2,-1,natural,2025-07-19 17:28:333
Nurse_S._viscosa,Nurse_G._struthium,Other_species,0,1,2,-1,natural,2025-07-19 17:28:333
Nurse_S._viscosa,H._squamatum,S._viscosa,0,1,2,-1,natural,2025-07-19 17:28:333
Nurse_S._viscosa,H._squamatum,C._hispanica,0,1,2,-1,natural,2025-07-19 17:28:333
Nurse_S._viscosa,H._squamatum,Other_species,0,1,2,-1,natural,2025-07-19 17:28:333
Nurse_S._viscosa,S._viscosa,C._hispanica,0,1,2,-1,natural,2025-07-19 17:28:333
Nurse_S._viscosa,S._viscosa,Other_species,0,1,2,-1,natural,2025-07-19 17:28:333
Nurse_S._viscosa,C._hispanica,Other_species,0,1,2,-1,natural,2025-07-19 17:28:333
Nurse_G._struthium,H._squamatum,S._viscosa,0,1,2,-1,natural,2025-07-19 17:28:333
Nurse_G._struthium,H._squamatum,C._hispanica,0,1,2,-1,natural,2025-07-19 17:28:333
Nurse_G._struthium,H._squamatum,Other_species,0,1,2,-1,natural,2025-07-19 17:28:333
Nurse_G._struthium,S._viscosa,C._hispanica,0,1,2,-1,natural,2025-07-19 17:28:333
Nurse_G._struthium,S._viscosa,Other_species,0,1,2,-1,natural,2025-07-19 17:28:333
Nurse_G._struthium,C._hispanica,Other_species,0,1,2,-1,natural,2025-07-19 17:28:333
H._squamatum,S._viscosa,C._hispanica,0,1,2,-1,natural,2025-07-19 17:28:333
H._squamatum,S._viscosa,Other_species,0,1,2,-1,natural,2025-07-19 17:28:333
H._squamatum,C._hispanica,Other_species,0,1,2,-1,natural,2025-07-19 17:28:333
S._viscosa,C._hispanica,Other_species,0,1,2,-1,natural,2025-07-19 17:28:333
Nurse_S._viscosa,Nurse_G._struthium,H._squamatum,0,1,2,-1,restoration,2025-07-19 17:28:333
Nurse_S._viscosa,Nurse_G._struthium,S._viscosa,0,1,2,-1,restoration,2025-07-19 17:28:333
Nurse_S._viscosa,Nurse_G._struthium,C._hispanica,0,1,2,-1,restoration,2025-07-19 17:28:333
Nurse_S._viscosa,Nurse_G._struthium,Other_species,0,1,2,-1,restoration,2025-07-19 17:28:333
Nurse_S._viscosa,H._squamatum,S._viscosa,0,1,2,-1,restoration,2025-07-19 17:28:333
Nurse_S._viscosa,H._squamatum,C._hispanica,0,1,2,-1,restoration,2025-07-19 17:28:333
Nurse_S._viscosa,H._squamatum,Other_species,0,1,2,-1,restoration,2025-07-19 17:28:333
Nurse_S._viscosa,S._viscosa,C._hispanica,0,1,2,-1,restoration,2025-07-19 17:28:333
Nurse_S._viscosa,S._viscosa,Other_species,0,1,2,-1,restoration,2025-07-19 17:28:333
Nurse_S._viscosa,C._hispanica,Other_species,0,1,2,-1,restoration,2025-07-19 17:28:333
Nurse_G._struthium,H._squamatum,S._viscosa,0,1,2,-1,restoration,2025-07-19 17:28:333
Nurse_G._struthium,H._squamatum,C._hispanica,0,1,2,-1,restoration,2025-07-19 17:28:333
Nurse_G._struthium,H._squamatum,Other_species,0,1,2,-1,restoration,2025-07-19 17:28:333
Nurse_G._struthium,S._viscosa,C._hispanica,0,1,2,-1,restoration,2025-07-19 17:28:333
Nurse_G._struthium,S._viscosa,Other_species,0,1,2,-1,restoration,2025-07-19 17:28:333
Nurse_G._struthium,C._hispanica,Other_species,0,1,2,-1,restoration,2025-07-19 17:28:333
H._squamatum,S._viscosa,C._hispanica,0,1,2,-1,restoration,2025-07-19 17:28:333
H._squamatum,S._viscosa,Other_species,0,1,2,-1,restoration,2025-07-19 17:28:333
H._squamatum,C._hispanica,Other_species,0,1,2,-1,restoration,2025-07-19 17:28:333
S._viscosa,C._hispanica,Other_species,0,1,2,-1,restoration,2025-07-19 17:28:333
Nurse_S._viscosa,Nurse_G._struthium,H._squamatum,0,1,2,-1,natural,2025-07-19 17:28:333
Nurse_S._viscosa,Nurse_G._struthium,S._viscosa,0,1,2,-1,natural,2025-07-19 17:28:333
Nurse_S._viscosa,Nurse_G._struthium,C._hispanica,0,1,2,-1,natural,2025-07-19 17:28:333
Nurse_S._viscosa,Nurse_G._struthium,Other_species,0,1,2,-1,natural,2025-07-19 17:28:333
Nurse_S._viscosa,H._squamatum,S._viscosa,0,1,2,-1,natural,2025-07-19 17:28:333
Nurse_S._viscosa,H._squamatum,C._hispanica,0,1,2,-1,natural,2025-07-19 17:28:333
Nurse_S._viscosa,H._squamatum,Other_species,0,1,2,-1,natural,2025-07-19 17:28:333
Nurse_S._viscosa,S._viscosa,C._hispanica,0,1,2,-1,natural,2025-07-19 17:28:333
Nurse_S._viscosa,S._viscosa,Other_species,0,1,2,-1,natural,2025-07-19 17:28:333
Nurse_S._viscosa,C._hispanica,Other_species,0,1,2,-1,natural,2025-07-19 17:28:333
Nurse_G._struthium,H._squamatum,S._viscosa,0,1,2,-1,natural,2025-07-19 17:28:333
Nurse_G._struthium,H._squamatum,C._hispanica,0,1,2,-1,natural,2025-07-19 17:28:333
Nurse_G._struthium,H._squamatum,Other_species,0,1,2,-1,natural,2025-07-19 17:28:333
Nurse_G._struthium,S._viscosa,C._hispanica,0,1,2,-1,natural,2025-07-19 17:28:333
Nurse_G._struthium,S._viscosa,Other_species,0,1,2,-1,natural,2025-07-19 17:28:333
Nurse_G._struthium,C._hispanica,Other_species,0,1,2,-1,natural,2025-07-19 17:28:333
H._squamatum,S._viscosa,C._hispanica,0,1,2,-1,natural,2025-07-19 17:28:333
H._squamatum,S._viscosa,Other_species,0,1,2,-1,natural,2025-07-19 17:28:333
H._squamatum,C._hispanica,Other_species,0,1,2,-1,natural,2025-07-19 17:28:333
S._viscosa,C._hispanica,Other_species,0,1,2,-1,natural,2025-07-19 17:28:333
Nurse_S._viscosa,Nurse_G._struthium,H._squamatum,0,1,2,-1,restoration,2025-07-19 17:28:333
Nurse_S._viscosa,Nurse_G._struthium,S._viscosa,0,1,2,-1,restoration,2025-07-19 17:28:333
Nurse_S._viscosa,Nurse_G._struthium,C._hispanica,0,1,2,-1,restoration,2025-07-19 17:28:333
Nurse_S._viscosa,Nurse_G._struthium,Other_species,0,1,2,-1,restoration,2025-07-19 17:28:333
Nurse_S._viscosa,H._squamatum,S._viscosa,0,1,2,-1,restoration,2025-07-19 17:28:333
Nurse_S._viscosa,H._squamatum,C._hispanica,0,1,2,-1,restoration,2025-07-19 17:28:333
Nurse_S._viscosa,H._squamatum,Other_species,0,1,2,-1,restoration,2025-07-19 17:28:333
Nurse_S._viscosa,S._viscosa,C._hispanica,0,1,2,-1,restoration,2025-07-19 17:28:333
Nurse_S._viscosa,S._viscosa,Other_species,0,1,2,-1,restoration,2025-07-19 17:28:333
Nurse_S._viscosa,C._hispanica,Other_species,0,1,2,-1,restoration,2025-07-19 17:28:333
Nurse_G._struthium,H._squamatum,S._viscosa,0,1,2,-1,restoration,2025-07-19 17:28:333
Nurse_G._struthium,H._squamatum,C._hispanica,0,1,2,-1,restoration,2025-07-19 17:28:333
Nurse_G._struthium,H._squamatum,Other_species,0,1,2,-1,restoration,2025-07-19 17:28:333
Nurse_G._struthium,S._viscosa,C._hispanica,0,1,2,-1,restoration,2025-07-19 17:28:333
Nurse_G._struthium,S._viscosa,Other_species,0,1,2,-1,restoration,2025-07-19 17:28:333
Nurse_G._struthium,C._hispanica,Other_species,0,1,2,-1,restoration,2025-07-19 17:28:333
H._squamatum,S._viscosa,C._hispanica,0,1,2,-1,restoration,2025-07-19 17:28:333
H._squamatum,S._viscosa,Other_species,0,1,2,-1,restoration,2025-07-19 17:28:333
H._squamatum,C._hispanica,Other_species,0,1,2,-1,restoration,2025-07-19 17:28:333
S._viscosa,C._hispanica,Other_species,0,1,2,-1,restoration,2025-07-19 17:28:333
Nurse_S._viscosa,Nurse_G._struthium,H._squamatum,0,1,2,-1,natural,2025-07-19 17:28:333
Nurse_S._viscosa,Nurse_G._struthium,S._viscosa,0,1,2,-1,natural,2025-07-19 17:28:333
Nurse_S._viscosa,Nurse_G._struthium,C._hispanica,0,1,2,-1,natural,2025-07-19 17:28:333
Nurse_S._viscosa,Nurse_G._struthium,Other_species,0,1,2,-1,natural,2025-07-19 17:28:333
Nurse_S._viscosa,H._squamatum,S._viscosa,0,1,2,-1,natural,2025-07-19 17:28:333
Nurse_S._viscosa,H._squamatum,C._hispanica,0,1,2,-1,natural,2025-07-19 17:28:333
Nurse_S._viscosa,H._squamatum,Other_species,0,1,2,-1,natural,2025-07-19 17:28:333
Nurse_S._viscosa,S._viscosa,C._hispanica,0,1,2,-1,natural,2025-07-19 17:28:333
Nurse_S._viscosa,S._viscosa,Other_species,0,1,2,-1,natural,2025-07-19 17:28:333
Nurse_S._viscosa,C._hispanica,Other_species,0,1,2,-1,natural,2025-07-19 17:28:333
Nurse_G._struthium,H._squamatum,S._viscosa,0,1,2,-1,natural,2025-07-19 17:28:333
Nurse_G._struthium,H._squamatum,C._hispanica,0,1,2,-1,natural,2025-07-19 17:28:333
Nurse_G._struthium,H._squamatum,Other_species,0,1,2,-1,natural,2025-07-19 17:28:333
Nurse_G._struthium,S._viscosa,C._hispanica,0,1,2,-1,natural,2025-07-19 17:28:333
Nurse_G._struthium,S._viscosa,Other_species,0,1,2,-1,natural,2025-07-19 17:28:333
Nurse_G._struthium,C._hispanica,Other_species,0,1,2,-1,natural,2025-07-19 17:28:333
H._squamatum,S._viscosa,C._hispanica,0,1,2,-1,natural,2025-07-19 17:28:333
H._squamatum,S._viscosa,Other_species,0,1,2,-1,natural,2025-07-19 17:28:333
H._squamatum,C._hispanica,Other_species,0,1,2,-1,natural,2025-07-19 17:28:333
S._viscosa,C._hispanica,Other_species,0,1,2,-1,natural,2025-07-19 17:28:333
Nurse_S._viscosa,Nurse_G._struthium,H._squamatum,0,1,2,-1,restoration,2025-07-19 17:28:323
Nurse_S._viscosa,Nurse_G._struthium,S._viscosa,0,1,2,-1,restoration,2025-07-19 17:28:323
Nurse_S._viscosa,Nurse_G._struthium,C._hispanica,0,1,2,-1,restoration,2025-07-19 17:28:323
Nurse_S._viscosa,Nurse_G._struthium,Other_species,0,1,2,-1,restoration,2025-07-19 17:28:323
Nurse_S._viscosa,H._squamatum,S._viscosa,0,1,2,-1,restoration,2025-07-19 17:28:323
Nurse_S._viscosa,H._squamatum,C._hispanica,0,1,2,-1,restoration,2025-07-19 17:28:323
Nurse_S._viscosa,H._squamatum,Other_species,0,1,2,-1,restoration,2025-07-19 17:28:323
Nurse_S._viscosa,S._viscosa,C._hispanica,0,1,2,-1,restoration,2025-07-19 17:28:323
Nurse_S._viscosa,S._viscosa,Other_species,0,1,2,-1,restoration,2025-07-19 17:28:323
Nurse_S._viscosa,C._hispanica,Other_species,0,1,2,-1,restoration,2025-07-19 17:28:323
Nurse_G._struthium,H._squamatum,S._viscosa,0,1,2,-1,restoration,2025-07-19 17:28:323
Nurse_G._struthium,H._squamatum,C._hispanica,0,1,2,-1,restoration,2025-07-19 17:28:323
Nurse_G._struthium,H._squamatum,Other_species,0,1,2,-1,restoration,2025-07-19 17:28:323
Nurse_G._struthium,S._viscosa,C._hispanica,0,1,2,-1,restoration,2025-07-19 17:28:323
Nurse_G._struthium,S._viscosa,Other_species,0,1,2,-1,restoration,2025-07-19 17:28:323
Nurse_G._struthium,C._hispanica,Other_species,0,1,2,-1,restoration,2025-07-19 17:28:323
H._squamatum,S._viscosa,C._hispanica,0,1,2,-1,restoration,2025-07-19 17:28:323
H._squamatum,S._viscosa,Other_species,0,1,2,-1,restoration,2025-07-19 17:28:323
H._squamatum,C._hispanica,Other_species,0,1,2,-1,restoration,2025-07-19 17:28:323
S._viscosa,C._hispanica,Other_species,0,1,2,-1,restoration,2025-07-19 17:28:323
Nurse_S._viscosa,Nurse_G._struthium,H._squamatum,0,1,2,-1,natural,2025-07-19 17:28:323
Nurse_S._viscosa,Nurse_G._struthium,S._viscosa,0,1,2,-1,natural,2025-07-19 17:28:323
Nurse_S._viscosa,Nurse_G._struthium,C._hispanica,0,1,2,-1,natural,2025-07-19 17:28:323
Nurse_S._viscosa,Nurse_G._struthium,Other_species,0,1,2,-1,natural,2025-07-19 17:28:323
Nurse_S._viscosa,H._squamatum,S._viscosa,0,1,2,-1,natural,2025-07-19 17:28:323
Nurse_S._viscosa,H._squamatum,C._hispanica,0,1,2,-1,natural,2025-07-19 17:28:323
Nurse_S._viscosa,H._squamatum,Other_species,0,1,2,-1,natural,2025-07-19 17:28:323
Nurse_S._viscosa,S._viscosa,C._hispanica,0,1,2,-1,natural,2025-07-19 17:28:323
Nurse_S._viscosa,S._viscosa,Other_species,0,1,2,-1,natural,2025-07-19 17:28:323
Nurse_S._viscosa,C._hispanica,Other_species,0,1,2,-1,natural,2025-07-19 17:28:323
Nurse_G._struthium,H._squamatum,S._viscosa,0,1,2,-1,natural,2025-07-19 17:28:323
Nurse_G._struthium,H._squamatum,C._hispanica,0,1,2,-1,natural,2025-07-19 17:28:323
Nurse_G._struthium,H._squamatum,Other_species,0,1,2,-1,natural,2025-07-19 17:28:323
Nurse_G._struthium,S._viscosa,C._hispanica,0,1,2,-1,natural,2025-07-19 17:28:323
Nurse_G._struthium,S._viscosa,Other_species,0,1,2,-1,natural,2025-07-19 17:28:323
Nurse_G._struthium,C._hispanica,Other_species,0,1,2,-1,natural,2025-07-19 17:28:323
H._squamatum,S._viscosa,C._hispanica,0,1,2,-1,natural,2025-07-19 17:28:323
H._squamatum,S._viscosa,Other_species,0,1,2,-1,natural,2025-07-19 17:28:323
H._squamatum,C._hispanica,Other_species,0,1,2,-1,natural,2025-07-19 17:28:323
S._viscosa,C._hispanica,Other_species,0,1,2,-1,natural,2025-07-19 17:28:323
Nurse_S._viscosa,Nurse_G._struthium,H._squamatum,0,1,2,-1,restoration,2025-07-19 17:28:323
Nurse_S._viscosa,Nurse_G._struthium,S._viscosa,0,1,2,-1,restoration,2025-07-19 17:28:323
Nurse_S._viscosa,Nurse_G._struthium,C._hispanica,0,1,2,-1,restoration,2025-07-19 17:28:323
Nurse_S._viscosa,Nurse_G._struthium,Other_species,0,1,2,-1,restoration,2025-07-19 17:28:323
Nurse_S._viscosa,H._squamatum,S._viscosa,0,1,2,-1,restoration,2025-07-19 17:28:323
Nurse_S._viscosa,H._squamatum,C._hispanica,0,1,2,-1,restoration,2025-07-19 17:28:323
Nurse_S._viscosa,H._squamatum,Other_species,0,1,2,-1,restoration,2025-07-19 17:28:323
Nurse_S._viscosa,S._viscosa,C._hispanica,0,1,2,-1,restoration,2025-07-19 17:28:323
Nurse_S._viscosa,S._viscosa,Other_species,0,1,2,-1,restoration,2025-07-19 17:28:323
Nurse_S._viscosa,C._hispanica,Other_species,0,1,2,-1,restoration,2025-07-19 17:28:323
Nurse_G._struthium,H._squamatum,S._viscosa,0,1,2,-1,restoration,2025-07-19 17:28:323
Nurse_G._struthium,H._squamatum,C._hispanica,0,1,2,-1,restoration,2025-07-19 17:28:323
Nurse_G._struthium,H._squamatum,Other_species,0,1,2,-1,restoration,2025-07-19 17:28:323
Nurse_G._struthium,S._viscosa,C._hispanica,0,1,2,-1,restoration,2025-07-19 17:28:323
Nurse_G._struthium,S._viscosa,Other_species,0,1,2,-1,restoration,2025-07-19 17:28:323
Nurse_G._struthium,C._hispanica,Other_species,0,1,2,-1,restoration,2025-07-19 17:28:323
H._squamatum,S._viscosa,C._hispanica,0,1,2,-1,restoration,2025-07-19 17:28:323
H._squamatum,S._viscosa,Other_species,0,1,2,-1,restoration,2025-07-19 17:28:323
H._squamatum,C._hispanica,Other_species,0,1,2,-1,restoration,2025-07-19 17:28:323
S._viscosa,C._hispanica,Other_species,0,1,2,-1,restoration,2025-07-19 17:28:323
Nurse_S._viscosa,Nurse_G._struthium,H._squamatum,0,1,2,-1,natural,2025-07-19 17:28:323
Nurse_S._viscosa,Nurse_G._struthium,S._viscosa,0,1,2,-1,natural,2025-07-19 17:28:323
Nurse_S._viscosa,Nurse_G._struthium,C._hispanica,0,1,2,-1,natural,2025-07-19 17:28:323
Nurse_S._viscosa,Nurse_G._struthium,Other_species,0,1,2,-1,natural,2025-07-19 17:28:323
Nurse_S._viscosa,H._squamatum,S._viscosa,0,1,2,-1,natural,2025-07-19 17:28:323
Nurse_S._viscosa,H._squamatum,C._hispanica,0,1,2,-1,natural,2025-07-19 17:28:323
Nurse_S._viscosa,H._squamatum,Other_species,0,1,2,-1,natural,2025-07-19 17:28:323
Nurse_S._viscosa,S._viscosa,C._hispanica,0,1,2,-1,natural,2025-07-19 17:28:323
Nurse_S._viscosa,S._viscosa,Other_species,0,1,2,-1,natural,2025-07-19 17:28:323
Nurse_S._viscosa,C._hispanica,Other_species,0,1,2,-1,natural,2025-07-19 17:28:323
Nurse_G._struthium,H._squamatum,S._viscosa,0,1,2,-1,natural,2025-07-19 17:28:323
Nurse_G._struthium,H._squamatum,C._hispanica,0,1,2,-1,natural,2025-07-19 17:28:323
Nurse_G._struthium,H._squamatum,Other_species,0,1,2,-1,natural,2025-07-19 17:28:323
Nurse_G._struthium,S._viscosa,C._hispanica,0,1,2,-1,natural,2025-07-19 17:28:323
Nurse_G._struthium,S._viscosa,Other_species,0,1,2,-1,natural,2025-07-19 17:28:323
Nurse_G._struthium,C._hispanica,Other_species,0,1,2,-1,natural,2025-07-19 17:28:323
H._squamatum,S._viscosa,C._hispanica,0,1,2,-1,natural,2025-07-19 17:28:323
H._squamatum,S._viscosa,Other_species,0,1,2,-1,natural,2025-07-19 17:28:323
H._squamatum,C._hispanica,Other_species,0,1,2,-1,natural,2025-07-19 17:28:323
S._viscosa,C._hispanica,Other_species,0,1,2,-1,natural,2025-07-19 17:28:323
Nurse_S._viscosa,Nurse_G._struthium,H._squamatum,0,1,2,-1,restoration,2025-07-19 17:28:313
Nurse_S._viscosa,Nurse_G._struthium,S._viscosa,0,1,2,-1,restoration,2025-07-19 17:28:313
Nurse_S._viscosa,Nurse_G._struthium,C._hispanica,0,1,2,-1,restoration,2025-07-19 17:28:313
Nurse_S._viscosa,Nurse_G._struthium,Other_species,0,1,2,-1,restoration,2025-07-19 17:28:313
Nurse_S._viscosa,H._squamatum,S._viscosa,0,1,2,-1,restoration,2025-07-19 17:28:313
Nurse_S._viscosa,H._squamatum,C._hispanica,0,1,2,-1,restoration,2025-07-19 17:28:313
Nurse_S._viscosa,H._squamatum,Other_species,0,1,2,-1,restoration,2025-07-19 17:28:313
Nurse_S._viscosa,S._viscosa,C._hispanica,0,1,2,-1,restoration,2025-07-19 17:28:313
Nurse_S._viscosa,S._viscosa,Other_species,0,1,2,-1,restoration,2025-07-19 17:28:313
Nurse_S._viscosa,C._hispanica,Other_species,0,1,2,-1,restoration,2025-07-19 17:28:313
Nurse_G._struthium,H._squamatum,S._viscosa,0,1,2,-1,restoration,2025-07-19 17:28:313
Nurse_G._struthium,H._squamatum,C._hispanica,0,1,2,-1,restoration,2025-07-19 17:28:313
Nurse_G._struthium,H._squamatum,Other_species,0,1,2,-1,restoration,2025-07-19 17:28:313
Nurse_G._struthium,S._viscosa,C._hispanica,0,1,2,-1,restoration,2025-07-19 17:28:313
Nurse_G._struthium,S._viscosa,Other_species,0,1,2,-1,restoration,2025-07-19 17:28:313
Nurse_G._struthium,C._hispanica,Other_species,0,1,2,-1,restoration,2025-07-19 17:28:313
H._squamatum,S._viscosa,C._hispanica,0,1,2,-1,restoration,2025-07-19 17:28:313
H._squamatum,S._viscosa,Other_species,0,1,2,-1,restoration,2025-07-19 17:28:313
H._squamatum,C._hispanica,Other_species,0,1,2,-1,restoration,2025-07-19 17:28:313
S._viscosa,C._hispanica,Other_species,0,1,2,-1,restoration,2025-07-19 17:28:313
Nurse_S._viscosa,Nurse_G._struthium,H._squamatum,0,1,2,-1,natural,2025-07-19 17:28:313
Nurse_S._viscosa,Nurse_G._struthium,S._viscosa,0,1,2,-1,natural,2025-07-19 17:28:313
Nurse_S._viscosa,Nurse_G._struthium,C._hispanica,0,1,2,-1,natural,2025-07-19 17:28:313
Nurse_S._viscosa,Nurse_G._struthium,Other_species,0,1,2,-1,natural,2025-07-19 17:28:313
Nurse_S._viscosa,H._squamatum,S._viscosa,0,1,2,-1,natural,2025-07-19 17:28:313
Nurse_S._viscosa,H._squamatum,C._hispanica,0,1,2,-1,natural,2025-07-19 17:28:313
Nurse_S._viscosa,H._squamatum,Other_species,0,1,2,-1,natural,2025-07-19 17:28:313
Nurse_S._viscosa,S._viscosa,C._hispanica,0,1,2,-1,natural,2025-07-19 17:28:313
Nurse_S._viscosa,S._viscosa,Other_species,0,1,2,-1,natural,2025-07-19 17:28:313
Nurse_S._viscosa,C._hispanica,Other_species,0,1,2,-1,natural,2025-07-19 17:28:313
Nurse_G._struthium,H._squamatum,S._viscosa,0,1,2,-1,natural,2025-07-19 17:28:313
Nurse_G._struthium,H._squamatum,C._hispanica,0,1,2,-1,natural,2025-07-19 17:28:313
Nurse_G._struthium,H._squamatum,Other_species,0,1,2,-1,natural,2025-07-19 17:28:313
Nurse_G._struthium,S._viscosa,C._hispanica,0,1,2,-1,natural,2025-07-19 17:28:313
Nurse_G._struthium,S._viscosa,Other_species,0,1,2,-1,natural,2025-07-19 17:28:313
Nurse_G._struthium,C._hispanica,Other_species,0,1,2,-1,natural,2025-07-19 17:28:313
H._squamatum,S._viscosa,C._hispanica,0,1,2,-1,natural,2025-07-19 17:28:313
H._squamatum,S._viscosa,Other_species,0,1,2,-1,natural,2025-07-19 17:28:313
H._squamatum,C._hispanica,Other_species,0,1,2,-1,natural,2025-07-19 17:28:313
S._viscosa,C._hispanica,Other_species,0,1,2,-1,natural,2025-07-19 17:28:313
Nurse_S._viscosa,Nurse_G._struthium,H._squamatum,0,1,2,-1,restoration,2025-07-19 17:28:313
Nurse_S._viscosa,Nurse_G._struthium,S._viscosa,0,1,2,-1,restoration,2025-07-19 17:28:313
Nurse_S._viscosa,Nurse_G._struthium,C._hispanica,0,1,2,-1,restoration,2025-07-19 17:28:313
Nurse_S._viscosa,Nurse_G._struthium,Other_species,0,1,2,-1,restoration,2025-07-19 17:28:313
Nurse_S._viscosa,H._squamatum,S._viscosa,0,1,2,-1,restoration,2025-07-19 17:28:313
Nurse_S._viscosa,H._squamatum,C._hispanica,0,1,2,-1,restoration,2025-07-19 17:28:313
Nurse_S._viscosa,H._squamatum,Other_species,0,1,2,-1,restoration,2025-07-19 17:28:313
Nurse_S._viscosa,S._viscosa,C._hispanica,0,1,2,-1,restoration,2025-07-19 17:28:313
Nurse_S._viscosa,S._viscosa,Other_species,0,1,2,-1,restoration,2025-07-19 17:28:313
Nurse_S._viscosa,C._hispanica,Other_species,0,1,2,-1,restoration,2025-07-19 17:28:313
Nurse_G._struthium,H._squamatum,S._viscosa,0,1,2,-1,restoration,2025-07-19 17:28:313
Nurse_G._struthium,H._squamatum,C._hispanica,0,1,2,-1,restoration,2025-07-19 17:28:313
Nurse_G._struthium,H._squamatum,Other_species,0,1,2,-1,restoration,2025-07-19 17:28:313
Nurse_G._struthium,S._viscosa,C._hispanica,0,1,2,-1,restoration,2025-07-19 17:28:313
Nurse_G._struthium,S._viscosa,Other_species,0,1,2,-1,restoration,2025-07-19 17:28:313
Nurse_G._struthium,C._hispanica,Other_species,0,1,2,-1,restoration,2025-07-19 17:28:313
H._squamatum,S._viscosa,C._hispanica,0,1,2,-1,restoration,2025-07-19 17:28:313
H._squamatum,S._viscosa,Other_species,0,1,2,-1,restoration,2025-07-19 17:28:313
H._squamatum,C._hispanica,Other_species,0,1,2,-1,restoration,2025-07-19 17:28:313
S._viscosa,C._hispanica,Other_species,0,1,2,-1,restoration,2025-07-19 17:28:313
Nurse_S._viscosa,Nurse_G._struthium,H._squamatum,0,1,2,-1,natural,2025-07-19 17:28:313
Nurse_S._viscosa,Nurse_G._struthium,S._viscosa,0,1,2,-1,natural,2025-07-19 17:28:313
Nurse_S._viscosa,Nurse_G._struthium,C._hispanica,0,1,2,-1,natural,2025-07-19 17:28:313
Nurse_S._viscosa,Nurse_G._struthium,Other_species,0,1,2,-1,natural,2025-07-19 17:28:313
Nurse_S._viscosa,H._squamatum,S._viscosa,0,1,2,-1,natural,2025-07-19 17:28:313
Nurse_S._viscosa,H._squamatum,C._hispanica,0,1,2,-1,natural,2025-07-19 17:28:313
Nurse_S._viscosa,H._squamatum,Other_species,0,1,2,-1,natural,2025-07-19 17:28:313
Nurse_S._viscosa,S._viscosa,C._hispanica,0,1,2,-1,natural,2025-07-19 17:28:313
Nurse_S._viscosa,S._viscosa,Other_species,0,1,2,-1,natural,2025-07-19 17:28:313
Nurse_S._viscosa,C._hispanica,Other_species,0,1,2,-1,natural,2025-07-19 17:28:313
Nurse_G._struthium,H._squamatum,S._viscosa,0,1,2,-1,natural,2025-07-19 17:28:313
Nurse_G._struthium,H._squamatum,C._hispanica,0,1,2,-1,natural,2025-07-19 17:28:313
Nurse_G._struthium,H._squamatum,Other_species,0,1,2,-1,natural,2025-07-19 17:28:313
Nurse_G._struthium,S._viscosa,C._hispanica,0,1,2,-1,natural,2025-07-19 17:28:313
Nurse_G._struthium,S._viscosa,Other_species,0,1,2,-1,natural,2025-07-19 17:28:313
Nurse_G._struthium,C._hispanica,Other_species,0,1,2,-1,natural,2025-07-19 17:28:313
H._squamatum,S._viscosa,C._hispanica,0,1,2,-1,natural,2025-07-19 17:28:313
H._squamatum,S._viscosa,Other_species,0,1,2,-1,natural,2025-07-19 17:28:313
H._squamatum,C._hispanica,Other_species,0,1,2,-1,natural,2025-07-19 17:28:313
S._viscosa,C._hispanica,Other_species,0,1,2,-1,natural,2025-07-19 17:28:313
Nurse_S._viscosa,Nurse_G._struthium,H._squamatum,0,1,2,-1,restoration,2025-07-19 17:28:313
Nurse_S._viscosa,Nurse_G._struthium,S._viscosa,0,1,2,-1,restoration,2025-07-19 17:28:313
Nurse_S._viscosa,Nurse_G._struthium,C._hispanica,0,1,2,-1,restoration,2025-07-19 17:28:313
Nurse_S._viscosa,Nurse_G._struthium,Other_species,0,1,2,-1,restoration,2025-07-19 17:28:313
Nurse_S._viscosa,H._squamatum,S._viscosa,0,1,2,-1,restoration,2025-07-19 17:28:313
Nurse_S._viscosa,H._squamatum,C._hispanica,0,1,2,-1,restoration,2025-07-19 17:28:313
Nurse_S._viscosa,H._squamatum,Other_species,0,1,2,-1,restoration,2025-07-19 17:28:313
Nurse_S._viscosa,S._viscosa,C._hispanica,0,1,2,-1,restoration,2025-07-19 17:28:313
Nurse_S._viscosa,S._viscosa,Other_species,0,1,2,-1,restoration,2025-07-19 17:28:313
Nurse_S._viscosa,C._hispanica,Other_species,0,1,2,-1,restoration,2025-07-19 17:28:313
Nurse_G._struthium,H._squamatum,S._viscosa,0,1,2,-1,restoration,2025-07-19 17:28:313
Nurse_G._struthium,H._squamatum,C._hispanica,0,1,2,-1,restoration,2025-07-19 17:28:313
Nurse_G._struthium,H._squamatum,Other_species,0,1,2,-1,restoration,2025-07-19 17:28:313
Nurse_G._struthium,S._viscosa,C._hispanica,0,1,2,-1,restoration,2025-07-19 17:28:313
Nurse_G._struthium,S._viscosa,Other_species,0,1,2,-1,restoration,2025-07-19 17:28:313
Nurse_G._struthium,C._hispanica,Other_species,0,1,2,-1,restoration,2025-07-19 17:28:313
H._squamatum,S._viscosa,C._hispanica,0,1,2,-1,restoration,2025-07-19 17:28:313
H._squamatum,S._viscosa,Other_species,0,1,2,-1,restoration,2025-07-19 17:28:313
H._squamatum,C._hispanica,Other_species,0,1,2,-1,restoration,2025-07-19 17:28:313
S._viscosa,C._hispanica,Other_species,0,1,2,-1,restoration,2025-07-19 17:28:313
Nurse_S._viscosa,Nurse_G._struthium,H._squamatum,0,1,2,-1,natural,2025-07-19 17:28:313
Nurse_S._viscosa,Nurse_G._struthium,S._viscosa,0,1,2,-1,natural,2025-07-19 17:28:313
Nurse_S._viscosa,Nurse_G._struthium,C._hispanica,0,1,2,-1,natural,2025-07-19 17:28:313
Nurse_S._viscosa,Nurse_G._struthium,Other_species,0,1,2,-1,natural,2025-07-19 17:28:313
Nurse_S._viscosa,H._squamatum,S._viscosa,0,1,2,-1,natural,2025-07-19 17:28:313
Nurse_S._viscosa,H._squamatum,C._hispanica,0,1,2,-1,natural,2025-07-19 17:28:313
Nurse_S._viscosa,H._squamatum,Other_species,0,1,2,-1,natural,2025-07-19 17:28:313
Nurse_S._viscosa,S._viscosa,C._hispanica,0,1,2,-1,natural,2025-07-19 17:28:313
Nurse_S._viscosa,S._viscosa,Other_species,0,1,2,-1,natural,2025-07-19 17:28:313
Nurse_S._viscosa,C._hispanica,Other_species,0,1,2,-1,natural,2025-07-19 17:28:313
Nurse_G._struthium,H._squamatum,S._viscosa,0,1,2,-1,natural,2025-07-19 17:28:313
Nurse_G._struthium,H._squamatum,C._hispanica,0,1,2,-1,natural,2025-07-19 17:28:313
Nurse_G._struthium,H._squamatum,Other_species,0,1,2,-1,natural,2025-07-19 17:28:313
Nurse_G._struthium,S._viscosa,C._hispanica,0,1,2,-1,natural,2025-07-19 17:28:313
Nurse_G._struthium,S._viscosa,Other_species,0,1,2,-1,natural,2025-07-19 17:28:313
Nurse_G._struthium,C._hispanica,Other_species,0,1,2,-1,natural,2025-07-19 17:28:313
H._squamatum,S._viscosa,C._hispanica,0,1,2,-1,natural,2025-07-19 17:28:313
H._squamatum,S._viscosa,Other_species,0,1,2,-1,natural,2025-07-19 17:28:313
H._squamatum,C._hispanica,Other_species,0,1,2,-1,natural,2025-07-19 17:28:313
S._viscosa,C._hispanica,Other_species,0,1,2,-1,natural,2025-07-19 17:28:313
Nurse_S._viscosa,Nurse_G._struthium,H._squamatum,0,1,2,-1,restoration,2025-07-19 17:28:303
Nurse_S._viscosa,Nurse_G._struthium,S._viscosa,0,1,2,-1,restoration,2025-07-19 17:28:303
Nurse_S._viscosa,Nurse_G._struthium,C._hispanica,0,1,2,-1,restoration,2025-07-19 17:28:303
Nurse_S._viscosa,Nurse_G._struthium,Other_species,0,1,2,-1,restoration,2025-07-19 17:28:303
Nurse_S._viscosa,H._squamatum,S._viscosa,0,1,2,-1,restoration,2025-07-19 17:28:303
Nurse_S._viscosa,H._squamatum,C._hispanica,0,1,2,-1,restoration,2025-07-19 17:28:303
Nurse_S._viscosa,H._squamatum,Other_species,0,1,2,-1,restoration,2025-07-19 17:28:303
Nurse_S._viscosa,S._viscosa,C._hispanica,0,1,2,-1,restoration,2025-07-19 17:28:303
Nurse_S._viscosa,S._viscosa,Other_species,0,1,2,-1,restoration,2025-07-19 17:28:303
Nurse_S._viscosa,C._hispanica,Other_species,0,1,2,-1,restoration,2025-07-19 17:28:303
Nurse_G._struthium,H._squamatum,S._viscosa,0,1,2,-1,restoration,2025-07-19 17:28:303
Nurse_G._struthium,H._squamatum,C._hispanica,0,1,2,-1,restoration,2025-07-19 17:28:303
Nurse_G._struthium,H._squamatum,Other_species,0,1,2,-1,restoration,2025-07-19 17:28:303
Nurse_G._struthium,S._viscosa,C._hispanica,0,1,2,-1,restoration,2025-07-19 17:28:303
Nurse_G._struthium,S._viscosa,Other_species,0,1,2,-1,restoration,2025-07-19 17:28:303
Nurse_G._struthium,C._hispanica,Other_species,0,1,2,-1,restoration,2025-07-19 17:28:303
H._squamatum,S._viscosa,C._hispanica,0,1,2,-1,restoration,2025-07-19 17:28:303
H._squamatum,S._viscosa,Other_species,0,1,2,-1,restoration,2025-07-19 17:28:303
H._squamatum,C._hispanica,Other_species,0,1,2,-1,restoration,2025-07-19 17:28:303
S._viscosa,C._hispanica,Other_species,0,1,2,-1,restoration,2025-07-19 17:28:303
Nurse_S._viscosa,Nurse_G._struthium,H._squamatum,0,1,2,-1,natural,2025-07-19 17:28:303
Nurse_S._viscosa,Nurse_G._struthium,S._viscosa,0,1,2,-1,natural,2025-07-19 17:28:303
Nurse_S._viscosa,Nurse_G._struthium,C._hispanica,0,1,2,-1,natural,2025-07-19 17:28:303
Nurse_S._viscosa,Nurse_G._struthium,Other_species,0,1,2,-1,natural,2025-07-19 17:28:303
Nurse_S._viscosa,H._squamatum,S._viscosa,0,1,2,-1,natural,2025-07-19 17:28:303
Nurse_S._viscosa,H._squamatum,C._hispanica,0,1,2,-1,natural,2025-07-19 17:28:303
Nurse_S._viscosa,H._squamatum,Other_species,0,1,2,-1,natural,2025-07-19 17:28:303
Nurse_S._viscosa,S._viscosa,C._hispanica,0,1,2,-1,natural,2025-07-19 17:28:303
Nurse_S._viscosa,S._viscosa,Other_species,0,1,2,-1,natural,2025-07-19 17:28:303
Nurse_S._viscosa,C._hispanica,Other_species,0,1,2,-1,natural,2025-07-19 17:28:303
Nurse_G._struthium,H._squamatum,S._viscosa,0,1,2,-1,natural,2025-07-19 17:28:303
Nurse_G._struthium,H._squamatum,C._hispanica,0,1,2,-1,natural,2025-07-19 17:28:303
Nurse_G._struthium,H._squamatum,Other_species,0,1,2,-1,natural,2025-07-19 17:28:303
Nurse_G._struthium,S._viscosa,C._hispanica,0,1,2,-1,natural,2025-07-19 17:28:303
Nurse_G._struthium,S._viscosa,Other_species,0,1,2,-1,natural,2025-07-19 17:28:303
Nurse_G._struthium,C._hispanica,Other_species,0,1,2,-1,natural,2025-07-19 17:28:303
H._squamatum,S._viscosa,C._hispanica,0,1,2,-1,natural,2025-07-19 17:28:303
H._squamatum,S._viscosa,Other_species,0,1,2,-1,natural,2025-07-19 17:28:303
H._squamatum,C._hispanica,Other_species,0,1,2,-1,natural,2025-07-19 17:28:303
S._viscosa,C._hispanica,Other_species,0,1,2,-1,natural,2025-07-19 17:28:303
Nurse_S._viscosa,Nurse_G._struthium,H._squamatum,0,1,2,-1,restoration,2025-07-19 17:28:303
Nurse_S._viscosa,Nurse_G._struthium,S._viscosa,0,1,2,-1,restoration,2025-07-19 17:28:303
Nurse_S._viscosa,Nurse_G._struthium,C._hispanica,0,1,2,-1,restoration,2025-07-19 17:28:303
Nurse_S._viscosa,Nurse_G._struthium,Other_species,0,1,2,-1,restoration,2025-07-19 17:28:303
Nurse_S._viscosa,H._squamatum,S._viscosa,0,1,2,-1,restoration,2025-07-19 17:28:303
Nurse_S._viscosa,H._squamatum,C._hispanica,0,1,2,-1,restoration,2025-07-19 17:28:303
Nurse_S._viscosa,H._squamatum,Other_species,0,1,2,-1,restoration,2025-07-19 17:28:303
Nurse_S._viscosa,S._viscosa,C._hispanica,0,1,2,-1,restoration,2025-07-19 17:28:303
Nurse_S._viscosa,S._viscosa,Other_species,0,1,2,-1,restoration,2025-07-19 17:28:303
Nurse_S._viscosa,C._hispanica,Other_species,0,1,2,-1,restoration,2025-07-19 17:28:303
Nurse_G._struthium,H._squamatum,S._viscosa,0,1,2,-1,restoration,2025-07-19 17:28:303
Nurse_G._struthium,H._squamatum,C._hispanica,0,1,2,-1,restoration,2025-07-19 17:28:303
Nurse_G._struthium,H._squamatum,Other_species,0,1,2,-1,restoration,2025-07-19 17:28:303
Nurse_G._struthium,S._viscosa,C._hispanica,0,1,2,-1,restoration,2025-07-19 17:28:303
Nurse_G._struthium,S._viscosa,Other_species,0,1,2,-1,restoration,2025-07-19 17:28:303
Nurse_G._struthium,C._hispanica,Other_species,0,1,2,-1,restoration,2025-07-19 17:28:303
H._squamatum,S._viscosa,C._hispanica,0,1,2,-1,restoration,2025-07-19 17:28:303
H._squamatum,S._viscosa,Other_species,0,1,2,-1,restoration,2025-07-19 17:28:303
H._squamatum,C._hispanica,Other_species,0,1,2,-1,restoration,2025-07-19 17:28:303
S._viscosa,C._hispanica,Other_species,0,1,2,-1,restoration,2025-07-19 17:28:303
Nurse_S._viscosa,Nurse_G._struthium,H._squamatum,0,1,2,-1,natural,2025-07-19 17:28:303
Nurse_S._viscosa,Nurse_G._struthium,S._viscosa,0,1,2,-1,natural,2025-07-19 17:28:303
Nurse_S._viscosa,Nurse_G._struthium,C._hispanica,0,1,2,-1,natural,2025-07-19 17:28:303
Nurse_S._viscosa,Nurse_G._struthium,Other_species,0,1,2,-1,natural,2025-07-19 17:28:303
Nurse_S._viscosa,H._squamatum,S._viscosa,0,1,2,-1,natural,2025-07-19 17:28:303
Nurse_S._viscosa,H._squamatum,C._hispanica,0,1,2,-1,natural,2025-07-19 17:28:303
Nurse_S._viscosa,H._squamatum,Other_species,0,1,2,-1,natural,2025-07-19 17:28:303
Nurse_S._viscosa,S._viscosa,C._hispanica,0,1,2,-1,natural,2025-07-19 17:28:303
Nurse_S._viscosa,S._viscosa,Other_species,0,1,2,-1,natural,2025-07-19 17:28:303
Nurse_S._viscosa,C._hispanica,Other_species,0,1,2,-1,natural,2025-07-19 17:28:303
Nurse_G._struthium,H._squamatum,S._viscosa,0,1,2,-1,natural,2025-07-19 17:28:303
Nurse_G._struthium,H._squamatum,C._hispanica,0,1,2,-1,natural,2025-07-19 17:28:303
Nurse_G._struthium,H._squamatum,Other_species,0,1,2,-1,natural,2025-07-19 17:28:303
Nurse_G._struthium,S._viscosa,C._hispanica,0,1,2,-1,natural,2025-07-19 17:28:303
Nurse_G._struthium,S._viscosa,Other_species,0,1,2,-1,natural,2025-07-19 17:28:303
Nurse_G._struthium,C._hispanica,Other_species,0,1,2,-1,natural,2025-07-19 17:28:303
H._squamatum,S._viscosa,C._hispanica,0,1,2,-1,natural,2025-07-19 17:28:303
H._squamatum,S._viscosa,Other_species,0,1,2,-1,natural,2025-07-19 17:28:303
H._squamatum,C._hispanica,Other_species,0,1,2,-1,natural,2025-07-19 17:28:303
S._viscosa,C._hispanica,Other_species,0,1,2,-1,natural,2025-07-19 17:28:303
Nurse_S._viscosa,Nurse_G._struthium,H._squamatum,0,1,2,-1,restoration,2025-07-19 17:28:293
Nurse_S._viscosa,Nurse_G._struthium,S._viscosa,0,1,2,-1,restoration,2025-07-19 17:28:293
Nurse_S._viscosa,Nurse_G._struthium,C._hispanica,0,1,2,-1,restoration,2025-07-19 17:28:293
Nurse_S._viscosa,Nurse_G._struthium,Other_species,0,1,2,-1,restoration,2025-07-19 17:28:293
Nurse_S._viscosa,H._squamatum,S._viscosa,0,1,2,-1,restoration,2025-07-19 17:28:293
Nurse_S._viscosa,H._squamatum,C._hispanica,0,1,2,-1,restoration,2025-07-19 17:28:293
Nurse_S._viscosa,H._squamatum,Other_species,0,1,2,-1,restoration,2025-07-19 17:28:293
Nurse_S._viscosa,S._viscosa,C._hispanica,0,1,2,-1,restoration,2025-07-19 17:28:293
Nurse_S._viscosa,S._viscosa,Other_species,0,1,2,-1,restoration,2025-07-19 17:28:293
Nurse_S._viscosa,C._hispanica,Other_species,0,1,2,-1,restoration,2025-07-19 17:28:293
Nurse_G._struthium,H._squamatum,S._viscosa,0,1,2,-1,restoration,2025-07-19 17:28:293
Nurse_G._struthium,H._squamatum,C._hispanica,0,1,2,-1,restoration,2025-07-19 17:28:293
Nurse_G._struthium,H._squamatum,Other_species,0,1,2,-1,restoration,2025-07-19 17:28:293
Nurse_G._struthium,S._viscosa,C._hispanica,0,1,2,-1,restoration,2025-07-19 17:28:293
Nurse_G._struthium,S._viscosa,Other_species,0,1,2,-1,restoration,2025-07-19 17:28:293
Nurse_G._struthium,C._hispanica,Other_species,0,1,2,-1,restoration,2025-07-19 17:28:293
H._squamatum,S._viscosa,C._hispanica,0,1,2,-1,restoration,2025-07-19 17:28:293
H._squamatum,S._viscosa,Other_species,0,1,2,-1,restoration,2025-07-19 17:28:293
H._squamatum,C._hispanica,Other_species,0,1,2,-1,restoration,2025-07-19 17:28:293
S._viscosa,C._hispanica,Other_species,0,1,2,-1,restoration,2025-07-19 17:28:293
Nurse_S._viscosa,Nurse_G._struthium,H._squamatum,0,1,2,-1,natural,2025-07-19 17:28:293
Nurse_S._viscosa,Nurse_G._struthium,S._viscosa,0,1,2,-1,natural,2025-07-19 17:28:293
Nurse_S._viscosa,Nurse_G._struthium,C._hispanica,0,1,2,-1,natural,2025-07-19 17:28:293
Nurse_S._viscosa,Nurse_G._struthium,Other_species,0,1,2,-1,natural,2025-07-19 17:28:293
Nurse_S._viscosa,H._squamatum,S._viscosa,0,1,2,-1,natural,2025-07-19 17:28:293
Nurse_S._viscosa,H._squamatum,C._hispanica,0,1,2,-1,natural,2025-07-19 17:28:293
Nurse_S._viscosa,H._squamatum,Other_species,0,1,2,-1,natural,2025-07-19 17:28:293
Nurse_S._viscosa,S._viscosa,C._hispanica,0,1,2,-1,natural,2025-07-19 17:28:293
Nurse_S._viscosa,S._viscosa,Other_species,0,1,2,-1,natural,2025-07-19 17:28:293
Nurse_S._viscosa,C._hispanica,Other_species,0,1,2,-1,natural,2025-07-19 17:28:293
Nurse_G._struthium,H._squamatum,S._viscosa,0,1,2,-1,natural,2025-07-19 17:28:293
Nurse_G._struthium,H._squamatum,C._hispanica,0,1,2,-1,natural,2025-07-19 17:28:293
Nurse_G._struthium,H._squamatum,Other_species,0,1,2,-1,natural,2025-07-19 17:28:293
Nurse_G._struthium,S._viscosa,C._hispanica,0,1,2,-1,natural,2025-07-19 17:28:293
Nurse_G._struthium,S._viscosa,Other_species,0,1,2,-1,natural,2025-07-19 17:28:293
Nurse_G._struthium,C._hispanica,Other_species,0,1,2,-1,natural,2025-07-19 17:28:293
H._squamatum,S._viscosa,C._hispanica,0,1,2,-1,natural,2025-07-19 17:28:293
H._squamatum,S._viscosa,Other_species,0,1,2,-1,natural,2025-07-19 17:28:293
H._squamatum,C._hispanica,Other_species,0,1,2,-1,natural,2025-07-19 17:28:293
S._viscosa,C._hispanica,Other_species,0,1,2,-1,natural,2025-07-19 17:28:293
Nurse_S._viscosa,Nurse_G._struthium,H._squamatum,0,1,2,-1,restoration,2025-07-19 17:28:293
Nurse_S._viscosa,Nurse_G._struthium,S._viscosa,0,1,2,-1,restoration,2025-07-19 17:28:293
Nurse_S._viscosa,Nurse_G._struthium,C._hispanica,0,1,2,-1,restoration,2025-07-19 17:28:293
Nurse_S._viscosa,Nurse_G._struthium,Other_species,0,1,2,-1,restoration,2025-07-19 17:28:293
Nurse_S._viscosa,H._squamatum,S._viscosa,0,1,2,-1,restoration,2025-07-19 17:28:293
Nurse_S._viscosa,H._squamatum,C._hispanica,0,1,2,-1,restoration,2025-07-19 17:28:293
Nurse_S._viscosa,H._squamatum,Other_species,0,1,2,-1,restoration,2025-07-19 17:28:293
Nurse_S._viscosa,S._viscosa,C._hispanica,0,1,2,-1,restoration,2025-07-19 17:28:293
Nurse_S._viscosa,S._viscosa,Other_species,0,1,2,-1,restoration,2025-07-19 17:28:293
Nurse_S._viscosa,C._hispanica,Other_species,0,1,2,-1,restoration,2025-07-19 17:28:293
Nurse_G._struthium,H._squamatum,S._viscosa,0,1,2,-1,restoration,2025-07-19 17:28:293
Nurse_G._struthium,H._squamatum,C._hispanica,0,1,2,-1,restoration,2025-07-19 17:28:293
Nurse_G._struthium,H._squamatum,Other_species,0,1,2,-1,restoration,2025-07-19 17:28:293
Nurse_G._struthium,S._viscosa,C._hispanica,0,1,2,-1,restoration,2025-07-19 17:28:293
Nurse_G._struthium,S._viscosa,Other_species,0,1,2,-1,restoration,2025-07-19 17:28:293
Nurse_G._struthium,C._hispanica,Other_species,0,1,2,-1,restoration,2025-07-19 17:28:293
H._squamatum,S._viscosa,C._hispanica,0,1,2,-1,restoration,2025-07-19 17:28:293
H._squamatum,S._viscosa,Other_species,0,1,2,-1,restoration,2025-07-19 17:28:293
H._squamatum,C._hispanica,Other_species,0,1,2,-1,restoration,2025-07-19 17:28:293
S._viscosa,C._hispanica,Other_species,0,1,2,-1,restoration,2025-07-19 17:28:293
Nurse_S._viscosa,Nurse_G._struthium,H._squamatum,0,1,2,-1,natural,2025-07-19 17:28:293
Nurse_S._viscosa,Nurse_G._struthium,S._viscosa,0,1,2,-1,natural,2025-07-19 17:28:293
Nurse_S._viscosa,Nurse_G._struthium,C._hispanica,0,1,2,-1,natural,2025-07-19 17:28:293
Nurse_S._viscosa,Nurse_G._struthium,Other_species,0,1,2,-1,natural,2025-07-19 17:28:293
Nurse_S._viscosa,H._squamatum,S._viscosa,0,1,2,-1,natural,2025-07-19 17:28:293
Nurse_S._viscosa,H._squamatum,C._hispanica,0,1,2,-1,natural,2025-07-19 17:28:293
Nurse_S._viscosa,H._squamatum,Other_species,0,1,2,-1,natural,2025-07-19 17:28:293
Nurse_S._viscosa,S._viscosa,C._hispanica,0,1,2,-1,natural,2025-07-19 17:28:293
Nurse_S._viscosa,S._viscosa,Other_species,0,1,2,-1,natural,2025-07-19 17:28:293
Nurse_S._viscosa,C._hispanica,Other_species,0,1,2,-1,natural,2025-07-19 17:28:293
Nurse_G._struthium,H._squamatum,S._viscosa,0,1,2,-1,natural,2025-07-19 17:28:293
Nurse_G._struthium,H._squamatum,C._hispanica,0,1,2,-1,natural,2025-07-19 17:28:293
Nurse_G._struthium,H._squamatum,Other_species,0,1,2,-1,natural,2025-07-19 17:28:293
Nurse_G._struthium,S._viscosa,C._hispanica,0,1,2,-1,natural,2025-07-19 17:28:293
Nurse_G._struthium,S._viscosa,Other_species,0,1,2,-1,natural,2025-07-19 17:28:293
Nurse_G._struthium,C._hispanica,Other_species,0,1,2,-1,natural,2025-07-19 17:28:293
H._squamatum,S._viscosa,C._hispanica,0,1,2,-1,natural,2025-07-19 17:28:293
H._squamatum,S._viscosa,Other_species,0,1,2,-1,natural,2025-07-19 17:28:293
H._squamatum,C._hispanica,Other_species,0,1,2,-1,natural,2025-07-19 17:28:293
S._viscosa,C._hispanica,Other_species,0,1,2,-1,natural,2025-07-19 17:28:293
Nurse_S._viscosa,Nurse_G._struthium,H._squamatum,0,1,2,-1,restoration,2025-07-19 17:28:283
Nurse_S._viscosa,Nurse_G._struthium,S._viscosa,0,1,2,-1,restoration,2025-07-19 17:28:283
Nurse_S._viscosa,Nurse_G._struthium,C._hispanica,0,1,2,-1,restoration,2025-07-19 17:28:283
Nurse_S._viscosa,Nurse_G._struthium,Other_species,0,1,2,-1,restoration,2025-07-19 17:28:283
Nurse_S._viscosa,H._squamatum,S._viscosa,0,1,2,-1,restoration,2025-07-19 17:28:283
Nurse_S._viscosa,H._squamatum,C._hispanica,0,1,2,-1,restoration,2025-07-19 17:28:283
Nurse_S._viscosa,H._squamatum,Other_species,0,1,2,-1,restoration,2025-07-19 17:28:283
Nurse_S._viscosa,S._viscosa,C._hispanica,0,1,2,-1,restoration,2025-07-19 17:28:283
Nurse_S._viscosa,S._viscosa,Other_species,0,1,2,-1,restoration,2025-07-19 17:28:283
Nurse_S._viscosa,C._hispanica,Other_species,0,1,2,-1,restoration,2025-07-19 17:28:283
Nurse_G._struthium,H._squamatum,S._viscosa,0,1,2,-1,restoration,2025-07-19 17:28:283
Nurse_G._struthium,H._squamatum,C._hispanica,0,1,2,-1,restoration,2025-07-19 17:28:283
Nurse_G._struthium,H._squamatum,Other_species,0,1,2,-1,restoration,2025-07-19 17:28:283
Nurse_G._struthium,S._viscosa,C._hispanica,0,1,2,-1,restoration,2025-07-19 17:28:283
Nurse_G._struthium,S._viscosa,Other_species,0,1,2,-1,restoration,2025-07-19 17:28:283
Nurse_G._struthium,C._hispanica,Other_species,0,1,2,-1,restoration,2025-07-19 17:28:283
H._squamatum,S._viscosa,C._hispanica,0,1,2,-1,restoration,2025-07-19 17:28:283
H._squamatum,S._viscosa,Other_species,0,1,2,-1,restoration,2025-07-19 17:28:283
H._squamatum,C._hispanica,Other_species,0,1,2,-1,restoration,2025-07-19 17:28:283
S._viscosa,C._hispanica,Other_species,0,1,2,-1,restoration,2025-07-19 17:28:283
Nurse_S._viscosa,Nurse_G._struthium,H._squamatum,0,1,2,-1,natural,2025-07-19 17:28:283
Nurse_S._viscosa,Nurse_G._struthium,S._viscosa,0,1,2,-1,natural,2025-07-19 17:28:283
Nurse_S._viscosa,Nurse_G._struthium,C._hispanica,0,1,2,-1,natural,2025-07-19 17:28:283
Nurse_S._viscosa,Nurse_G._struthium,Other_species,0,1,2,-1,natural,2025-07-19 17:28:283
Nurse_S._viscosa,H._squamatum,S._viscosa,0,1,2,-1,natural,2025-07-19 17:28:283
Nurse_S._viscosa,H._squamatum,C._hispanica,0,1,2,-1,natural,2025-07-19 17:28:283
Nurse_S._viscosa,H._squamatum,Other_species,0,1,2,-1,natural,2025-07-19 17:28:283
Nurse_S._viscosa,S._viscosa,C._hispanica,0,1,2,-1,natural,2025-07-19 17:28:283
Nurse_S._viscosa,S._viscosa,Other_species,0,1,2,-1,natural,2025-07-19 17:28:283
Nurse_S._viscosa,C._hispanica,Other_species,0,1,2,-1,natural,2025-07-19 17:28:283
Nurse_G._struthium,H._squamatum,S._viscosa,0,1,2,-1,natural,2025-07-19 17:28:283
Nurse_G._struthium,H._squamatum,C._hispanica,0,1,2,-1,natural,2025-07-19 17:28:283
Nurse_G._struthium,H._squamatum,Other_species,0,1,2,-1,natural,2025-07-19 17:28:283
Nurse_G._struthium,S._viscosa,C._hispanica,0,1,2,-1,natural,2025-07-19 17:28:283
Nurse_G._struthium,S._viscosa,Other_species,0,1,2,-1,natural,2025-07-19 17:28:283
Nurse_G._struthium,C._hispanica,Other_species,0,1,2,-1,natural,2025-07-19 17:28:283
H._squamatum,S._viscosa,C._hispanica,0,1,2,-1,natural,2025-07-19 17:28:283
H._squamatum,S._viscosa,Other_species,0,1,2,-1,natural,2025-07-19 17:28:283
H._squamatum,C._hispanica,Other_species,0,1,2,-1,natural,2025-07-19 17:28:283
S._viscosa,C._hispanica,Other_species,0,1,2,-1,natural,2025-07-19 17:28:283
Nurse_S._viscosa,Nurse_G._struthium,H._squamatum,0,1,2,-1,restoration,2025-07-19 17:28:283
Nurse_S._viscosa,Nurse_G._struthium,S._viscosa,0,1,2,-1,restoration,2025-07-19 17:28:283
Nurse_S._viscosa,Nurse_G._struthium,C._hispanica,0,1,2,-1,restoration,2025-07-19 17:28:283
Nurse_S._viscosa,Nurse_G._struthium,Other_species,0,1,2,-1,restoration,2025-07-19 17:28:283
Nurse_S._viscosa,H._squamatum,S._viscosa,0,1,2,-1,restoration,2025-07-19 17:28:283
Nurse_S._viscosa,H._squamatum,C._hispanica,0,1,2,-1,restoration,2025-07-19 17:28:283
Nurse_S._viscosa,H._squamatum,Other_species,0,1,2,-1,restoration,2025-07-19 17:28:283
Nurse_S._viscosa,S._viscosa,C._hispanica,0,1,2,-1,restoration,2025-07-19 17:28:283
Nurse_S._viscosa,S._viscosa,Other_species,0,1,2,-1,restoration,2025-07-19 17:28:283
Nurse_S._viscosa,C._hispanica,Other_species,0,1,2,-1,restoration,2025-07-19 17:28:283
Nurse_G._struthium,H._squamatum,S._viscosa,0,1,2,-1,restoration,2025-07-19 17:28:283
Nurse_G._struthium,H._squamatum,C._hispanica,0,1,2,-1,restoration,2025-07-19 17:28:283
Nurse_G._struthium,H._squamatum,Other_species,0,1,2,-1,restoration,2025-07-19 17:28:283
Nurse_G._struthium,S._viscosa,C._hispanica,0,1,2,-1,restoration,2025-07-19 17:28:283
Nurse_G._struthium,S._viscosa,Other_species,0,1,2,-1,restoration,2025-07-19 17:28:283
Nurse_G._struthium,C._hispanica,Other_species,0,1,2,-1,restoration,2025-07-19 17:28:283
H._squamatum,S._viscosa,C._hispanica,0,1,2,-1,restoration,2025-07-19 17:28:283
H._squamatum,S._viscosa,Other_species,0,1,2,-1,restoration,2025-07-19 17:28:283
H._squamatum,C._hispanica,Other_species,0,1,2,-1,restoration,2025-07-19 17:28:283
S._viscosa,C._hispanica,Other_species,0,1,2,-1,restoration,2025-07-19 17:28:283
Nurse_S._viscosa,Nurse_G._struthium,H._squamatum,0,1,2,-1,natural,2025-07-19 17:28:283
Nurse_S._viscosa,Nurse_G._struthium,S._viscosa,0,1,2,-1,natural,2025-07-19 17:28:283
Nurse_S._viscosa,Nurse_G._struthium,C._hispanica,0,1,2,-1,natural,2025-07-19 17:28:283
Nurse_S._viscosa,Nurse_G._struthium,Other_species,0,1,2,-1,natural,2025-07-19 17:28:283
Nurse_S._viscosa,H._squamatum,S._viscosa,0,1,2,-1,natural,2025-07-19 17:28:283
Nurse_S._viscosa,H._squamatum,C._hispanica,0,1,2,-1,natural,2025-07-19 17:28:283
Nurse_S._viscosa,H._squamatum,Other_species,0,1,2,-1,natural,2025-07-19 17:28:283
Nurse_S._viscosa,S._viscosa,C._hispanica,0,1,2,-1,natural,2025-07-19 17:28:283
Nurse_S._viscosa,S._viscosa,Other_species,0,1,2,-1,natural,2025-07-19 17:28:283
Nurse_S._viscosa,C._hispanica,Other_species,0,1,2,-1,natural,2025-07-19 17:28:283
Nurse_G._struthium,H._squamatum,S._viscosa,0,1,2,-1,natural,2025-07-19 17:28:283
Nurse_G._struthium,H._squamatum,C._hispanica,0,1,2,-1,natural,2025-07-19 17:28:283
Nurse_G._struthium,H._squamatum,Other_species,0,1,2,-1,natural,2025-07-19 17:28:283
Nurse_G._struthium,S._viscosa,C._hispanica,0,1,2,-1,natural,2025-07-19 17:28:283
Nurse_G._struthium,S._viscosa,Other_species,0,1,2,-1,natural,2025-07-19 17:28:283
Nurse_G._struthium,C._hispanica,Other_species,0,1,2,-1,natural,2025-07-19 17:28:283
H._squamatum,S._viscosa,C._hispanica,0,1,2,-1,natural,2025-07-19 17:28:283
H._squamatum,S._viscosa,Other_species,0,1,2,-1,natural,2025-07-19 17:28:283
H._squamatum,C._hispanica,Other_species,0,1,2,-1,natural,2025-07-19 17:28:283
S._viscosa,C._hispanica,Other_species,0,1,2,-1,natural,2025-07-19 17:28:283
Nurse_S._viscosa,Nurse_G._struthium,H._squamatum,0,1,2,-1,restoration,2025-07-19 17:28:283
Nurse_S._viscosa,Nurse_G._struthium,S._viscosa,0,1,2,-1,restoration,2025-07-19 17:28:283
Nurse_S._viscosa,Nurse_G._struthium,C._hispanica,0,1,2,-1,restoration,2025-07-19 17:28:283
Nurse_S._viscosa,Nurse_G._struthium,Other_species,0,1,2,-1,restoration,2025-07-19 17:28:283
Nurse_S._viscosa,H._squamatum,S._viscosa,0,1,2,-1,restoration,2025-07-19 17:28:283
Nurse_S._viscosa,H._squamatum,C._hispanica,0,1,2,-1,restoration,2025-07-19 17:28:283
Nurse_S._viscosa,H._squamatum,Other_species,0,1,2,-1,restoration,2025-07-19 17:28:283
Nurse_S._viscosa,S._viscosa,C._hispanica,0,1,2,-1,restoration,2025-07-19 17:28:283
Nurse_S._viscosa,S._viscosa,Other_species,0,1,2,-1,restoration,2025-07-19 17:28:283
Nurse_S._viscosa,C._hispanica,Other_species,0,1,2,-1,restoration,2025-07-19 17:28:283
Nurse_G._struthium,H._squamatum,S._viscosa,0,1,2,-1,restoration,2025-07-19 17:28:283
Nurse_G._struthium,H._squamatum,C._hispanica,0,1,2,-1,restoration,2025-07-19 17:28:283
Nurse_G._struthium,H._squamatum,Other_species,0,1,2,-1,restoration,2025-07-19 17:28:283
Nurse_G._struthium,S._viscosa,C._hispanica,0,1,2,-1,restoration,2025-07-19 17:28:283
Nurse_G._struthium,S._viscosa,Other_species,0,1,2,-1,restoration,2025-07-19 17:28:283
Nurse_G._struthium,C._hispanica,Other_species,0,1,2,-1,restoration,2025-07-19 17:28:283
H._squamatum,S._viscosa,C._hispanica,0,1,2,-1,restoration,2025-07-19 17:28:283
H._squamatum,S._viscosa,Other_species,0,1,2,-1,restoration,2025-07-19 17:28:283
H._squamatum,C._hispanica,Other_species,0,1,2,-1,restoration,2025-07-19 17:28:283
S._viscosa,C._hispanica,Other_species,0,1,2,-1,restoration,2025-07-19 17:28:283
Nurse_S._viscosa,Nurse_G._struthium,H._squamatum,0,1,2,-1,natural,2025-07-19 17:28:283
Nurse_S._viscosa,Nurse_G._struthium,S._viscosa,0,1,2,-1,natural,2025-07-19 17:28:283
Nurse_S._viscosa,Nurse_G._struthium,C._hispanica,0,1,2,-1,natural,2025-07-19 17:28:283
Nurse_S._viscosa,Nurse_G._struthium,Other_species,0,1,2,-1,natural,2025-07-19 17:28:283
Nurse_S._viscosa,H._squamatum,S._viscosa,0,1,2,-1,natural,2025-07-19 17:28:283
Nurse_S._viscosa,H._squamatum,C._hispanica,0,1,2,-1,natural,2025-07-19 17:28:283
Nurse_S._viscosa,H._squamatum,Other_species,0,1,2,-1,natural,2025-07-19 17:28:283
Nurse_S._viscosa,S._viscosa,C._hispanica,0,1,2,-1,natural,2025-07-19 17:28:283
Nurse_S._viscosa,S._viscosa,Other_species,0,1,2,-1,natural,2025-07-19 17:28:283
Nurse_S._viscosa,C._hispanica,Other_species,0,1,2,-1,natural,2025-07-19 17:28:283
Nurse_G._struthium,H._squamatum,S._viscosa,0,1,2,-1,natural,2025-07-19 17:28:283
Nurse_G._struthium,H._squamatum,C._hispanica,0,1,2,-1,natural,2025-07-19 17:28:283
Nurse_G._struthium,H._squamatum,Other_species,0,1,2,-1,natural,2025-07-19 17:28:283
Nurse_G._struthium,S._viscosa,C._hispanica,0,1,2,-1,natural,2025-07-19 17:28:283
Nurse_G._struthium,S._viscosa,Other_species,0,1,2,-1,natural,2025-07-19 17:28:283
Nurse_G._struthium,C._hispanica,Other_species,0,1,2,-1,natural,2025-07-19 17:28:283
H._squamatum,S._viscosa,C._hispanica,0,1,2,-1,natural,2025-07-19 17:28:283
H._squamatum,S._viscosa,Other_species,0,1,2,-1,natural,2025-07-19 17:28:283
H._squamatum,C._hispanica,Other_species,0,1,2,-1,natural,2025-07-19 17:28:283
S._viscosa,C._hispanica,Other_species,0,1,2,-1,natural,2025-07-19 17:28:283
Nurse_S._viscosa,Nurse_G._struthium,H._squamatum,0,1,2,-1,restoration,2025-07-19 17:28:273
Nurse_S._viscosa,Nurse_G._struthium,S._viscosa,0,1,2,-1,restoration,2025-07-19 17:28:273
Nurse_S._viscosa,Nurse_G._struthium,C._hispanica,0,1,2,-1,restoration,2025-07-19 17:28:273
Nurse_S._viscosa,Nurse_G._struthium,Other_species,0,1,2,-1,restoration,2025-07-19 17:28:273
Nurse_S._viscosa,H._squamatum,S._viscosa,0,1,2,-1,restoration,2025-07-19 17:28:273
Nurse_S._viscosa,H._squamatum,C._hispanica,0,1,2,-1,restoration,2025-07-19 17:28:273
Nurse_S._viscosa,H._squamatum,Other_species,0,1,2,-1,restoration,2025-07-19 17:28:273
Nurse_S._viscosa,S._viscosa,C._hispanica,0,1,2,-1,restoration,2025-07-19 17:28:273
Nurse_S._viscosa,S._viscosa,Other_species,0,1,2,-1,restoration,2025-07-19 17:28:273
Nurse_S._viscosa,C._hispanica,Other_species,0,1,2,-1,restoration,2025-07-19 17:28:273
Nurse_G._struthium,H._squamatum,S._viscosa,0,1,2,-1,restoration,2025-07-19 17:28:273
Nurse_G._struthium,H._squamatum,C._hispanica,0,1,2,-1,restoration,2025-07-19 17:28:273
Nurse_G._struthium,H._squamatum,Other_species,0,1,2,-1,restoration,2025-07-19 17:28:273
Nurse_G._struthium,S._viscosa,C._hispanica,0,1,2,-1,restoration,2025-07-19 17:28:273
Nurse_G._struthium,S._viscosa,Other_species,0,1,2,-1,restoration,2025-07-19 17:28:273
Nurse_G._struthium,C._hispanica,Other_species,0,1,2,-1,restoration,2025-07-19 17:28:273
H._squamatum,S._viscosa,C._hispanica,0,1,2,-1,restoration,2025-07-19 17:28:273
H._squamatum,S._viscosa,Other_species,0,1,2,-1,restoration,2025-07-19 17:28:273
H._squamatum,C._hispanica,Other_species,0,1,2,-1,restoration,2025-07-19 17:28:273
S._viscosa,C._hispanica,Other_species,0,1,2,-1,restoration,2025-07-19 17:28:273
Nurse_S._viscosa,Nurse_G._struthium,H._squamatum,0,1,2,-1,natural,2025-07-19 17:28:273
Nurse_S._viscosa,Nurse_G._struthium,S._viscosa,0,1,2,-1,natural,2025-07-19 17:28:273
Nurse_S._viscosa,Nurse_G._struthium,C._hispanica,0,1,2,-1,natural,2025-07-19 17:28:273
Nurse_S._viscosa,Nurse_G._struthium,Other_species,0,1,2,-1,natural,2025-07-19 17:28:273
Nurse_S._viscosa,H._squamatum,S._viscosa,0,1,2,-1,natural,2025-07-19 17:28:273
Nurse_S._viscosa,H._squamatum,C._hispanica,0,1,2,-1,natural,2025-07-19 17:28:273
Nurse_S._viscosa,H._squamatum,Other_species,0,1,2,-1,natural,2025-07-19 17:28:273
Nurse_S._viscosa,S._viscosa,C._hispanica,0,1,2,-1,natural,2025-07-19 17:28:273
Nurse_S._viscosa,S._viscosa,Other_species,0,1,2,-1,natural,2025-07-19 17:28:273
Nurse_S._viscosa,C._hispanica,Other_species,0,1,2,-1,natural,2025-07-19 17:28:273
Nurse_G._struthium,H._squamatum,S._viscosa,0,1,2,-1,natural,2025-07-19 17:28:273
Nurse_G._struthium,H._squamatum,C._hispanica,0,1,2,-1,natural,2025-07-19 17:28:273
Nurse_G._struthium,H._squamatum,Other_species,0,1,2,-1,natural,2025-07-19 17:28:273
Nurse_G._struthium,S._viscosa,C._hispanica,0,1,2,-1,natural,2025-07-19 17:28:273
Nurse_G._struthium,S._viscosa,Other_species,0,1,2,-1,natural,2025-07-19 17:28:273
Nurse_G._struthium,C._hispanica,Other_species,0,1,2,-1,natural,2025-07-19 17:28:273
H._squamatum,S._viscosa,C._hispanica,0,1,2,-1,natural,2025-07-19 17:28:273
H._squamatum,S._viscosa,Other_species,0,1,2,-1,natural,2025-07-19 17:28:273
H._squamatum,C._hispanica,Other_species,0,1,2,-1,natural,2025-07-19 17:28:273
S._viscosa,C._hispanica,Other_species,0,1,2,-1,natural,2025-07-19 17:28:273
Nurse_S._viscosa,Nurse_G._struthium,H._squamatum,0,1,2,-1,restoration,2025-07-19 17:28:273
Nurse_S._viscosa,Nurse_G._struthium,S._viscosa,0,1,2,-1,restoration,2025-07-19 17:28:273
Nurse_S._viscosa,Nurse_G._struthium,C._hispanica,0,1,2,-1,restoration,2025-07-19 17:28:273
Nurse_S._viscosa,Nurse_G._struthium,Other_species,0,1,2,-1,restoration,2025-07-19 17:28:273
Nurse_S._viscosa,H._squamatum,S._viscosa,0,1,2,-1,restoration,2025-07-19 17:28:273
Nurse_S._viscosa,H._squamatum,C._hispanica,0,1,2,-1,restoration,2025-07-19 17:28:273
Nurse_S._viscosa,H._squamatum,Other_species,0,1,2,-1,restoration,2025-07-19 17:28:273
Nurse_S._viscosa,S._viscosa,C._hispanica,0,1,2,-1,restoration,2025-07-19 17:28:273
Nurse_S._viscosa,S._viscosa,Other_species,0,1,2,-1,restoration,2025-07-19 17:28:273
Nurse_S._viscosa,C._hispanica,Other_species,0,1,2,-1,restoration,2025-07-19 17:28:273
Nurse_G._struthium,H._squamatum,S._viscosa,0,1,2,-1,restoration,2025-07-19 17:28:273
Nurse_G._struthium,H._squamatum,C._hispanica,0,1,2,-1,restoration,2025-07-19 17:28:273
Nurse_G._struthium,H._squamatum,Other_species,0,1,2,-1,restoration,2025-07-19 17:28:273
Nurse_G._struthium,S._viscosa,C._hispanica,0,1,2,-1,restoration,2025-07-19 17:28:273
Nurse_G._struthium,S._viscosa,Other_species,0,1,2,-1,restoration,2025-07-19 17:28:273
Nurse_G._struthium,C._hispanica,Other_species,0,1,2,-1,restoration,2025-07-19 17:28:273
H._squamatum,S._viscosa,C._hispanica,0,1,2,-1,restoration,2025-07-19 17:28:273
H._squamatum,S._viscosa,Other_species,0,1,2,-1,restoration,2025-07-19 17:28:273
H._squamatum,C._hispanica,Other_species,0,1,2,-1,restoration,2025-07-19 17:28:273
S._viscosa,C._hispanica,Other_species,0,1,2,-1,restoration,2025-07-19 17:28:273
Nurse_S._viscosa,Nurse_G._struthium,H._squamatum,0,1,2,-1,natural,2025-07-19 17:28:273
Nurse_S._viscosa,Nurse_G._struthium,S._viscosa,0,1,2,-1,natural,2025-07-19 17:28:273
Nurse_S._viscosa,Nurse_G._struthium,C._hispanica,0,1,2,-1,natural,2025-07-19 17:28:273
Nurse_S._viscosa,Nurse_G._struthium,Other_species,0,1,2,-1,natural,2025-07-19 17:28:273
Nurse_S._viscosa,H._squamatum,S._viscosa,0,1,2,-1,natural,2025-07-19 17:28:273
Nurse_S._viscosa,H._squamatum,C._hispanica,0,1,2,-1,natural,2025-07-19 17:28:273
Nurse_S._viscosa,H._squamatum,Other_species,0,1,2,-1,natural,2025-07-19 17:28:273
Nurse_S._viscosa,S._viscosa,C._hispanica,0,1,2,-1,natural,2025-07-19 17:28:273
Nurse_S._viscosa,S._viscosa,Other_species,0,1,2,-1,natural,2025-07-19 17:28:273
Nurse_S._viscosa,C._hispanica,Other_species,0,1,2,-1,natural,2025-07-19 17:28:273
Nurse_G._struthium,H._squamatum,S._viscosa,0,1,2,-1,natural,2025-07-19 17:28:273
Nurse_G._struthium,H._squamatum,C._hispanica,0,1,2,-1,natural,2025-07-19 17:28:273
Nurse_G._struthium,H._squamatum,Other_species,0,1,2,-1,natural,2025-07-19 17:28:273
Nurse_G._struthium,S._viscosa,C._hispanica,0,1,2,-1,natural,2025-07-19 17:28:273
Nurse_G._struthium,S._viscosa,Other_species,0,1,2,-1,natural,2025-07-19 17:28:273
Nurse_G._struthium,C._hispanica,Other_species,0,1,2,-1,natural,2025-07-19 17:28:273
H._squamatum,S._viscosa,C._hispanica,0,1,2,-1,natural,2025-07-19 17:28:273
H._squamatum,S._viscosa,Other_species,0,1,2,-1,natural,2025-07-19 17:28:273
H._squamatum,C._hispanica,Other_species,0,1,2,-1,natural,2025-07-19 17:28:273
S._viscosa,C._hispanica,Other_species,0,1,2,-1,natural,2025-07-19 17:28:273
Nurse_S._viscosa,Nurse_G._struthium,H._squamatum,0,1,2,-1,restoration,2025-07-19 17:28:263
Nurse_S._viscosa,Nurse_G._struthium,S._viscosa,0,1,2,-1,restoration,2025-07-19 17:28:263
Nurse_S._viscosa,Nurse_G._struthium,C._hispanica,0,1,2,-1,restoration,2025-07-19 17:28:263
Nurse_S._viscosa,Nurse_G._struthium,Other_species,0,1,2,-1,restoration,2025-07-19 17:28:263
Nurse_S._viscosa,H._squamatum,S._viscosa,0,1,2,-1,restoration,2025-07-19 17:28:263
Nurse_S._viscosa,H._squamatum,C._hispanica,0,1,2,-1,restoration,2025-07-19 17:28:263
Nurse_S._viscosa,H._squamatum,Other_species,0,1,2,-1,restoration,2025-07-19 17:28:263
Nurse_S._viscosa,S._viscosa,C._hispanica,0,1,2,-1,restoration,2025-07-19 17:28:263
Nurse_S._viscosa,S._viscosa,Other_species,0,1,2,-1,restoration,2025-07-19 17:28:263
Nurse_S._viscosa,C._hispanica,Other_species,0,1,2,-1,restoration,2025-07-19 17:28:263
Nurse_G._struthium,H._squamatum,S._viscosa,0,1,2,-1,restoration,2025-07-19 17:28:263
Nurse_G._struthium,H._squamatum,C._hispanica,0,1,2,-1,restoration,2025-07-19 17:28:263
Nurse_G._struthium,H._squamatum,Other_species,0,1,2,-1,restoration,2025-07-19 17:28:263
Nurse_G._struthium,S._viscosa,C._hispanica,0,1,2,-1,restoration,2025-07-19 17:28:263
Nurse_G._struthium,S._viscosa,Other_species,0,1,2,-1,restoration,2025-07-19 17:28:263
Nurse_G._struthium,C._hispanica,Other_species,0,1,2,-1,restoration,2025-07-19 17:28:263
H._squamatum,S._viscosa,C._hispanica,0,1,2,-1,restoration,2025-07-19 17:28:263
H._squamatum,S._viscosa,Other_species,0,1,2,-1,restoration,2025-07-19 17:28:263
H._squamatum,C._hispanica,Other_species,0,1,2,-1,restoration,2025-07-19 17:28:263
S._viscosa,C._hispanica,Other_species,0,1,2,-1,restoration,2025-07-19 17:28:263
Nurse_S._viscosa,Nurse_G._struthium,H._squamatum,0,1,2,-1,natural,2025-07-19 17:28:263
Nurse_S._viscosa,Nurse_G._struthium,S._viscosa,0,1,2,-1,natural,2025-07-19 17:28:263
Nurse_S._viscosa,Nurse_G._struthium,C._hispanica,0,1,2,-1,natural,2025-07-19 17:28:263
Nurse_S._viscosa,Nurse_G._struthium,Other_species,0,1,2,-1,natural,2025-07-19 17:28:263
Nurse_S._viscosa,H._squamatum,S._viscosa,0,1,2,-1,natural,2025-07-19 17:28:263
Nurse_S._viscosa,H._squamatum,C._hispanica,0,1,2,-1,natural,2025-07-19 17:28:263
Nurse_S._viscosa,H._squamatum,Other_species,0,1,2,-1,natural,2025-07-19 17:28:263
Nurse_S._viscosa,S._viscosa,C._hispanica,0,1,2,-1,natural,2025-07-19 17:28:263
Nurse_S._viscosa,S._viscosa,Other_species,0,1,2,-1,natural,2025-07-19 17:28:263
Nurse_S._viscosa,C._hispanica,Other_species,0,1,2,-1,natural,2025-07-19 17:28:263
Nurse_G._struthium,H._squamatum,S._viscosa,0,1,2,-1,natural,2025-07-19 17:28:263
Nurse_G._struthium,H._squamatum,C._hispanica,0,1,2,-1,natural,2025-07-19 17:28:263
Nurse_G._struthium,H._squamatum,Other_species,0,1,2,-1,natural,2025-07-19 17:28:263
Nurse_G._struthium,S._viscosa,C._hispanica,0,1,2,-1,natural,2025-07-19 17:28:263
Nurse_G._struthium,S._viscosa,Other_species,0,1,2,-1,natural,2025-07-19 17:28:263
Nurse_G._struthium,C._hispanica,Other_species,0,1,2,-1,natural,2025-07-19 17:28:263
H._squamatum,S._viscosa,C._hispanica,0,1,2,-1,natural,2025-07-19 17:28:263
H._squamatum,S._viscosa,Other_species,0,1,2,-1,natural,2025-07-19 17:28:263
H._squamatum,C._hispanica,Other_species,0,1,2,-1,natural,2025-07-19 17:28:263
S._viscosa,C._hispanica,Other_species,0,1,2,-1,natural,2025-07-19 17:28:263
Nurse_S._viscosa,Nurse_G._struthium,H._squamatum,0,1,2,-1,restoration,2025-07-19 17:28:263
Nurse_S._viscosa,Nurse_G._struthium,S._viscosa,0,1,2,-1,restoration,2025-07-19 17:28:263
Nurse_S._viscosa,Nurse_G._struthium,C._hispanica,0,1,2,-1,restoration,2025-07-19 17:28:263
Nurse_S._viscosa,Nurse_G._struthium,Other_species,0,1,2,-1,restoration,2025-07-19 17:28:263
Nurse_S._viscosa,H._squamatum,S._viscosa,0,1,2,-1,restoration,2025-07-19 17:28:263
Nurse_S._viscosa,H._squamatum,C._hispanica,0,1,2,-1,restoration,2025-07-19 17:28:263
Nurse_S._viscosa,H._squamatum,Other_species,0,1,2,-1,restoration,2025-07-19 17:28:263
Nurse_S._viscosa,S._viscosa,C._hispanica,0,1,2,-1,restoration,2025-07-19 17:28:263
Nurse_S._viscosa,S._viscosa,Other_species,0,1,2,-1,restoration,2025-07-19 17:28:263
Nurse_S._viscosa,C._hispanica,Other_species,0,1,2,-1,restoration,2025-07-19 17:28:263
Nurse_G._struthium,H._squamatum,S._viscosa,0,1,2,-1,restoration,2025-07-19 17:28:263
Nurse_G._struthium,H._squamatum,C._hispanica,0,1,2,-1,restoration,2025-07-19 17:28:263
Nurse_G._struthium,H._squamatum,Other_species,0,1,2,-1,restoration,2025-07-19 17:28:263
Nurse_G._struthium,S._viscosa,C._hispanica,0,1,2,-1,restoration,2025-07-19 17:28:263
Nurse_G._struthium,S._viscosa,Other_species,0,1,2,-1,restoration,2025-07-19 17:28:263
Nurse_G._struthium,C._hispanica,Other_species,0,1,2,-1,restoration,2025-07-19 17:28:263
H._squamatum,S._viscosa,C._hispanica,0,1,2,-1,restoration,2025-07-19 17:28:263
H._squamatum,S._viscosa,Other_species,0,1,2,-1,restoration,2025-07-19 17:28:263
H._squamatum,C._hispanica,Other_species,0,1,2,-1,restoration,2025-07-19 17:28:263
S._viscosa,C._hispanica,Other_species,0,1,2,-1,restoration,2025-07-19 17:28:263
Nurse_S._viscosa,Nurse_G._struthium,H._squamatum,0,1,2,-1,natural,2025-07-19 17:28:263
Nurse_S._viscosa,Nurse_G._struthium,S._viscosa,0,1,2,-1,natural,2025-07-19 17:28:263
Nurse_S._viscosa,Nurse_G._struthium,C._hispanica,0,1,2,-1,natural,2025-07-19 17:28:263
Nurse_S._viscosa,Nurse_G._struthium,Other_species,0,1,2,-1,natural,2025-07-19 17:28:263
Nurse_S._viscosa,H._squamatum,S._viscosa,0,1,2,-1,natural,2025-07-19 17:28:263
Nurse_S._viscosa,H._squamatum,C._hispanica,0,1,2,-1,natural,2025-07-19 17:28:263
Nurse_S._viscosa,H._squamatum,Other_species,0,1,2,-1,natural,2025-07-19 17:28:263
Nurse_S._viscosa,S._viscosa,C._hispanica,0,1,2,-1,natural,2025-07-19 17:28:263
Nurse_S._viscosa,S._viscosa,Other_species,0,1,2,-1,natural,2025-07-19 17:28:263
Nurse_S._viscosa,C._hispanica,Other_species,0,1,2,-1,natural,2025-07-19 17:28:263
Nurse_G._struthium,H._squamatum,S._viscosa,0,1,2,-1,natural,2025-07-19 17:28:263
Nurse_G._struthium,H._squamatum,C._hispanica,0,1,2,-1,natural,2025-07-19 17:28:263
Nurse_G._struthium,H._squamatum,Other_species,0,1,2,-1,natural,2025-07-19 17:28:263
Nurse_G._struthium,S._viscosa,C._hispanica,0,1,2,-1,natural,2025-07-19 17:28:263
Nurse_G._struthium,S._viscosa,Other_species,0,1,2,-1,natural,2025-07-19 17:28:263
Nurse_G._struthium,C._hispanica,Other_species,0,1,2,-1,natural,2025-07-19 17:28:263
H._squamatum,S._viscosa,C._hispanica,0,1,2,-1,natural,2025-07-19 17:28:263
H._squamatum,S._viscosa,Other_species,0,1,2,-1,natural,2025-07-19 17:28:263
H._squamatum,C._hispanica,Other_species,0,1,2,-1,natural,2025-07-19 17:28:263
S._viscosa,C._hispanica,Other_species,0,1,2,-1,natural,2025-07-19 17:28:263
Nurse_S._viscosa,Nurse_G._struthium,H._squamatum,0,1,2,-1,restoration,2025-07-19 17:28:253
Nurse_S._viscosa,Nurse_G._struthium,S._viscosa,0,1,2,-1,restoration,2025-07-19 17:28:253
Nurse_S._viscosa,Nurse_G._struthium,C._hispanica,0,1,2,-1,restoration,2025-07-19 17:28:253
Nurse_S._viscosa,Nurse_G._struthium,Other_species,0,1,2,-1,restoration,2025-07-19 17:28:253
Nurse_S._viscosa,H._squamatum,S._viscosa,0,1,2,-1,restoration,2025-07-19 17:28:253
Nurse_S._viscosa,H._squamatum,C._hispanica,0,1,2,-1,restoration,2025-07-19 17:28:253
Nurse_S._viscosa,H._squamatum,Other_species,0,1,2,-1,restoration,2025-07-19 17:28:253
Nurse_S._viscosa,S._viscosa,C._hispanica,0,1,2,-1,restoration,2025-07-19 17:28:253
Nurse_S._viscosa,S._viscosa,Other_species,0,1,2,-1,restoration,2025-07-19 17:28:253
Nurse_S._viscosa,C._hispanica,Other_species,0,1,2,-1,restoration,2025-07-19 17:28:253
Nurse_G._struthium,H._squamatum,S._viscosa,0,1,2,-1,restoration,2025-07-19 17:28:253
Nurse_G._struthium,H._squamatum,C._hispanica,0,1,2,-1,restoration,2025-07-19 17:28:253
Nurse_G._struthium,H._squamatum,Other_species,0,1,2,-1,restoration,2025-07-19 17:28:253
Nurse_G._struthium,S._viscosa,C._hispanica,0,1,2,-1,restoration,2025-07-19 17:28:253
Nurse_G._struthium,S._viscosa,Other_species,0,1,2,-1,restoration,2025-07-19 17:28:253
Nurse_G._struthium,C._hispanica,Other_species,0,1,2,-1,restoration,2025-07-19 17:28:253
H._squamatum,S._viscosa,C._hispanica,0,1,2,-1,restoration,2025-07-19 17:28:253
H._squamatum,S._viscosa,Other_species,0,1,2,-1,restoration,2025-07-19 17:28:253
H._squamatum,C._hispanica,Other_species,0,1,2,-1,restoration,2025-07-19 17:28:253
S._viscosa,C._hispanica,Other_species,0,1,2,-1,restoration,2025-07-19 17:28:253
Nurse_S._viscosa,Nurse_G._struthium,H._squamatum,0,1,2,-1,natural,2025-07-19 17:28:253
Nurse_S._viscosa,Nurse_G._struthium,S._viscosa,0,1,2,-1,natural,2025-07-19 17:28:253
Nurse_S._viscosa,Nurse_G._struthium,C._hispanica,0,1,2,-1,natural,2025-07-19 17:28:253
Nurse_S._viscosa,Nurse_G._struthium,Other_species,0,1,2,-1,natural,2025-07-19 17:28:253
Nurse_S._viscosa,H._squamatum,S._viscosa,0,1,2,-1,natural,2025-07-19 17:28:253
Nurse_S._viscosa,H._squamatum,C._hispanica,0,1,2,-1,natural,2025-07-19 17:28:253
Nurse_S._viscosa,H._squamatum,Other_species,0,1,2,-1,natural,2025-07-19 17:28:253
Nurse_S._viscosa,S._viscosa,C._hispanica,0,1,2,-1,natural,2025-07-19 17:28:253
Nurse_S._viscosa,S._viscosa,Other_species,0,1,2,-1,natural,2025-07-19 17:28:253
Nurse_S._viscosa,C._hispanica,Other_species,0,1,2,-1,natural,2025-07-19 17:28:253
Nurse_G._struthium,H._squamatum,S._viscosa,0,1,2,-1,natural,2025-07-19 17:28:253
Nurse_G._struthium,H._squamatum,C._hispanica,0,1,2,-1,natural,2025-07-19 17:28:253
Nurse_G._struthium,H._squamatum,Other_species,0,1,2,-1,natural,2025-07-19 17:28:253
Nurse_G._struthium,S._viscosa,C._hispanica,0,1,2,-1,natural,2025-07-19 17:28:253
Nurse_G._struthium,S._viscosa,Other_species,0,1,2,-1,natural,2025-07-19 17:28:253
Nurse_G._struthium,C._hispanica,Other_species,0,1,2,-1,natural,2025-07-19 17:28:253
H._squamatum,S._viscosa,C._hispanica,0,1,2,-1,natural,2025-07-19 17:28:253
H._squamatum,S._viscosa,Other_species,0,1,2,-1,natural,2025-07-19 17:28:253
H._squamatum,C._hispanica,Other_species,0,1,2,-1,natural,2025-07-19 17:28:253
S._viscosa,C._hispanica,Other_species,0,1,2,-1,natural,2025-07-19 17:28:253
Nurse_S._viscosa,Nurse_G._struthium,H._squamatum,0,1,2,-1,restoration,2025-07-19 17:28:253
Nurse_S._viscosa,Nurse_G._struthium,S._viscosa,0,1,2,-1,restoration,2025-07-19 17:28:253
Nurse_S._viscosa,Nurse_G._struthium,C._hispanica,0,1,2,-1,restoration,2025-07-19 17:28:253
Nurse_S._viscosa,Nurse_G._struthium,Other_species,0,1,2,-1,restoration,2025-07-19 17:28:253
Nurse_S._viscosa,H._squamatum,S._viscosa,0,1,2,-1,restoration,2025-07-19 17:28:253
Nurse_S._viscosa,H._squamatum,C._hispanica,0,1,2,-1,restoration,2025-07-19 17:28:253
Nurse_S._viscosa,H._squamatum,Other_species,0,1,2,-1,restoration,2025-07-19 17:28:253
Nurse_S._viscosa,S._viscosa,C._hispanica,0,1,2,-1,restoration,2025-07-19 17:28:253
Nurse_S._viscosa,S._viscosa,Other_species,0,1,2,-1,restoration,2025-07-19 17:28:253
Nurse_S._viscosa,C._hispanica,Other_species,0,1,2,-1,restoration,2025-07-19 17:28:253
Nurse_G._struthium,H._squamatum,S._viscosa,0,1,2,-1,restoration,2025-07-19 17:28:253
Nurse_G._struthium,H._squamatum,C._hispanica,0,1,2,-1,restoration,2025-07-19 17:28:253
Nurse_G._struthium,H._squamatum,Other_species,0,1,2,-1,restoration,2025-07-19 17:28:253
Nurse_G._struthium,S._viscosa,C._hispanica,0,1,2,-1,restoration,2025-07-19 17:28:253
Nurse_G._struthium,S._viscosa,Other_species,0,1,2,-1,restoration,2025-07-19 17:28:253
Nurse_G._struthium,C._hispanica,Other_species,0,1,2,-1,restoration,2025-07-19 17:28:253
H._squamatum,S._viscosa,C._hispanica,0,1,2,-1,restoration,2025-07-19 17:28:253
H._squamatum,S._viscosa,Other_species,0,1,2,-1,restoration,2025-07-19 17:28:253
H._squamatum,C._hispanica,Other_species,0,1,2,-1,restoration,2025-07-19 17:28:253
S._viscosa,C._hispanica,Other_species,0,1,2,-1,restoration,2025-07-19 17:28:253
Nurse_S._viscosa,Nurse_G._struthium,H._squamatum,0,1,2,-1,natural,2025-07-19 17:28:253
Nurse_S._viscosa,Nurse_G._struthium,S._viscosa,0,1,2,-1,natural,2025-07-19 17:28:253
Nurse_S._viscosa,Nurse_G._struthium,C._hispanica,0,1,2,-1,natural,2025-07-19 17:28:253
Nurse_S._viscosa,Nurse_G._struthium,Other_species,0,1,2,-1,natural,2025-07-19 17:28:253
Nurse_S._viscosa,H._squamatum,S._viscosa,0,1,2,-1,natural,2025-07-19 17:28:253
Nurse_S._viscosa,H._squamatum,C._hispanica,0,1,2,-1,natural,2025-07-19 17:28:253
Nurse_S._viscosa,H._squamatum,Other_species,0,1,2,-1,natural,2025-07-19 17:28:253
Nurse_S._viscosa,S._viscosa,C._hispanica,0,1,2,-1,natural,2025-07-19 17:28:253
Nurse_S._viscosa,S._viscosa,Other_species,0,1,2,-1,natural,2025-07-19 17:28:253
Nurse_S._viscosa,C._hispanica,Other_species,0,1,2,-1,natural,2025-07-19 17:28:253
Nurse_G._struthium,H._squamatum,S._viscosa,0,1,2,-1,natural,2025-07-19 17:28:253
Nurse_G._struthium,H._squamatum,C._hispanica,0,1,2,-1,natural,2025-07-19 17:28:253
Nurse_G._struthium,H._squamatum,Other_species,0,1,2,-1,natural,2025-07-19 17:28:253
Nurse_G._struthium,S._viscosa,C._hispanica,0,1,2,-1,natural,2025-07-19 17:28:253
Nurse_G._struthium,S._viscosa,Other_species,0,1,2,-1,natural,2025-07-19 17:28:253
Nurse_G._struthium,C._hispanica,Other_species,0,1,2,-1,natural,2025-07-19 17:28:253
H._squamatum,S._viscosa,C._hispanica,0,1,2,-1,natural,2025-07-19 17:28:253
H._squamatum,S._viscosa,Other_species,0,1,2,-1,natural,2025-07-19 17:28:253
H._squamatum,C._hispanica,Other_species,0,1,2,-1,natural,2025-07-19 17:28:253
S._viscosa,C._hispanica,Other_species,0,1,2,-1,natural,2025-07-19 17:28:253
Nurse_S._viscosa,Nurse_G._struthium,H._squamatum,0,1,2,-1,restoration,2025-07-19 17:28:243
Nurse_S._viscosa,Nurse_G._struthium,S._viscosa,0,1,2,-1,restoration,2025-07-19 17:28:243
Nurse_S._viscosa,Nurse_G._struthium,C._hispanica,0,1,2,-1,restoration,2025-07-19 17:28:243
Nurse_S._viscosa,Nurse_G._struthium,Other_species,0,1,2,-1,restoration,2025-07-19 17:28:243
Nurse_S._viscosa,H._squamatum,S._viscosa,0,1,2,-1,restoration,2025-07-19 17:28:243
Nurse_S._viscosa,H._squamatum,C._hispanica,0,1,2,-1,restoration,2025-07-19 17:28:243
Nurse_S._viscosa,H._squamatum,Other_species,0,1,2,-1,restoration,2025-07-19 17:28:243
Nurse_S._viscosa,S._viscosa,C._hispanica,0,1,2,-1,restoration,2025-07-19 17:28:243
Nurse_S._viscosa,S._viscosa,Other_species,0,1,2,-1,restoration,2025-07-19 17:28:243
Nurse_S._viscosa,C._hispanica,Other_species,0,1,2,-1,restoration,2025-07-19 17:28:243
Nurse_G._struthium,H._squamatum,S._viscosa,0,1,2,-1,restoration,2025-07-19 17:28:243
Nurse_G._struthium,H._squamatum,C._hispanica,0,1,2,-1,restoration,2025-07-19 17:28:243
Nurse_G._struthium,H._squamatum,Other_species,0,1,2,-1,restoration,2025-07-19 17:28:243
Nurse_G._struthium,S._viscosa,C._hispanica,0,1,2,-1,restoration,2025-07-19 17:28:243
Nurse_G._struthium,S._viscosa,Other_species,0,1,2,-1,restoration,2025-07-19 17:28:243
Nurse_G._struthium,C._hispanica,Other_species,0,1,2,-1,restoration,2025-07-19 17:28:243
H._squamatum,S._viscosa,C._hispanica,0,1,2,-1,restoration,2025-07-19 17:28:243
H._squamatum,S._viscosa,Other_species,0,1,2,-1,restoration,2025-07-19 17:28:243
H._squamatum,C._hispanica,Other_species,0,1,2,-1,restoration,2025-07-19 17:28:243
S._viscosa,C._hispanica,Other_species,0,1,2,-1,restoration,2025-07-19 17:28:243
Nurse_S._viscosa,Nurse_G._struthium,H._squamatum,0,1,2,-1,natural,2025-07-19 17:28:243
Nurse_S._viscosa,Nurse_G._struthium,S._viscosa,0,1,2,-1,natural,2025-07-19 17:28:243
Nurse_S._viscosa,Nurse_G._struthium,C._hispanica,0,1,2,-1,natural,2025-07-19 17:28:243
Nurse_S._viscosa,Nurse_G._struthium,Other_species,0,1,2,-1,natural,2025-07-19 17:28:243
Nurse_S._viscosa,H._squamatum,S._viscosa,0,1,2,-1,natural,2025-07-19 17:28:243
Nurse_S._viscosa,H._squamatum,C._hispanica,0,1,2,-1,natural,2025-07-19 17:28:243
Nurse_S._viscosa,H._squamatum,Other_species,0,1,2,-1,natural,2025-07-19 17:28:243
Nurse_S._viscosa,S._viscosa,C._hispanica,0,1,2,-1,natural,2025-07-19 17:28:243
Nurse_S._viscosa,S._viscosa,Other_species,0,1,2,-1,natural,2025-07-19 17:28:243
Nurse_S._viscosa,C._hispanica,Other_species,0,1,2,-1,natural,2025-07-19 17:28:243
Nurse_G._struthium,H._squamatum,S._viscosa,0,1,2,-1,natural,2025-07-19 17:28:243
Nurse_G._struthium,H._squamatum,C._hispanica,0,1,2,-1,natural,2025-07-19 17:28:243
Nurse_G._struthium,H._squamatum,Other_species,0,1,2,-1,natural,2025-07-19 17:28:243
Nurse_G._struthium,S._viscosa,C._hispanica,0,1,2,-1,natural,2025-07-19 17:28:243
Nurse_G._struthium,S._viscosa,Other_species,0,1,2,-1,natural,2025-07-19 17:28:243
Nurse_G._struthium,C._hispanica,Other_species,0,1,2,-1,natural,2025-07-19 17:28:243
H._squamatum,S._viscosa,C._hispanica,0,1,2,-1,natural,2025-07-19 17:28:243
H._squamatum,S._viscosa,Other_species,0,1,2,-1,natural,2025-07-19 17:28:243
H._squamatum,C._hispanica,Other_species,0,1,2,-1,natural,2025-07-19 17:28:243
S._viscosa,C._hispanica,Other_species,0,1,2,-1,natural,2025-07-19 17:28:243
Nurse_S._viscosa,Nurse_G._struthium,H._squamatum,0,1,2,-1,restoration,2025-07-19 17:28:233
Nurse_S._viscosa,Nurse_G._struthium,S._viscosa,0,1,2,-1,restoration,2025-07-19 17:28:233
Nurse_S._viscosa,Nurse_G._struthium,C._hispanica,0,1,2,-1,restoration,2025-07-19 17:28:233
Nurse_S._viscosa,Nurse_G._struthium,Other_species,0,1,2,-1,restoration,2025-07-19 17:28:233
Nurse_S._viscosa,H._squamatum,S._viscosa,0,1,2,-1,restoration,2025-07-19 17:28:233
Nurse_S._viscosa,H._squamatum,C._hispanica,0,1,2,-1,restoration,2025-07-19 17:28:233
Nurse_S._viscosa,H._squamatum,Other_species,0,1,2,-1,restoration,2025-07-19 17:28:233
Nurse_S._viscosa,S._viscosa,C._hispanica,0,1,2,-1,restoration,2025-07-19 17:28:233
Nurse_S._viscosa,S._viscosa,Other_species,0,1,2,-1,restoration,2025-07-19 17:28:233
Nurse_S._viscosa,C._hispanica,Other_species,0,1,2,-1,restoration,2025-07-19 17:28:233
Nurse_G._struthium,H._squamatum,S._viscosa,0,1,2,-1,restoration,2025-07-19 17:28:233
Nurse_G._struthium,H._squamatum,C._hispanica,0,1,2,-1,restoration,2025-07-19 17:28:233
Nurse_G._struthium,H._squamatum,Other_species,0,1,2,-1,restoration,2025-07-19 17:28:233
Nurse_G._struthium,S._viscosa,C._hispanica,0,1,2,-1,restoration,2025-07-19 17:28:233
Nurse_G._struthium,S._viscosa,Other_species,0,1,2,-1,restoration,2025-07-19 17:28:233
Nurse_G._struthium,C._hispanica,Other_species,0,1,2,-1,restoration,2025-07-19 17:28:233
H._squamatum,S._viscosa,C._hispanica,0,1,2,-1,restoration,2025-07-19 17:28:233
H._squamatum,S._viscosa,Other_species,0,1,2,-1,restoration,2025-07-19 17:28:233
H._squamatum,C._hispanica,Other_species,0,1,2,-1,restoration,2025-07-19 17:28:233
S._viscosa,C._hispanica,Other_species,0,1,2,-1,restoration,2025-07-19 17:28:233
Nurse_S._viscosa,Nurse_G._struthium,H._squamatum,0,1,2,-1,natural,2025-07-19 17:28:233
Nurse_S._viscosa,Nurse_G._struthium,S._viscosa,0,1,2,-1,natural,2025-07-19 17:28:233
Nurse_S._viscosa,Nurse_G._struthium,C._hispanica,0,1,2,-1,natural,2025-07-19 17:28:233
Nurse_S._viscosa,Nurse_G._struthium,Other_species,0,1,2,-1,natural,2025-07-19 17:28:233
Nurse_S._viscosa,H._squamatum,S._viscosa,0,1,2,-1,natural,2025-07-19 17:28:233
Nurse_S._viscosa,H._squamatum,C._hispanica,0,1,2,-1,natural,2025-07-19 17:28:233
Nurse_S._viscosa,H._squamatum,Other_species,0,1,2,-1,natural,2025-07-19 17:28:233
Nurse_S._viscosa,S._viscosa,C._hispanica,0,1,2,-1,natural,2025-07-19 17:28:233
Nurse_S._viscosa,S._viscosa,Other_species,0,1,2,-1,natural,2025-07-19 17:28:233
Nurse_S._viscosa,C._hispanica,Other_species,0,1,2,-1,natural,2025-07-19 17:28:233
Nurse_G._struthium,H._squamatum,S._viscosa,0,1,2,-1,natural,2025-07-19 17:28:233
Nurse_G._struthium,H._squamatum,C._hispanica,0,1,2,-1,natural,2025-07-19 17:28:233
Nurse_G._struthium,H._squamatum,Other_species,0,1,2,-1,natural,2025-07-19 17:28:233
Nurse_G._struthium,S._viscosa,C._hispanica,0,1,2,-1,natural,2025-07-19 17:28:233
Nurse_G._struthium,S._viscosa,Other_species,0,1,2,-1,natural,2025-07-19 17:28:233
Nurse_G._struthium,C._hispanica,Other_species,0,1,2,-1,natural,2025-07-19 17:28:233
H._squamatum,S._viscosa,C._hispanica,0,1,2,-1,natural,2025-07-19 17:28:233
H._squamatum,S._viscosa,Other_species,0,1,2,-1,natural,2025-07-19 17:28:233
H._squamatum,C._hispanica,Other_species,0,1,2,-1,natural,2025-07-19 17:28:233
S._viscosa,C._hispanica,Other_species,0,1,2,-1,natural,2025-07-19 17:28:233
Nurse_S._viscosa,Nurse_G._struthium,H._squamatum,0,1,2,-1,restoration,2025-07-19 17:28:233
Nurse_S._viscosa,Nurse_G._struthium,S._viscosa,0,1,2,-1,restoration,2025-07-19 17:28:233
Nurse_S._viscosa,Nurse_G._struthium,C._hispanica,0,1,2,-1,restoration,2025-07-19 17:28:233
Nurse_S._viscosa,Nurse_G._struthium,Other_species,0,1,2,-1,restoration,2025-07-19 17:28:233
Nurse_S._viscosa,H._squamatum,S._viscosa,0,1,2,-1,restoration,2025-07-19 17:28:233
Nurse_S._viscosa,H._squamatum,C._hispanica,0,1,2,-1,restoration,2025-07-19 17:28:233
Nurse_S._viscosa,H._squamatum,Other_species,0,1,2,-1,restoration,2025-07-19 17:28:233
Nurse_S._viscosa,S._viscosa,C._hispanica,0,1,2,-1,restoration,2025-07-19 17:28:233
Nurse_S._viscosa,S._viscosa,Other_species,0,1,2,-1,restoration,2025-07-19 17:28:233
Nurse_S._viscosa,C._hispanica,Other_species,0,1,2,-1,restoration,2025-07-19 17:28:233
Nurse_G._struthium,H._squamatum,S._viscosa,0,1,2,-1,restoration,2025-07-19 17:28:233
Nurse_G._struthium,H._squamatum,C._hispanica,0,1,2,-1,restoration,2025-07-19 17:28:233
Nurse_G._struthium,H._squamatum,Other_species,0,1,2,-1,restoration,2025-07-19 17:28:233
Nurse_G._struthium,S._viscosa,C._hispanica,0,1,2,-1,restoration,2025-07-19 17:28:233
Nurse_G._struthium,S._viscosa,Other_species,0,1,2,-1,restoration,2025-07-19 17:28:233
Nurse_G._struthium,C._hispanica,Other_species,0,1,2,-1,restoration,2025-07-19 17:28:233
H._squamatum,S._viscosa,C._hispanica,0,1,2,-1,restoration,2025-07-19 17:28:233
H._squamatum,S._viscosa,Other_species,0,1,2,-1,restoration,2025-07-19 17:28:233
H._squamatum,C._hispanica,Other_species,0,1,2,-1,restoration,2025-07-19 17:28:233
S._viscosa,C._hispanica,Other_species,0,1,2,-1,restoration,2025-07-19 17:28:233
Nurse_S._viscosa,Nurse_G._struthium,H._squamatum,0,1,2,-1,natural,2025-07-19 17:28:233
Nurse_S._viscosa,Nurse_G._struthium,S._viscosa,0,1,2,-1,natural,2025-07-19 17:28:233
Nurse_S._viscosa,Nurse_G._struthium,C._hispanica,0,1,2,-1,natural,2025-07-19 17:28:233
Nurse_S._viscosa,Nurse_G._struthium,Other_species,0,1,2,-1,natural,2025-07-19 17:28:233
Nurse_S._viscosa,H._squamatum,S._viscosa,0,1,2,-1,natural,2025-07-19 17:28:233
Nurse_S._viscosa,H._squamatum,C._hispanica,0,1,2,-1,natural,2025-07-19 17:28:233
Nurse_S._viscosa,H._squamatum,Other_species,0,1,2,-1,natural,2025-07-19 17:28:233
Nurse_S._viscosa,S._viscosa,C._hispanica,0,1,2,-1,natural,2025-07-19 17:28:233
Nurse_S._viscosa,S._viscosa,Other_species,0,1,2,-1,natural,2025-07-19 17:28:233
Nurse_S._viscosa,C._hispanica,Other_species,0,1,2,-1,natural,2025-07-19 17:28:233
Nurse_G._struthium,H._squamatum,S._viscosa,0,1,2,-1,natural,2025-07-19 17:28:233
Nurse_G._struthium,H._squamatum,C._hispanica,0,1,2,-1,natural,2025-07-19 17:28:233
Nurse_G._struthium,H._squamatum,Other_species,0,1,2,-1,natural,2025-07-19 17:28:233
Nurse_G._struthium,S._viscosa,C._hispanica,0,1,2,-1,natural,2025-07-19 17:28:233
Nurse_G._struthium,S._viscosa,Other_species,0,1,2,-1,natural,2025-07-19 17:28:233
Nurse_G._struthium,C._hispanica,Other_species,0,1,2,-1,natural,2025-07-19 17:28:233
H._squamatum,S._viscosa,C._hispanica,0,1,2,-1,natural,2025-07-19 17:28:233
H._squamatum,S._viscosa,Other_species,0,1,2,-1,natural,2025-07-19 17:28:233
H._squamatum,C._hispanica,Other_species,0,1,2,-1,natural,2025-07-19 17:28:233
S._viscosa,C._hispanica,Other_species,0,1,2,-1,natural,2025-07-19 17:28:233
Nurse_S._viscosa,Nurse_G._struthium,H._squamatum,0,1,2,-1,restoration,2025-07-19 17:28:233
Nurse_S._viscosa,Nurse_G._struthium,S._viscosa,0,1,2,-1,restoration,2025-07-19 17:28:233
Nurse_S._viscosa,Nurse_G._struthium,C._hispanica,0,1,2,-1,restoration,2025-07-19 17:28:233
Nurse_S._viscosa,Nurse_G._struthium,Other_species,0,1,2,-1,restoration,2025-07-19 17:28:233
Nurse_S._viscosa,H._squamatum,S._viscosa,0,1,2,-1,restoration,2025-07-19 17:28:233
Nurse_S._viscosa,H._squamatum,C._hispanica,0,1,2,-1,restoration,2025-07-19 17:28:233
Nurse_S._viscosa,H._squamatum,Other_species,0,1,2,-1,restoration,2025-07-19 17:28:233
Nurse_S._viscosa,S._viscosa,C._hispanica,0,1,2,-1,restoration,2025-07-19 17:28:233
Nurse_S._viscosa,S._viscosa,Other_species,0,1,2,-1,restoration,2025-07-19 17:28:233
Nurse_S._viscosa,C._hispanica,Other_species,0,1,2,-1,restoration,2025-07-19 17:28:233
Nurse_G._struthium,H._squamatum,S._viscosa,0,1,2,-1,restoration,2025-07-19 17:28:233
Nurse_G._struthium,H._squamatum,C._hispanica,0,1,2,-1,restoration,2025-07-19 17:28:233
Nurse_G._struthium,H._squamatum,Other_species,0,1,2,-1,restoration,2025-07-19 17:28:233
Nurse_G._struthium,S._viscosa,C._hispanica,0,1,2,-1,restoration,2025-07-19 17:28:233
Nurse_G._struthium,S._viscosa,Other_species,0,1,2,-1,restoration,2025-07-19 17:28:233
Nurse_G._struthium,C._hispanica,Other_species,0,1,2,-1,restoration,2025-07-19 17:28:233
H._squamatum,S._viscosa,C._hispanica,0,1,2,-1,restoration,2025-07-19 17:28:233
H._squamatum,S._viscosa,Other_species,0,1,2,-1,restoration,2025-07-19 17:28:233
H._squamatum,C._hispanica,Other_species,0,1,2,-1,restoration,2025-07-19 17:28:233
S._viscosa,C._hispanica,Other_species,0,1,2,-1,restoration,2025-07-19 17:28:233
Nurse_S._viscosa,Nurse_G._struthium,H._squamatum,0,1,2,-1,natural,2025-07-19 17:28:233
Nurse_S._viscosa,Nurse_G._struthium,S._viscosa,0,1,2,-1,natural,2025-07-19 17:28:233
Nurse_S._viscosa,Nurse_G._struthium,C._hispanica,0,1,2,-1,natural,2025-07-19 17:28:233
Nurse_S._viscosa,Nurse_G._struthium,Other_species,0,1,2,-1,natural,2025-07-19 17:28:233
Nurse_S._viscosa,H._squamatum,S._viscosa,0,1,2,-1,natural,2025-07-19 17:28:233
Nurse_S._viscosa,H._squamatum,C._hispanica,0,1,2,-1,natural,2025-07-19 17:28:233
Nurse_S._viscosa,H._squamatum,Other_species,0,1,2,-1,natural,2025-07-19 17:28:233
Nurse_S._viscosa,S._viscosa,C._hispanica,0,1,2,-1,natural,2025-07-19 17:28:233
Nurse_S._viscosa,S._viscosa,Other_species,0,1,2,-1,natural,2025-07-19 17:28:233
Nurse_S._viscosa,C._hispanica,Other_species,0,1,2,-1,natural,2025-07-19 17:28:233
Nurse_G._struthium,H._squamatum,S._viscosa,0,1,2,-1,natural,2025-07-19 17:28:233
Nurse_G._struthium,H._squamatum,C._hispanica,0,1,2,-1,natural,2025-07-19 17:28:233
Nurse_G._struthium,H._squamatum,Other_species,0,1,2,-1,natural,2025-07-19 17:28:233
Nurse_G._struthium,S._viscosa,C._hispanica,0,1,2,-1,natural,2025-07-19 17:28:233
Nurse_G._struthium,S._viscosa,Other_species,0,1,2,-1,natural,2025-07-19 17:28:233
Nurse_G._struthium,C._hispanica,Other_species,0,1,2,-1,natural,2025-07-19 17:28:233
H._squamatum,S._viscosa,C._hispanica,0,1,2,-1,natural,2025-07-19 17:28:233
H._squamatum,S._viscosa,Other_species,0,1,2,-1,natural,2025-07-19 17:28:233
H._squamatum,C._hispanica,Other_species,0,1,2,-1,natural,2025-07-19 17:28:233
S._viscosa,C._hispanica,Other_species,0,1,2,-1,natural,2025-07-19 17:28:233
Nurse_S._viscosa,Nurse_G._struthium,H._squamatum,0,1,2,-1,restoration,2025-07-19 17:28:223
Nurse_S._viscosa,Nurse_G._struthium,S._viscosa,0,1,2,-1,restoration,2025-07-19 17:28:223
Nurse_S._viscosa,Nurse_G._struthium,C._hispanica,0,1,2,-1,restoration,2025-07-19 17:28:223
Nurse_S._viscosa,Nurse_G._struthium,Other_species,0,1,2,-1,restoration,2025-07-19 17:28:223
Nurse_S._viscosa,H._squamatum,S._viscosa,0,1,2,-1,restoration,2025-07-19 17:28:223
Nurse_S._viscosa,H._squamatum,C._hispanica,0,1,2,-1,restoration,2025-07-19 17:28:223
Nurse_S._viscosa,H._squamatum,Other_species,0,1,2,-1,restoration,2025-07-19 17:28:223
Nurse_S._viscosa,S._viscosa,C._hispanica,0,1,2,-1,restoration,2025-07-19 17:28:223
Nurse_S._viscosa,S._viscosa,Other_species,0,1,2,-1,restoration,2025-07-19 17:28:223
Nurse_S._viscosa,C._hispanica,Other_species,0,1,2,-1,restoration,2025-07-19 17:28:223
Nurse_G._struthium,H._squamatum,S._viscosa,0,1,2,-1,restoration,2025-07-19 17:28:223
Nurse_G._struthium,H._squamatum,C._hispanica,0,1,2,-1,restoration,2025-07-19 17:28:223
Nurse_G._struthium,H._squamatum,Other_species,0,1,2,-1,restoration,2025-07-19 17:28:223
Nurse_G._struthium,S._viscosa,C._hispanica,0,1,2,-1,restoration,2025-07-19 17:28:223
Nurse_G._struthium,S._viscosa,Other_species,0,1,2,-1,restoration,2025-07-19 17:28:223
Nurse_G._struthium,C._hispanica,Other_species,0,1,2,-1,restoration,2025-07-19 17:28:223
H._squamatum,S._viscosa,C._hispanica,0,1,2,-1,restoration,2025-07-19 17:28:223
H._squamatum,S._viscosa,Other_species,0,1,2,-1,restoration,2025-07-19 17:28:223
H._squamatum,C._hispanica,Other_species,0,1,2,-1,restoration,2025-07-19 17:28:223
S._viscosa,C._hispanica,Other_species,0,1,2,-1,restoration,2025-07-19 17:28:223
Nurse_S._viscosa,Nurse_G._struthium,H._squamatum,0,1,2,-1,natural,2025-07-19 17:28:223
Nurse_S._viscosa,Nurse_G._struthium,S._viscosa,0,1,2,-1,natural,2025-07-19 17:28:223
Nurse_S._viscosa,Nurse_G._struthium,C._hispanica,0,1,2,-1,natural,2025-07-19 17:28:223
Nurse_S._viscosa,Nurse_G._struthium,Other_species,0,1,2,-1,natural,2025-07-19 17:28:223
Nurse_S._viscosa,H._squamatum,S._viscosa,0,1,2,-1,natural,2025-07-19 17:28:223
Nurse_S._viscosa,H._squamatum,C._hispanica,0,1,2,-1,natural,2025-07-19 17:28:223
Nurse_S._viscosa,H._squamatum,Other_species,0,1,2,-1,natural,2025-07-19 17:28:223
Nurse_S._viscosa,S._viscosa,C._hispanica,0,1,2,-1,natural,2025-07-19 17:28:223
Nurse_S._viscosa,S._viscosa,Other_species,0,1,2,-1,natural,2025-07-19 17:28:223
Nurse_S._viscosa,C._hispanica,Other_species,0,1,2,-1,natural,2025-07-19 17:28:223
Nurse_G._struthium,H._squamatum,S._viscosa,0,1,2,-1,natural,2025-07-19 17:28:223
Nurse_G._struthium,H._squamatum,C._hispanica,0,1,2,-1,natural,2025-07-19 17:28:223
Nurse_G._struthium,H._squamatum,Other_species,0,1,2,-1,natural,2025-07-19 17:28:223
Nurse_G._struthium,S._viscosa,C._hispanica,0,1,2,-1,natural,2025-07-19 17:28:223
Nurse_G._struthium,S._viscosa,Other_species,0,1,2,-1,natural,2025-07-19 17:28:223
Nurse_G._struthium,C._hispanica,Other_species,0,1,2,-1,natural,2025-07-19 17:28:223
H._squamatum,S._viscosa,C._hispanica,0,1,2,-1,natural,2025-07-19 17:28:223
H._squamatum,S._viscosa,Other_species,0,1,2,-1,natural,2025-07-19 17:28:223
H._squamatum,C._hispanica,Other_species,0,1,2,-1,natural,2025-07-19 17:28:223
S._viscosa,C._hispanica,Other_species,0,1,2,-1,natural,2025-07-19 17:28:223
Nurse_S._viscosa,Nurse_G._struthium,H._squamatum,0,1,2,-1,restoration,2025-07-19 17:28:223
Nurse_S._viscosa,Nurse_G._struthium,S._viscosa,0,1,2,-1,restoration,2025-07-19 17:28:223
Nurse_S._viscosa,Nurse_G._struthium,C._hispanica,0,1,2,-1,restoration,2025-07-19 17:28:223
Nurse_S._viscosa,Nurse_G._struthium,Other_species,0,1,2,-1,restoration,2025-07-19 17:28:223
Nurse_S._viscosa,H._squamatum,S._viscosa,0,1,2,-1,restoration,2025-07-19 17:28:223
Nurse_S._viscosa,H._squamatum,C._hispanica,0,1,2,-1,restoration,2025-07-19 17:28:223
Nurse_S._viscosa,H._squamatum,Other_species,0,1,2,-1,restoration,2025-07-19 17:28:223
Nurse_S._viscosa,S._viscosa,C._hispanica,0,1,2,-1,restoration,2025-07-19 17:28:223
Nurse_S._viscosa,S._viscosa,Other_species,0,1,2,-1,restoration,2025-07-19 17:28:223
Nurse_S._viscosa,C._hispanica,Other_species,0,1,2,-1,restoration,2025-07-19 17:28:223
Nurse_G._struthium,H._squamatum,S._viscosa,0,1,2,-1,restoration,2025-07-19 17:28:223
Nurse_G._struthium,H._squamatum,C._hispanica,0,1,2,-1,restoration,2025-07-19 17:28:223
Nurse_G._struthium,H._squamatum,Other_species,0,1,2,-1,restoration,2025-07-19 17:28:223
Nurse_G._struthium,S._viscosa,C._hispanica,0,1,2,-1,restoration,2025-07-19 17:28:223
Nurse_G._struthium,S._viscosa,Other_species,0,1,2,-1,restoration,2025-07-19 17:28:223
Nurse_G._struthium,C._hispanica,Other_species,0,1,2,-1,restoration,2025-07-19 17:28:223
H._squamatum,S._viscosa,C._hispanica,0,1,2,-1,restoration,2025-07-19 17:28:223
H._squamatum,S._viscosa,Other_species,0,1,2,-1,restoration,2025-07-19 17:28:223
H._squamatum,C._hispanica,Other_species,0,1,2,-1,restoration,2025-07-19 17:28:223
S._viscosa,C._hispanica,Other_species,0,1,2,-1,restoration,2025-07-19 17:28:223
Nurse_S._viscosa,Nurse_G._struthium,H._squamatum,0,1,2,-1,natural,2025-07-19 17:28:223
Nurse_S._viscosa,Nurse_G._struthium,S._viscosa,0,1,2,-1,natural,2025-07-19 17:28:223
Nurse_S._viscosa,Nurse_G._struthium,C._hispanica,0,1,2,-1,natural,2025-07-19 17:28:223
Nurse_S._viscosa,Nurse_G._struthium,Other_species,0,1,2,-1,natural,2025-07-19 17:28:223
Nurse_S._viscosa,H._squamatum,S._viscosa,0,1,2,-1,natural,2025-07-19 17:28:223
Nurse_S._viscosa,H._squamatum,C._hispanica,0,1,2,-1,natural,2025-07-19 17:28:223
Nurse_S._viscosa,H._squamatum,Other_species,0,1,2,-1,natural,2025-07-19 17:28:223
Nurse_S._viscosa,S._viscosa,C._hispanica,0,1,2,-1,natural,2025-07-19 17:28:223
Nurse_S._viscosa,S._viscosa,Other_species,0,1,2,-1,natural,2025-07-19 17:28:223
Nurse_S._viscosa,C._hispanica,Other_species,0,1,2,-1,natural,2025-07-19 17:28:223
Nurse_G._struthium,H._squamatum,S._viscosa,0,1,2,-1,natural,2025-07-19 17:28:223
Nurse_G._struthium,H._squamatum,C._hispanica,0,1,2,-1,natural,2025-07-19 17:28:223
Nurse_G._struthium,H._squamatum,Other_species,0,1,2,-1,natural,2025-07-19 17:28:223
Nurse_G._struthium,S._viscosa,C._hispanica,0,1,2,-1,natural,2025-07-19 17:28:223
Nurse_G._struthium,S._viscosa,Other_species,0,1,2,-1,natural,2025-07-19 17:28:223
Nurse_G._struthium,C._hispanica,Other_species,0,1,2,-1,natural,2025-07-19 17:28:223
H._squamatum,S._viscosa,C._hispanica,0,1,2,-1,natural,2025-07-19 17:28:223
H._squamatum,S._viscosa,Other_species,0,1,2,-1,natural,2025-07-19 17:28:223
H._squamatum,C._hispanica,Other_species,0,1,2,-1,natural,2025-07-19 17:28:223
S._viscosa,C._hispanica,Other_species,0,1,2,-1,natural,2025-07-19 17:28:223
Nurse_S._viscosa,Nurse_G._struthium,H._squamatum,0,1,2,-1,restoration,2025-07-19 17:28:223
Nurse_S._viscosa,Nurse_G._struthium,S._viscosa,0,1,2,-1,restoration,2025-07-19 17:28:223
Nurse_S._viscosa,Nurse_G._struthium,C._hispanica,0,1,2,-1,restoration,2025-07-19 17:28:223
Nurse_S._viscosa,Nurse_G._struthium,Other_species,0,1,2,-1,restoration,2025-07-19 17:28:223
Nurse_S._viscosa,H._squamatum,S._viscosa,0,1,2,-1,restoration,2025-07-19 17:28:223
Nurse_S._viscosa,H._squamatum,C._hispanica,0,1,2,-1,restoration,2025-07-19 17:28:223
Nurse_S._viscosa,H._squamatum,Other_species,0,1,2,-1,restoration,2025-07-19 17:28:223
Nurse_S._viscosa,S._viscosa,C._hispanica,0,1,2,-1,restoration,2025-07-19 17:28:223
Nurse_S._viscosa,S._viscosa,Other_species,0,1,2,-1,restoration,2025-07-19 17:28:223
Nurse_S._viscosa,C._hispanica,Other_species,0,1,2,-1,restoration,2025-07-19 17:28:223
Nurse_G._struthium,H._squamatum,S._viscosa,0,1,2,-1,restoration,2025-07-19 17:28:223
Nurse_G._struthium,H._squamatum,C._hispanica,0,1,2,-1,restoration,2025-07-19 17:28:223
Nurse_G._struthium,H._squamatum,Other_species,0,1,2,-1,restoration,2025-07-19 17:28:223
Nurse_G._struthium,S._viscosa,C._hispanica,0,1,2,-1,restoration,2025-07-19 17:28:223
Nurse_G._struthium,S._viscosa,Other_species,0,1,2,-1,restoration,2025-07-19 17:28:223
Nurse_G._struthium,C._hispanica,Other_species,0,1,2,-1,restoration,2025-07-19 17:28:223
H._squamatum,S._viscosa,C._hispanica,0,1,2,-1,restoration,2025-07-19 17:28:223
H._squamatum,S._viscosa,Other_species,0,1,2,-1,restoration,2025-07-19 17:28:223
H._squamatum,C._hispanica,Other_species,0,1,2,-1,restoration,2025-07-19 17:28:223
S._viscosa,C._hispanica,Other_species,0,1,2,-1,restoration,2025-07-19 17:28:223
Nurse_S._viscosa,Nurse_G._struthium,H._squamatum,0,1,2,-1,natural,2025-07-19 17:28:223
Nurse_S._viscosa,Nurse_G._struthium,S._viscosa,0,1,2,-1,natural,2025-07-19 17:28:223
Nurse_S._viscosa,Nurse_G._struthium,C._hispanica,0,1,2,-1,natural,2025-07-19 17:28:223
Nurse_S._viscosa,Nurse_G._struthium,Other_species,0,1,2,-1,natural,2025-07-19 17:28:223
Nurse_S._viscosa,H._squamatum,S._viscosa,0,1,2,-1,natural,2025-07-19 17:28:223
Nurse_S._viscosa,H._squamatum,C._hispanica,0,1,2,-1,natural,2025-07-19 17:28:223
Nurse_S._viscosa,H._squamatum,Other_species,0,1,2,-1,natural,2025-07-19 17:28:223
Nurse_S._viscosa,S._viscosa,C._hispanica,0,1,2,-1,natural,2025-07-19 17:28:223
Nurse_S._viscosa,S._viscosa,Other_species,0,1,2,-1,natural,2025-07-19 17:28:223
Nurse_S._viscosa,C._hispanica,Other_species,0,1,2,-1,natural,2025-07-19 17:28:223
Nurse_G._struthium,H._squamatum,S._viscosa,0,1,2,-1,natural,2025-07-19 17:28:223
Nurse_G._struthium,H._squamatum,C._hispanica,0,1,2,-1,natural,2025-07-19 17:28:223
Nurse_G._struthium,H._squamatum,Other_species,0,1,2,-1,natural,2025-07-19 17:28:223
Nurse_G._struthium,S._viscosa,C._hispanica,0,1,2,-1,natural,2025-07-19 17:28:223
Nurse_G._struthium,S._viscosa,Other_species,0,1,2,-1,natural,2025-07-19 17:28:223
Nurse_G._struthium,C._hispanica,Other_species,0,1,2,-1,natural,2025-07-19 17:28:223
H._squamatum,S._viscosa,C._hispanica,0,1,2,-1,natural,2025-07-19 17:28:223
H._squamatum,S._viscosa,Other_species,0,1,2,-1,natural,2025-07-19 17:28:223
H._squamatum,C._hispanica,Other_species,0,1,2,-1,natural,2025-07-19 17:28:223
S._viscosa,C._hispanica,Other_species,0,1,2,-1,natural,2025-07-19 17:28:223
Nurse_S._viscosa,Nurse_G._struthium,H._squamatum,0,1,2,-1,restoration,2025-07-19 17:28:213
Nurse_S._viscosa,Nurse_G._struthium,S._viscosa,0,1,2,-1,restoration,2025-07-19 17:28:213
Nurse_S._viscosa,Nurse_G._struthium,C._hispanica,0,1,2,-1,restoration,2025-07-19 17:28:213
Nurse_S._viscosa,Nurse_G._struthium,Other_species,0,1,2,-1,restoration,2025-07-19 17:28:213
Nurse_S._viscosa,H._squamatum,S._viscosa,0,1,2,-1,restoration,2025-07-19 17:28:213
Nurse_S._viscosa,H._squamatum,C._hispanica,0,1,2,-1,restoration,2025-07-19 17:28:213
Nurse_S._viscosa,H._squamatum,Other_species,0,1,2,-1,restoration,2025-07-19 17:28:213
Nurse_S._viscosa,S._viscosa,C._hispanica,0,1,2,-1,restoration,2025-07-19 17:28:213
Nurse_S._viscosa,S._viscosa,Other_species,0,1,2,-1,restoration,2025-07-19 17:28:213
Nurse_S._viscosa,C._hispanica,Other_species,0,1,2,-1,restoration,2025-07-19 17:28:213
Nurse_G._struthium,H._squamatum,S._viscosa,0,1,2,-1,restoration,2025-07-19 17:28:213
Nurse_G._struthium,H._squamatum,C._hispanica,0,1,2,-1,restoration,2025-07-19 17:28:213
Nurse_G._struthium,H._squamatum,Other_species,0,1,2,-1,restoration,2025-07-19 17:28:213
Nurse_G._struthium,S._viscosa,C._hispanica,0,1,2,-1,restoration,2025-07-19 17:28:213
Nurse_G._struthium,S._viscosa,Other_species,0,1,2,-1,restoration,2025-07-19 17:28:213
Nurse_G._struthium,C._hispanica,Other_species,0,1,2,-1,restoration,2025-07-19 17:28:213
H._squamatum,S._viscosa,C._hispanica,0,1,2,-1,restoration,2025-07-19 17:28:213
H._squamatum,S._viscosa,Other_species,0,1,2,-1,restoration,2025-07-19 17:28:213
H._squamatum,C._hispanica,Other_species,0,1,2,-1,restoration,2025-07-19 17:28:213
S._viscosa,C._hispanica,Other_species,0,1,2,-1,restoration,2025-07-19 17:28:213
Nurse_S._viscosa,Nurse_G._struthium,H._squamatum,0,1,2,-1,natural,2025-07-19 17:28:213
Nurse_S._viscosa,Nurse_G._struthium,S._viscosa,0,1,2,-1,natural,2025-07-19 17:28:213
Nurse_S._viscosa,Nurse_G._struthium,C._hispanica,0,1,2,-1,natural,2025-07-19 17:28:213
Nurse_S._viscosa,Nurse_G._struthium,Other_species,0,1,2,-1,natural,2025-07-19 17:28:213
Nurse_S._viscosa,H._squamatum,S._viscosa,0,1,2,-1,natural,2025-07-19 17:28:213
Nurse_S._viscosa,H._squamatum,C._hispanica,0,1,2,-1,natural,2025-07-19 17:28:213
Nurse_S._viscosa,H._squamatum,Other_species,0,1,2,-1,natural,2025-07-19 17:28:213
Nurse_S._viscosa,S._viscosa,C._hispanica,0,1,2,-1,natural,2025-07-19 17:28:213
Nurse_S._viscosa,S._viscosa,Other_species,0,1,2,-1,natural,2025-07-19 17:28:213
Nurse_S._viscosa,C._hispanica,Other_species,0,1,2,-1,natural,2025-07-19 17:28:213
Nurse_G._struthium,H._squamatum,S._viscosa,0,1,2,-1,natural,2025-07-19 17:28:213
Nurse_G._struthium,H._squamatum,C._hispanica,0,1,2,-1,natural,2025-07-19 17:28:213
Nurse_G._struthium,H._squamatum,Other_species,0,1,2,-1,natural,2025-07-19 17:28:213
Nurse_G._struthium,S._viscosa,C._hispanica,0,1,2,-1,natural,2025-07-19 17:28:213
Nurse_G._struthium,S._viscosa,Other_species,0,1,2,-1,natural,2025-07-19 17:28:213
Nurse_G._struthium,C._hispanica,Other_species,0,1,2,-1,natural,2025-07-19 17:28:213
H._squamatum,S._viscosa,C._hispanica,0,1,2,-1,natural,2025-07-19 17:28:213
H._squamatum,S._viscosa,Other_species,0,1,2,-1,natural,2025-07-19 17:28:213
H._squamatum,C._hispanica,Other_species,0,1,2,-1,natural,2025-07-19 17:28:213
S._viscosa,C._hispanica,Other_species,0,1,2,-1,natural,2025-07-19 17:28:213
Nurse_S._viscosa,Nurse_G._struthium,H._squamatum,0,1,2,-1,restoration,2025-07-19 17:28:213
Nurse_S._viscosa,Nurse_G._struthium,S._viscosa,0,1,2,-1,restoration,2025-07-19 17:28:213
Nurse_S._viscosa,Nurse_G._struthium,C._hispanica,0,1,2,-1,restoration,2025-07-19 17:28:213
Nurse_S._viscosa,Nurse_G._struthium,Other_species,0,1,2,-1,restoration,2025-07-19 17:28:213
Nurse_S._viscosa,H._squamatum,S._viscosa,0,1,2,-1,restoration,2025-07-19 17:28:213
Nurse_S._viscosa,H._squamatum,C._hispanica,0,1,2,-1,restoration,2025-07-19 17:28:213
Nurse_S._viscosa,H._squamatum,Other_species,0,1,2,-1,restoration,2025-07-19 17:28:213
Nurse_S._viscosa,S._viscosa,C._hispanica,0,1,2,-1,restoration,2025-07-19 17:28:213
Nurse_S._viscosa,S._viscosa,Other_species,0,1,2,-1,restoration,2025-07-19 17:28:213
Nurse_S._viscosa,C._hispanica,Other_species,0,1,2,-1,restoration,2025-07-19 17:28:213
Nurse_G._struthium,H._squamatum,S._viscosa,0,1,2,-1,restoration,2025-07-19 17:28:213
Nurse_G._struthium,H._squamatum,C._hispanica,0,1,2,-1,restoration,2025-07-19 17:28:213
Nurse_G._struthium,H._squamatum,Other_species,0,1,2,-1,restoration,2025-07-19 17:28:213
Nurse_G._struthium,S._viscosa,C._hispanica,0,1,2,-1,restoration,2025-07-19 17:28:213
Nurse_G._struthium,S._viscosa,Other_species,0,1,2,-1,restoration,2025-07-19 17:28:213
Nurse_G._struthium,C._hispanica,Other_species,0,1,2,-1,restoration,2025-07-19 17:28:213
H._squamatum,S._viscosa,C._hispanica,0,1,2,-1,restoration,2025-07-19 17:28:213
H._squamatum,S._viscosa,Other_species,0,1,2,-1,restoration,2025-07-19 17:28:213
H._squamatum,C._hispanica,Other_species,0,1,2,-1,restoration,2025-07-19 17:28:213
S._viscosa,C._hispanica,Other_species,0,1,2,-1,restoration,2025-07-19 17:28:213
Nurse_S._viscosa,Nurse_G._struthium,H._squamatum,0,1,2,-1,natural,2025-07-19 17:28:213
Nurse_S._viscosa,Nurse_G._struthium,S._viscosa,0,1,2,-1,natural,2025-07-19 17:28:213
Nurse_S._viscosa,Nurse_G._struthium,C._hispanica,0,1,2,-1,natural,2025-07-19 17:28:213
Nurse_S._viscosa,Nurse_G._struthium,Other_species,0,1,2,-1,natural,2025-07-19 17:28:213
Nurse_S._viscosa,H._squamatum,S._viscosa,0,1,2,-1,natural,2025-07-19 17:28:213
Nurse_S._viscosa,H._squamatum,C._hispanica,0,1,2,-1,natural,2025-07-19 17:28:213
Nurse_S._viscosa,H._squamatum,Other_species,0,1,2,-1,natural,2025-07-19 17:28:213
Nurse_S._viscosa,S._viscosa,C._hispanica,0,1,2,-1,natural,2025-07-19 17:28:213
Nurse_S._viscosa,S._viscosa,Other_species,0,1,2,-1,natural,2025-07-19 17:28:213
Nurse_S._viscosa,C._hispanica,Other_species,0,1,2,-1,natural,2025-07-19 17:28:213
Nurse_G._struthium,H._squamatum,S._viscosa,0,1,2,-1,natural,2025-07-19 17:28:213
Nurse_G._struthium,H._squamatum,C._hispanica,0,1,2,-1,natural,2025-07-19 17:28:213
Nurse_G._struthium,H._squamatum,Other_species,0,1,2,-1,natural,2025-07-19 17:28:213
Nurse_G._struthium,S._viscosa,C._hispanica,0,1,2,-1,natural,2025-07-19 17:28:213
Nurse_G._struthium,S._viscosa,Other_species,0,1,2,-1,natural,2025-07-19 17:28:213
Nurse_G._struthium,C._hispanica,Other_species,0,1,2,-1,natural,2025-07-19 17:28:213
H._squamatum,S._viscosa,C._hispanica,0,1,2,-1,natural,2025-07-19 17:28:213
H._squamatum,S._viscosa,Other_species,0,1,2,-1,natural,2025-07-19 17:28:213
H._squamatum,C._hispanica,Other_species,0,1,2,-1,natural,2025-07-19 17:28:213
S._viscosa,C._hispanica,Other_species,0,1,2,-1,natural,2025-07-19 17:28:213
Nurse_S._viscosa,Nurse_G._struthium,H._squamatum,0,1,2,-1,restoration,2025-07-19 17:28:203
Nurse_S._viscosa,Nurse_G._struthium,S._viscosa,0,1,2,-1,restoration,2025-07-19 17:28:203
Nurse_S._viscosa,Nurse_G._struthium,C._hispanica,0,1,2,-1,restoration,2025-07-19 17:28:203
Nurse_S._viscosa,Nurse_G._struthium,Other_species,0,1,2,-1,restoration,2025-07-19 17:28:203
Nurse_S._viscosa,H._squamatum,S._viscosa,0,1,2,-1,restoration,2025-07-19 17:28:203
Nurse_S._viscosa,H._squamatum,C._hispanica,0,1,2,-1,restoration,2025-07-19 17:28:203
Nurse_S._viscosa,H._squamatum,Other_species,0,1,2,-1,restoration,2025-07-19 17:28:203
Nurse_S._viscosa,S._viscosa,C._hispanica,0,1,2,-1,restoration,2025-07-19 17:28:203
Nurse_S._viscosa,S._viscosa,Other_species,0,1,2,-1,restoration,2025-07-19 17:28:203
Nurse_S._viscosa,C._hispanica,Other_species,0,1,2,-1,restoration,2025-07-19 17:28:203
Nurse_G._struthium,H._squamatum,S._viscosa,0,1,2,-1,restoration,2025-07-19 17:28:203
Nurse_G._struthium,H._squamatum,C._hispanica,0,1,2,-1,restoration,2025-07-19 17:28:203
Nurse_G._struthium,H._squamatum,Other_species,0,1,2,-1,restoration,2025-07-19 17:28:203
Nurse_G._struthium,S._viscosa,C._hispanica,0,1,2,-1,restoration,2025-07-19 17:28:203
Nurse_G._struthium,S._viscosa,Other_species,0,1,2,-1,restoration,2025-07-19 17:28:203
Nurse_G._struthium,C._hispanica,Other_species,0,1,2,-1,restoration,2025-07-19 17:28:203
H._squamatum,S._viscosa,C._hispanica,0,1,2,-1,restoration,2025-07-19 17:28:203
H._squamatum,S._viscosa,Other_species,0,1,2,-1,restoration,2025-07-19 17:28:203
H._squamatum,C._hispanica,Other_species,0,1,2,-1,restoration,2025-07-19 17:28:203
S._viscosa,C._hispanica,Other_species,0,1,2,-1,restoration,2025-07-19 17:28:203
Nurse_S._viscosa,Nurse_G._struthium,H._squamatum,0,1,2,-1,natural,2025-07-19 17:28:203
Nurse_S._viscosa,Nurse_G._struthium,S._viscosa,0,1,2,-1,natural,2025-07-19 17:28:203
Nurse_S._viscosa,Nurse_G._struthium,C._hispanica,0,1,2,-1,natural,2025-07-19 17:28:203
Nurse_S._viscosa,Nurse_G._struthium,Other_species,0,1,2,-1,natural,2025-07-19 17:28:203
Nurse_S._viscosa,H._squamatum,S._viscosa,0,1,2,-1,natural,2025-07-19 17:28:203
Nurse_S._viscosa,H._squamatum,C._hispanica,0,1,2,-1,natural,2025-07-19 17:28:203
Nurse_S._viscosa,H._squamatum,Other_species,0,1,2,-1,natural,2025-07-19 17:28:203
Nurse_S._viscosa,S._viscosa,C._hispanica,0,1,2,-1,natural,2025-07-19 17:28:203
Nurse_S._viscosa,S._viscosa,Other_species,0,1,2,-1,natural,2025-07-19 17:28:203
Nurse_S._viscosa,C._hispanica,Other_species,0,1,2,-1,natural,2025-07-19 17:28:203
Nurse_G._struthium,H._squamatum,S._viscosa,0,1,2,-1,natural,2025-07-19 17:28:203
Nurse_G._struthium,H._squamatum,C._hispanica,0,1,2,-1,natural,2025-07-19 17:28:203
Nurse_G._struthium,H._squamatum,Other_species,0,1,2,-1,natural,2025-07-19 17:28:203
Nurse_G._struthium,S._viscosa,C._hispanica,0,1,2,-1,natural,2025-07-19 17:28:203
Nurse_G._struthium,S._viscosa,Other_species,0,1,2,-1,natural,2025-07-19 17:28:203
Nurse_G._struthium,C._hispanica,Other_species,0,1,2,-1,natural,2025-07-19 17:28:203
H._squamatum,S._viscosa,C._hispanica,0,1,2,-1,natural,2025-07-19 17:28:203
H._squamatum,S._viscosa,Other_species,0,1,2,-1,natural,2025-07-19 17:28:203
H._squamatum,C._hispanica,Other_species,0,1,2,-1,natural,2025-07-19 17:28:203
S._viscosa,C._hispanica,Other_species,0,1,2,-1,natural,2025-07-19 17:28:203
Nurse_S._viscosa,Nurse_G._struthium,H._squamatum,0,1,2,-1,restoration,2025-07-19 17:28:203
Nurse_S._viscosa,Nurse_G._struthium,S._viscosa,0,1,2,-1,restoration,2025-07-19 17:28:203
Nurse_S._viscosa,Nurse_G._struthium,C._hispanica,0,1,2,-1,restoration,2025-07-19 17:28:203
Nurse_S._viscosa,Nurse_G._struthium,Other_species,0,1,2,-1,restoration,2025-07-19 17:28:203
Nurse_S._viscosa,H._squamatum,S._viscosa,0,1,2,-1,restoration,2025-07-19 17:28:203
Nurse_S._viscosa,H._squamatum,C._hispanica,0,1,2,-1,restoration,2025-07-19 17:28:203
Nurse_S._viscosa,H._squamatum,Other_species,0,1,2,-1,restoration,2025-07-19 17:28:203
Nurse_S._viscosa,S._viscosa,C._hispanica,0,1,2,-1,restoration,2025-07-19 17:28:203
Nurse_S._viscosa,S._viscosa,Other_species,0,1,2,-1,restoration,2025-07-19 17:28:203
Nurse_S._viscosa,C._hispanica,Other_species,0,1,2,-1,restoration,2025-07-19 17:28:203
Nurse_G._struthium,H._squamatum,S._viscosa,0,1,2,-1,restoration,2025-07-19 17:28:203
Nurse_G._struthium,H._squamatum,C._hispanica,0,1,2,-1,restoration,2025-07-19 17:28:203
Nurse_G._struthium,H._squamatum,Other_species,0,1,2,-1,restoration,2025-07-19 17:28:203
Nurse_G._struthium,S._viscosa,C._hispanica,0,1,2,-1,restoration,2025-07-19 17:28:203
Nurse_G._struthium,S._viscosa,Other_species,0,1,2,-1,restoration,2025-07-19 17:28:203
Nurse_G._struthium,C._hispanica,Other_species,0,1,2,-1,restoration,2025-07-19 17:28:203
H._squamatum,S._viscosa,C._hispanica,0,1,2,-1,restoration,2025-07-19 17:28:203
H._squamatum,S._viscosa,Other_species,0,1,2,-1,restoration,2025-07-19 17:28:203
H._squamatum,C._hispanica,Other_species,0,1,2,-1,restoration,2025-07-19 17:28:203
S._viscosa,C._hispanica,Other_species,0,1,2,-1,restoration,2025-07-19 17:28:203
Nurse_S._viscosa,Nurse_G._struthium,H._squamatum,0,1,2,-1,natural,2025-07-19 17:28:203
Nurse_S._viscosa,Nurse_G._struthium,S._viscosa,0,1,2,-1,natural,2025-07-19 17:28:203
Nurse_S._viscosa,Nurse_G._struthium,C._hispanica,0,1,2,-1,natural,2025-07-19 17:28:203
Nurse_S._viscosa,Nurse_G._struthium,Other_species,0,1,2,-1,natural,2025-07-19 17:28:203
Nurse_S._viscosa,H._squamatum,S._viscosa,0,1,2,-1,natural,2025-07-19 17:28:203
Nurse_S._viscosa,H._squamatum,C._hispanica,0,1,2,-1,natural,2025-07-19 17:28:203
Nurse_S._viscosa,H._squamatum,Other_species,0,1,2,-1,natural,2025-07-19 17:28:203
Nurse_S._viscosa,S._viscosa,C._hispanica,0,1,2,-1,natural,2025-07-19 17:28:203
Nurse_S._viscosa,S._viscosa,Other_species,0,1,2,-1,natural,2025-07-19 17:28:203
Nurse_S._viscosa,C._hispanica,Other_species,0,1,2,-1,natural,2025-07-19 17:28:203
Nurse_G._struthium,H._squamatum,S._viscosa,0,1,2,-1,natural,2025-07-19 17:28:203
Nurse_G._struthium,H._squamatum,C._hispanica,0,1,2,-1,natural,2025-07-19 17:28:203
Nurse_G._struthium,H._squamatum,Other_species,0,1,2,-1,natural,2025-07-19 17:28:203
Nurse_G._struthium,S._viscosa,C._hispanica,0,1,2,-1,natural,2025-07-19 17:28:203
Nurse_G._struthium,S._viscosa,Other_species,0,1,2,-1,natural,2025-07-19 17:28:203
Nurse_G._struthium,C._hispanica,Other_species,0,1,2,-1,natural,2025-07-19 17:28:203
H._squamatum,S._viscosa,C._hispanica,0,1,2,-1,natural,2025-07-19 17:28:203
H._squamatum,S._viscosa,Other_species,0,1,2,-1,natural,2025-07-19 17:28:203
H._squamatum,C._hispanica,Other_species,0,1,2,-1,natural,2025-07-19 17:28:203
S._viscosa,C._hispanica,Other_species,0,1,2,-1,natural,2025-07-19 17:28:203
Nurse_S._viscosa,Nurse_G._struthium,H._squamatum,0,1,2,-1,restoration,2025-07-19 17:28:193
Nurse_S._viscosa,Nurse_G._struthium,S._viscosa,0,1,2,-1,restoration,2025-07-19 17:28:193
Nurse_S._viscosa,Nurse_G._struthium,C._hispanica,0,1,2,-1,restoration,2025-07-19 17:28:193
Nurse_S._viscosa,Nurse_G._struthium,Other_species,0,1,2,-1,restoration,2025-07-19 17:28:193
Nurse_S._viscosa,H._squamatum,S._viscosa,0,1,2,-1,restoration,2025-07-19 17:28:193
Nurse_S._viscosa,H._squamatum,C._hispanica,0,1,2,-1,restoration,2025-07-19 17:28:193
Nurse_S._viscosa,H._squamatum,Other_species,0,1,2,-1,restoration,2025-07-19 17:28:193
Nurse_S._viscosa,S._viscosa,C._hispanica,0,1,2,-1,restoration,2025-07-19 17:28:193
Nurse_S._viscosa,S._viscosa,Other_species,0,1,2,-1,restoration,2025-07-19 17:28:193
Nurse_S._viscosa,C._hispanica,Other_species,0,1,2,-1,restoration,2025-07-19 17:28:193
Nurse_G._struthium,H._squamatum,S._viscosa,0,1,2,-1,restoration,2025-07-19 17:28:193
Nurse_G._struthium,H._squamatum,C._hispanica,0,1,2,-1,restoration,2025-07-19 17:28:193
Nurse_G._struthium,H._squamatum,Other_species,0,1,2,-1,restoration,2025-07-19 17:28:193
Nurse_G._struthium,S._viscosa,C._hispanica,0,1,2,-1,restoration,2025-07-19 17:28:193
Nurse_G._struthium,S._viscosa,Other_species,0,1,2,-1,restoration,2025-07-19 17:28:193
Nurse_G._struthium,C._hispanica,Other_species,0,1,2,-1,restoration,2025-07-19 17:28:193
H._squamatum,S._viscosa,C._hispanica,0,1,2,-1,restoration,2025-07-19 17:28:193
H._squamatum,S._viscosa,Other_species,0,1,2,-1,restoration,2025-07-19 17:28:193
H._squamatum,C._hispanica,Other_species,0,1,2,-1,restoration,2025-07-19 17:28:193
S._viscosa,C._hispanica,Other_species,0,1,2,-1,restoration,2025-07-19 17:28:193
Nurse_S._viscosa,Nurse_G._struthium,H._squamatum,0,1,2,-1,natural,2025-07-19 17:28:193
Nurse_S._viscosa,Nurse_G._struthium,S._viscosa,0,1,2,-1,natural,2025-07-19 17:28:193
Nurse_S._viscosa,Nurse_G._struthium,C._hispanica,0,1,2,-1,natural,2025-07-19 17:28:193
Nurse_S._viscosa,Nurse_G._struthium,Other_species,0,1,2,-1,natural,2025-07-19 17:28:193
Nurse_S._viscosa,H._squamatum,S._viscosa,0,1,2,-1,natural,2025-07-19 17:28:193
Nurse_S._viscosa,H._squamatum,C._hispanica,0,1,2,-1,natural,2025-07-19 17:28:193
Nurse_S._viscosa,H._squamatum,Other_species,0,1,2,-1,natural,2025-07-19 17:28:193
Nurse_S._viscosa,S._viscosa,C._hispanica,0,1,2,-1,natural,2025-07-19 17:28:193
Nurse_S._viscosa,S._viscosa,Other_species,0,1,2,-1,natural,2025-07-19 17:28:193
Nurse_S._viscosa,C._hispanica,Other_species,0,1,2,-1,natural,2025-07-19 17:28:193
Nurse_G._struthium,H._squamatum,S._viscosa,0,1,2,-1,natural,2025-07-19 17:28:193
Nurse_G._struthium,H._squamatum,C._hispanica,0,1,2,-1,natural,2025-07-19 17:28:193
Nurse_G._struthium,H._squamatum,Other_species,0,1,2,-1,natural,2025-07-19 17:28:193
Nurse_G._struthium,S._viscosa,C._hispanica,0,1,2,-1,natural,2025-07-19 17:28:193
Nurse_G._struthium,S._viscosa,Other_species,0,1,2,-1,natural,2025-07-19 17:28:193
Nurse_G._struthium,C._hispanica,Other_species,0,1,2,-1,natural,2025-07-19 17:28:193
H._squamatum,S._viscosa,C._hispanica,0,1,2,-1,natural,2025-07-19 17:28:193
H._squamatum,S._viscosa,Other_species,0,1,2,-1,natural,2025-07-19 17:28:193
H._squamatum,C._hispanica,Other_species,0,1,2,-1,natural,2025-07-19 17:28:193
S._viscosa,C._hispanica,Other_species,0,1,2,-1,natural,2025-07-19 17:28:193
Nurse_S._viscosa,Nurse_G._struthium,H._squamatum,0,1,2,-1,restoration,2025-07-19 17:28:193
Nurse_S._viscosa,Nurse_G._struthium,S._viscosa,0,1,2,-1,restoration,2025-07-19 17:28:193
Nurse_S._viscosa,Nurse_G._struthium,C._hispanica,0,1,2,-1,restoration,2025-07-19 17:28:193
Nurse_S._viscosa,Nurse_G._struthium,Other_species,0,1,2,-1,restoration,2025-07-19 17:28:193
Nurse_S._viscosa,H._squamatum,S._viscosa,0,1,2,-1,restoration,2025-07-19 17:28:193
Nurse_S._viscosa,H._squamatum,C._hispanica,0,1,2,-1,restoration,2025-07-19 17:28:193
Nurse_S._viscosa,H._squamatum,Other_species,0,1,2,-1,restoration,2025-07-19 17:28:193
Nurse_S._viscosa,S._viscosa,C._hispanica,0,1,2,-1,restoration,2025-07-19 17:28:193
Nurse_S._viscosa,S._viscosa,Other_species,0,1,2,-1,restoration,2025-07-19 17:28:193
Nurse_S._viscosa,C._hispanica,Other_species,0,1,2,-1,restoration,2025-07-19 17:28:193
Nurse_G._struthium,H._squamatum,S._viscosa,0,1,2,-1,restoration,2025-07-19 17:28:193
Nurse_G._struthium,H._squamatum,C._hispanica,0,1,2,-1,restoration,2025-07-19 17:28:193
Nurse_G._struthium,H._squamatum,Other_species,0,1,2,-1,restoration,2025-07-19 17:28:193
Nurse_G._struthium,S._viscosa,C._hispanica,0,1,2,-1,restoration,2025-07-19 17:28:193
Nurse_G._struthium,S._viscosa,Other_species,0,1,2,-1,restoration,2025-07-19 17:28:193
Nurse_G._struthium,C._hispanica,Other_species,0,1,2,-1,restoration,2025-07-19 17:28:193
H._squamatum,S._viscosa,C._hispanica,0,1,2,-1,restoration,2025-07-19 17:28:193
H._squamatum,S._viscosa,Other_species,0,1,2,-1,restoration,2025-07-19 17:28:193
H._squamatum,C._hispanica,Other_species,0,1,2,-1,restoration,2025-07-19 17:28:193
S._viscosa,C._hispanica,Other_species,0,1,2,-1,restoration,2025-07-19 17:28:193
Nurse_S._viscosa,Nurse_G._struthium,H._squamatum,0,1,2,-1,natural,2025-07-19 17:28:193
Nurse_S._viscosa,Nurse_G._struthium,S._viscosa,0,1,2,-1,natural,2025-07-19 17:28:193
Nurse_S._viscosa,Nurse_G._struthium,C._hispanica,0,1,2,-1,natural,2025-07-19 17:28:193
Nurse_S._viscosa,Nurse_G._struthium,Other_species,0,1,2,-1,natural,2025-07-19 17:28:193
Nurse_S._viscosa,H._squamatum,S._viscosa,0,1,2,-1,natural,2025-07-19 17:28:193
Nurse_S._viscosa,H._squamatum,C._hispanica,0,1,2,-1,natural,2025-07-19 17:28:193
Nurse_S._viscosa,H._squamatum,Other_species,0,1,2,-1,natural,2025-07-19 17:28:193
Nurse_S._viscosa,S._viscosa,C._hispanica,0,1,2,-1,natural,2025-07-19 17:28:193
Nurse_S._viscosa,S._viscosa,Other_species,0,1,2,-1,natural,2025-07-19 17:28:193
Nurse_S._viscosa,C._hispanica,Other_species,0,1,2,-1,natural,2025-07-19 17:28:193
Nurse_G._struthium,H._squamatum,S._viscosa,0,1,2,-1,natural,2025-07-19 17:28:193
Nurse_G._struthium,H._squamatum,C._hispanica,0,1,2,-1,natural,2025-07-19 17:28:193
Nurse_G._struthium,H._squamatum,Other_species,0,1,2,-1,natural,2025-07-19 17:28:193
Nurse_G._struthium,S._viscosa,C._hispanica,0,1,2,-1,natural,2025-07-19 17:28:193
Nurse_G._struthium,S._viscosa,Other_species,0,1,2,-1,natural,2025-07-19 17:28:193
Nurse_G._struthium,C._hispanica,Other_species,0,1,2,-1,natural,2025-07-19 17:28:193
H._squamatum,S._viscosa,C._hispanica,0,1,2,-1,natural,2025-07-19 17:28:193
H._squamatum,S._viscosa,Other_species,0,1,2,-1,natural,2025-07-19 17:28:193
H._squamatum,C._hispanica,Other_species,0,1,2,-1,natural,2025-07-19 17:28:193
S._viscosa,C._hispanica,Other_species,0,1,2,-1,natural,2025-07-19 17:28:193
Nurse_S._viscosa,Nurse_G._struthium,H._squamatum,0,1,2,-1,restoration,2025-07-19 17:28:193
Nurse_S._viscosa,Nurse_G._struthium,S._viscosa,0,1,2,-1,restoration,2025-07-19 17:28:193
Nurse_S._viscosa,Nurse_G._struthium,C._hispanica,0,1,2,-1,restoration,2025-07-19 17:28:193
Nurse_S._viscosa,Nurse_G._struthium,Other_species,0,1,2,-1,restoration,2025-07-19 17:28:193
Nurse_S._viscosa,H._squamatum,S._viscosa,0,1,2,-1,restoration,2025-07-19 17:28:193
Nurse_S._viscosa,H._squamatum,C._hispanica,0,1,2,-1,restoration,2025-07-19 17:28:193
Nurse_S._viscosa,H._squamatum,Other_species,0,1,2,-1,restoration,2025-07-19 17:28:193
Nurse_S._viscosa,S._viscosa,C._hispanica,0,1,2,-1,restoration,2025-07-19 17:28:193
Nurse_S._viscosa,S._viscosa,Other_species,0,1,2,-1,restoration,2025-07-19 17:28:193
Nurse_S._viscosa,C._hispanica,Other_species,0,1,2,-1,restoration,2025-07-19 17:28:193
Nurse_G._struthium,H._squamatum,S._viscosa,0,1,2,-1,restoration,2025-07-19 17:28:193
Nurse_G._struthium,H._squamatum,C._hispanica,0,1,2,-1,restoration,2025-07-19 17:28:193
Nurse_G._struthium,H._squamatum,Other_species,0,1,2,-1,restoration,2025-07-19 17:28:193
Nurse_G._struthium,S._viscosa,C._hispanica,0,1,2,-1,restoration,2025-07-19 17:28:193
Nurse_G._struthium,S._viscosa,Other_species,0,1,2,-1,restoration,2025-07-19 17:28:193
Nurse_G._struthium,C._hispanica,Other_species,0,1,2,-1,restoration,2025-07-19 17:28:193
H._squamatum,S._viscosa,C._hispanica,0,1,2,-1,restoration,2025-07-19 17:28:193
H._squamatum,S._viscosa,Other_species,0,1,2,-1,restoration,2025-07-19 17:28:193
H._squamatum,C._hispanica,Other_species,0,1,2,-1,restoration,2025-07-19 17:28:193
S._viscosa,C._hispanica,Other_species,0,1,2,-1,restoration,2025-07-19 17:28:193
Nurse_S._viscosa,Nurse_G._struthium,H._squamatum,0,1,2,-1,natural,2025-07-19 17:28:193
Nurse_S._viscosa,Nurse_G._struthium,S._viscosa,0,1,2,-1,natural,2025-07-19 17:28:193
Nurse_S._viscosa,Nurse_G._struthium,C._hispanica,0,1,2,-1,natural,2025-07-19 17:28:193
Nurse_S._viscosa,Nurse_G._struthium,Other_species,0,1,2,-1,natural,2025-07-19 17:28:193
Nurse_S._viscosa,H._squamatum,S._viscosa,0,1,2,-1,natural,2025-07-19 17:28:193
Nurse_S._viscosa,H._squamatum,C._hispanica,0,1,2,-1,natural,2025-07-19 17:28:193
Nurse_S._viscosa,H._squamatum,Other_species,0,1,2,-1,natural,2025-07-19 17:28:193
Nurse_S._viscosa,S._viscosa,C._hispanica,0,1,2,-1,natural,2025-07-19 17:28:193
Nurse_S._viscosa,S._viscosa,Other_species,0,1,2,-1,natural,2025-07-19 17:28:193
Nurse_S._viscosa,C._hispanica,Other_species,0,1,2,-1,natural,2025-07-19 17:28:193
Nurse_G._struthium,H._squamatum,S._viscosa,0,1,2,-1,natural,2025-07-19 17:28:193
Nurse_G._struthium,H._squamatum,C._hispanica,0,1,2,-1,natural,2025-07-19 17:28:193
Nurse_G._struthium,H._squamatum,Other_species,0,1,2,-1,natural,2025-07-19 17:28:193
Nurse_G._struthium,S._viscosa,C._hispanica,0,1,2,-1,natural,2025-07-19 17:28:193
Nurse_G._struthium,S._viscosa,Other_species,0,1,2,-1,natural,2025-07-19 17:28:193
Nurse_G._struthium,C._hispanica,Other_species,0,1,2,-1,natural,2025-07-19 17:28:193
H._squamatum,S._viscosa,C._hispanica,0,1,2,-1,natural,2025-07-19 17:28:193
H._squamatum,S._viscosa,Other_species,0,1,2,-1,natural,2025-07-19 17:28:193
H._squamatum,C._hispanica,Other_species,0,1,2,-1,natural,2025-07-19 17:28:193
S._viscosa,C._hispanica,Other_species,0,1,2,-1,natural,2025-07-19 17:28:193
Nurse_S._viscosa,Nurse_G._struthium,H._squamatum,0,1,2,-1,restoration,2025-07-19 17:28:183
Nurse_S._viscosa,Nurse_G._struthium,S._viscosa,0,1,2,-1,restoration,2025-07-19 17:28:183
Nurse_S._viscosa,Nurse_G._struthium,C._hispanica,0,1,2,-1,restoration,2025-07-19 17:28:183
Nurse_S._viscosa,Nurse_G._struthium,Other_species,0,1,2,-1,restoration,2025-07-19 17:28:183
Nurse_S._viscosa,H._squamatum,S._viscosa,0,1,2,-1,restoration,2025-07-19 17:28:183
Nurse_S._viscosa,H._squamatum,C._hispanica,0,1,2,-1,restoration,2025-07-19 17:28:183
Nurse_S._viscosa,H._squamatum,Other_species,0,1,2,-1,restoration,2025-07-19 17:28:183
Nurse_S._viscosa,S._viscosa,C._hispanica,0,1,2,-1,restoration,2025-07-19 17:28:183
Nurse_S._viscosa,S._viscosa,Other_species,0,1,2,-1,restoration,2025-07-19 17:28:183
Nurse_S._viscosa,C._hispanica,Other_species,0,1,2,-1,restoration,2025-07-19 17:28:183
Nurse_G._struthium,H._squamatum,S._viscosa,0,1,2,-1,restoration,2025-07-19 17:28:183
Nurse_G._struthium,H._squamatum,C._hispanica,0,1,2,-1,restoration,2025-07-19 17:28:183
Nurse_G._struthium,H._squamatum,Other_species,0,1,2,-1,restoration,2025-07-19 17:28:183
Nurse_G._struthium,S._viscosa,C._hispanica,0,1,2,-1,restoration,2025-07-19 17:28:183
Nurse_G._struthium,S._viscosa,Other_species,0,1,2,-1,restoration,2025-07-19 17:28:183
Nurse_G._struthium,C._hispanica,Other_species,0,1,2,-1,restoration,2025-07-19 17:28:183
H._squamatum,S._viscosa,C._hispanica,0,1,2,-1,restoration,2025-07-19 17:28:183
H._squamatum,S._viscosa,Other_species,0,1,2,-1,restoration,2025-07-19 17:28:183
H._squamatum,C._hispanica,Other_species,0,1,2,-1,restoration,2025-07-19 17:28:183
S._viscosa,C._hispanica,Other_species,0,1,2,-1,restoration,2025-07-19 17:28:183
Nurse_S._viscosa,Nurse_G._struthium,H._squamatum,0,1,2,-1,natural,2025-07-19 17:28:183
Nurse_S._viscosa,Nurse_G._struthium,S._viscosa,0,1,2,-1,natural,2025-07-19 17:28:183
Nurse_S._viscosa,Nurse_G._struthium,C._hispanica,0,1,2,-1,natural,2025-07-19 17:28:183
Nurse_S._viscosa,Nurse_G._struthium,Other_species,0,1,2,-1,natural,2025-07-19 17:28:183
Nurse_S._viscosa,H._squamatum,S._viscosa,0,1,2,-1,natural,2025-07-19 17:28:183
Nurse_S._viscosa,H._squamatum,C._hispanica,0,1,2,-1,natural,2025-07-19 17:28:183
Nurse_S._viscosa,H._squamatum,Other_species,0,1,2,-1,natural,2025-07-19 17:28:183
Nurse_S._viscosa,S._viscosa,C._hispanica,0,1,2,-1,natural,2025-07-19 17:28:183
Nurse_S._viscosa,S._viscosa,Other_species,0,1,2,-1,natural,2025-07-19 17:28:183
Nurse_S._viscosa,C._hispanica,Other_species,0,1,2,-1,natural,2025-07-19 17:28:183
Nurse_G._struthium,H._squamatum,S._viscosa,0,1,2,-1,natural,2025-07-19 17:28:183
Nurse_G._struthium,H._squamatum,C._hispanica,0,1,2,-1,natural,2025-07-19 17:28:183
Nurse_G._struthium,H._squamatum,Other_species,0,1,2,-1,natural,2025-07-19 17:28:183
Nurse_G._struthium,S._viscosa,C._hispanica,0,1,2,-1,natural,2025-07-19 17:28:183
Nurse_G._struthium,S._viscosa,Other_species,0,1,2,-1,natural,2025-07-19 17:28:183
Nurse_G._struthium,C._hispanica,Other_species,0,1,2,-1,natural,2025-07-19 17:28:183
H._squamatum,S._viscosa,C._hispanica,0,1,2,-1,natural,2025-07-19 17:28:183
H._squamatum,S._viscosa,Other_species,0,1,2,-1,natural,2025-07-19 17:28:183
H._squamatum,C._hispanica,Other_species,0,1,2,-1,natural,2025-07-19 17:28:183
S._viscosa,C._hispanica,Other_species,0,1,2,-1,natural,2025-07-19 17:28:183
Nurse_S._viscosa,Nurse_G._struthium,H._squamatum,0,1,2,-1,restoration,2025-07-19 17:28:183
Nurse_S._viscosa,Nurse_G._struthium,S._viscosa,0,1,2,-1,restoration,2025-07-19 17:28:183
Nurse_S._viscosa,Nurse_G._struthium,C._hispanica,0,1,2,-1,restoration,2025-07-19 17:28:183
Nurse_S._viscosa,Nurse_G._struthium,Other_species,0,1,2,-1,restoration,2025-07-19 17:28:183
Nurse_S._viscosa,H._squamatum,S._viscosa,0,1,2,-1,restoration,2025-07-19 17:28:183
Nurse_S._viscosa,H._squamatum,C._hispanica,0,1,2,-1,restoration,2025-07-19 17:28:183
Nurse_S._viscosa,H._squamatum,Other_species,0,1,2,-1,restoration,2025-07-19 17:28:183
Nurse_S._viscosa,S._viscosa,C._hispanica,0,1,2,-1,restoration,2025-07-19 17:28:183
Nurse_S._viscosa,S._viscosa,Other_species,0,1,2,-1,restoration,2025-07-19 17:28:183
Nurse_S._viscosa,C._hispanica,Other_species,0,1,2,-1,restoration,2025-07-19 17:28:183
Nurse_G._struthium,H._squamatum,S._viscosa,0,1,2,-1,restoration,2025-07-19 17:28:183
Nurse_G._struthium,H._squamatum,C._hispanica,0,1,2,-1,restoration,2025-07-19 17:28:183
Nurse_G._struthium,H._squamatum,Other_species,0,1,2,-1,restoration,2025-07-19 17:28:183
Nurse_G._struthium,S._viscosa,C._hispanica,0,1,2,-1,restoration,2025-07-19 17:28:183
Nurse_G._struthium,S._viscosa,Other_species,0,1,2,-1,restoration,2025-07-19 17:28:183
Nurse_G._struthium,C._hispanica,Other_species,0,1,2,-1,restoration,2025-07-19 17:28:183
H._squamatum,S._viscosa,C._hispanica,0,1,2,-1,restoration,2025-07-19 17:28:183
H._squamatum,S._viscosa,Other_species,0,1,2,-1,restoration,2025-07-19 17:28:183
H._squamatum,C._hispanica,Other_species,0,1,2,-1,restoration,2025-07-19 17:28:183
S._viscosa,C._hispanica,Other_species,0,1,2,-1,restoration,2025-07-19 17:28:183
Nurse_S._viscosa,Nurse_G._struthium,H._squamatum,0,1,2,-1,natural,2025-07-19 17:28:183
Nurse_S._viscosa,Nurse_G._struthium,S._viscosa,0,1,2,-1,natural,2025-07-19 17:28:183
Nurse_S._viscosa,Nurse_G._struthium,C._hispanica,0,1,2,-1,natural,2025-07-19 17:28:183
Nurse_S._viscosa,Nurse_G._struthium,Other_species,0,1,2,-1,natural,2025-07-19 17:28:183
Nurse_S._viscosa,H._squamatum,S._viscosa,0,1,2,-1,natural,2025-07-19 17:28:183
Nurse_S._viscosa,H._squamatum,C._hispanica,0,1,2,-1,natural,2025-07-19 17:28:183
Nurse_S._viscosa,H._squamatum,Other_species,0,1,2,-1,natural,2025-07-19 17:28:183
Nurse_S._viscosa,S._viscosa,C._hispanica,0,1,2,-1,natural,2025-07-19 17:28:183
Nurse_S._viscosa,S._viscosa,Other_species,0,1,2,-1,natural,2025-07-19 17:28:183
Nurse_S._viscosa,C._hispanica,Other_species,0,1,2,-1,natural,2025-07-19 17:28:183
Nurse_G._struthium,H._squamatum,S._viscosa,0,1,2,-1,natural,2025-07-19 17:28:183
Nurse_G._struthium,H._squamatum,C._hispanica,0,1,2,-1,natural,2025-07-19 17:28:183
Nurse_G._struthium,H._squamatum,Other_species,0,1,2,-1,natural,2025-07-19 17:28:183
Nurse_G._struthium,S._viscosa,C._hispanica,0,1,2,-1,natural,2025-07-19 17:28:183
Nurse_G._struthium,S._viscosa,Other_species,0,1,2,-1,natural,2025-07-19 17:28:183
Nurse_G._struthium,C._hispanica,Other_species,0,1,2,-1,natural,2025-07-19 17:28:183
H._squamatum,S._viscosa,C._hispanica,0,1,2,-1,natural,2025-07-19 17:28:183
H._squamatum,S._viscosa,Other_species,0,1,2,-1,natural,2025-07-19 17:28:183
H._squamatum,C._hispanica,Other_species,0,1,2,-1,natural,2025-07-19 17:28:183
S._viscosa,C._hispanica,Other_species,0,1,2,-1,natural,2025-07-19 17:28:183
Nurse_S._viscosa,Nurse_G._struthium,H._squamatum,0,1,2,-1,restoration,2025-07-19 17:28:173
Nurse_S._viscosa,Nurse_G._struthium,S._viscosa,0,1,2,-1,restoration,2025-07-19 17:28:173
Nurse_S._viscosa,Nurse_G._struthium,C._hispanica,0,1,2,-1,restoration,2025-07-19 17:28:173
Nurse_S._viscosa,Nurse_G._struthium,Other_species,0,1,2,-1,restoration,2025-07-19 17:28:173
Nurse_S._viscosa,H._squamatum,S._viscosa,0,1,2,-1,restoration,2025-07-19 17:28:173
Nurse_S._viscosa,H._squamatum,C._hispanica,0,1,2,-1,restoration,2025-07-19 17:28:173
Nurse_S._viscosa,H._squamatum,Other_species,0,1,2,-1,restoration,2025-07-19 17:28:173
Nurse_S._viscosa,S._viscosa,C._hispanica,0,1,2,-1,restoration,2025-07-19 17:28:173
Nurse_S._viscosa,S._viscosa,Other_species,0,1,2,-1,restoration,2025-07-19 17:28:173
Nurse_S._viscosa,C._hispanica,Other_species,0,1,2,-1,restoration,2025-07-19 17:28:173
Nurse_G._struthium,H._squamatum,S._viscosa,0,1,2,-1,restoration,2025-07-19 17:28:173
Nurse_G._struthium,H._squamatum,C._hispanica,0,1,2,-1,restoration,2025-07-19 17:28:173
Nurse_G._struthium,H._squamatum,Other_species,0,1,2,-1,restoration,2025-07-19 17:28:173
Nurse_G._struthium,S._viscosa,C._hispanica,0,1,2,-1,restoration,2025-07-19 17:28:173
Nurse_G._struthium,S._viscosa,Other_species,0,1,2,-1,restoration,2025-07-19 17:28:173
Nurse_G._struthium,C._hispanica,Other_species,0,1,2,-1,restoration,2025-07-19 17:28:173
H._squamatum,S._viscosa,C._hispanica,0,1,2,-1,restoration,2025-07-19 17:28:173
H._squamatum,S._viscosa,Other_species,0,1,2,-1,restoration,2025-07-19 17:28:173
H._squamatum,C._hispanica,Other_species,0,1,2,-1,restoration,2025-07-19 17:28:173
S._viscosa,C._hispanica,Other_species,0,1,2,-1,restoration,2025-07-19 17:28:173
Nurse_S._viscosa,Nurse_G._struthium,H._squamatum,0,1,2,-1,natural,2025-07-19 17:28:173
Nurse_S._viscosa,Nurse_G._struthium,S._viscosa,0,1,2,-1,natural,2025-07-19 17:28:173
Nurse_S._viscosa,Nurse_G._struthium,C._hispanica,0,1,2,-1,natural,2025-07-19 17:28:173
Nurse_S._viscosa,Nurse_G._struthium,Other_species,0,1,2,-1,natural,2025-07-19 17:28:173
Nurse_S._viscosa,H._squamatum,S._viscosa,0,1,2,-1,natural,2025-07-19 17:28:173
Nurse_S._viscosa,H._squamatum,C._hispanica,0,1,2,-1,natural,2025-07-19 17:28:173
Nurse_S._viscosa,H._squamatum,Other_species,0,1,2,-1,natural,2025-07-19 17:28:173
Nurse_S._viscosa,S._viscosa,C._hispanica,0,1,2,-1,natural,2025-07-19 17:28:173
Nurse_S._viscosa,S._viscosa,Other_species,0,1,2,-1,natural,2025-07-19 17:28:173
Nurse_S._viscosa,C._hispanica,Other_species,0,1,2,-1,natural,2025-07-19 17:28:173
Nurse_G._struthium,H._squamatum,S._viscosa,0,1,2,-1,natural,2025-07-19 17:28:173
Nurse_G._struthium,H._squamatum,C._hispanica,0,1,2,-1,natural,2025-07-19 17:28:173
Nurse_G._struthium,H._squamatum,Other_species,0,1,2,-1,natural,2025-07-19 17:28:173
Nurse_G._struthium,S._viscosa,C._hispanica,0,1,2,-1,natural,2025-07-19 17:28:173
Nurse_G._struthium,S._viscosa,Other_species,0,1,2,-1,natural,2025-07-19 17:28:173
Nurse_G._struthium,C._hispanica,Other_species,0,1,2,-1,natural,2025-07-19 17:28:173
H._squamatum,S._viscosa,C._hispanica,0,1,2,-1,natural,2025-07-19 17:28:173
H._squamatum,S._viscosa,Other_species,0,1,2,-1,natural,2025-07-19 17:28:173
H._squamatum,C._hispanica,Other_species,0,1,2,-1,natural,2025-07-19 17:28:173
S._viscosa,C._hispanica,Other_species,0,1,2,-1,natural,2025-07-19 17:28:173
Nurse_S._viscosa,Nurse_G._struthium,H._squamatum,0,1,2,-1,restoration,2025-07-19 17:28:173
Nurse_S._viscosa,Nurse_G._struthium,S._viscosa,0,1,2,-1,restoration,2025-07-19 17:28:173
Nurse_S._viscosa,Nurse_G._struthium,C._hispanica,0,1,2,-1,restoration,2025-07-19 17:28:173
Nurse_S._viscosa,Nurse_G._struthium,Other_species,0,1,2,-1,restoration,2025-07-19 17:28:173
Nurse_S._viscosa,H._squamatum,S._viscosa,0,1,2,-1,restoration,2025-07-19 17:28:173
Nurse_S._viscosa,H._squamatum,C._hispanica,0,1,2,-1,restoration,2025-07-19 17:28:173
Nurse_S._viscosa,H._squamatum,Other_species,0,1,2,-1,restoration,2025-07-19 17:28:173
Nurse_S._viscosa,S._viscosa,C._hispanica,0,1,2,-1,restoration,2025-07-19 17:28:173
Nurse_S._viscosa,S._viscosa,Other_species,0,1,2,-1,restoration,2025-07-19 17:28:173
Nurse_S._viscosa,C._hispanica,Other_species,0,1,2,-1,restoration,2025-07-19 17:28:173
Nurse_G._struthium,H._squamatum,S._viscosa,0,1,2,-1,restoration,2025-07-19 17:28:173
Nurse_G._struthium,H._squamatum,C._hispanica,0,1,2,-1,restoration,2025-07-19 17:28:173
Nurse_G._struthium,H._squamatum,Other_species,0,1,2,-1,restoration,2025-07-19 17:28:173
Nurse_G._struthium,S._viscosa,C._hispanica,0,1,2,-1,restoration,2025-07-19 17:28:173
Nurse_G._struthium,S._viscosa,Other_species,0,1,2,-1,restoration,2025-07-19 17:28:173
Nurse_G._struthium,C._hispanica,Other_species,0,1,2,-1,restoration,2025-07-19 17:28:173
H._squamatum,S._viscosa,C._hispanica,0,1,2,-1,restoration,2025-07-19 17:28:173
H._squamatum,S._viscosa,Other_species,0,1,2,-1,restoration,2025-07-19 17:28:173
H._squamatum,C._hispanica,Other_species,0,1,2,-1,restoration,2025-07-19 17:28:173
S._viscosa,C._hispanica,Other_species,0,1,2,-1,restoration,2025-07-19 17:28:173
Nurse_S._viscosa,Nurse_G._struthium,H._squamatum,0,1,2,-1,natural,2025-07-19 17:28:173
Nurse_S._viscosa,Nurse_G._struthium,S._viscosa,0,1,2,-1,natural,2025-07-19 17:28:173
Nurse_S._viscosa,Nurse_G._struthium,C._hispanica,0,1,2,-1,natural,2025-07-19 17:28:173
Nurse_S._viscosa,Nurse_G._struthium,Other_species,0,1,2,-1,natural,2025-07-19 17:28:173
Nurse_S._viscosa,H._squamatum,S._viscosa,0,1,2,-1,natural,2025-07-19 17:28:173
Nurse_S._viscosa,H._squamatum,C._hispanica,0,1,2,-1,natural,2025-07-19 17:28:173
Nurse_S._viscosa,H._squamatum,Other_species,0,1,2,-1,natural,2025-07-19 17:28:173
Nurse_S._viscosa,S._viscosa,C._hispanica,0,1,2,-1,natural,2025-07-19 17:28:173
Nurse_S._viscosa,S._viscosa,Other_species,0,1,2,-1,natural,2025-07-19 17:28:173
Nurse_S._viscosa,C._hispanica,Other_species,0,1,2,-1,natural,2025-07-19 17:28:173
Nurse_G._struthium,H._squamatum,S._viscosa,0,1,2,-1,natural,2025-07-19 17:28:173
Nurse_G._struthium,H._squamatum,C._hispanica,0,1,2,-1,natural,2025-07-19 17:28:173
Nurse_G._struthium,H._squamatum,Other_species,0,1,2,-1,natural,2025-07-19 17:28:173
Nurse_G._struthium,S._viscosa,C._hispanica,0,1,2,-1,natural,2025-07-19 17:28:173
Nurse_G._struthium,S._viscosa,Other_species,0,1,2,-1,natural,2025-07-19 17:28:173
Nurse_G._struthium,C._hispanica,Other_species,0,1,2,-1,natural,2025-07-19 17:28:173
H._squamatum,S._viscosa,C._hispanica,0,1,2,-1,natural,2025-07-19 17:28:173
H._squamatum,S._viscosa,Other_species,0,1,2,-1,natural,2025-07-19 17:28:173
H._squamatum,C._hispanica,Other_species,0,1,2,-1,natural,2025-07-19 17:28:173
S._viscosa,C._hispanica,Other_species,0,1,2,-1,natural,2025-07-19 17:28:173
Nurse_S._viscosa,Nurse_G._struthium,H._squamatum,0,1,2,-1,restoration,2025-07-19 17:28:173
Nurse_S._viscosa,Nurse_G._struthium,S._viscosa,0,1,2,-1,restoration,2025-07-19 17:28:173
Nurse_S._viscosa,Nurse_G._struthium,C._hispanica,0,1,2,-1,restoration,2025-07-19 17:28:173
Nurse_S._viscosa,Nurse_G._struthium,Other_species,0,1,2,-1,restoration,2025-07-19 17:28:173
Nurse_S._viscosa,H._squamatum,S._viscosa,0,1,2,-1,restoration,2025-07-19 17:28:173
Nurse_S._viscosa,H._squamatum,C._hispanica,0,1,2,-1,restoration,2025-07-19 17:28:173
Nurse_S._viscosa,H._squamatum,Other_species,0,1,2,-1,restoration,2025-07-19 17:28:173
Nurse_S._viscosa,S._viscosa,C._hispanica,0,1,2,-1,restoration,2025-07-19 17:28:173
Nurse_S._viscosa,S._viscosa,Other_species,0,1,2,-1,restoration,2025-07-19 17:28:173
Nurse_S._viscosa,C._hispanica,Other_species,0,1,2,-1,restoration,2025-07-19 17:28:173
Nurse_G._struthium,H._squamatum,S._viscosa,0,1,2,-1,restoration,2025-07-19 17:28:173
Nurse_G._struthium,H._squamatum,C._hispanica,0,1,2,-1,restoration,2025-07-19 17:28:173
Nurse_G._struthium,H._squamatum,Other_species,0,1,2,-1,restoration,2025-07-19 17:28:173
Nurse_G._struthium,S._viscosa,C._hispanica,0,1,2,-1,restoration,2025-07-19 17:28:173
Nurse_G._struthium,S._viscosa,Other_species,0,1,2,-1,restoration,2025-07-19 17:28:173
Nurse_G._struthium,C._hispanica,Other_species,0,1,2,-1,restoration,2025-07-19 17:28:173
H._squamatum,S._viscosa,C._hispanica,0,1,2,-1,restoration,2025-07-19 17:28:173
H._squamatum,S._viscosa,Other_species,0,1,2,-1,restoration,2025-07-19 17:28:173
H._squamatum,C._hispanica,Other_species,0,1,2,-1,restoration,2025-07-19 17:28:173
S._viscosa,C._hispanica,Other_species,0,1,2,-1,restoration,2025-07-19 17:28:173
Nurse_S._viscosa,Nurse_G._struthium,H._squamatum,0,1,2,-1,natural,2025-07-19 17:28:173
Nurse_S._viscosa,Nurse_G._struthium,S._viscosa,0,1,2,-1,natural,2025-07-19 17:28:173
Nurse_S._viscosa,Nurse_G._struthium,C._hispanica,0,1,2,-1,natural,2025-07-19 17:28:173
Nurse_S._viscosa,Nurse_G._struthium,Other_species,0,1,2,-1,natural,2025-07-19 17:28:173
Nurse_S._viscosa,H._squamatum,S._viscosa,0,1,2,-1,natural,2025-07-19 17:28:173
Nurse_S._viscosa,H._squamatum,C._hispanica,0,1,2,-1,natural,2025-07-19 17:28:173
Nurse_S._viscosa,H._squamatum,Other_species,0,1,2,-1,natural,2025-07-19 17:28:173
Nurse_S._viscosa,S._viscosa,C._hispanica,0,1,2,-1,natural,2025-07-19 17:28:173
Nurse_S._viscosa,S._viscosa,Other_species,0,1,2,-1,natural,2025-07-19 17:28:173
Nurse_S._viscosa,C._hispanica,Other_species,0,1,2,-1,natural,2025-07-19 17:28:173
Nurse_G._struthium,H._squamatum,S._viscosa,0,1,2,-1,natural,2025-07-19 17:28:173
Nurse_G._struthium,H._squamatum,C._hispanica,0,1,2,-1,natural,2025-07-19 17:28:173
Nurse_G._struthium,H._squamatum,Other_species,0,1,2,-1,natural,2025-07-19 17:28:173
Nurse_G._struthium,S._viscosa,C._hispanica,0,1,2,-1,natural,2025-07-19 17:28:173
Nurse_G._struthium,S._viscosa,Other_species,0,1,2,-1,natural,2025-07-19 17:28:173
Nurse_G._struthium,C._hispanica,Other_species,0,1,2,-1,natural,2025-07-19 17:28:173
H._squamatum,S._viscosa,C._hispanica,0,1,2,-1,natural,2025-07-19 17:28:173
H._squamatum,S._viscosa,Other_species,0,1,2,-1,natural,2025-07-19 17:28:173
H._squamatum,C._hispanica,Other_species,0,1,2,-1,natural,2025-07-19 17:28:173
S._viscosa,C._hispanica,Other_species,0,1,2,-1,natural,2025-07-19 17:28:173
Nurse_S._viscosa,Nurse_G._struthium,H._squamatum,0,1,2,-1,restoration,2025-07-19 17:28:163
Nurse_S._viscosa,Nurse_G._struthium,S._viscosa,0,1,2,-1,restoration,2025-07-19 17:28:163
Nurse_S._viscosa,Nurse_G._struthium,C._hispanica,0,1,2,-1,restoration,2025-07-19 17:28:163
Nurse_S._viscosa,Nurse_G._struthium,Other_species,0,1,2,-1,restoration,2025-07-19 17:28:163
Nurse_S._viscosa,H._squamatum,S._viscosa,0,1,2,-1,restoration,2025-07-19 17:28:163
Nurse_S._viscosa,H._squamatum,C._hispanica,0,1,2,-1,restoration,2025-07-19 17:28:163
Nurse_S._viscosa,H._squamatum,Other_species,0,1,2,-1,restoration,2025-07-19 17:28:163
Nurse_S._viscosa,S._viscosa,C._hispanica,0,1,2,-1,restoration,2025-07-19 17:28:163
Nurse_S._viscosa,S._viscosa,Other_species,0,1,2,-1,restoration,2025-07-19 17:28:163
Nurse_S._viscosa,C._hispanica,Other_species,0,1,2,-1,restoration,2025-07-19 17:28:163
Nurse_G._struthium,H._squamatum,S._viscosa,0,1,2,-1,restoration,2025-07-19 17:28:163
Nurse_G._struthium,H._squamatum,C._hispanica,0,1,2,-1,restoration,2025-07-19 17:28:163
Nurse_G._struthium,H._squamatum,Other_species,0,1,2,-1,restoration,2025-07-19 17:28:163
Nurse_G._struthium,S._viscosa,C._hispanica,0,1,2,-1,restoration,2025-07-19 17:28:163
Nurse_G._struthium,S._viscosa,Other_species,0,1,2,-1,restoration,2025-07-19 17:28:163
Nurse_G._struthium,C._hispanica,Other_species,0,1,2,-1,restoration,2025-07-19 17:28:163
H._squamatum,S._viscosa,C._hispanica,0,1,2,-1,restoration,2025-07-19 17:28:163
H._squamatum,S._viscosa,Other_species,0,1,2,-1,restoration,2025-07-19 17:28:163
H._squamatum,C._hispanica,Other_species,0,1,2,-1,restoration,2025-07-19 17:28:163
S._viscosa,C._hispanica,Other_species,0,1,2,-1,restoration,2025-07-19 17:28:163
Nurse_S._viscosa,Nurse_G._struthium,H._squamatum,0,1,2,-1,natural,2025-07-19 17:28:163
Nurse_S._viscosa,Nurse_G._struthium,S._viscosa,0,1,2,-1,natural,2025-07-19 17:28:163
Nurse_S._viscosa,Nurse_G._struthium,C._hispanica,0,1,2,-1,natural,2025-07-19 17:28:163
Nurse_S._viscosa,Nurse_G._struthium,Other_species,0,1,2,-1,natural,2025-07-19 17:28:163
Nurse_S._viscosa,H._squamatum,S._viscosa,0,1,2,-1,natural,2025-07-19 17:28:163
Nurse_S._viscosa,H._squamatum,C._hispanica,0,1,2,-1,natural,2025-07-19 17:28:163
Nurse_S._viscosa,H._squamatum,Other_species,0,1,2,-1,natural,2025-07-19 17:28:163
Nurse_S._viscosa,S._viscosa,C._hispanica,0,1,2,-1,natural,2025-07-19 17:28:163
Nurse_S._viscosa,S._viscosa,Other_species,0,1,2,-1,natural,2025-07-19 17:28:163
Nurse_S._viscosa,C._hispanica,Other_species,0,1,2,-1,natural,2025-07-19 17:28:163
Nurse_G._struthium,H._squamatum,S._viscosa,0,1,2,-1,natural,2025-07-19 17:28:163
Nurse_G._struthium,H._squamatum,C._hispanica,0,1,2,-1,natural,2025-07-19 17:28:163
Nurse_G._struthium,H._squamatum,Other_species,0,1,2,-1,natural,2025-07-19 17:28:163
Nurse_G._struthium,S._viscosa,C._hispanica,0,1,2,-1,natural,2025-07-19 17:28:163
Nurse_G._struthium,S._viscosa,Other_species,0,1,2,-1,natural,2025-07-19 17:28:163
Nurse_G._struthium,C._hispanica,Other_species,0,1,2,-1,natural,2025-07-19 17:28:163
H._squamatum,S._viscosa,C._hispanica,0,1,2,-1,natural,2025-07-19 17:28:163
H._squamatum,S._viscosa,Other_species,0,1,2,-1,natural,2025-07-19 17:28:163
H._squamatum,C._hispanica,Other_species,0,1,2,-1,natural,2025-07-19 17:28:163
S._viscosa,C._hispanica,Other_species,0,1,2,-1,natural,2025-07-19 17:28:163
Nurse_S._viscosa,Nurse_G._struthium,H._squamatum,0,1,2,-1,restoration,2025-07-19 17:28:163
Nurse_S._viscosa,Nurse_G._struthium,S._viscosa,0,1,2,-1,restoration,2025-07-19 17:28:163
Nurse_S._viscosa,Nurse_G._struthium,C._hispanica,0,1,2,-1,restoration,2025-07-19 17:28:163
Nurse_S._viscosa,Nurse_G._struthium,Other_species,0,1,2,-1,restoration,2025-07-19 17:28:163
Nurse_S._viscosa,H._squamatum,S._viscosa,0,1,2,-1,restoration,2025-07-19 17:28:163
Nurse_S._viscosa,H._squamatum,C._hispanica,0,1,2,-1,restoration,2025-07-19 17:28:163
Nurse_S._viscosa,H._squamatum,Other_species,0,1,2,-1,restoration,2025-07-19 17:28:163
Nurse_S._viscosa,S._viscosa,C._hispanica,0,1,2,-1,restoration,2025-07-19 17:28:163
Nurse_S._viscosa,S._viscosa,Other_species,0,1,2,-1,restoration,2025-07-19 17:28:163
Nurse_S._viscosa,C._hispanica,Other_species,0,1,2,-1,restoration,2025-07-19 17:28:163
Nurse_G._struthium,H._squamatum,S._viscosa,0,1,2,-1,restoration,2025-07-19 17:28:163
Nurse_G._struthium,H._squamatum,C._hispanica,0,1,2,-1,restoration,2025-07-19 17:28:163
Nurse_G._struthium,H._squamatum,Other_species,0,1,2,-1,restoration,2025-07-19 17:28:163
Nurse_G._struthium,S._viscosa,C._hispanica,0,1,2,-1,restoration,2025-07-19 17:28:163
Nurse_G._struthium,S._viscosa,Other_species,0,1,2,-1,restoration,2025-07-19 17:28:163
Nurse_G._struthium,C._hispanica,Other_species,0,1,2,-1,restoration,2025-07-19 17:28:163
H._squamatum,S._viscosa,C._hispanica,0,1,2,-1,restoration,2025-07-19 17:28:163
H._squamatum,S._viscosa,Other_species,0,1,2,-1,restoration,2025-07-19 17:28:163
H._squamatum,C._hispanica,Other_species,0,1,2,-1,restoration,2025-07-19 17:28:163
S._viscosa,C._hispanica,Other_species,0,1,2,-1,restoration,2025-07-19 17:28:163
Nurse_S._viscosa,Nurse_G._struthium,H._squamatum,0,1,2,-1,natural,2025-07-19 17:28:163
Nurse_S._viscosa,Nurse_G._struthium,S._viscosa,0,1,2,-1,natural,2025-07-19 17:28:163
Nurse_S._viscosa,Nurse_G._struthium,C._hispanica,0,1,2,-1,natural,2025-07-19 17:28:163
Nurse_S._viscosa,Nurse_G._struthium,Other_species,0,1,2,-1,natural,2025-07-19 17:28:163
Nurse_S._viscosa,H._squamatum,S._viscosa,0,1,2,-1,natural,2025-07-19 17:28:163
Nurse_S._viscosa,H._squamatum,C._hispanica,0,1,2,-1,natural,2025-07-19 17:28:163
Nurse_S._viscosa,H._squamatum,Other_species,0,1,2,-1,natural,2025-07-19 17:28:163
Nurse_S._viscosa,S._viscosa,C._hispanica,0,1,2,-1,natural,2025-07-19 17:28:163
Nurse_S._viscosa,S._viscosa,Other_species,0,1,2,-1,natural,2025-07-19 17:28:163
Nurse_S._viscosa,C._hispanica,Other_species,0,1,2,-1,natural,2025-07-19 17:28:163
Nurse_G._struthium,H._squamatum,S._viscosa,0,1,2,-1,natural,2025-07-19 17:28:163
Nurse_G._struthium,H._squamatum,C._hispanica,0,1,2,-1,natural,2025-07-19 17:28:163
Nurse_G._struthium,H._squamatum,Other_species,0,1,2,-1,natural,2025-07-19 17:28:163
Nurse_G._struthium,S._viscosa,C._hispanica,0,1,2,-1,natural,2025-07-19 17:28:163
Nurse_G._struthium,S._viscosa,Other_species,0,1,2,-1,natural,2025-07-19 17:28:163
Nurse_G._struthium,C._hispanica,Other_species,0,1,2,-1,natural,2025-07-19 17:28:163
H._squamatum,S._viscosa,C._hispanica,0,1,2,-1,natural,2025-07-19 17:28:163
H._squamatum,S._viscosa,Other_species,0,1,2,-1,natural,2025-07-19 17:28:163
H._squamatum,C._hispanica,Other_species,0,1,2,-1,natural,2025-07-19 17:28:163
S._viscosa,C._hispanica,Other_species,0,1,2,-1,natural,2025-07-19 17:28:163
Nurse_S._viscosa,Nurse_G._struthium,H._squamatum,0,1,2,-1,restoration,2025-07-19 17:28:163
Nurse_S._viscosa,Nurse_G._struthium,S._viscosa,0,1,2,-1,restoration,2025-07-19 17:28:163
Nurse_S._viscosa,Nurse_G._struthium,C._hispanica,0,1,2,-1,restoration,2025-07-19 17:28:163
Nurse_S._viscosa,Nurse_G._struthium,Other_species,0,1,2,-1,restoration,2025-07-19 17:28:163
Nurse_S._viscosa,H._squamatum,S._viscosa,0,1,2,-1,restoration,2025-07-19 17:28:163
Nurse_S._viscosa,H._squamatum,C._hispanica,0,1,2,-1,restoration,2025-07-19 17:28:163
Nurse_S._viscosa,H._squamatum,Other_species,0,1,2,-1,restoration,2025-07-19 17:28:163
Nurse_S._viscosa,S._viscosa,C._hispanica,0,1,2,-1,restoration,2025-07-19 17:28:163
Nurse_S._viscosa,S._viscosa,Other_species,0,1,2,-1,restoration,2025-07-19 17:28:163
Nurse_S._viscosa,C._hispanica,Other_species,0,1,2,-1,restoration,2025-07-19 17:28:163
Nurse_G._struthium,H._squamatum,S._viscosa,0,1,2,-1,restoration,2025-07-19 17:28:163
Nurse_G._struthium,H._squamatum,C._hispanica,0,1,2,-1,restoration,2025-07-19 17:28:163
Nurse_G._struthium,H._squamatum,Other_species,0,1,2,-1,restoration,2025-07-19 17:28:163
Nurse_G._struthium,S._viscosa,C._hispanica,0,1,2,-1,restoration,2025-07-19 17:28:163
Nurse_G._struthium,S._viscosa,Other_species,0,1,2,-1,restoration,2025-07-19 17:28:163
Nurse_G._struthium,C._hispanica,Other_species,0,1,2,-1,restoration,2025-07-19 17:28:163
H._squamatum,S._viscosa,C._hispanica,0,1,2,-1,restoration,2025-07-19 17:28:163
H._squamatum,S._viscosa,Other_species,0,1,2,-1,restoration,2025-07-19 17:28:163
H._squamatum,C._hispanica,Other_species,0,1,2,-1,restoration,2025-07-19 17:28:163
S._viscosa,C._hispanica,Other_species,0,1,2,-1,restoration,2025-07-19 17:28:163
Nurse_S._viscosa,Nurse_G._struthium,H._squamatum,0,1,2,-1,natural,2025-07-19 17:28:163
Nurse_S._viscosa,Nurse_G._struthium,S._viscosa,0,1,2,-1,natural,2025-07-19 17:28:163
Nurse_S._viscosa,Nurse_G._struthium,C._hispanica,0,1,2,-1,natural,2025-07-19 17:28:163
Nurse_S._viscosa,Nurse_G._struthium,Other_species,0,1,2,-1,natural,2025-07-19 17:28:163
Nurse_S._viscosa,H._squamatum,S._viscosa,0,1,2,-1,natural,2025-07-19 17:28:163
Nurse_S._viscosa,H._squamatum,C._hispanica,0,1,2,-1,natural,2025-07-19 17:28:163
Nurse_S._viscosa,H._squamatum,Other_species,0,1,2,-1,natural,2025-07-19 17:28:163
Nurse_S._viscosa,S._viscosa,C._hispanica,0,1,2,-1,natural,2025-07-19 17:28:163
Nurse_S._viscosa,S._viscosa,Other_species,0,1,2,-1,natural,2025-07-19 17:28:163
Nurse_S._viscosa,C._hispanica,Other_species,0,1,2,-1,natural,2025-07-19 17:28:163
Nurse_G._struthium,H._squamatum,S._viscosa,0,1,2,-1,natural,2025-07-19 17:28:163
Nurse_G._struthium,H._squamatum,C._hispanica,0,1,2,-1,natural,2025-07-19 17:28:163
Nurse_G._struthium,H._squamatum,Other_species,0,1,2,-1,natural,2025-07-19 17:28:163
Nurse_G._struthium,S._viscosa,C._hispanica,0,1,2,-1,natural,2025-07-19 17:28:163
Nurse_G._struthium,S._viscosa,Other_species,0,1,2,-1,natural,2025-07-19 17:28:163
Nurse_G._struthium,C._hispanica,Other_species,0,1,2,-1,natural,2025-07-19 17:28:163
H._squamatum,S._viscosa,C._hispanica,0,1,2,-1,natural,2025-07-19 17:28:163
H._squamatum,S._viscosa,Other_species,0,1,2,-1,natural,2025-07-19 17:28:163
H._squamatum,C._hispanica,Other_species,0,1,2,-1,natural,2025-07-19 17:28:163
S._viscosa,C._hispanica,Other_species,0,1,2,-1,natural,2025-07-19 17:28:163
Nurse_S._viscosa,Nurse_G._struthium,H._squamatum,0,1,2,-1,restoration,2025-07-19 17:28:153
Nurse_S._viscosa,Nurse_G._struthium,S._viscosa,0,1,2,-1,restoration,2025-07-19 17:28:153
Nurse_S._viscosa,Nurse_G._struthium,C._hispanica,0,1,2,-1,restoration,2025-07-19 17:28:153
Nurse_S._viscosa,Nurse_G._struthium,Other_species,0,1,2,-1,restoration,2025-07-19 17:28:153
Nurse_S._viscosa,H._squamatum,S._viscosa,0,1,2,-1,restoration,2025-07-19 17:28:153
Nurse_S._viscosa,H._squamatum,C._hispanica,0,1,2,-1,restoration,2025-07-19 17:28:153
Nurse_S._viscosa,H._squamatum,Other_species,0,1,2,-1,restoration,2025-07-19 17:28:153
Nurse_S._viscosa,S._viscosa,C._hispanica,0,1,2,-1,restoration,2025-07-19 17:28:153
Nurse_S._viscosa,S._viscosa,Other_species,0,1,2,-1,restoration,2025-07-19 17:28:153
Nurse_S._viscosa,C._hispanica,Other_species,0,1,2,-1,restoration,2025-07-19 17:28:153
Nurse_G._struthium,H._squamatum,S._viscosa,0,1,2,-1,restoration,2025-07-19 17:28:153
Nurse_G._struthium,H._squamatum,C._hispanica,0,1,2,-1,restoration,2025-07-19 17:28:153
Nurse_G._struthium,H._squamatum,Other_species,0,1,2,-1,restoration,2025-07-19 17:28:153
Nurse_G._struthium,S._viscosa,C._hispanica,0,1,2,-1,restoration,2025-07-19 17:28:153
Nurse_G._struthium,S._viscosa,Other_species,0,1,2,-1,restoration,2025-07-19 17:28:153
Nurse_G._struthium,C._hispanica,Other_species,0,1,2,-1,restoration,2025-07-19 17:28:153
H._squamatum,S._viscosa,C._hispanica,0,1,2,-1,restoration,2025-07-19 17:28:153
H._squamatum,S._viscosa,Other_species,0,1,2,-1,restoration,2025-07-19 17:28:153
H._squamatum,C._hispanica,Other_species,0,1,2,-1,restoration,2025-07-19 17:28:153
S._viscosa,C._hispanica,Other_species,0,1,2,-1,restoration,2025-07-19 17:28:153
Nurse_S._viscosa,Nurse_G._struthium,H._squamatum,0,1,2,-1,natural,2025-07-19 17:28:153
Nurse_S._viscosa,Nurse_G._struthium,S._viscosa,0,1,2,-1,natural,2025-07-19 17:28:153
Nurse_S._viscosa,Nurse_G._struthium,C._hispanica,0,1,2,-1,natural,2025-07-19 17:28:153
Nurse_S._viscosa,Nurse_G._struthium,Other_species,0,1,2,-1,natural,2025-07-19 17:28:153
Nurse_S._viscosa,H._squamatum,S._viscosa,0,1,2,-1,natural,2025-07-19 17:28:153
Nurse_S._viscosa,H._squamatum,C._hispanica,0,1,2,-1,natural,2025-07-19 17:28:153
Nurse_S._viscosa,H._squamatum,Other_species,0,1,2,-1,natural,2025-07-19 17:28:153
Nurse_S._viscosa,S._viscosa,C._hispanica,0,1,2,-1,natural,2025-07-19 17:28:153
Nurse_S._viscosa,S._viscosa,Other_species,0,1,2,-1,natural,2025-07-19 17:28:153
Nurse_S._viscosa,C._hispanica,Other_species,0,1,2,-1,natural,2025-07-19 17:28:153
Nurse_G._struthium,H._squamatum,S._viscosa,0,1,2,-1,natural,2025-07-19 17:28:153
Nurse_G._struthium,H._squamatum,C._hispanica,0,1,2,-1,natural,2025-07-19 17:28:153
Nurse_G._struthium,H._squamatum,Other_species,0,1,2,-1,natural,2025-07-19 17:28:153
Nurse_G._struthium,S._viscosa,C._hispanica,0,1,2,-1,natural,2025-07-19 17:28:153
Nurse_G._struthium,S._viscosa,Other_species,0,1,2,-1,natural,2025-07-19 17:28:153
Nurse_G._struthium,C._hispanica,Other_species,0,1,2,-1,natural,2025-07-19 17:28:153
H._squamatum,S._viscosa,C._hispanica,0,1,2,-1,natural,2025-07-19 17:28:153
H._squamatum,S._viscosa,Other_species,0,1,2,-1,natural,2025-07-19 17:28:153
H._squamatum,C._hispanica,Other_species,0,1,2,-1,natural,2025-07-19 17:28:153
S._viscosa,C._hispanica,Other_species,0,1,2,-1,natural,2025-07-19 17:28:153
Nurse_S._viscosa,Nurse_G._struthium,H._squamatum,0,1,2,-1,restoration,2025-07-19 17:28:153
Nurse_S._viscosa,Nurse_G._struthium,S._viscosa,0,1,2,-1,restoration,2025-07-19 17:28:153
Nurse_S._viscosa,Nurse_G._struthium,C._hispanica,0,1,2,-1,restoration,2025-07-19 17:28:153
Nurse_S._viscosa,Nurse_G._struthium,Other_species,0,1,2,-1,restoration,2025-07-19 17:28:153
Nurse_S._viscosa,H._squamatum,S._viscosa,0,1,2,-1,restoration,2025-07-19 17:28:153
Nurse_S._viscosa,H._squamatum,C._hispanica,0,1,2,-1,restoration,2025-07-19 17:28:153
Nurse_S._viscosa,H._squamatum,Other_species,0,1,2,-1,restoration,2025-07-19 17:28:153
Nurse_S._viscosa,S._viscosa,C._hispanica,0,1,2,-1,restoration,2025-07-19 17:28:153
Nurse_S._viscosa,S._viscosa,Other_species,0,1,2,-1,restoration,2025-07-19 17:28:153
Nurse_S._viscosa,C._hispanica,Other_species,0,1,2,-1,restoration,2025-07-19 17:28:153
Nurse_G._struthium,H._squamatum,S._viscosa,0,1,2,-1,restoration,2025-07-19 17:28:153
Nurse_G._struthium,H._squamatum,C._hispanica,0,1,2,-1,restoration,2025-07-19 17:28:153
Nurse_G._struthium,H._squamatum,Other_species,0,1,2,-1,restoration,2025-07-19 17:28:153
Nurse_G._struthium,S._viscosa,C._hispanica,0,1,2,-1,restoration,2025-07-19 17:28:153
Nurse_G._struthium,S._viscosa,Other_species,0,1,2,-1,restoration,2025-07-19 17:28:153
Nurse_G._struthium,C._hispanica,Other_species,0,1,2,-1,restoration,2025-07-19 17:28:153
H._squamatum,S._viscosa,C._hispanica,0,1,2,-1,restoration,2025-07-19 17:28:153
H._squamatum,S._viscosa,Other_species,0,1,2,-1,restoration,2025-07-19 17:28:153
H._squamatum,C._hispanica,Other_species,0,1,2,-1,restoration,2025-07-19 17:28:153
S._viscosa,C._hispanica,Other_species,0,1,2,-1,restoration,2025-07-19 17:28:153
Nurse_S._viscosa,Nurse_G._struthium,H._squamatum,0,1,2,-1,natural,2025-07-19 17:28:153
Nurse_S._viscosa,Nurse_G._struthium,S._viscosa,0,1,2,-1,natural,2025-07-19 17:28:153
Nurse_S._viscosa,Nurse_G._struthium,C._hispanica,0,1,2,-1,natural,2025-07-19 17:28:153
Nurse_S._viscosa,Nurse_G._struthium,Other_species,0,1,2,-1,natural,2025-07-19 17:28:153
Nurse_S._viscosa,H._squamatum,S._viscosa,0,1,2,-1,natural,2025-07-19 17:28:153
Nurse_S._viscosa,H._squamatum,C._hispanica,0,1,2,-1,natural,2025-07-19 17:28:153
Nurse_S._viscosa,H._squamatum,Other_species,0,1,2,-1,natural,2025-07-19 17:28:153
Nurse_S._viscosa,S._viscosa,C._hispanica,0,1,2,-1,natural,2025-07-19 17:28:153
Nurse_S._viscosa,S._viscosa,Other_species,0,1,2,-1,natural,2025-07-19 17:28:153
Nurse_S._viscosa,C._hispanica,Other_species,0,1,2,-1,natural,2025-07-19 17:28:153
Nurse_G._struthium,H._squamatum,S._viscosa,0,1,2,-1,natural,2025-07-19 17:28:153
Nurse_G._struthium,H._squamatum,C._hispanica,0,1,2,-1,natural,2025-07-19 17:28:153
Nurse_G._struthium,H._squamatum,Other_species,0,1,2,-1,natural,2025-07-19 17:28:153
Nurse_G._struthium,S._viscosa,C._hispanica,0,1,2,-1,natural,2025-07-19 17:28:153
Nurse_G._struthium,S._viscosa,Other_species,0,1,2,-1,natural,2025-07-19 17:28:153
Nurse_G._struthium,C._hispanica,Other_species,0,1,2,-1,natural,2025-07-19 17:28:153
H._squamatum,S._viscosa,C._hispanica,0,1,2,-1,natural,2025-07-19 17:28:153
H._squamatum,S._viscosa,Other_species,0,1,2,-1,natural,2025-07-19 17:28:153
H._squamatum,C._hispanica,Other_species,0,1,2,-1,natural,2025-07-19 17:28:153
S._viscosa,C._hispanica,Other_species,0,1,2,-1,natural,2025-07-19 17:28:153
Nurse_S._viscosa,Nurse_G._struthium,H._squamatum,0,1,2,-1,restoration,2025-07-19 17:28:153
Nurse_S._viscosa,Nurse_G._struthium,S._viscosa,0,1,2,-1,restoration,2025-07-19 17:28:153
Nurse_S._viscosa,Nurse_G._struthium,C._hispanica,0,1,2,-1,restoration,2025-07-19 17:28:153
Nurse_S._viscosa,Nurse_G._struthium,Other_species,0,1,2,-1,restoration,2025-07-19 17:28:153
Nurse_S._viscosa,H._squamatum,S._viscosa,0,1,2,-1,restoration,2025-07-19 17:28:153
Nurse_S._viscosa,H._squamatum,C._hispanica,0,1,2,-1,restoration,2025-07-19 17:28:153
Nurse_S._viscosa,H._squamatum,Other_species,0,1,2,-1,restoration,2025-07-19 17:28:153
Nurse_S._viscosa,S._viscosa,C._hispanica,0,1,2,-1,restoration,2025-07-19 17:28:153
Nurse_S._viscosa,S._viscosa,Other_species,0,1,2,-1,restoration,2025-07-19 17:28:153
Nurse_S._viscosa,C._hispanica,Other_species,0,1,2,-1,restoration,2025-07-19 17:28:153
Nurse_G._struthium,H._squamatum,S._viscosa,0,1,2,-1,restoration,2025-07-19 17:28:153
Nurse_G._struthium,H._squamatum,C._hispanica,0,1,2,-1,restoration,2025-07-19 17:28:153
Nurse_G._struthium,H._squamatum,Other_species,0,1,2,-1,restoration,2025-07-19 17:28:153
Nurse_G._struthium,S._viscosa,C._hispanica,0,1,2,-1,restoration,2025-07-19 17:28:153
Nurse_G._struthium,S._viscosa,Other_species,0,1,2,-1,restoration,2025-07-19 17:28:153
Nurse_G._struthium,C._hispanica,Other_species,0,1,2,-1,restoration,2025-07-19 17:28:153
H._squamatum,S._viscosa,C._hispanica,0,1,2,-1,restoration,2025-07-19 17:28:153
H._squamatum,S._viscosa,Other_species,0,1,2,-1,restoration,2025-07-19 17:28:153
H._squamatum,C._hispanica,Other_species,0,1,2,-1,restoration,2025-07-19 17:28:153
S._viscosa,C._hispanica,Other_species,0,1,2,-1,restoration,2025-07-19 17:28:153
Nurse_S._viscosa,Nurse_G._struthium,H._squamatum,0,1,2,-1,natural,2025-07-19 17:28:153
Nurse_S._viscosa,Nurse_G._struthium,S._viscosa,0,1,2,-1,natural,2025-07-19 17:28:153
Nurse_S._viscosa,Nurse_G._struthium,C._hispanica,0,1,2,-1,natural,2025-07-19 17:28:153
Nurse_S._viscosa,Nurse_G._struthium,Other_species,0,1,2,-1,natural,2025-07-19 17:28:153
Nurse_S._viscosa,H._squamatum,S._viscosa,0,1,2,-1,natural,2025-07-19 17:28:153
Nurse_S._viscosa,H._squamatum,C._hispanica,0,1,2,-1,natural,2025-07-19 17:28:153
Nurse_S._viscosa,H._squamatum,Other_species,0,1,2,-1,natural,2025-07-19 17:28:153
Nurse_S._viscosa,S._viscosa,C._hispanica,0,1,2,-1,natural,2025-07-19 17:28:153
Nurse_S._viscosa,S._viscosa,Other_species,0,1,2,-1,natural,2025-07-19 17:28:153
Nurse_S._viscosa,C._hispanica,Other_species,0,1,2,-1,natural,2025-07-19 17:28:153
Nurse_G._struthium,H._squamatum,S._viscosa,0,1,2,-1,natural,2025-07-19 17:28:153
Nurse_G._struthium,H._squamatum,C._hispanica,0,1,2,-1,natural,2025-07-19 17:28:153
Nurse_G._struthium,H._squamatum,Other_species,0,1,2,-1,natural,2025-07-19 17:28:153
Nurse_G._struthium,S._viscosa,C._hispanica,0,1,2,-1,natural,2025-07-19 17:28:153
Nurse_G._struthium,S._viscosa,Other_species,0,1,2,-1,natural,2025-07-19 17:28:153
Nurse_G._struthium,C._hispanica,Other_species,0,1,2,-1,natural,2025-07-19 17:28:153
H._squamatum,S._viscosa,C._hispanica,0,1,2,-1,natural,2025-07-19 17:28:153
H._squamatum,S._viscosa,Other_species,0,1,2,-1,natural,2025-07-19 17:28:153
H._squamatum,C._hispanica,Other_species,0,1,2,-1,natural,2025-07-19 17:28:153
S._viscosa,C._hispanica,Other_species,0,1,2,-1,natural,2025-07-19 17:28:153
Nurse_S._viscosa,Nurse_G._struthium,H._squamatum,0,1,2,-1,restoration,2025-07-19 17:28:143
Nurse_S._viscosa,Nurse_G._struthium,S._viscosa,0,1,2,-1,restoration,2025-07-19 17:28:143
Nurse_S._viscosa,Nurse_G._struthium,C._hispanica,0,1,2,-1,restoration,2025-07-19 17:28:143
Nurse_S._viscosa,Nurse_G._struthium,Other_species,0,1,2,-1,restoration,2025-07-19 17:28:143
Nurse_S._viscosa,H._squamatum,S._viscosa,0,1,2,-1,restoration,2025-07-19 17:28:143
Nurse_S._viscosa,H._squamatum,C._hispanica,0,1,2,-1,restoration,2025-07-19 17:28:143
Nurse_S._viscosa,H._squamatum,Other_species,0,1,2,-1,restoration,2025-07-19 17:28:143
Nurse_S._viscosa,S._viscosa,C._hispanica,0,1,2,-1,restoration,2025-07-19 17:28:143
Nurse_S._viscosa,S._viscosa,Other_species,0,1,2,-1,restoration,2025-07-19 17:28:143
Nurse_S._viscosa,C._hispanica,Other_species,0,1,2,-1,restoration,2025-07-19 17:28:143
Nurse_G._struthium,H._squamatum,S._viscosa,0,1,2,-1,restoration,2025-07-19 17:28:143
Nurse_G._struthium,H._squamatum,C._hispanica,0,1,2,-1,restoration,2025-07-19 17:28:143
Nurse_G._struthium,H._squamatum,Other_species,0,1,2,-1,restoration,2025-07-19 17:28:143
Nurse_G._struthium,S._viscosa,C._hispanica,0,1,2,-1,restoration,2025-07-19 17:28:143
Nurse_G._struthium,S._viscosa,Other_species,0,1,2,-1,restoration,2025-07-19 17:28:143
Nurse_G._struthium,C._hispanica,Other_species,0,1,2,-1,restoration,2025-07-19 17:28:143
H._squamatum,S._viscosa,C._hispanica,0,1,2,-1,restoration,2025-07-19 17:28:143
H._squamatum,S._viscosa,Other_species,0,1,2,-1,restoration,2025-07-19 17:28:143
H._squamatum,C._hispanica,Other_species,0,1,2,-1,restoration,2025-07-19 17:28:143
S._viscosa,C._hispanica,Other_species,0,1,2,-1,restoration,2025-07-19 17:28:143
Nurse_S._viscosa,Nurse_G._struthium,H._squamatum,0,1,2,-1,natural,2025-07-19 17:28:143
Nurse_S._viscosa,Nurse_G._struthium,S._viscosa,0,1,2,-1,natural,2025-07-19 17:28:143
Nurse_S._viscosa,Nurse_G._struthium,C._hispanica,0,1,2,-1,natural,2025-07-19 17:28:143
Nurse_S._viscosa,Nurse_G._struthium,Other_species,0,1,2,-1,natural,2025-07-19 17:28:143
Nurse_S._viscosa,H._squamatum,S._viscosa,0,1,2,-1,natural,2025-07-19 17:28:143
Nurse_S._viscosa,H._squamatum,C._hispanica,0,1,2,-1,natural,2025-07-19 17:28:143
Nurse_S._viscosa,H._squamatum,Other_species,0,1,2,-1,natural,2025-07-19 17:28:143
Nurse_S._viscosa,S._viscosa,C._hispanica,0,1,2,-1,natural,2025-07-19 17:28:143
Nurse_S._viscosa,S._viscosa,Other_species,0,1,2,-1,natural,2025-07-19 17:28:143
Nurse_S._viscosa,C._hispanica,Other_species,0,1,2,-1,natural,2025-07-19 17:28:143
Nurse_G._struthium,H._squamatum,S._viscosa,0,1,2,-1,natural,2025-07-19 17:28:143
Nurse_G._struthium,H._squamatum,C._hispanica,0,1,2,-1,natural,2025-07-19 17:28:143
Nurse_G._struthium,H._squamatum,Other_species,0,1,2,-1,natural,2025-07-19 17:28:143
Nurse_G._struthium,S._viscosa,C._hispanica,0,1,2,-1,natural,2025-07-19 17:28:143
Nurse_G._struthium,S._viscosa,Other_species,0,1,2,-1,natural,2025-07-19 17:28:143
Nurse_G._struthium,C._hispanica,Other_species,0,1,2,-1,natural,2025-07-19 17:28:143
H._squamatum,S._viscosa,C._hispanica,0,1,2,-1,natural,2025-07-19 17:28:143
H._squamatum,S._viscosa,Other_species,0,1,2,-1,natural,2025-07-19 17:28:143
H._squamatum,C._hispanica,Other_species,0,1,2,-1,natural,2025-07-19 17:28:143
S._viscosa,C._hispanica,Other_species,0,1,2,-1,natural,2025-07-19 17:28:143
Nurse_S._viscosa,Nurse_G._struthium,H._squamatum,0,1,2,-1,restoration,2025-07-19 17:28:143
Nurse_S._viscosa,Nurse_G._struthium,S._viscosa,0,1,2,-1,restoration,2025-07-19 17:28:143
Nurse_S._viscosa,Nurse_G._struthium,C._hispanica,0,1,2,-1,restoration,2025-07-19 17:28:143
Nurse_S._viscosa,Nurse_G._struthium,Other_species,0,1,2,-1,restoration,2025-07-19 17:28:143
Nurse_S._viscosa,H._squamatum,S._viscosa,0,1,2,-1,restoration,2025-07-19 17:28:143
Nurse_S._viscosa,H._squamatum,C._hispanica,0,1,2,-1,restoration,2025-07-19 17:28:143
Nurse_S._viscosa,H._squamatum,Other_species,0,1,2,-1,restoration,2025-07-19 17:28:143
Nurse_S._viscosa,S._viscosa,C._hispanica,0,1,2,-1,restoration,2025-07-19 17:28:143
Nurse_S._viscosa,S._viscosa,Other_species,0,1,2,-1,restoration,2025-07-19 17:28:143
Nurse_S._viscosa,C._hispanica,Other_species,0,1,2,-1,restoration,2025-07-19 17:28:143
Nurse_G._struthium,H._squamatum,S._viscosa,0,1,2,-1,restoration,2025-07-19 17:28:143
Nurse_G._struthium,H._squamatum,C._hispanica,0,1,2,-1,restoration,2025-07-19 17:28:143
Nurse_G._struthium,H._squamatum,Other_species,0,1,2,-1,restoration,2025-07-19 17:28:143
Nurse_G._struthium,S._viscosa,C._hispanica,0,1,2,-1,restoration,2025-07-19 17:28:143
Nurse_G._struthium,S._viscosa,Other_species,0,1,2,-1,restoration,2025-07-19 17:28:143
Nurse_G._struthium,C._hispanica,Other_species,0,1,2,-1,restoration,2025-07-19 17:28:143
H._squamatum,S._viscosa,C._hispanica,0,1,2,-1,restoration,2025-07-19 17:28:143
H._squamatum,S._viscosa,Other_species,0,1,2,-1,restoration,2025-07-19 17:28:143
H._squamatum,C._hispanica,Other_species,0,1,2,-1,restoration,2025-07-19 17:28:143
S._viscosa,C._hispanica,Other_species,0,1,2,-1,restoration,2025-07-19 17:28:143
Nurse_S._viscosa,Nurse_G._struthium,H._squamatum,0,1,2,-1,natural,2025-07-19 17:28:143
Nurse_S._viscosa,Nurse_G._struthium,S._viscosa,0,1,2,-1,natural,2025-07-19 17:28:143
Nurse_S._viscosa,Nurse_G._struthium,C._hispanica,0,1,2,-1,natural,2025-07-19 17:28:143
Nurse_S._viscosa,Nurse_G._struthium,Other_species,0,1,2,-1,natural,2025-07-19 17:28:143
Nurse_S._viscosa,H._squamatum,S._viscosa,0,1,2,-1,natural,2025-07-19 17:28:143
Nurse_S._viscosa,H._squamatum,C._hispanica,0,1,2,-1,natural,2025-07-19 17:28:143
Nurse_S._viscosa,H._squamatum,Other_species,0,1,2,-1,natural,2025-07-19 17:28:143
Nurse_S._viscosa,S._viscosa,C._hispanica,0,1,2,-1,natural,2025-07-19 17:28:143
Nurse_S._viscosa,S._viscosa,Other_species,0,1,2,-1,natural,2025-07-19 17:28:143
Nurse_S._viscosa,C._hispanica,Other_species,0,1,2,-1,natural,2025-07-19 17:28:143
Nurse_G._struthium,H._squamatum,S._viscosa,0,1,2,-1,natural,2025-07-19 17:28:143
Nurse_G._struthium,H._squamatum,C._hispanica,0,1,2,-1,natural,2025-07-19 17:28:143
Nurse_G._struthium,H._squamatum,Other_species,0,1,2,-1,natural,2025-07-19 17:28:143
Nurse_G._struthium,S._viscosa,C._hispanica,0,1,2,-1,natural,2025-07-19 17:28:143
Nurse_G._struthium,S._viscosa,Other_species,0,1,2,-1,natural,2025-07-19 17:28:143
Nurse_G._struthium,C._hispanica,Other_species,0,1,2,-1,natural,2025-07-19 17:28:143
H._squamatum,S._viscosa,C._hispanica,0,1,2,-1,natural,2025-07-19 17:28:143
H._squamatum,S._viscosa,Other_species,0,1,2,-1,natural,2025-07-19 17:28:143
H._squamatum,C._hispanica,Other_species,0,1,2,-1,natural,2025-07-19 17:28:143
S._viscosa,C._hispanica,Other_species,0,1,2,-1,natural,2025-07-19 17:28:143
Nurse_S._viscosa,Nurse_G._struthium,H._squamatum,0,1,2,-1,restoration,2025-07-19 17:28:143
Nurse_S._viscosa,Nurse_G._struthium,S._viscosa,0,1,2,-1,restoration,2025-07-19 17:28:143
Nurse_S._viscosa,Nurse_G._struthium,C._hispanica,0,1,2,-1,restoration,2025-07-19 17:28:143
Nurse_S._viscosa,Nurse_G._struthium,Other_species,0,1,2,-1,restoration,2025-07-19 17:28:143
Nurse_S._viscosa,H._squamatum,S._viscosa,0,1,2,-1,restoration,2025-07-19 17:28:143
Nurse_S._viscosa,H._squamatum,C._hispanica,0,1,2,-1,restoration,2025-07-19 17:28:143
Nurse_S._viscosa,H._squamatum,Other_species,0,1,2,-1,restoration,2025-07-19 17:28:143
Nurse_S._viscosa,S._viscosa,C._hispanica,0,1,2,-1,restoration,2025-07-19 17:28:143
Nurse_S._viscosa,S._viscosa,Other_species,0,1,2,-1,restoration,2025-07-19 17:28:143
Nurse_S._viscosa,C._hispanica,Other_species,0,1,2,-1,restoration,2025-07-19 17:28:143
Nurse_G._struthium,H._squamatum,S._viscosa,0,1,2,-1,restoration,2025-07-19 17:28:143
Nurse_G._struthium,H._squamatum,C._hispanica,0,1,2,-1,restoration,2025-07-19 17:28:143
Nurse_G._struthium,H._squamatum,Other_species,0,1,2,-1,restoration,2025-07-19 17:28:143
Nurse_G._struthium,S._viscosa,C._hispanica,0,1,2,-1,restoration,2025-07-19 17:28:143
Nurse_G._struthium,S._viscosa,Other_species,0,1,2,-1,restoration,2025-07-19 17:28:143
Nurse_G._struthium,C._hispanica,Other_species,0,1,2,-1,restoration,2025-07-19 17:28:143
H._squamatum,S._viscosa,C._hispanica,0,1,2,-1,restoration,2025-07-19 17:28:143
H._squamatum,S._viscosa,Other_species,0,1,2,-1,restoration,2025-07-19 17:28:143
H._squamatum,C._hispanica,Other_species,0,1,2,-1,restoration,2025-07-19 17:28:143
S._viscosa,C._hispanica,Other_species,0,1,2,-1,restoration,2025-07-19 17:28:143
Nurse_S._viscosa,Nurse_G._struthium,H._squamatum,0,1,2,-1,natural,2025-07-19 17:28:143
Nurse_S._viscosa,Nurse_G._struthium,S._viscosa,0,1,2,-1,natural,2025-07-19 17:28:143
Nurse_S._viscosa,Nurse_G._struthium,C._hispanica,0,1,2,-1,natural,2025-07-19 17:28:143
Nurse_S._viscosa,Nurse_G._struthium,Other_species,0,1,2,-1,natural,2025-07-19 17:28:143
Nurse_S._viscosa,H._squamatum,S._viscosa,0,1,2,-1,natural,2025-07-19 17:28:143
Nurse_S._viscosa,H._squamatum,C._hispanica,0,1,2,-1,natural,2025-07-19 17:28:143
Nurse_S._viscosa,H._squamatum,Other_species,0,1,2,-1,natural,2025-07-19 17:28:143
Nurse_S._viscosa,S._viscosa,C._hispanica,0,1,2,-1,natural,2025-07-19 17:28:143
Nurse_S._viscosa,S._viscosa,Other_species,0,1,2,-1,natural,2025-07-19 17:28:143
Nurse_S._viscosa,C._hispanica,Other_species,0,1,2,-1,natural,2025-07-19 17:28:143
Nurse_G._struthium,H._squamatum,S._viscosa,0,1,2,-1,natural,2025-07-19 17:28:143
Nurse_G._struthium,H._squamatum,C._hispanica,0,1,2,-1,natural,2025-07-19 17:28:143
Nurse_G._struthium,H._squamatum,Other_species,0,1,2,-1,natural,2025-07-19 17:28:143
Nurse_G._struthium,S._viscosa,C._hispanica,0,1,2,-1,natural,2025-07-19 17:28:143
Nurse_G._struthium,S._viscosa,Other_species,0,1,2,-1,natural,2025-07-19 17:28:143
Nurse_G._struthium,C._hispanica,Other_species,0,1,2,-1,natural,2025-07-19 17:28:143
H._squamatum,S._viscosa,C._hispanica,0,1,2,-1,natural,2025-07-19 17:28:143
H._squamatum,S._viscosa,Other_species,0,1,2,-1,natural,2025-07-19 17:28:143
H._squamatum,C._hispanica,Other_species,0,1,2,-1,natural,2025-07-19 17:28:143
S._viscosa,C._hispanica,Other_species,0,1,2,-1,natural,2025-07-19 17:28:143
Nurse_S._viscosa,Nurse_G._struthium,H._squamatum,0,1,2,-1,restoration,2025-07-19 17:28:133
Nurse_S._viscosa,Nurse_G._struthium,S._viscosa,0,1,2,-1,restoration,2025-07-19 17:28:133
Nurse_S._viscosa,Nurse_G._struthium,C._hispanica,0,1,2,-1,restoration,2025-07-19 17:28:133
Nurse_S._viscosa,Nurse_G._struthium,Other_species,0,1,2,-1,restoration,2025-07-19 17:28:133
Nurse_S._viscosa,H._squamatum,S._viscosa,0,1,2,-1,restoration,2025-07-19 17:28:133
Nurse_S._viscosa,H._squamatum,C._hispanica,0,1,2,-1,restoration,2025-07-19 17:28:133
Nurse_S._viscosa,H._squamatum,Other_species,0,1,2,-1,restoration,2025-07-19 17:28:133
Nurse_S._viscosa,S._viscosa,C._hispanica,0,1,2,-1,restoration,2025-07-19 17:28:133
Nurse_S._viscosa,S._viscosa,Other_species,0,1,2,-1,restoration,2025-07-19 17:28:133
Nurse_S._viscosa,C._hispanica,Other_species,0,1,2,-1,restoration,2025-07-19 17:28:133
Nurse_G._struthium,H._squamatum,S._viscosa,0,1,2,-1,restoration,2025-07-19 17:28:133
Nurse_G._struthium,H._squamatum,C._hispanica,0,1,2,-1,restoration,2025-07-19 17:28:133
Nurse_G._struthium,H._squamatum,Other_species,0,1,2,-1,restoration,2025-07-19 17:28:133
Nurse_G._struthium,S._viscosa,C._hispanica,0,1,2,-1,restoration,2025-07-19 17:28:133
Nurse_G._struthium,S._viscosa,Other_species,0,1,2,-1,restoration,2025-07-19 17:28:133
Nurse_G._struthium,C._hispanica,Other_species,0,1,2,-1,restoration,2025-07-19 17:28:133
H._squamatum,S._viscosa,C._hispanica,0,1,2,-1,restoration,2025-07-19 17:28:133
H._squamatum,S._viscosa,Other_species,0,1,2,-1,restoration,2025-07-19 17:28:133
H._squamatum,C._hispanica,Other_species,0,1,2,-1,restoration,2025-07-19 17:28:133
S._viscosa,C._hispanica,Other_species,0,1,2,-1,restoration,2025-07-19 17:28:133
Nurse_S._viscosa,Nurse_G._struthium,H._squamatum,0,1,2,-1,natural,2025-07-19 17:28:133
Nurse_S._viscosa,Nurse_G._struthium,S._viscosa,0,1,2,-1,natural,2025-07-19 17:28:133
Nurse_S._viscosa,Nurse_G._struthium,C._hispanica,0,1,2,-1,natural,2025-07-19 17:28:133
Nurse_S._viscosa,Nurse_G._struthium,Other_species,0,1,2,-1,natural,2025-07-19 17:28:133
Nurse_S._viscosa,H._squamatum,S._viscosa,0,1,2,-1,natural,2025-07-19 17:28:133
Nurse_S._viscosa,H._squamatum,C._hispanica,0,1,2,-1,natural,2025-07-19 17:28:133
Nurse_S._viscosa,H._squamatum,Other_species,0,1,2,-1,natural,2025-07-19 17:28:133
Nurse_S._viscosa,S._viscosa,C._hispanica,0,1,2,-1,natural,2025-07-19 17:28:133
Nurse_S._viscosa,S._viscosa,Other_species,0,1,2,-1,natural,2025-07-19 17:28:133
Nurse_S._viscosa,C._hispanica,Other_species,0,1,2,-1,natural,2025-07-19 17:28:133
Nurse_G._struthium,H._squamatum,S._viscosa,0,1,2,-1,natural,2025-07-19 17:28:133
Nurse_G._struthium,H._squamatum,C._hispanica,0,1,2,-1,natural,2025-07-19 17:28:133
Nurse_G._struthium,H._squamatum,Other_species,0,1,2,-1,natural,2025-07-19 17:28:133
Nurse_G._struthium,S._viscosa,C._hispanica,0,1,2,-1,natural,2025-07-19 17:28:133
Nurse_G._struthium,S._viscosa,Other_species,0,1,2,-1,natural,2025-07-19 17:28:133
Nurse_G._struthium,C._hispanica,Other_species,0,1,2,-1,natural,2025-07-19 17:28:133
H._squamatum,S._viscosa,C._hispanica,0,1,2,-1,natural,2025-07-19 17:28:133
H._squamatum,S._viscosa,Other_species,0,1,2,-1,natural,2025-07-19 17:28:133
H._squamatum,C._hispanica,Other_species,0,1,2,-1,natural,2025-07-19 17:28:133
S._viscosa,C._hispanica,Other_species,0,1,2,-1,natural,2025-07-19 17:28:133
Nurse_S._viscosa,Nurse_G._struthium,H._squamatum,0,1,2,-1,restoration,2025-07-19 17:28:133
Nurse_S._viscosa,Nurse_G._struthium,S._viscosa,0,1,2,-1,restoration,2025-07-19 17:28:133
Nurse_S._viscosa,Nurse_G._struthium,C._hispanica,0,1,2,-1,restoration,2025-07-19 17:28:133
Nurse_S._viscosa,Nurse_G._struthium,Other_species,0,1,2,-1,restoration,2025-07-19 17:28:133
Nurse_S._viscosa,H._squamatum,S._viscosa,0,1,2,-1,restoration,2025-07-19 17:28:133
Nurse_S._viscosa,H._squamatum,C._hispanica,0,1,2,-1,restoration,2025-07-19 17:28:133
Nurse_S._viscosa,H._squamatum,Other_species,0,1,2,-1,restoration,2025-07-19 17:28:133
Nurse_S._viscosa,S._viscosa,C._hispanica,0,1,2,-1,restoration,2025-07-19 17:28:133
Nurse_S._viscosa,S._viscosa,Other_species,0,1,2,-1,restoration,2025-07-19 17:28:133
Nurse_S._viscosa,C._hispanica,Other_species,0,1,2,-1,restoration,2025-07-19 17:28:133
Nurse_G._struthium,H._squamatum,S._viscosa,0,1,2,-1,restoration,2025-07-19 17:28:133
Nurse_G._struthium,H._squamatum,C._hispanica,0,1,2,-1,restoration,2025-07-19 17:28:133
Nurse_G._struthium,H._squamatum,Other_species,0,1,2,-1,restoration,2025-07-19 17:28:133
Nurse_G._struthium,S._viscosa,C._hispanica,0,1,2,-1,restoration,2025-07-19 17:28:133
Nurse_G._struthium,S._viscosa,Other_species,0,1,2,-1,restoration,2025-07-19 17:28:133
Nurse_G._struthium,C._hispanica,Other_species,0,1,2,-1,restoration,2025-07-19 17:28:133
H._squamatum,S._viscosa,C._hispanica,0,1,2,-1,restoration,2025-07-19 17:28:133
H._squamatum,S._viscosa,Other_species,0,1,2,-1,restoration,2025-07-19 17:28:133
H._squamatum,C._hispanica,Other_species,0,1,2,-1,restoration,2025-07-19 17:28:133
S._viscosa,C._hispanica,Other_species,0,1,2,-1,restoration,2025-07-19 17:28:133
Nurse_S._viscosa,Nurse_G._struthium,H._squamatum,0,1,2,-1,natural,2025-07-19 17:28:133
Nurse_S._viscosa,Nurse_G._struthium,S._viscosa,0,1,2,-1,natural,2025-07-19 17:28:133
Nurse_S._viscosa,Nurse_G._struthium,C._hispanica,0,1,2,-1,natural,2025-07-19 17:28:133
Nurse_S._viscosa,Nurse_G._struthium,Other_species,0,1,2,-1,natural,2025-07-19 17:28:133
Nurse_S._viscosa,H._squamatum,S._viscosa,0,1,2,-1,natural,2025-07-19 17:28:133
Nurse_S._viscosa,H._squamatum,C._hispanica,0,1,2,-1,natural,2025-07-19 17:28:133
Nurse_S._viscosa,H._squamatum,Other_species,0,1,2,-1,natural,2025-07-19 17:28:133
Nurse_S._viscosa,S._viscosa,C._hispanica,0,1,2,-1,natural,2025-07-19 17:28:133
Nurse_S._viscosa,S._viscosa,Other_species,0,1,2,-1,natural,2025-07-19 17:28:133
Nurse_S._viscosa,C._hispanica,Other_species,0,1,2,-1,natural,2025-07-19 17:28:133
Nurse_G._struthium,H._squamatum,S._viscosa,0,1,2,-1,natural,2025-07-19 17:28:133
Nurse_G._struthium,H._squamatum,C._hispanica,0,1,2,-1,natural,2025-07-19 17:28:133
Nurse_G._struthium,H._squamatum,Other_species,0,1,2,-1,natural,2025-07-19 17:28:133
Nurse_G._struthium,S._viscosa,C._hispanica,0,1,2,-1,natural,2025-07-19 17:28:133
Nurse_G._struthium,S._viscosa,Other_species,0,1,2,-1,natural,2025-07-19 17:28:133
Nurse_G._struthium,C._hispanica,Other_species,0,1,2,-1,natural,2025-07-19 17:28:133
H._squamatum,S._viscosa,C._hispanica,0,1,2,-1,natural,2025-07-19 17:28:133
H._squamatum,S._viscosa,Other_species,0,1,2,-1,natural,2025-07-19 17:28:133
H._squamatum,C._hispanica,Other_species,0,1,2,-1,natural,2025-07-19 17:28:133
S._viscosa,C._hispanica,Other_species,0,1,2,-1,natural,2025-07-19 17:28:133
Nurse_S._viscosa,Nurse_G._struthium,H._squamatum,0,1,2,-1,restoration,2025-07-19 17:28:123
Nurse_S._viscosa,Nurse_G._struthium,S._viscosa,0,1,2,-1,restoration,2025-07-19 17:28:123
Nurse_S._viscosa,Nurse_G._struthium,C._hispanica,0,1,2,-1,restoration,2025-07-19 17:28:123
Nurse_S._viscosa,Nurse_G._struthium,Other_species,0,1,2,-1,restoration,2025-07-19 17:28:123
Nurse_S._viscosa,H._squamatum,S._viscosa,0,1,2,-1,restoration,2025-07-19 17:28:123
Nurse_S._viscosa,H._squamatum,C._hispanica,0,1,2,-1,restoration,2025-07-19 17:28:123
Nurse_S._viscosa,H._squamatum,Other_species,0,1,2,-1,restoration,2025-07-19 17:28:123
Nurse_S._viscosa,S._viscosa,C._hispanica,0,1,2,-1,restoration,2025-07-19 17:28:123
Nurse_S._viscosa,S._viscosa,Other_species,0,1,2,-1,restoration,2025-07-19 17:28:123
Nurse_S._viscosa,C._hispanica,Other_species,0,1,2,-1,restoration,2025-07-19 17:28:123
Nurse_G._struthium,H._squamatum,S._viscosa,0,1,2,-1,restoration,2025-07-19 17:28:123
Nurse_G._struthium,H._squamatum,C._hispanica,0,1,2,-1,restoration,2025-07-19 17:28:123
Nurse_G._struthium,H._squamatum,Other_species,0,1,2,-1,restoration,2025-07-19 17:28:123
Nurse_G._struthium,S._viscosa,C._hispanica,0,1,2,-1,restoration,2025-07-19 17:28:123
Nurse_G._struthium,S._viscosa,Other_species,0,1,2,-1,restoration,2025-07-19 17:28:123
Nurse_G._struthium,C._hispanica,Other_species,0,1,2,-1,restoration,2025-07-19 17:28:123
H._squamatum,S._viscosa,C._hispanica,0,1,2,-1,restoration,2025-07-19 17:28:123
H._squamatum,S._viscosa,Other_species,0,1,2,-1,restoration,2025-07-19 17:28:123
H._squamatum,C._hispanica,Other_species,0,1,2,-1,restoration,2025-07-19 17:28:123
S._viscosa,C._hispanica,Other_species,0,1,2,-1,restoration,2025-07-19 17:28:123
Nurse_S._viscosa,Nurse_G._struthium,H._squamatum,0,1,2,-1,natural,2025-07-19 17:28:123
Nurse_S._viscosa,Nurse_G._struthium,S._viscosa,0,1,2,-1,natural,2025-07-19 17:28:123
Nurse_S._viscosa,Nurse_G._struthium,C._hispanica,0,1,2,-1,natural,2025-07-19 17:28:123
Nurse_S._viscosa,Nurse_G._struthium,Other_species,0,1,2,-1,natural,2025-07-19 17:28:123
Nurse_S._viscosa,H._squamatum,S._viscosa,0,1,2,-1,natural,2025-07-19 17:28:123
Nurse_S._viscosa,H._squamatum,C._hispanica,0,1,2,-1,natural,2025-07-19 17:28:123
Nurse_S._viscosa,H._squamatum,Other_species,0,1,2,-1,natural,2025-07-19 17:28:123
Nurse_S._viscosa,S._viscosa,C._hispanica,0,1,2,-1,natural,2025-07-19 17:28:123
Nurse_S._viscosa,S._viscosa,Other_species,0,1,2,-1,natural,2025-07-19 17:28:123
Nurse_S._viscosa,C._hispanica,Other_species,0,1,2,-1,natural,2025-07-19 17:28:123
Nurse_G._struthium,H._squamatum,S._viscosa,0,1,2,-1,natural,2025-07-19 17:28:123
Nurse_G._struthium,H._squamatum,C._hispanica,0,1,2,-1,natural,2025-07-19 17:28:123
Nurse_G._struthium,H._squamatum,Other_species,0,1,2,-1,natural,2025-07-19 17:28:123
Nurse_G._struthium,S._viscosa,C._hispanica,0,1,2,-1,natural,2025-07-19 17:28:123
Nurse_G._struthium,S._viscosa,Other_species,0,1,2,-1,natural,2025-07-19 17:28:123
Nurse_G._struthium,C._hispanica,Other_species,0,1,2,-1,natural,2025-07-19 17:28:123
H._squamatum,S._viscosa,C._hispanica,0,1,2,-1,natural,2025-07-19 17:28:123
H._squamatum,S._viscosa,Other_species,0,1,2,-1,natural,2025-07-19 17:28:123
H._squamatum,C._hispanica,Other_species,0,1,2,-1,natural,2025-07-19 17:28:123
S._viscosa,C._hispanica,Other_species,0,1,2,-1,natural,2025-07-19 17:28:123
Nurse_S._viscosa,Nurse_G._struthium,H._squamatum,0,1,2,-1,restoration,2025-07-19 17:28:123
Nurse_S._viscosa,Nurse_G._struthium,S._viscosa,0,1,2,-1,restoration,2025-07-19 17:28:123
Nurse_S._viscosa,Nurse_G._struthium,C._hispanica,0,1,2,-1,restoration,2025-07-19 17:28:123
Nurse_S._viscosa,Nurse_G._struthium,Other_species,0,1,2,-1,restoration,2025-07-19 17:28:123
Nurse_S._viscosa,H._squamatum,S._viscosa,0,1,2,-1,restoration,2025-07-19 17:28:123
Nurse_S._viscosa,H._squamatum,C._hispanica,0,1,2,-1,restoration,2025-07-19 17:28:123
Nurse_S._viscosa,H._squamatum,Other_species,0,1,2,-1,restoration,2025-07-19 17:28:123
Nurse_S._viscosa,S._viscosa,C._hispanica,0,1,2,-1,restoration,2025-07-19 17:28:123
Nurse_S._viscosa,S._viscosa,Other_species,0,1,2,-1,restoration,2025-07-19 17:28:123
Nurse_S._viscosa,C._hispanica,Other_species,0,1,2,-1,restoration,2025-07-19 17:28:123
Nurse_G._struthium,H._squamatum,S._viscosa,0,1,2,-1,restoration,2025-07-19 17:28:123
Nurse_G._struthium,H._squamatum,C._hispanica,0,1,2,-1,restoration,2025-07-19 17:28:123
Nurse_G._struthium,H._squamatum,Other_species,0,1,2,-1,restoration,2025-07-19 17:28:123
Nurse_G._struthium,S._viscosa,C._hispanica,0,1,2,-1,restoration,2025-07-19 17:28:123
Nurse_G._struthium,S._viscosa,Other_species,0,1,2,-1,restoration,2025-07-19 17:28:123
Nurse_G._struthium,C._hispanica,Other_species,0,1,2,-1,restoration,2025-07-19 17:28:123
H._squamatum,S._viscosa,C._hispanica,0,1,2,-1,restoration,2025-07-19 17:28:123
H._squamatum,S._viscosa,Other_species,0,1,2,-1,restoration,2025-07-19 17:28:123
H._squamatum,C._hispanica,Other_species,0,1,2,-1,restoration,2025-07-19 17:28:123
S._viscosa,C._hispanica,Other_species,0,1,2,-1,restoration,2025-07-19 17:28:123
Nurse_S._viscosa,Nurse_G._struthium,H._squamatum,0,1,2,-1,natural,2025-07-19 17:28:123
Nurse_S._viscosa,Nurse_G._struthium,S._viscosa,0,1,2,-1,natural,2025-07-19 17:28:123
Nurse_S._viscosa,Nurse_G._struthium,C._hispanica,0,1,2,-1,natural,2025-07-19 17:28:123
Nurse_S._viscosa,Nurse_G._struthium,Other_species,0,1,2,-1,natural,2025-07-19 17:28:123
Nurse_S._viscosa,H._squamatum,S._viscosa,0,1,2,-1,natural,2025-07-19 17:28:123
Nurse_S._viscosa,H._squamatum,C._hispanica,0,1,2,-1,natural,2025-07-19 17:28:123
Nurse_S._viscosa,H._squamatum,Other_species,0,1,2,-1,natural,2025-07-19 17:28:123
Nurse_S._viscosa,S._viscosa,C._hispanica,0,1,2,-1,natural,2025-07-19 17:28:123
Nurse_S._viscosa,S._viscosa,Other_species,0,1,2,-1,natural,2025-07-19 17:28:123
Nurse_S._viscosa,C._hispanica,Other_species,0,1,2,-1,natural,2025-07-19 17:28:123
Nurse_G._struthium,H._squamatum,S._viscosa,0,1,2,-1,natural,2025-07-19 17:28:123
Nurse_G._struthium,H._squamatum,C._hispanica,0,1,2,-1,natural,2025-07-19 17:28:123
Nurse_G._struthium,H._squamatum,Other_species,0,1,2,-1,natural,2025-07-19 17:28:123
Nurse_G._struthium,S._viscosa,C._hispanica,0,1,2,-1,natural,2025-07-19 17:28:123
Nurse_G._struthium,S._viscosa,Other_species,0,1,2,-1,natural,2025-07-19 17:28:123
Nurse_G._struthium,C._hispanica,Other_species,0,1,2,-1,natural,2025-07-19 17:28:123
H._squamatum,S._viscosa,C._hispanica,0,1,2,-1,natural,2025-07-19 17:28:123
H._squamatum,S._viscosa,Other_species,0,1,2,-1,natural,2025-07-19 17:28:123
H._squamatum,C._hispanica,Other_species,0,1,2,-1,natural,2025-07-19 17:28:123
S._viscosa,C._hispanica,Other_species,0,1,2,-1,natural,2025-07-19 17:28:123
Nurse_S._viscosa,Nurse_G._struthium,H._squamatum,0,1,2,-1,restoration,2025-07-19 17:28:123
Nurse_S._viscosa,Nurse_G._struthium,S._viscosa,0,1,2,-1,restoration,2025-07-19 17:28:123
Nurse_S._viscosa,Nurse_G._struthium,C._hispanica,0,1,2,-1,restoration,2025-07-19 17:28:123
Nurse_S._viscosa,Nurse_G._struthium,Other_species,0,1,2,-1,restoration,2025-07-19 17:28:123
Nurse_S._viscosa,H._squamatum,S._viscosa,0,1,2,-1,restoration,2025-07-19 17:28:123
Nurse_S._viscosa,H._squamatum,C._hispanica,0,1,2,-1,restoration,2025-07-19 17:28:123
Nurse_S._viscosa,H._squamatum,Other_species,0,1,2,-1,restoration,2025-07-19 17:28:123
Nurse_S._viscosa,S._viscosa,C._hispanica,0,1,2,-1,restoration,2025-07-19 17:28:123
Nurse_S._viscosa,S._viscosa,Other_species,0,1,2,-1,restoration,2025-07-19 17:28:123
Nurse_S._viscosa,C._hispanica,Other_species,0,1,2,-1,restoration,2025-07-19 17:28:123
Nurse_G._struthium,H._squamatum,S._viscosa,0,1,2,-1,restoration,2025-07-19 17:28:123
Nurse_G._struthium,H._squamatum,C._hispanica,0,1,2,-1,restoration,2025-07-19 17:28:123
Nurse_G._struthium,H._squamatum,Other_species,0,1,2,-1,restoration,2025-07-19 17:28:123
Nurse_G._struthium,S._viscosa,C._hispanica,0,1,2,-1,restoration,2025-07-19 17:28:123
Nurse_G._struthium,S._viscosa,Other_species,0,1,2,-1,restoration,2025-07-19 17:28:123
Nurse_G._struthium,C._hispanica,Other_species,0,1,2,-1,restoration,2025-07-19 17:28:123
H._squamatum,S._viscosa,C._hispanica,0,1,2,-1,restoration,2025-07-19 17:28:123
H._squamatum,S._viscosa,Other_species,0,1,2,-1,restoration,2025-07-19 17:28:123
H._squamatum,C._hispanica,Other_species,0,1,2,-1,restoration,2025-07-19 17:28:123
S._viscosa,C._hispanica,Other_species,0,1,2,-1,restoration,2025-07-19 17:28:123
Nurse_S._viscosa,Nurse_G._struthium,H._squamatum,0,1,2,-1,natural,2025-07-19 17:28:123
Nurse_S._viscosa,Nurse_G._struthium,S._viscosa,0,1,2,-1,natural,2025-07-19 17:28:123
Nurse_S._viscosa,Nurse_G._struthium,C._hispanica,0,1,2,-1,natural,2025-07-19 17:28:123
Nurse_S._viscosa,Nurse_G._struthium,Other_species,0,1,2,-1,natural,2025-07-19 17:28:123
Nurse_S._viscosa,H._squamatum,S._viscosa,0,1,2,-1,natural,2025-07-19 17:28:123
Nurse_S._viscosa,H._squamatum,C._hispanica,0,1,2,-1,natural,2025-07-19 17:28:123
Nurse_S._viscosa,H._squamatum,Other_species,0,1,2,-1,natural,2025-07-19 17:28:123
Nurse_S._viscosa,S._viscosa,C._hispanica,0,1,2,-1,natural,2025-07-19 17:28:123
Nurse_S._viscosa,S._viscosa,Other_species,0,1,2,-1,natural,2025-07-19 17:28:123
Nurse_S._viscosa,C._hispanica,Other_species,0,1,2,-1,natural,2025-07-19 17:28:123
Nurse_G._struthium,H._squamatum,S._viscosa,0,1,2,-1,natural,2025-07-19 17:28:123
Nurse_G._struthium,H._squamatum,C._hispanica,0,1,2,-1,natural,2025-07-19 17:28:123
Nurse_G._struthium,H._squamatum,Other_species,0,1,2,-1,natural,2025-07-19 17:28:123
Nurse_G._struthium,S._viscosa,C._hispanica,0,1,2,-1,natural,2025-07-19 17:28:123
Nurse_G._struthium,S._viscosa,Other_species,0,1,2,-1,natural,2025-07-19 17:28:123
Nurse_G._struthium,C._hispanica,Other_species,0,1,2,-1,natural,2025-07-19 17:28:123
H._squamatum,S._viscosa,C._hispanica,0,1,2,-1,natural,2025-07-19 17:28:123
H._squamatum,S._viscosa,Other_species,0,1,2,-1,natural,2025-07-19 17:28:123
H._squamatum,C._hispanica,Other_species,0,1,2,-1,natural,2025-07-19 17:28:123
S._viscosa,C._hispanica,Other_species,0,1,2,-1,natural,2025-07-19 17:28:123
Nurse_S._viscosa,Nurse_G._struthium,H._squamatum,0,1,2,-1,restoration,2025-07-19 17:28:113
Nurse_S._viscosa,Nurse_G._struthium,S._viscosa,0,1,2,-1,restoration,2025-07-19 17:28:113
Nurse_S._viscosa,Nurse_G._struthium,C._hispanica,0,1,2,-1,restoration,2025-07-19 17:28:113
Nurse_S._viscosa,Nurse_G._struthium,Other_species,0,1,2,-1,restoration,2025-07-19 17:28:113
Nurse_S._viscosa,H._squamatum,S._viscosa,0,1,2,-1,restoration,2025-07-19 17:28:113
Nurse_S._viscosa,H._squamatum,C._hispanica,0,1,2,-1,restoration,2025-07-19 17:28:113
Nurse_S._viscosa,H._squamatum,Other_species,0,1,2,-1,restoration,2025-07-19 17:28:113
Nurse_S._viscosa,S._viscosa,C._hispanica,0,1,2,-1,restoration,2025-07-19 17:28:113
Nurse_S._viscosa,S._viscosa,Other_species,0,1,2,-1,restoration,2025-07-19 17:28:113
Nurse_S._viscosa,C._hispanica,Other_species,0,1,2,-1,restoration,2025-07-19 17:28:113
Nurse_G._struthium,H._squamatum,S._viscosa,0,1,2,-1,restoration,2025-07-19 17:28:113
Nurse_G._struthium,H._squamatum,C._hispanica,0,1,2,-1,restoration,2025-07-19 17:28:113
Nurse_G._struthium,H._squamatum,Other_species,0,1,2,-1,restoration,2025-07-19 17:28:113
Nurse_G._struthium,S._viscosa,C._hispanica,0,1,2,-1,restoration,2025-07-19 17:28:113
Nurse_G._struthium,S._viscosa,Other_species,0,1,2,-1,restoration,2025-07-19 17:28:113
Nurse_G._struthium,C._hispanica,Other_species,0,1,2,-1,restoration,2025-07-19 17:28:113
H._squamatum,S._viscosa,C._hispanica,0,1,2,-1,restoration,2025-07-19 17:28:113
H._squamatum,S._viscosa,Other_species,0,1,2,-1,restoration,2025-07-19 17:28:113
H._squamatum,C._hispanica,Other_species,0,1,2,-1,restoration,2025-07-19 17:28:113
S._viscosa,C._hispanica,Other_species,0,1,2,-1,restoration,2025-07-19 17:28:113
Nurse_S._viscosa,Nurse_G._struthium,H._squamatum,0,1,2,-1,natural,2025-07-19 17:28:113
Nurse_S._viscosa,Nurse_G._struthium,S._viscosa,0,1,2,-1,natural,2025-07-19 17:28:113
Nurse_S._viscosa,Nurse_G._struthium,C._hispanica,0,1,2,-1,natural,2025-07-19 17:28:113
Nurse_S._viscosa,Nurse_G._struthium,Other_species,0,1,2,-1,natural,2025-07-19 17:28:113
Nurse_S._viscosa,H._squamatum,S._viscosa,0,1,2,-1,natural,2025-07-19 17:28:113
Nurse_S._viscosa,H._squamatum,C._hispanica,0,1,2,-1,natural,2025-07-19 17:28:113
Nurse_S._viscosa,H._squamatum,Other_species,0,1,2,-1,natural,2025-07-19 17:28:113
Nurse_S._viscosa,S._viscosa,C._hispanica,0,1,2,-1,natural,2025-07-19 17:28:113
Nurse_S._viscosa,S._viscosa,Other_species,0,1,2,-1,natural,2025-07-19 17:28:113
Nurse_S._viscosa,C._hispanica,Other_species,0,1,2,-1,natural,2025-07-19 17:28:113
Nurse_G._struthium,H._squamatum,S._viscosa,0,1,2,-1,natural,2025-07-19 17:28:113
Nurse_G._struthium,H._squamatum,C._hispanica,0,1,2,-1,natural,2025-07-19 17:28:113
Nurse_G._struthium,H._squamatum,Other_species,0,1,2,-1,natural,2025-07-19 17:28:113
Nurse_G._struthium,S._viscosa,C._hispanica,0,1,2,-1,natural,2025-07-19 17:28:113
Nurse_G._struthium,S._viscosa,Other_species,0,1,2,-1,natural,2025-07-19 17:28:113
Nurse_G._struthium,C._hispanica,Other_species,0,1,2,-1,natural,2025-07-19 17:28:113
H._squamatum,S._viscosa,C._hispanica,0,1,2,-1,natural,2025-07-19 17:28:113
H._squamatum,S._viscosa,Other_species,0,1,2,-1,natural,2025-07-19 17:28:113
H._squamatum,C._hispanica,Other_species,0,1,2,-1,natural,2025-07-19 17:28:113
S._viscosa,C._hispanica,Other_species,0,1,2,-1,natural,2025-07-19 17:28:113
Nurse_S._viscosa,Nurse_G._struthium,H._squamatum,0,1,2,-1,restoration,2025-07-19 17:28:113
Nurse_S._viscosa,Nurse_G._struthium,S._viscosa,0,1,2,-1,restoration,2025-07-19 17:28:113
Nurse_S._viscosa,Nurse_G._struthium,C._hispanica,0,1,2,-1,restoration,2025-07-19 17:28:113
Nurse_S._viscosa,Nurse_G._struthium,Other_species,0,1,2,-1,restoration,2025-07-19 17:28:113
Nurse_S._viscosa,H._squamatum,S._viscosa,0,1,2,-1,restoration,2025-07-19 17:28:113
Nurse_S._viscosa,H._squamatum,C._hispanica,0,1,2,-1,restoration,2025-07-19 17:28:113
Nurse_S._viscosa,H._squamatum,Other_species,0,1,2,-1,restoration,2025-07-19 17:28:113
Nurse_S._viscosa,S._viscosa,C._hispanica,0,1,2,-1,restoration,2025-07-19 17:28:113
Nurse_S._viscosa,S._viscosa,Other_species,0,1,2,-1,restoration,2025-07-19 17:28:113
Nurse_S._viscosa,C._hispanica,Other_species,0,1,2,-1,restoration,2025-07-19 17:28:113
Nurse_G._struthium,H._squamatum,S._viscosa,0,1,2,-1,restoration,2025-07-19 17:28:113
Nurse_G._struthium,H._squamatum,C._hispanica,0,1,2,-1,restoration,2025-07-19 17:28:113
Nurse_G._struthium,H._squamatum,Other_species,0,1,2,-1,restoration,2025-07-19 17:28:113
Nurse_G._struthium,S._viscosa,C._hispanica,0,1,2,-1,restoration,2025-07-19 17:28:113
Nurse_G._struthium,S._viscosa,Other_species,0,1,2,-1,restoration,2025-07-19 17:28:113
Nurse_G._struthium,C._hispanica,Other_species,0,1,2,-1,restoration,2025-07-19 17:28:113
H._squamatum,S._viscosa,C._hispanica,0,1,2,-1,restoration,2025-07-19 17:28:113
H._squamatum,S._viscosa,Other_species,0,1,2,-1,restoration,2025-07-19 17:28:113
H._squamatum,C._hispanica,Other_species,0,1,2,-1,restoration,2025-07-19 17:28:113
S._viscosa,C._hispanica,Other_species,0,1,2,-1,restoration,2025-07-19 17:28:113
Nurse_S._viscosa,Nurse_G._struthium,H._squamatum,0,1,2,-1,natural,2025-07-19 17:28:113
Nurse_S._viscosa,Nurse_G._struthium,S._viscosa,0,1,2,-1,natural,2025-07-19 17:28:113
Nurse_S._viscosa,Nurse_G._struthium,C._hispanica,0,1,2,-1,natural,2025-07-19 17:28:113
Nurse_S._viscosa,Nurse_G._struthium,Other_species,0,1,2,-1,natural,2025-07-19 17:28:113
Nurse_S._viscosa,H._squamatum,S._viscosa,0,1,2,-1,natural,2025-07-19 17:28:113
Nurse_S._viscosa,H._squamatum,C._hispanica,0,1,2,-1,natural,2025-07-19 17:28:113
Nurse_S._viscosa,H._squamatum,Other_species,0,1,2,-1,natural,2025-07-19 17:28:113
Nurse_S._viscosa,S._viscosa,C._hispanica,0,1,2,-1,natural,2025-07-19 17:28:113
Nurse_S._viscosa,S._viscosa,Other_species,0,1,2,-1,natural,2025-07-19 17:28:113
Nurse_S._viscosa,C._hispanica,Other_species,0,1,2,-1,natural,2025-07-19 17:28:113
Nurse_G._struthium,H._squamatum,S._viscosa,0,1,2,-1,natural,2025-07-19 17:28:113
Nurse_G._struthium,H._squamatum,C._hispanica,0,1,2,-1,natural,2025-07-19 17:28:113
Nurse_G._struthium,H._squamatum,Other_species,0,1,2,-1,natural,2025-07-19 17:28:113
Nurse_G._struthium,S._viscosa,C._hispanica,0,1,2,-1,natural,2025-07-19 17:28:113
Nurse_G._struthium,S._viscosa,Other_species,0,1,2,-1,natural,2025-07-19 17:28:113
Nurse_G._struthium,C._hispanica,Other_species,0,1,2,-1,natural,2025-07-19 17:28:113
H._squamatum,S._viscosa,C._hispanica,0,1,2,-1,natural,2025-07-19 17:28:113
H._squamatum,S._viscosa,Other_species,0,1,2,-1,natural,2025-07-19 17:28:113
H._squamatum,C._hispanica,Other_species,0,1,2,-1,natural,2025-07-19 17:28:113
S._viscosa,C._hispanica,Other_species,0,1,2,-1,natural,2025-07-19 17:28:113
Nurse_S._viscosa,Nurse_G._struthium,H._squamatum,0,1,2,-1,restoration,2025-07-19 17:28:113
Nurse_S._viscosa,Nurse_G._struthium,S._viscosa,0,1,2,-1,restoration,2025-07-19 17:28:113
Nurse_S._viscosa,Nurse_G._struthium,C._hispanica,0,1,2,-1,restoration,2025-07-19 17:28:113
Nurse_S._viscosa,Nurse_G._struthium,Other_species,0,1,2,-1,restoration,2025-07-19 17:28:113
Nurse_S._viscosa,H._squamatum,S._viscosa,0,1,2,-1,restoration,2025-07-19 17:28:113
Nurse_S._viscosa,H._squamatum,C._hispanica,0,1,2,-1,restoration,2025-07-19 17:28:113
Nurse_S._viscosa,H._squamatum,Other_species,0,1,2,-1,restoration,2025-07-19 17:28:113
Nurse_S._viscosa,S._viscosa,C._hispanica,0,1,2,-1,restoration,2025-07-19 17:28:113
Nurse_S._viscosa,S._viscosa,Other_species,0,1,2,-1,restoration,2025-07-19 17:28:113
Nurse_S._viscosa,C._hispanica,Other_species,0,1,2,-1,restoration,2025-07-19 17:28:113
Nurse_G._struthium,H._squamatum,S._viscosa,0,1,2,-1,restoration,2025-07-19 17:28:113
Nurse_G._struthium,H._squamatum,C._hispanica,0,1,2,-1,restoration,2025-07-19 17:28:113
Nurse_G._struthium,H._squamatum,Other_species,0,1,2,-1,restoration,2025-07-19 17:28:113
Nurse_G._struthium,S._viscosa,C._hispanica,0,1,2,-1,restoration,2025-07-19 17:28:113
Nurse_G._struthium,S._viscosa,Other_species,0,1,2,-1,restoration,2025-07-19 17:28:113
Nurse_G._struthium,C._hispanica,Other_species,0,1,2,-1,restoration,2025-07-19 17:28:113
H._squamatum,S._viscosa,C._hispanica,0,1,2,-1,restoration,2025-07-19 17:28:113
H._squamatum,S._viscosa,Other_species,0,1,2,-1,restoration,2025-07-19 17:28:113
H._squamatum,C._hispanica,Other_species,0,1,2,-1,restoration,2025-07-19 17:28:113
S._viscosa,C._hispanica,Other_species,0,1,2,-1,restoration,2025-07-19 17:28:113
Nurse_S._viscosa,Nurse_G._struthium,H._squamatum,0,1,2,-1,natural,2025-07-19 17:28:113
Nurse_S._viscosa,Nurse_G._struthium,S._viscosa,0,1,2,-1,natural,2025-07-19 17:28:113
Nurse_S._viscosa,Nurse_G._struthium,C._hispanica,0,1,2,-1,natural,2025-07-19 17:28:113
Nurse_S._viscosa,Nurse_G._struthium,Other_species,0,1,2,-1,natural,2025-07-19 17:28:113
Nurse_S._viscosa,H._squamatum,S._viscosa,0,1,2,-1,natural,2025-07-19 17:28:113
Nurse_S._viscosa,H._squamatum,C._hispanica,0,1,2,-1,natural,2025-07-19 17:28:113
Nurse_S._viscosa,H._squamatum,Other_species,0,1,2,-1,natural,2025-07-19 17:28:113
Nurse_S._viscosa,S._viscosa,C._hispanica,0,1,2,-1,natural,2025-07-19 17:28:113
Nurse_S._viscosa,S._viscosa,Other_species,0,1,2,-1,natural,2025-07-19 17:28:113
Nurse_S._viscosa,C._hispanica,Other_species,0,1,2,-1,natural,2025-07-19 17:28:113
Nurse_G._struthium,H._squamatum,S._viscosa,0,1,2,-1,natural,2025-07-19 17:28:113
Nurse_G._struthium,H._squamatum,C._hispanica,0,1,2,-1,natural,2025-07-19 17:28:113
Nurse_G._struthium,H._squamatum,Other_species,0,1,2,-1,natural,2025-07-19 17:28:113
Nurse_G._struthium,S._viscosa,C._hispanica,0,1,2,-1,natural,2025-07-19 17:28:113
Nurse_G._struthium,S._viscosa,Other_species,0,1,2,-1,natural,2025-07-19 17:28:113
Nurse_G._struthium,C._hispanica,Other_species,0,1,2,-1,natural,2025-07-19 17:28:113
H._squamatum,S._viscosa,C._hispanica,0,1,2,-1,natural,2025-07-19 17:28:113
H._squamatum,S._viscosa,Other_species,0,1,2,-1,natural,2025-07-19 17:28:113
H._squamatum,C._hispanica,Other_species,0,1,2,-1,natural,2025-07-19 17:28:113
S._viscosa,C._hispanica,Other_species,0,1,2,-1,natural,2025-07-19 17:28:113
Nurse_S._viscosa,Nurse_G._struthium,H._squamatum,0,1,2,-1,restoration,2025-07-19 17:28:103
Nurse_S._viscosa,Nurse_G._struthium,S._viscosa,0,1,2,-1,restoration,2025-07-19 17:28:103
Nurse_S._viscosa,Nurse_G._struthium,C._hispanica,0,1,2,-1,restoration,2025-07-19 17:28:103
Nurse_S._viscosa,Nurse_G._struthium,Other_species,0,1,2,-1,restoration,2025-07-19 17:28:103
Nurse_S._viscosa,H._squamatum,S._viscosa,0,1,2,-1,restoration,2025-07-19 17:28:103
Nurse_S._viscosa,H._squamatum,C._hispanica,0,1,2,-1,restoration,2025-07-19 17:28:103
Nurse_S._viscosa,H._squamatum,Other_species,0,1,2,-1,restoration,2025-07-19 17:28:103
Nurse_S._viscosa,S._viscosa,C._hispanica,0,1,2,-1,restoration,2025-07-19 17:28:103
Nurse_S._viscosa,S._viscosa,Other_species,0,1,2,-1,restoration,2025-07-19 17:28:103
Nurse_S._viscosa,C._hispanica,Other_species,0,1,2,-1,restoration,2025-07-19 17:28:103
Nurse_G._struthium,H._squamatum,S._viscosa,0,1,2,-1,restoration,2025-07-19 17:28:103
Nurse_G._struthium,H._squamatum,C._hispanica,0,1,2,-1,restoration,2025-07-19 17:28:103
Nurse_G._struthium,H._squamatum,Other_species,0,1,2,-1,restoration,2025-07-19 17:28:103
Nurse_G._struthium,S._viscosa,C._hispanica,0,1,2,-1,restoration,2025-07-19 17:28:103
Nurse_G._struthium,S._viscosa,Other_species,0,1,2,-1,restoration,2025-07-19 17:28:103
Nurse_G._struthium,C._hispanica,Other_species,0,1,2,-1,restoration,2025-07-19 17:28:103
H._squamatum,S._viscosa,C._hispanica,0,1,2,-1,restoration,2025-07-19 17:28:103
H._squamatum,S._viscosa,Other_species,0,1,2,-1,restoration,2025-07-19 17:28:103
H._squamatum,C._hispanica,Other_species,0,1,2,-1,restoration,2025-07-19 17:28:103
S._viscosa,C._hispanica,Other_species,0,1,2,-1,restoration,2025-07-19 17:28:103
Nurse_S._viscosa,Nurse_G._struthium,H._squamatum,0,1,2,-1,natural,2025-07-19 17:28:103
Nurse_S._viscosa,Nurse_G._struthium,S._viscosa,0,1,2,-1,natural,2025-07-19 17:28:103
Nurse_S._viscosa,Nurse_G._struthium,C._hispanica,0,1,2,-1,natural,2025-07-19 17:28:103
Nurse_S._viscosa,Nurse_G._struthium,Other_species,0,1,2,-1,natural,2025-07-19 17:28:103
Nurse_S._viscosa,H._squamatum,S._viscosa,0,1,2,-1,natural,2025-07-19 17:28:103
Nurse_S._viscosa,H._squamatum,C._hispanica,0,1,2,-1,natural,2025-07-19 17:28:103
Nurse_S._viscosa,H._squamatum,Other_species,0,1,2,-1,natural,2025-07-19 17:28:103
Nurse_S._viscosa,S._viscosa,C._hispanica,0,1,2,-1,natural,2025-07-19 17:28:103
Nurse_S._viscosa,S._viscosa,Other_species,0,1,2,-1,natural,2025-07-19 17:28:103
Nurse_S._viscosa,C._hispanica,Other_species,0,1,2,-1,natural,2025-07-19 17:28:103
Nurse_G._struthium,H._squamatum,S._viscosa,0,1,2,-1,natural,2025-07-19 17:28:103
Nurse_G._struthium,H._squamatum,C._hispanica,0,1,2,-1,natural,2025-07-19 17:28:103
Nurse_G._struthium,H._squamatum,Other_species,0,1,2,-1,natural,2025-07-19 17:28:103
Nurse_G._struthium,S._viscosa,C._hispanica,0,1,2,-1,natural,2025-07-19 17:28:103
Nurse_G._struthium,S._viscosa,Other_species,0,1,2,-1,natural,2025-07-19 17:28:103
Nurse_G._struthium,C._hispanica,Other_species,0,1,2,-1,natural,2025-07-19 17:28:103
H._squamatum,S._viscosa,C._hispanica,0,1,2,-1,natural,2025-07-19 17:28:103
H._squamatum,S._viscosa,Other_species,0,1,2,-1,natural,2025-07-19 17:28:103
H._squamatum,C._hispanica,Other_species,0,1,2,-1,natural,2025-07-19 17:28:103
S._viscosa,C._hispanica,Other_species,0,1,2,-1,natural,2025-07-19 17:28:103
Nurse_S._viscosa,Nurse_G._struthium,H._squamatum,0,1,2,-1,restoration,2025-07-19 17:28:103
Nurse_S._viscosa,Nurse_G._struthium,S._viscosa,0,1,2,-1,restoration,2025-07-19 17:28:103
Nurse_S._viscosa,Nurse_G._struthium,C._hispanica,0,1,2,-1,restoration,2025-07-19 17:28:103
Nurse_S._viscosa,Nurse_G._struthium,Other_species,0,1,2,-1,restoration,2025-07-19 17:28:103
Nurse_S._viscosa,H._squamatum,S._viscosa,0,1,2,-1,restoration,2025-07-19 17:28:103
Nurse_S._viscosa,H._squamatum,C._hispanica,0,1,2,-1,restoration,2025-07-19 17:28:103
Nurse_S._viscosa,H._squamatum,Other_species,0,1,2,-1,restoration,2025-07-19 17:28:103
Nurse_S._viscosa,S._viscosa,C._hispanica,0,1,2,-1,restoration,2025-07-19 17:28:103
Nurse_S._viscosa,S._viscosa,Other_species,0,1,2,-1,restoration,2025-07-19 17:28:103
Nurse_S._viscosa,C._hispanica,Other_species,0,1,2,-1,restoration,2025-07-19 17:28:103
Nurse_G._struthium,H._squamatum,S._viscosa,0,1,2,-1,restoration,2025-07-19 17:28:103
Nurse_G._struthium,H._squamatum,C._hispanica,0,1,2,-1,restoration,2025-07-19 17:28:103
Nurse_G._struthium,H._squamatum,Other_species,0,1,2,-1,restoration,2025-07-19 17:28:103
Nurse_G._struthium,S._viscosa,C._hispanica,0,1,2,-1,restoration,2025-07-19 17:28:103
Nurse_G._struthium,S._viscosa,Other_species,0,1,2,-1,restoration,2025-07-19 17:28:103
Nurse_G._struthium,C._hispanica,Other_species,0,1,2,-1,restoration,2025-07-19 17:28:103
H._squamatum,S._viscosa,C._hispanica,0,1,2,-1,restoration,2025-07-19 17:28:103
H._squamatum,S._viscosa,Other_species,0,1,2,-1,restoration,2025-07-19 17:28:103
H._squamatum,C._hispanica,Other_species,0,1,2,-1,restoration,2025-07-19 17:28:103
S._viscosa,C._hispanica,Other_species,0,1,2,-1,restoration,2025-07-19 17:28:103
Nurse_S._viscosa,Nurse_G._struthium,H._squamatum,0,1,2,-1,natural,2025-07-19 17:28:103
Nurse_S._viscosa,Nurse_G._struthium,S._viscosa,0,1,2,-1,natural,2025-07-19 17:28:103
Nurse_S._viscosa,Nurse_G._struthium,C._hispanica,0,1,2,-1,natural,2025-07-19 17:28:103
Nurse_S._viscosa,Nurse_G._struthium,Other_species,0,1,2,-1,natural,2025-07-19 17:28:103
Nurse_S._viscosa,H._squamatum,S._viscosa,0,1,2,-1,natural,2025-07-19 17:28:103
Nurse_S._viscosa,H._squamatum,C._hispanica,0,1,2,-1,natural,2025-07-19 17:28:103
Nurse_S._viscosa,H._squamatum,Other_species,0,1,2,-1,natural,2025-07-19 17:28:103
Nurse_S._viscosa,S._viscosa,C._hispanica,0,1,2,-1,natural,2025-07-19 17:28:103
Nurse_S._viscosa,S._viscosa,Other_species,0,1,2,-1,natural,2025-07-19 17:28:103
Nurse_S._viscosa,C._hispanica,Other_species,0,1,2,-1,natural,2025-07-19 17:28:103
Nurse_G._struthium,H._squamatum,S._viscosa,0,1,2,-1,natural,2025-07-19 17:28:103
Nurse_G._struthium,H._squamatum,C._hispanica,0,1,2,-1,natural,2025-07-19 17:28:103
Nurse_G._struthium,H._squamatum,Other_species,0,1,2,-1,natural,2025-07-19 17:28:103
Nurse_G._struthium,S._viscosa,C._hispanica,0,1,2,-1,natural,2025-07-19 17:28:103
Nurse_G._struthium,S._viscosa,Other_species,0,1,2,-1,natural,2025-07-19 17:28:103
Nurse_G._struthium,C._hispanica,Other_species,0,1,2,-1,natural,2025-07-19 17:28:103
H._squamatum,S._viscosa,C._hispanica,0,1,2,-1,natural,2025-07-19 17:28:103
H._squamatum,S._viscosa,Other_species,0,1,2,-1,natural,2025-07-19 17:28:103
H._squamatum,C._hispanica,Other_species,0,1,2,-1,natural,2025-07-19 17:28:103
S._viscosa,C._hispanica,Other_species,0,1,2,-1,natural,2025-07-19 17:28:103
Nurse_S._viscosa,Nurse_G._struthium,H._squamatum,0,1,2,-1,restoration,2025-07-19 17:28:103
Nurse_S._viscosa,Nurse_G._struthium,S._viscosa,0,1,2,-1,restoration,2025-07-19 17:28:103
Nurse_S._viscosa,Nurse_G._struthium,C._hispanica,0,1,2,-1,restoration,2025-07-19 17:28:103
Nurse_S._viscosa,Nurse_G._struthium,Other_species,0,1,2,-1,restoration,2025-07-19 17:28:103
Nurse_S._viscosa,H._squamatum,S._viscosa,0,1,2,-1,restoration,2025-07-19 17:28:103
Nurse_S._viscosa,H._squamatum,C._hispanica,0,1,2,-1,restoration,2025-07-19 17:28:103
Nurse_S._viscosa,H._squamatum,Other_species,0,1,2,-1,restoration,2025-07-19 17:28:103
Nurse_S._viscosa,S._viscosa,C._hispanica,0,1,2,-1,restoration,2025-07-19 17:28:103
Nurse_S._viscosa,S._viscosa,Other_species,0,1,2,-1,restoration,2025-07-19 17:28:103
Nurse_S._viscosa,C._hispanica,Other_species,0,1,2,-1,restoration,2025-07-19 17:28:103
Nurse_G._struthium,H._squamatum,S._viscosa,0,1,2,-1,restoration,2025-07-19 17:28:103
Nurse_G._struthium,H._squamatum,C._hispanica,0,1,2,-1,restoration,2025-07-19 17:28:103
Nurse_G._struthium,H._squamatum,Other_species,0,1,2,-1,restoration,2025-07-19 17:28:103
Nurse_G._struthium,S._viscosa,C._hispanica,0,1,2,-1,restoration,2025-07-19 17:28:103
Nurse_G._struthium,S._viscosa,Other_species,0,1,2,-1,restoration,2025-07-19 17:28:103
Nurse_G._struthium,C._hispanica,Other_species,0,1,2,-1,restoration,2025-07-19 17:28:103
H._squamatum,S._viscosa,C._hispanica,0,1,2,-1,restoration,2025-07-19 17:28:103
H._squamatum,S._viscosa,Other_species,0,1,2,-1,restoration,2025-07-19 17:28:103
H._squamatum,C._hispanica,Other_species,0,1,2,-1,restoration,2025-07-19 17:28:103
S._viscosa,C._hispanica,Other_species,0,1,2,-1,restoration,2025-07-19 17:28:103
Nurse_S._viscosa,Nurse_G._struthium,H._squamatum,0,1,2,-1,natural,2025-07-19 17:28:103
Nurse_S._viscosa,Nurse_G._struthium,S._viscosa,0,1,2,-1,natural,2025-07-19 17:28:103
Nurse_S._viscosa,Nurse_G._struthium,C._hispanica,0,1,2,-1,natural,2025-07-19 17:28:103
Nurse_S._viscosa,Nurse_G._struthium,Other_species,0,1,2,-1,natural,2025-07-19 17:28:103
Nurse_S._viscosa,H._squamatum,S._viscosa,0,1,2,-1,natural,2025-07-19 17:28:103
Nurse_S._viscosa,H._squamatum,C._hispanica,0,1,2,-1,natural,2025-07-19 17:28:103
Nurse_S._viscosa,H._squamatum,Other_species,0,1,2,-1,natural,2025-07-19 17:28:103
Nurse_S._viscosa,S._viscosa,C._hispanica,0,1,2,-1,natural,2025-07-19 17:28:103
Nurse_S._viscosa,S._viscosa,Other_species,0,1,2,-1,natural,2025-07-19 17:28:103
Nurse_S._viscosa,C._hispanica,Other_species,0,1,2,-1,natural,2025-07-19 17:28:103
Nurse_G._struthium,H._squamatum,S._viscosa,0,1,2,-1,natural,2025-07-19 17:28:103
Nurse_G._struthium,H._squamatum,C._hispanica,0,1,2,-1,natural,2025-07-19 17:28:103
Nurse_G._struthium,H._squamatum,Other_species,0,1,2,-1,natural,2025-07-19 17:28:103
Nurse_G._struthium,S._viscosa,C._hispanica,0,1,2,-1,natural,2025-07-19 17:28:103
Nurse_G._struthium,S._viscosa,Other_species,0,1,2,-1,natural,2025-07-19 17:28:103
Nurse_G._struthium,C._hispanica,Other_species,0,1,2,-1,natural,2025-07-19 17:28:103
H._squamatum,S._viscosa,C._hispanica,0,1,2,-1,natural,2025-07-19 17:28:103
H._squamatum,S._viscosa,Other_species,0,1,2,-1,natural,2025-07-19 17:28:103
H._squamatum,C._hispanica,Other_species,0,1,2,-1,natural,2025-07-19 17:28:103
S._viscosa,C._hispanica,Other_species,0,1,2,-1,natural,2025-07-19 17:28:103
Nurse_S._viscosa,Nurse_G._struthium,H._squamatum,0,1,2,-1,restoration,2025-07-19 17:28:093
Nurse_S._viscosa,Nurse_G._struthium,S._viscosa,0,1,2,-1,restoration,2025-07-19 17:28:093
Nurse_S._viscosa,Nurse_G._struthium,C._hispanica,0,1,2,-1,restoration,2025-07-19 17:28:093
Nurse_S._viscosa,Nurse_G._struthium,Other_species,0,1,2,-1,restoration,2025-07-19 17:28:093
Nurse_S._viscosa,H._squamatum,S._viscosa,0,1,2,-1,restoration,2025-07-19 17:28:093
Nurse_S._viscosa,H._squamatum,C._hispanica,0,1,2,-1,restoration,2025-07-19 17:28:093
Nurse_S._viscosa,H._squamatum,Other_species,0,1,2,-1,restoration,2025-07-19 17:28:093
Nurse_S._viscosa,S._viscosa,C._hispanica,0,1,2,-1,restoration,2025-07-19 17:28:093
Nurse_S._viscosa,S._viscosa,Other_species,0,1,2,-1,restoration,2025-07-19 17:28:093
Nurse_S._viscosa,C._hispanica,Other_species,0,1,2,-1,restoration,2025-07-19 17:28:093
Nurse_G._struthium,H._squamatum,S._viscosa,0,1,2,-1,restoration,2025-07-19 17:28:093
Nurse_G._struthium,H._squamatum,C._hispanica,0,1,2,-1,restoration,2025-07-19 17:28:093
Nurse_G._struthium,H._squamatum,Other_species,0,1,2,-1,restoration,2025-07-19 17:28:093
Nurse_G._struthium,S._viscosa,C._hispanica,0,1,2,-1,restoration,2025-07-19 17:28:093
Nurse_G._struthium,S._viscosa,Other_species,0,1,2,-1,restoration,2025-07-19 17:28:093
Nurse_G._struthium,C._hispanica,Other_species,0,1,2,-1,restoration,2025-07-19 17:28:093
H._squamatum,S._viscosa,C._hispanica,0,1,2,-1,restoration,2025-07-19 17:28:093
H._squamatum,S._viscosa,Other_species,0,1,2,-1,restoration,2025-07-19 17:28:093
H._squamatum,C._hispanica,Other_species,0,1,2,-1,restoration,2025-07-19 17:28:093
S._viscosa,C._hispanica,Other_species,0,1,2,-1,restoration,2025-07-19 17:28:093
Nurse_S._viscosa,Nurse_G._struthium,H._squamatum,0,1,2,-1,natural,2025-07-19 17:28:093
Nurse_S._viscosa,Nurse_G._struthium,S._viscosa,0,1,2,-1,natural,2025-07-19 17:28:093
Nurse_S._viscosa,Nurse_G._struthium,C._hispanica,0,1,2,-1,natural,2025-07-19 17:28:093
Nurse_S._viscosa,Nurse_G._struthium,Other_species,0,1,2,-1,natural,2025-07-19 17:28:093
Nurse_S._viscosa,H._squamatum,S._viscosa,0,1,2,-1,natural,2025-07-19 17:28:093
Nurse_S._viscosa,H._squamatum,C._hispanica,0,1,2,-1,natural,2025-07-19 17:28:093
Nurse_S._viscosa,H._squamatum,Other_species,0,1,2,-1,natural,2025-07-19 17:28:093
Nurse_S._viscosa,S._viscosa,C._hispanica,0,1,2,-1,natural,2025-07-19 17:28:093
Nurse_S._viscosa,S._viscosa,Other_species,0,1,2,-1,natural,2025-07-19 17:28:093
Nurse_S._viscosa,C._hispanica,Other_species,0,1,2,-1,natural,2025-07-19 17:28:093
Nurse_G._struthium,H._squamatum,S._viscosa,0,1,2,-1,natural,2025-07-19 17:28:093
Nurse_G._struthium,H._squamatum,C._hispanica,0,1,2,-1,natural,2025-07-19 17:28:093
Nurse_G._struthium,H._squamatum,Other_species,0,1,2,-1,natural,2025-07-19 17:28:093
Nurse_G._struthium,S._viscosa,C._hispanica,0,1,2,-1,natural,2025-07-19 17:28:093
Nurse_G._struthium,S._viscosa,Other_species,0,1,2,-1,natural,2025-07-19 17:28:093
Nurse_G._struthium,C._hispanica,Other_species,0,1,2,-1,natural,2025-07-19 17:28:093
H._squamatum,S._viscosa,C._hispanica,0,1,2,-1,natural,2025-07-19 17:28:093
H._squamatum,S._viscosa,Other_species,0,1,2,-1,natural,2025-07-19 17:28:093
H._squamatum,C._hispanica,Other_species,0,1,2,-1,natural,2025-07-19 17:28:093
S._viscosa,C._hispanica,Other_species,0,1,2,-1,natural,2025-07-19 17:28:093
Nurse_S._viscosa,Nurse_G._struthium,H._squamatum,0,1,2,-1,restoration,2025-07-19 17:28:093
Nurse_S._viscosa,Nurse_G._struthium,S._viscosa,0,1,2,-1,restoration,2025-07-19 17:28:093
Nurse_S._viscosa,Nurse_G._struthium,C._hispanica,0,1,2,-1,restoration,2025-07-19 17:28:093
Nurse_S._viscosa,Nurse_G._struthium,Other_species,0,1,2,-1,restoration,2025-07-19 17:28:093
Nurse_S._viscosa,H._squamatum,S._viscosa,0,1,2,-1,restoration,2025-07-19 17:28:093
Nurse_S._viscosa,H._squamatum,C._hispanica,0,1,2,-1,restoration,2025-07-19 17:28:093
Nurse_S._viscosa,H._squamatum,Other_species,0,1,2,-1,restoration,2025-07-19 17:28:093
Nurse_S._viscosa,S._viscosa,C._hispanica,0,1,2,-1,restoration,2025-07-19 17:28:093
Nurse_S._viscosa,S._viscosa,Other_species,0,1,2,-1,restoration,2025-07-19 17:28:093
Nurse_S._viscosa,C._hispanica,Other_species,0,1,2,-1,restoration,2025-07-19 17:28:093
Nurse_G._struthium,H._squamatum,S._viscosa,0,1,2,-1,restoration,2025-07-19 17:28:093
Nurse_G._struthium,H._squamatum,C._hispanica,0,1,2,-1,restoration,2025-07-19 17:28:093
Nurse_G._struthium,H._squamatum,Other_species,0,1,2,-1,restoration,2025-07-19 17:28:093
Nurse_G._struthium,S._viscosa,C._hispanica,0,1,2,-1,restoration,2025-07-19 17:28:093
Nurse_G._struthium,S._viscosa,Other_species,0,1,2,-1,restoration,2025-07-19 17:28:093
Nurse_G._struthium,C._hispanica,Other_species,0,1,2,-1,restoration,2025-07-19 17:28:093
H._squamatum,S._viscosa,C._hispanica,0,1,2,-1,restoration,2025-07-19 17:28:093
H._squamatum,S._viscosa,Other_species,0,1,2,-1,restoration,2025-07-19 17:28:093
H._squamatum,C._hispanica,Other_species,0,1,2,-1,restoration,2025-07-19 17:28:093
S._viscosa,C._hispanica,Other_species,0,1,2,-1,restoration,2025-07-19 17:28:093
Nurse_S._viscosa,Nurse_G._struthium,H._squamatum,0,1,2,-1,natural,2025-07-19 17:28:093
Nurse_S._viscosa,Nurse_G._struthium,S._viscosa,0,1,2,-1,natural,2025-07-19 17:28:093
Nurse_S._viscosa,Nurse_G._struthium,C._hispanica,0,1,2,-1,natural,2025-07-19 17:28:093
Nurse_S._viscosa,Nurse_G._struthium,Other_species,0,1,2,-1,natural,2025-07-19 17:28:093
Nurse_S._viscosa,H._squamatum,S._viscosa,0,1,2,-1,natural,2025-07-19 17:28:093
Nurse_S._viscosa,H._squamatum,C._hispanica,0,1,2,-1,natural,2025-07-19 17:28:093
Nurse_S._viscosa,H._squamatum,Other_species,0,1,2,-1,natural,2025-07-19 17:28:093
Nurse_S._viscosa,S._viscosa,C._hispanica,0,1,2,-1,natural,2025-07-19 17:28:093
Nurse_S._viscosa,S._viscosa,Other_species,0,1,2,-1,natural,2025-07-19 17:28:093
Nurse_S._viscosa,C._hispanica,Other_species,0,1,2,-1,natural,2025-07-19 17:28:093
Nurse_G._struthium,H._squamatum,S._viscosa,0,1,2,-1,natural,2025-07-19 17:28:093
Nurse_G._struthium,H._squamatum,C._hispanica,0,1,2,-1,natural,2025-07-19 17:28:093
Nurse_G._struthium,H._squamatum,Other_species,0,1,2,-1,natural,2025-07-19 17:28:093
Nurse_G._struthium,S._viscosa,C._hispanica,0,1,2,-1,natural,2025-07-19 17:28:093
Nurse_G._struthium,S._viscosa,Other_species,0,1,2,-1,natural,2025-07-19 17:28:093
Nurse_G._struthium,C._hispanica,Other_species,0,1,2,-1,natural,2025-07-19 17:28:093
H._squamatum,S._viscosa,C._hispanica,0,1,2,-1,natural,2025-07-19 17:28:093
H._squamatum,S._viscosa,Other_species,0,1,2,-1,natural,2025-07-19 17:28:093
H._squamatum,C._hispanica,Other_species,0,1,2,-1,natural,2025-07-19 17:28:093
S._viscosa,C._hispanica,Other_species,0,1,2,-1,natural,2025-07-19 17:28:093
Nurse_S._viscosa,Nurse_G._struthium,H._squamatum,0,1,2,-1,restoration,2025-07-19 17:28:083
Nurse_S._viscosa,Nurse_G._struthium,S._viscosa,0,1,2,-1,restoration,2025-07-19 17:28:083
Nurse_S._viscosa,Nurse_G._struthium,C._hispanica,0,1,2,-1,restoration,2025-07-19 17:28:083
Nurse_S._viscosa,Nurse_G._struthium,Other_species,0,1,2,-1,restoration,2025-07-19 17:28:083
Nurse_S._viscosa,H._squamatum,S._viscosa,0,1,2,-1,restoration,2025-07-19 17:28:083
Nurse_S._viscosa,H._squamatum,C._hispanica,0,1,2,-1,restoration,2025-07-19 17:28:083
Nurse_S._viscosa,H._squamatum,Other_species,0,1,2,-1,restoration,2025-07-19 17:28:083
Nurse_S._viscosa,S._viscosa,C._hispanica,0,1,2,-1,restoration,2025-07-19 17:28:083
Nurse_S._viscosa,S._viscosa,Other_species,0,1,2,-1,restoration,2025-07-19 17:28:083
Nurse_S._viscosa,C._hispanica,Other_species,0,1,2,-1,restoration,2025-07-19 17:28:083
Nurse_G._struthium,H._squamatum,S._viscosa,0,1,2,-1,restoration,2025-07-19 17:28:083
Nurse_G._struthium,H._squamatum,C._hispanica,0,1,2,-1,restoration,2025-07-19 17:28:083
Nurse_G._struthium,H._squamatum,Other_species,0,1,2,-1,restoration,2025-07-19 17:28:083
Nurse_G._struthium,S._viscosa,C._hispanica,0,1,2,-1,restoration,2025-07-19 17:28:083
Nurse_G._struthium,S._viscosa,Other_species,0,1,2,-1,restoration,2025-07-19 17:28:083
Nurse_G._struthium,C._hispanica,Other_species,0,1,2,-1,restoration,2025-07-19 17:28:083
H._squamatum,S._viscosa,C._hispanica,0,1,2,-1,restoration,2025-07-19 17:28:083
H._squamatum,S._viscosa,Other_species,0,1,2,-1,restoration,2025-07-19 17:28:083
H._squamatum,C._hispanica,Other_species,0,1,2,-1,restoration,2025-07-19 17:28:083
S._viscosa,C._hispanica,Other_species,0,1,2,-1,restoration,2025-07-19 17:28:083
Nurse_S._viscosa,Nurse_G._struthium,H._squamatum,0,1,2,-1,natural,2025-07-19 17:28:083
Nurse_S._viscosa,Nurse_G._struthium,S._viscosa,0,1,2,-1,natural,2025-07-19 17:28:083
Nurse_S._viscosa,Nurse_G._struthium,C._hispanica,0,1,2,-1,natural,2025-07-19 17:28:083
Nurse_S._viscosa,Nurse_G._struthium,Other_species,0,1,2,-1,natural,2025-07-19 17:28:083
Nurse_S._viscosa,H._squamatum,S._viscosa,0,1,2,-1,natural,2025-07-19 17:28:083
Nurse_S._viscosa,H._squamatum,C._hispanica,0,1,2,-1,natural,2025-07-19 17:28:083
Nurse_S._viscosa,H._squamatum,Other_species,0,1,2,-1,natural,2025-07-19 17:28:083
Nurse_S._viscosa,S._viscosa,C._hispanica,0,1,2,-1,natural,2025-07-19 17:28:083
Nurse_S._viscosa,S._viscosa,Other_species,0,1,2,-1,natural,2025-07-19 17:28:083
Nurse_S._viscosa,C._hispanica,Other_species,0,1,2,-1,natural,2025-07-19 17:28:083
Nurse_G._struthium,H._squamatum,S._viscosa,0,1,2,-1,natural,2025-07-19 17:28:083
Nurse_G._struthium,H._squamatum,C._hispanica,0,1,2,-1,natural,2025-07-19 17:28:083
Nurse_G._struthium,H._squamatum,Other_species,0,1,2,-1,natural,2025-07-19 17:28:083
Nurse_G._struthium,S._viscosa,C._hispanica,0,1,2,-1,natural,2025-07-19 17:28:083
Nurse_G._struthium,S._viscosa,Other_species,0,1,2,-1,natural,2025-07-19 17:28:083
Nurse_G._struthium,C._hispanica,Other_species,0,1,2,-1,natural,2025-07-19 17:28:083
H._squamatum,S._viscosa,C._hispanica,0,1,2,-1,natural,2025-07-19 17:28:083
H._squamatum,S._viscosa,Other_species,0,1,2,-1,natural,2025-07-19 17:28:083
H._squamatum,C._hispanica,Other_species,0,1,2,-1,natural,2025-07-19 17:28:083
S._viscosa,C._hispanica,Other_species,0,1,2,-1,natural,2025-07-19 17:28:083
Nurse_S._viscosa,Nurse_G._struthium,H._squamatum,0,1,2,-1,restoration,2025-07-19 17:28:083
Nurse_S._viscosa,Nurse_G._struthium,S._viscosa,0,1,2,-1,restoration,2025-07-19 17:28:083
Nurse_S._viscosa,Nurse_G._struthium,C._hispanica,0,1,2,-1,restoration,2025-07-19 17:28:083
Nurse_S._viscosa,Nurse_G._struthium,Other_species,0,1,2,-1,restoration,2025-07-19 17:28:083
Nurse_S._viscosa,H._squamatum,S._viscosa,0,1,2,-1,restoration,2025-07-19 17:28:083
Nurse_S._viscosa,H._squamatum,C._hispanica,0,1,2,-1,restoration,2025-07-19 17:28:083
Nurse_S._viscosa,H._squamatum,Other_species,0,1,2,-1,restoration,2025-07-19 17:28:083
Nurse_S._viscosa,S._viscosa,C._hispanica,0,1,2,-1,restoration,2025-07-19 17:28:083
Nurse_S._viscosa,S._viscosa,Other_species,0,1,2,-1,restoration,2025-07-19 17:28:083
Nurse_S._viscosa,C._hispanica,Other_species,0,1,2,-1,restoration,2025-07-19 17:28:083
Nurse_G._struthium,H._squamatum,S._viscosa,0,1,2,-1,restoration,2025-07-19 17:28:083
Nurse_G._struthium,H._squamatum,C._hispanica,0,1,2,-1,restoration,2025-07-19 17:28:083
Nurse_G._struthium,H._squamatum,Other_species,0,1,2,-1,restoration,2025-07-19 17:28:083
Nurse_G._struthium,S._viscosa,C._hispanica,0,1,2,-1,restoration,2025-07-19 17:28:083
Nurse_G._struthium,S._viscosa,Other_species,0,1,2,-1,restoration,2025-07-19 17:28:083
Nurse_G._struthium,C._hispanica,Other_species,0,1,2,-1,restoration,2025-07-19 17:28:083
H._squamatum,S._viscosa,C._hispanica,0,1,2,-1,restoration,2025-07-19 17:28:083
H._squamatum,S._viscosa,Other_species,0,1,2,-1,restoration,2025-07-19 17:28:083
H._squamatum,C._hispanica,Other_species,0,1,2,-1,restoration,2025-07-19 17:28:083
S._viscosa,C._hispanica,Other_species,0,1,2,-1,restoration,2025-07-19 17:28:083
Nurse_S._viscosa,Nurse_G._struthium,H._squamatum,0,1,2,-1,natural,2025-07-19 17:28:083
Nurse_S._viscosa,Nurse_G._struthium,S._viscosa,0,1,2,-1,natural,2025-07-19 17:28:083
Nurse_S._viscosa,Nurse_G._struthium,C._hispanica,0,1,2,-1,natural,2025-07-19 17:28:083
Nurse_S._viscosa,Nurse_G._struthium,Other_species,0,1,2,-1,natural,2025-07-19 17:28:083
Nurse_S._viscosa,H._squamatum,S._viscosa,0,1,2,-1,natural,2025-07-19 17:28:083
Nurse_S._viscosa,H._squamatum,C._hispanica,0,1,2,-1,natural,2025-07-19 17:28:083
Nurse_S._viscosa,H._squamatum,Other_species,0,1,2,-1,natural,2025-07-19 17:28:083
Nurse_S._viscosa,S._viscosa,C._hispanica,0,1,2,-1,natural,2025-07-19 17:28:083
Nurse_S._viscosa,S._viscosa,Other_species,0,1,2,-1,natural,2025-07-19 17:28:083
Nurse_S._viscosa,C._hispanica,Other_species,0,1,2,-1,natural,2025-07-19 17:28:083
Nurse_G._struthium,H._squamatum,S._viscosa,0,1,2,-1,natural,2025-07-19 17:28:083
Nurse_G._struthium,H._squamatum,C._hispanica,0,1,2,-1,natural,2025-07-19 17:28:083
Nurse_G._struthium,H._squamatum,Other_species,0,1,2,-1,natural,2025-07-19 17:28:083
Nurse_G._struthium,S._viscosa,C._hispanica,0,1,2,-1,natural,2025-07-19 17:28:083
Nurse_G._struthium,S._viscosa,Other_species,0,1,2,-1,natural,2025-07-19 17:28:083
Nurse_G._struthium,C._hispanica,Other_species,0,1,2,-1,natural,2025-07-19 17:28:083
H._squamatum,S._viscosa,C._hispanica,0,1,2,-1,natural,2025-07-19 17:28:083
H._squamatum,S._viscosa,Other_species,0,1,2,-1,natural,2025-07-19 17:28:083
H._squamatum,C._hispanica,Other_species,0,1,2,-1,natural,2025-07-19 17:28:083
S._viscosa,C._hispanica,Other_species,0,1,2,-1,natural,2025-07-19 17:28:083
Nurse_S._viscosa,Nurse_G._struthium,H._squamatum,0,1,2,-1,restoration,2025-07-19 17:28:083
Nurse_S._viscosa,Nurse_G._struthium,S._viscosa,0,1,2,-1,restoration,2025-07-19 17:28:083
Nurse_S._viscosa,Nurse_G._struthium,C._hispanica,0,1,2,-1,restoration,2025-07-19 17:28:083
Nurse_S._viscosa,Nurse_G._struthium,Other_species,0,1,2,-1,restoration,2025-07-19 17:28:083
Nurse_S._viscosa,H._squamatum,S._viscosa,0,1,2,-1,restoration,2025-07-19 17:28:083
Nurse_S._viscosa,H._squamatum,C._hispanica,0,1,2,-1,restoration,2025-07-19 17:28:083
Nurse_S._viscosa,H._squamatum,Other_species,0,1,2,-1,restoration,2025-07-19 17:28:083
Nurse_S._viscosa,S._viscosa,C._hispanica,0,1,2,-1,restoration,2025-07-19 17:28:083
Nurse_S._viscosa,S._viscosa,Other_species,0,1,2,-1,restoration,2025-07-19 17:28:083
Nurse_S._viscosa,C._hispanica,Other_species,0,1,2,-1,restoration,2025-07-19 17:28:083
Nurse_G._struthium,H._squamatum,S._viscosa,0,1,2,-1,restoration,2025-07-19 17:28:083
Nurse_G._struthium,H._squamatum,C._hispanica,0,1,2,-1,restoration,2025-07-19 17:28:083
Nurse_G._struthium,H._squamatum,Other_species,0,1,2,-1,restoration,2025-07-19 17:28:083
Nurse_G._struthium,S._viscosa,C._hispanica,0,1,2,-1,restoration,2025-07-19 17:28:083
Nurse_G._struthium,S._viscosa,Other_species,0,1,2,-1,restoration,2025-07-19 17:28:083
Nurse_G._struthium,C._hispanica,Other_species,0,1,2,-1,restoration,2025-07-19 17:28:083
H._squamatum,S._viscosa,C._hispanica,0,1,2,-1,restoration,2025-07-19 17:28:083
H._squamatum,S._viscosa,Other_species,0,1,2,-1,restoration,2025-07-19 17:28:083
H._squamatum,C._hispanica,Other_species,0,1,2,-1,restoration,2025-07-19 17:28:083
S._viscosa,C._hispanica,Other_species,0,1,2,-1,restoration,2025-07-19 17:28:083
Nurse_S._viscosa,Nurse_G._struthium,H._squamatum,0,1,2,-1,natural,2025-07-19 17:28:083
Nurse_S._viscosa,Nurse_G._struthium,S._viscosa,0,1,2,-1,natural,2025-07-19 17:28:083
Nurse_S._viscosa,Nurse_G._struthium,C._hispanica,0,1,2,-1,natural,2025-07-19 17:28:083
Nurse_S._viscosa,Nurse_G._struthium,Other_species,0,1,2,-1,natural,2025-07-19 17:28:083
Nurse_S._viscosa,H._squamatum,S._viscosa,0,1,2,-1,natural,2025-07-19 17:28:083
Nurse_S._viscosa,H._squamatum,C._hispanica,0,1,2,-1,natural,2025-07-19 17:28:083
Nurse_S._viscosa,H._squamatum,Other_species,0,1,2,-1,natural,2025-07-19 17:28:083
Nurse_S._viscosa,S._viscosa,C._hispanica,0,1,2,-1,natural,2025-07-19 17:28:083
Nurse_S._viscosa,S._viscosa,Other_species,0,1,2,-1,natural,2025-07-19 17:28:083
Nurse_S._viscosa,C._hispanica,Other_species,0,1,2,-1,natural,2025-07-19 17:28:083
Nurse_G._struthium,H._squamatum,S._viscosa,0,1,2,-1,natural,2025-07-19 17:28:083
Nurse_G._struthium,H._squamatum,C._hispanica,0,1,2,-1,natural,2025-07-19 17:28:083
Nurse_G._struthium,H._squamatum,Other_species,0,1,2,-1,natural,2025-07-19 17:28:083
Nurse_G._struthium,S._viscosa,C._hispanica,0,1,2,-1,natural,2025-07-19 17:28:083
Nurse_G._struthium,S._viscosa,Other_species,0,1,2,-1,natural,2025-07-19 17:28:083
Nurse_G._struthium,C._hispanica,Other_species,0,1,2,-1,natural,2025-07-19 17:28:083
H._squamatum,S._viscosa,C._hispanica,0,1,2,-1,natural,2025-07-19 17:28:083
H._squamatum,S._viscosa,Other_species,0,1,2,-1,natural,2025-07-19 17:28:083
H._squamatum,C._hispanica,Other_species,0,1,2,-1,natural,2025-07-19 17:28:083
S._viscosa,C._hispanica,Other_species,0,1,2,-1,natural,2025-07-19 17:28:083
Nurse_S._viscosa,Nurse_G._struthium,H._squamatum,0,1,2,-1,restoration,2025-07-19 17:28:073
Nurse_S._viscosa,Nurse_G._struthium,S._viscosa,0,1,2,-1,restoration,2025-07-19 17:28:073
Nurse_S._viscosa,Nurse_G._struthium,C._hispanica,0,1,2,-1,restoration,2025-07-19 17:28:073
Nurse_S._viscosa,Nurse_G._struthium,Other_species,0,1,2,-1,restoration,2025-07-19 17:28:073
Nurse_S._viscosa,H._squamatum,S._viscosa,0,1,2,-1,restoration,2025-07-19 17:28:073
Nurse_S._viscosa,H._squamatum,C._hispanica,0,1,2,-1,restoration,2025-07-19 17:28:073
Nurse_S._viscosa,H._squamatum,Other_species,0,1,2,-1,restoration,2025-07-19 17:28:073
Nurse_S._viscosa,S._viscosa,C._hispanica,0,1,2,-1,restoration,2025-07-19 17:28:073
Nurse_S._viscosa,S._viscosa,Other_species,0,1,2,-1,restoration,2025-07-19 17:28:073
Nurse_S._viscosa,C._hispanica,Other_species,0,1,2,-1,restoration,2025-07-19 17:28:073
Nurse_G._struthium,H._squamatum,S._viscosa,0,1,2,-1,restoration,2025-07-19 17:28:073
Nurse_G._struthium,H._squamatum,C._hispanica,0,1,2,-1,restoration,2025-07-19 17:28:073
Nurse_G._struthium,H._squamatum,Other_species,0,1,2,-1,restoration,2025-07-19 17:28:073
Nurse_G._struthium,S._viscosa,C._hispanica,0,1,2,-1,restoration,2025-07-19 17:28:073
Nurse_G._struthium,S._viscosa,Other_species,0,1,2,-1,restoration,2025-07-19 17:28:073
Nurse_G._struthium,C._hispanica,Other_species,0,1,2,-1,restoration,2025-07-19 17:28:073
H._squamatum,S._viscosa,C._hispanica,0,1,2,-1,restoration,2025-07-19 17:28:073
H._squamatum,S._viscosa,Other_species,0,1,2,-1,restoration,2025-07-19 17:28:073
H._squamatum,C._hispanica,Other_species,0,1,2,-1,restoration,2025-07-19 17:28:073
S._viscosa,C._hispanica,Other_species,0,1,2,-1,restoration,2025-07-19 17:28:073
Nurse_S._viscosa,Nurse_G._struthium,H._squamatum,0,1,2,-1,natural,2025-07-19 17:28:073
Nurse_S._viscosa,Nurse_G._struthium,S._viscosa,0,1,2,-1,natural,2025-07-19 17:28:073
Nurse_S._viscosa,Nurse_G._struthium,C._hispanica,0,1,2,-1,natural,2025-07-19 17:28:073
Nurse_S._viscosa,Nurse_G._struthium,Other_species,0,1,2,-1,natural,2025-07-19 17:28:073
Nurse_S._viscosa,H._squamatum,S._viscosa,0,1,2,-1,natural,2025-07-19 17:28:073
Nurse_S._viscosa,H._squamatum,C._hispanica,0,1,2,-1,natural,2025-07-19 17:28:073
Nurse_S._viscosa,H._squamatum,Other_species,0,1,2,-1,natural,2025-07-19 17:28:073
Nurse_S._viscosa,S._viscosa,C._hispanica,0,1,2,-1,natural,2025-07-19 17:28:073
Nurse_S._viscosa,S._viscosa,Other_species,0,1,2,-1,natural,2025-07-19 17:28:073
Nurse_S._viscosa,C._hispanica,Other_species,0,1,2,-1,natural,2025-07-19 17:28:073
Nurse_G._struthium,H._squamatum,S._viscosa,0,1,2,-1,natural,2025-07-19 17:28:073
Nurse_G._struthium,H._squamatum,C._hispanica,0,1,2,-1,natural,2025-07-19 17:28:073
Nurse_G._struthium,H._squamatum,Other_species,0,1,2,-1,natural,2025-07-19 17:28:073
Nurse_G._struthium,S._viscosa,C._hispanica,0,1,2,-1,natural,2025-07-19 17:28:073
Nurse_G._struthium,S._viscosa,Other_species,0,1,2,-1,natural,2025-07-19 17:28:073
Nurse_G._struthium,C._hispanica,Other_species,0,1,2,-1,natural,2025-07-19 17:28:073
H._squamatum,S._viscosa,C._hispanica,0,1,2,-1,natural,2025-07-19 17:28:073
H._squamatum,S._viscosa,Other_species,0,1,2,-1,natural,2025-07-19 17:28:073
H._squamatum,C._hispanica,Other_species,0,1,2,-1,natural,2025-07-19 17:28:073
S._viscosa,C._hispanica,Other_species,0,1,2,-1,natural,2025-07-19 17:28:073
Nurse_S._viscosa,Nurse_G._struthium,H._squamatum,0,1,2,-1,restoration,2025-07-19 17:28:073
Nurse_S._viscosa,Nurse_G._struthium,S._viscosa,0,1,2,-1,restoration,2025-07-19 17:28:073
Nurse_S._viscosa,Nurse_G._struthium,C._hispanica,0,1,2,-1,restoration,2025-07-19 17:28:073
Nurse_S._viscosa,Nurse_G._struthium,Other_species,0,1,2,-1,restoration,2025-07-19 17:28:073
Nurse_S._viscosa,H._squamatum,S._viscosa,0,1,2,-1,restoration,2025-07-19 17:28:073
Nurse_S._viscosa,H._squamatum,C._hispanica,0,1,2,-1,restoration,2025-07-19 17:28:073
Nurse_S._viscosa,H._squamatum,Other_species,0,1,2,-1,restoration,2025-07-19 17:28:073
Nurse_S._viscosa,S._viscosa,C._hispanica,0,1,2,-1,restoration,2025-07-19 17:28:073
Nurse_S._viscosa,S._viscosa,Other_species,0,1,2,-1,restoration,2025-07-19 17:28:073
Nurse_S._viscosa,C._hispanica,Other_species,0,1,2,-1,restoration,2025-07-19 17:28:073
Nurse_G._struthium,H._squamatum,S._viscosa,0,1,2,-1,restoration,2025-07-19 17:28:073
Nurse_G._struthium,H._squamatum,C._hispanica,0,1,2,-1,restoration,2025-07-19 17:28:073
Nurse_G._struthium,H._squamatum,Other_species,0,1,2,-1,restoration,2025-07-19 17:28:073
Nurse_G._struthium,S._viscosa,C._hispanica,0,1,2,-1,restoration,2025-07-19 17:28:073
Nurse_G._struthium,S._viscosa,Other_species,0,1,2,-1,restoration,2025-07-19 17:28:073
Nurse_G._struthium,C._hispanica,Other_species,0,1,2,-1,restoration,2025-07-19 17:28:073
H._squamatum,S._viscosa,C._hispanica,0,1,2,-1,restoration,2025-07-19 17:28:073
H._squamatum,S._viscosa,Other_species,0,1,2,-1,restoration,2025-07-19 17:28:073
H._squamatum,C._hispanica,Other_species,0,1,2,-1,restoration,2025-07-19 17:28:073
S._viscosa,C._hispanica,Other_species,0,1,2,-1,restoration,2025-07-19 17:28:073
Nurse_S._viscosa,Nurse_G._struthium,H._squamatum,0,1,2,-1,natural,2025-07-19 17:28:073
Nurse_S._viscosa,Nurse_G._struthium,S._viscosa,0,1,2,-1,natural,2025-07-19 17:28:073
Nurse_S._viscosa,Nurse_G._struthium,C._hispanica,0,1,2,-1,natural,2025-07-19 17:28:073
Nurse_S._viscosa,Nurse_G._struthium,Other_species,0,1,2,-1,natural,2025-07-19 17:28:073
Nurse_S._viscosa,H._squamatum,S._viscosa,0,1,2,-1,natural,2025-07-19 17:28:073
Nurse_S._viscosa,H._squamatum,C._hispanica,0,1,2,-1,natural,2025-07-19 17:28:073
Nurse_S._viscosa,H._squamatum,Other_species,0,1,2,-1,natural,2025-07-19 17:28:073
Nurse_S._viscosa,S._viscosa,C._hispanica,0,1,2,-1,natural,2025-07-19 17:28:073
Nurse_S._viscosa,S._viscosa,Other_species,0,1,2,-1,natural,2025-07-19 17:28:073
Nurse_S._viscosa,C._hispanica,Other_species,0,1,2,-1,natural,2025-07-19 17:28:073
Nurse_G._struthium,H._squamatum,S._viscosa,0,1,2,-1,natural,2025-07-19 17:28:073
Nurse_G._struthium,H._squamatum,C._hispanica,0,1,2,-1,natural,2025-07-19 17:28:073
Nurse_G._struthium,H._squamatum,Other_species,0,1,2,-1,natural,2025-07-19 17:28:073
Nurse_G._struthium,S._viscosa,C._hispanica,0,1,2,-1,natural,2025-07-19 17:28:073
Nurse_G._struthium,S._viscosa,Other_species,0,1,2,-1,natural,2025-07-19 17:28:073
Nurse_G._struthium,C._hispanica,Other_species,0,1,2,-1,natural,2025-07-19 17:28:073
H._squamatum,S._viscosa,C._hispanica,0,1,2,-1,natural,2025-07-19 17:28:073
H._squamatum,S._viscosa,Other_species,0,1,2,-1,natural,2025-07-19 17:28:073
H._squamatum,C._hispanica,Other_species,0,1,2,-1,natural,2025-07-19 17:28:073
S._viscosa,C._hispanica,Other_species,0,1,2,-1,natural,2025-07-19 17:28:073
Nurse_S._viscosa,Nurse_G._struthium,H._squamatum,0,1,2,-1,restoration,2025-07-19 17:28:063
Nurse_S._viscosa,Nurse_G._struthium,S._viscosa,0,1,2,-1,restoration,2025-07-19 17:28:063
Nurse_S._viscosa,Nurse_G._struthium,C._hispanica,0,1,2,-1,restoration,2025-07-19 17:28:063
Nurse_S._viscosa,Nurse_G._struthium,Other_species,0,1,2,-1,restoration,2025-07-19 17:28:063
Nurse_S._viscosa,H._squamatum,S._viscosa,0,1,2,-1,restoration,2025-07-19 17:28:063
Nurse_S._viscosa,H._squamatum,C._hispanica,0,1,2,-1,restoration,2025-07-19 17:28:063
Nurse_S._viscosa,H._squamatum,Other_species,0,1,2,-1,restoration,2025-07-19 17:28:063
Nurse_S._viscosa,S._viscosa,C._hispanica,0,1,2,-1,restoration,2025-07-19 17:28:063
Nurse_S._viscosa,S._viscosa,Other_species,0,1,2,-1,restoration,2025-07-19 17:28:063
Nurse_S._viscosa,C._hispanica,Other_species,0,1,2,-1,restoration,2025-07-19 17:28:063
Nurse_G._struthium,H._squamatum,S._viscosa,0,1,2,-1,restoration,2025-07-19 17:28:063
Nurse_G._struthium,H._squamatum,C._hispanica,0,1,2,-1,restoration,2025-07-19 17:28:063
Nurse_G._struthium,H._squamatum,Other_species,0,1,2,-1,restoration,2025-07-19 17:28:063
Nurse_G._struthium,S._viscosa,C._hispanica,0,1,2,-1,restoration,2025-07-19 17:28:063
Nurse_G._struthium,S._viscosa,Other_species,0,1,2,-1,restoration,2025-07-19 17:28:063
Nurse_G._struthium,C._hispanica,Other_species,0,1,2,-1,restoration,2025-07-19 17:28:063
H._squamatum,S._viscosa,C._hispanica,0,1,2,-1,restoration,2025-07-19 17:28:063
H._squamatum,S._viscosa,Other_species,0,1,2,-1,restoration,2025-07-19 17:28:063
H._squamatum,C._hispanica,Other_species,0,1,2,-1,restoration,2025-07-19 17:28:063
S._viscosa,C._hispanica,Other_species,0,1,2,-1,restoration,2025-07-19 17:28:063
Nurse_S._viscosa,Nurse_G._struthium,H._squamatum,0,1,2,-1,natural,2025-07-19 17:28:063
Nurse_S._viscosa,Nurse_G._struthium,S._viscosa,0,1,2,-1,natural,2025-07-19 17:28:063
Nurse_S._viscosa,Nurse_G._struthium,C._hispanica,0,1,2,-1,natural,2025-07-19 17:28:063
Nurse_S._viscosa,Nurse_G._struthium,Other_species,0,1,2,-1,natural,2025-07-19 17:28:063
Nurse_S._viscosa,H._squamatum,S._viscosa,0,1,2,-1,natural,2025-07-19 17:28:063
Nurse_S._viscosa,H._squamatum,C._hispanica,0,1,2,-1,natural,2025-07-19 17:28:063
Nurse_S._viscosa,H._squamatum,Other_species,0,1,2,-1,natural,2025-07-19 17:28:063
Nurse_S._viscosa,S._viscosa,C._hispanica,0,1,2,-1,natural,2025-07-19 17:28:063
Nurse_S._viscosa,S._viscosa,Other_species,0,1,2,-1,natural,2025-07-19 17:28:063
Nurse_S._viscosa,C._hispanica,Other_species,0,1,2,-1,natural,2025-07-19 17:28:063
Nurse_G._struthium,H._squamatum,S._viscosa,0,1,2,-1,natural,2025-07-19 17:28:063
Nurse_G._struthium,H._squamatum,C._hispanica,0,1,2,-1,natural,2025-07-19 17:28:063
Nurse_G._struthium,H._squamatum,Other_species,0,1,2,-1,natural,2025-07-19 17:28:063
Nurse_G._struthium,S._viscosa,C._hispanica,0,1,2,-1,natural,2025-07-19 17:28:063
Nurse_G._struthium,S._viscosa,Other_species,0,1,2,-1,natural,2025-07-19 17:28:063
Nurse_G._struthium,C._hispanica,Other_species,0,1,2,-1,natural,2025-07-19 17:28:063
H._squamatum,S._viscosa,C._hispanica,0,1,2,-1,natural,2025-07-19 17:28:063
H._squamatum,S._viscosa,Other_species,0,1,2,-1,natural,2025-07-19 17:28:063
H._squamatum,C._hispanica,Other_species,0,1,2,-1,natural,2025-07-19 17:28:063
S._viscosa,C._hispanica,Other_species,0,1,2,-1,natural,2025-07-19 17:28:063
Nurse_S._viscosa,Nurse_G._struthium,H._squamatum,0,1,2,-1,restoration,2025-07-19 17:28:063
Nurse_S._viscosa,Nurse_G._struthium,S._viscosa,0,1,2,-1,restoration,2025-07-19 17:28:063
Nurse_S._viscosa,Nurse_G._struthium,C._hispanica,0,1,2,-1,restoration,2025-07-19 17:28:063
Nurse_S._viscosa,Nurse_G._struthium,Other_species,0,1,2,-1,restoration,2025-07-19 17:28:063
Nurse_S._viscosa,H._squamatum,S._viscosa,0,1,2,-1,restoration,2025-07-19 17:28:063
Nurse_S._viscosa,H._squamatum,C._hispanica,0,1,2,-1,restoration,2025-07-19 17:28:063
Nurse_S._viscosa,H._squamatum,Other_species,0,1,2,-1,restoration,2025-07-19 17:28:063
Nurse_S._viscosa,S._viscosa,C._hispanica,0,1,2,-1,restoration,2025-07-19 17:28:063
Nurse_S._viscosa,S._viscosa,Other_species,0,1,2,-1,restoration,2025-07-19 17:28:063
Nurse_S._viscosa,C._hispanica,Other_species,0,1,2,-1,restoration,2025-07-19 17:28:063
Nurse_G._struthium,H._squamatum,S._viscosa,0,1,2,-1,restoration,2025-07-19 17:28:063
Nurse_G._struthium,H._squamatum,C._hispanica,0,1,2,-1,restoration,2025-07-19 17:28:063
Nurse_G._struthium,H._squamatum,Other_species,0,1,2,-1,restoration,2025-07-19 17:28:063
Nurse_G._struthium,S._viscosa,C._hispanica,0,1,2,-1,restoration,2025-07-19 17:28:063
Nurse_G._struthium,S._viscosa,Other_species,0,1,2,-1,restoration,2025-07-19 17:28:063
Nurse_G._struthium,C._hispanica,Other_species,0,1,2,-1,restoration,2025-07-19 17:28:063
H._squamatum,S._viscosa,C._hispanica,0,1,2,-1,restoration,2025-07-19 17:28:063
H._squamatum,S._viscosa,Other_species,0,1,2,-1,restoration,2025-07-19 17:28:063
H._squamatum,C._hispanica,Other_species,0,1,2,-1,restoration,2025-07-19 17:28:063
S._viscosa,C._hispanica,Other_species,0,1,2,-1,restoration,2025-07-19 17:28:063
Nurse_S._viscosa,Nurse_G._struthium,H._squamatum,0,1,2,-1,natural,2025-07-19 17:28:063
Nurse_S._viscosa,Nurse_G._struthium,S._viscosa,0,1,2,-1,natural,2025-07-19 17:28:063
Nurse_S._viscosa,Nurse_G._struthium,C._hispanica,0,1,2,-1,natural,2025-07-19 17:28:063
Nurse_S._viscosa,Nurse_G._struthium,Other_species,0,1,2,-1,natural,2025-07-19 17:28:063
Nurse_S._viscosa,H._squamatum,S._viscosa,0,1,2,-1,natural,2025-07-19 17:28:063
Nurse_S._viscosa,H._squamatum,C._hispanica,0,1,2,-1,natural,2025-07-19 17:28:063
Nurse_S._viscosa,H._squamatum,Other_species,0,1,2,-1,natural,2025-07-19 17:28:063
Nurse_S._viscosa,S._viscosa,C._hispanica,0,1,2,-1,natural,2025-07-19 17:28:063
Nurse_S._viscosa,S._viscosa,Other_species,0,1,2,-1,natural,2025-07-19 17:28:063
Nurse_S._viscosa,C._hispanica,Other_species,0,1,2,-1,natural,2025-07-19 17:28:063
Nurse_G._struthium,H._squamatum,S._viscosa,0,1,2,-1,natural,2025-07-19 17:28:063
Nurse_G._struthium,H._squamatum,C._hispanica,0,1,2,-1,natural,2025-07-19 17:28:063
Nurse_G._struthium,H._squamatum,Other_species,0,1,2,-1,natural,2025-07-19 17:28:063
Nurse_G._struthium,S._viscosa,C._hispanica,0,1,2,-1,natural,2025-07-19 17:28:063
Nurse_G._struthium,S._viscosa,Other_species,0,1,2,-1,natural,2025-07-19 17:28:063
Nurse_G._struthium,C._hispanica,Other_species,0,1,2,-1,natural,2025-07-19 17:28:063
H._squamatum,S._viscosa,C._hispanica,0,1,2,-1,natural,2025-07-19 17:28:063
H._squamatum,S._viscosa,Other_species,0,1,2,-1,natural,2025-07-19 17:28:063
H._squamatum,C._hispanica,Other_species,0,1,2,-1,natural,2025-07-19 17:28:063
S._viscosa,C._hispanica,Other_species,0,1,2,-1,natural,2025-07-19 17:28:063
Nurse_S._viscosa,Nurse_G._struthium,H._squamatum,0,1,2,-1,restoration,2025-07-19 17:28:063
Nurse_S._viscosa,Nurse_G._struthium,S._viscosa,0,1,2,-1,restoration,2025-07-19 17:28:063
Nurse_S._viscosa,Nurse_G._struthium,C._hispanica,0,1,2,-1,restoration,2025-07-19 17:28:063
Nurse_S._viscosa,Nurse_G._struthium,Other_species,0,1,2,-1,restoration,2025-07-19 17:28:063
Nurse_S._viscosa,H._squamatum,S._viscosa,0,1,2,-1,restoration,2025-07-19 17:28:063
Nurse_S._viscosa,H._squamatum,C._hispanica,0,1,2,-1,restoration,2025-07-19 17:28:063
Nurse_S._viscosa,H._squamatum,Other_species,0,1,2,-1,restoration,2025-07-19 17:28:063
Nurse_S._viscosa,S._viscosa,C._hispanica,0,1,2,-1,restoration,2025-07-19 17:28:063
Nurse_S._viscosa,S._viscosa,Other_species,0,1,2,-1,restoration,2025-07-19 17:28:063
Nurse_S._viscosa,C._hispanica,Other_species,0,1,2,-1,restoration,2025-07-19 17:28:063
Nurse_G._struthium,H._squamatum,S._viscosa,0,1,2,-1,restoration,2025-07-19 17:28:063
Nurse_G._struthium,H._squamatum,C._hispanica,0,1,2,-1,restoration,2025-07-19 17:28:063
Nurse_G._struthium,H._squamatum,Other_species,0,1,2,-1,restoration,2025-07-19 17:28:063
Nurse_G._struthium,S._viscosa,C._hispanica,0,1,2,-1,restoration,2025-07-19 17:28:063
Nurse_G._struthium,S._viscosa,Other_species,0,1,2,-1,restoration,2025-07-19 17:28:063
Nurse_G._struthium,C._hispanica,Other_species,0,1,2,-1,restoration,2025-07-19 17:28:063
H._squamatum,S._viscosa,C._hispanica,0,1,2,-1,restoration,2025-07-19 17:28:063
H._squamatum,S._viscosa,Other_species,0,1,2,-1,restoration,2025-07-19 17:28:063
H._squamatum,C._hispanica,Other_species,0,1,2,-1,restoration,2025-07-19 17:28:063
S._viscosa,C._hispanica,Other_species,0,1,2,-1,restoration,2025-07-19 17:28:063
Nurse_S._viscosa,Nurse_G._struthium,H._squamatum,0,1,2,-1,natural,2025-07-19 17:28:063
Nurse_S._viscosa,Nurse_G._struthium,S._viscosa,0,1,2,-1,natural,2025-07-19 17:28:063
Nurse_S._viscosa,Nurse_G._struthium,C._hispanica,0,1,2,-1,natural,2025-07-19 17:28:063
Nurse_S._viscosa,Nurse_G._struthium,Other_species,0,1,2,-1,natural,2025-07-19 17:28:063
Nurse_S._viscosa,H._squamatum,S._viscosa,0,1,2,-1,natural,2025-07-19 17:28:063
Nurse_S._viscosa,H._squamatum,C._hispanica,0,1,2,-1,natural,2025-07-19 17:28:063
Nurse_S._viscosa,H._squamatum,Other_species,0,1,2,-1,natural,2025-07-19 17:28:063
Nurse_S._viscosa,S._viscosa,C._hispanica,0,1,2,-1,natural,2025-07-19 17:28:063
Nurse_S._viscosa,S._viscosa,Other_species,0,1,2,-1,natural,2025-07-19 17:28:063
Nurse_S._viscosa,C._hispanica,Other_species,0,1,2,-1,natural,2025-07-19 17:28:063
Nurse_G._struthium,H._squamatum,S._viscosa,0,1,2,-1,natural,2025-07-19 17:28:063
Nurse_G._struthium,H._squamatum,C._hispanica,0,1,2,-1,natural,2025-07-19 17:28:063
Nurse_G._struthium,H._squamatum,Other_species,0,1,2,-1,natural,2025-07-19 17:28:063
Nurse_G._struthium,S._viscosa,C._hispanica,0,1,2,-1,natural,2025-07-19 17:28:063
Nurse_G._struthium,S._viscosa,Other_species,0,1,2,-1,natural,2025-07-19 17:28:063
Nurse_G._struthium,C._hispanica,Other_species,0,1,2,-1,natural,2025-07-19 17:28:063
H._squamatum,S._viscosa,C._hispanica,0,1,2,-1,natural,2025-07-19 17:28:063
H._squamatum,S._viscosa,Other_species,0,1,2,-1,natural,2025-07-19 17:28:063
H._squamatum,C._hispanica,Other_species,0,1,2,-1,natural,2025-07-19 17:28:063
S._viscosa,C._hispanica,Other_species,0,1,2,-1,natural,2025-07-19 17:28:063
Nurse_S._viscosa,Nurse_G._struthium,H._squamatum,0,1,2,-1,restoration,2025-07-19 17:28:053
Nurse_S._viscosa,Nurse_G._struthium,S._viscosa,0,1,2,-1,restoration,2025-07-19 17:28:053
Nurse_S._viscosa,Nurse_G._struthium,C._hispanica,0,1,2,-1,restoration,2025-07-19 17:28:053
Nurse_S._viscosa,Nurse_G._struthium,Other_species,0,1,2,-1,restoration,2025-07-19 17:28:053
Nurse_S._viscosa,H._squamatum,S._viscosa,0,1,2,-1,restoration,2025-07-19 17:28:053
Nurse_S._viscosa,H._squamatum,C._hispanica,0,1,2,-1,restoration,2025-07-19 17:28:053
Nurse_S._viscosa,H._squamatum,Other_species,0,1,2,-1,restoration,2025-07-19 17:28:053
Nurse_S._viscosa,S._viscosa,C._hispanica,0,1,2,-1,restoration,2025-07-19 17:28:053
Nurse_S._viscosa,S._viscosa,Other_species,0,1,2,-1,restoration,2025-07-19 17:28:053
Nurse_S._viscosa,C._hispanica,Other_species,0,1,2,-1,restoration,2025-07-19 17:28:053
Nurse_G._struthium,H._squamatum,S._viscosa,0,1,2,-1,restoration,2025-07-19 17:28:053
Nurse_G._struthium,H._squamatum,C._hispanica,0,1,2,-1,restoration,2025-07-19 17:28:053
Nurse_G._struthium,H._squamatum,Other_species,0,1,2,-1,restoration,2025-07-19 17:28:053
Nurse_G._struthium,S._viscosa,C._hispanica,0,1,2,-1,restoration,2025-07-19 17:28:053
Nurse_G._struthium,S._viscosa,Other_species,0,1,2,-1,restoration,2025-07-19 17:28:053
Nurse_G._struthium,C._hispanica,Other_species,0,1,2,-1,restoration,2025-07-19 17:28:053
H._squamatum,S._viscosa,C._hispanica,0,1,2,-1,restoration,2025-07-19 17:28:053
H._squamatum,S._viscosa,Other_species,0,1,2,-1,restoration,2025-07-19 17:28:053
H._squamatum,C._hispanica,Other_species,0,1,2,-1,restoration,2025-07-19 17:28:053
S._viscosa,C._hispanica,Other_species,0,1,2,-1,restoration,2025-07-19 17:28:053
Nurse_S._viscosa,Nurse_G._struthium,H._squamatum,0,1,2,-1,natural,2025-07-19 17:28:053
Nurse_S._viscosa,Nurse_G._struthium,S._viscosa,0,1,2,-1,natural,2025-07-19 17:28:053
Nurse_S._viscosa,Nurse_G._struthium,C._hispanica,0,1,2,-1,natural,2025-07-19 17:28:053
Nurse_S._viscosa,Nurse_G._struthium,Other_species,0,1,2,-1,natural,2025-07-19 17:28:053
Nurse_S._viscosa,H._squamatum,S._viscosa,0,1,2,-1,natural,2025-07-19 17:28:053
Nurse_S._viscosa,H._squamatum,C._hispanica,0,1,2,-1,natural,2025-07-19 17:28:053
Nurse_S._viscosa,H._squamatum,Other_species,0,1,2,-1,natural,2025-07-19 17:28:053
Nurse_S._viscosa,S._viscosa,C._hispanica,0,1,2,-1,natural,2025-07-19 17:28:053
Nurse_S._viscosa,S._viscosa,Other_species,0,1,2,-1,natural,2025-07-19 17:28:053
Nurse_S._viscosa,C._hispanica,Other_species,0,1,2,-1,natural,2025-07-19 17:28:053
Nurse_G._struthium,H._squamatum,S._viscosa,0,1,2,-1,natural,2025-07-19 17:28:053
Nurse_G._struthium,H._squamatum,C._hispanica,0,1,2,-1,natural,2025-07-19 17:28:053
Nurse_G._struthium,H._squamatum,Other_species,0,1,2,-1,natural,2025-07-19 17:28:053
Nurse_G._struthium,S._viscosa,C._hispanica,0,1,2,-1,natural,2025-07-19 17:28:053
Nurse_G._struthium,S._viscosa,Other_species,0,1,2,-1,natural,2025-07-19 17:28:053
Nurse_G._struthium,C._hispanica,Other_species,0,1,2,-1,natural,2025-07-19 17:28:053
H._squamatum,S._viscosa,C._hispanica,0,1,2,-1,natural,2025-07-19 17:28:053
H._squamatum,S._viscosa,Other_species,0,1,2,-1,natural,2025-07-19 17:28:053
H._squamatum,C._hispanica,Other_species,0,1,2,-1,natural,2025-07-19 17:28:053
S._viscosa,C._hispanica,Other_species,0,1,2,-1,natural,2025-07-19 17:28:053
Nurse_S._viscosa,Nurse_G._struthium,H._squamatum,0,1,2,-1,restoration,2025-07-19 17:28:053
Nurse_S._viscosa,Nurse_G._struthium,S._viscosa,0,1,2,-1,restoration,2025-07-19 17:28:053
Nurse_S._viscosa,Nurse_G._struthium,C._hispanica,0,1,2,-1,restoration,2025-07-19 17:28:053
Nurse_S._viscosa,Nurse_G._struthium,Other_species,0,1,2,-1,restoration,2025-07-19 17:28:053
Nurse_S._viscosa,H._squamatum,S._viscosa,0,1,2,-1,restoration,2025-07-19 17:28:053
Nurse_S._viscosa,H._squamatum,C._hispanica,0,1,2,-1,restoration,2025-07-19 17:28:053
Nurse_S._viscosa,H._squamatum,Other_species,0,1,2,-1,restoration,2025-07-19 17:28:053
Nurse_S._viscosa,S._viscosa,C._hispanica,0,1,2,-1,restoration,2025-07-19 17:28:053
Nurse_S._viscosa,S._viscosa,Other_species,0,1,2,-1,restoration,2025-07-19 17:28:053
Nurse_S._viscosa,C._hispanica,Other_species,0,1,2,-1,restoration,2025-07-19 17:28:053
Nurse_G._struthium,H._squamatum,S._viscosa,0,1,2,-1,restoration,2025-07-19 17:28:053
Nurse_G._struthium,H._squamatum,C._hispanica,0,1,2,-1,restoration,2025-07-19 17:28:053
Nurse_G._struthium,H._squamatum,Other_species,0,1,2,-1,restoration,2025-07-19 17:28:053
Nurse_G._struthium,S._viscosa,C._hispanica,0,1,2,-1,restoration,2025-07-19 17:28:053
Nurse_G._struthium,S._viscosa,Other_species,0,1,2,-1,restoration,2025-07-19 17:28:053
Nurse_G._struthium,C._hispanica,Other_species,0,1,2,-1,restoration,2025-07-19 17:28:053
H._squamatum,S._viscosa,C._hispanica,0,1,2,-1,restoration,2025-07-19 17:28:053
H._squamatum,S._viscosa,Other_species,0,1,2,-1,restoration,2025-07-19 17:28:053
H._squamatum,C._hispanica,Other_species,0,1,2,-1,restoration,2025-07-19 17:28:053
S._viscosa,C._hispanica,Other_species,0,1,2,-1,restoration,2025-07-19 17:28:053
Nurse_S._viscosa,Nurse_G._struthium,H._squamatum,0,1,2,-1,natural,2025-07-19 17:28:053
Nurse_S._viscosa,Nurse_G._struthium,S._viscosa,0,1,2,-1,natural,2025-07-19 17:28:053
Nurse_S._viscosa,Nurse_G._struthium,C._hispanica,0,1,2,-1,natural,2025-07-19 17:28:053
Nurse_S._viscosa,Nurse_G._struthium,Other_species,0,1,2,-1,natural,2025-07-19 17:28:053
Nurse_S._viscosa,H._squamatum,S._viscosa,0,1,2,-1,natural,2025-07-19 17:28:053
Nurse_S._viscosa,H._squamatum,C._hispanica,0,1,2,-1,natural,2025-07-19 17:28:053
Nurse_S._viscosa,H._squamatum,Other_species,0,1,2,-1,natural,2025-07-19 17:28:053
Nurse_S._viscosa,S._viscosa,C._hispanica,0,1,2,-1,natural,2025-07-19 17:28:053
Nurse_S._viscosa,S._viscosa,Other_species,0,1,2,-1,natural,2025-07-19 17:28:053
Nurse_S._viscosa,C._hispanica,Other_species,0,1,2,-1,natural,2025-07-19 17:28:053
Nurse_G._struthium,H._squamatum,S._viscosa,0,1,2,-1,natural,2025-07-19 17:28:053
Nurse_G._struthium,H._squamatum,C._hispanica,0,1,2,-1,natural,2025-07-19 17:28:053
Nurse_G._struthium,H._squamatum,Other_species,0,1,2,-1,natural,2025-07-19 17:28:053
Nurse_G._struthium,S._viscosa,C._hispanica,0,1,2,-1,natural,2025-07-19 17:28:053
Nurse_G._struthium,S._viscosa,Other_species,0,1,2,-1,natural,2025-07-19 17:28:053
Nurse_G._struthium,C._hispanica,Other_species,0,1,2,-1,natural,2025-07-19 17:28:053
H._squamatum,S._viscosa,C._hispanica,0,1,2,-1,natural,2025-07-19 17:28:053
H._squamatum,S._viscosa,Other_species,0,1,2,-1,natural,2025-07-19 17:28:053
H._squamatum,C._hispanica,Other_species,0,1,2,-1,natural,2025-07-19 17:28:053
S._viscosa,C._hispanica,Other_species,0,1,2,-1,natural,2025-07-19 17:28:053
Nurse_S._viscosa,Nurse_G._struthium,H._squamatum,0,1,2,-1,restoration,2025-07-19 17:28:043
Nurse_S._viscosa,Nurse_G._struthium,S._viscosa,0,1,2,-1,restoration,2025-07-19 17:28:043
Nurse_S._viscosa,Nurse_G._struthium,C._hispanica,0,1,2,-1,restoration,2025-07-19 17:28:043
Nurse_S._viscosa,Nurse_G._struthium,Other_species,0,1,2,-1,restoration,2025-07-19 17:28:043
Nurse_S._viscosa,H._squamatum,S._viscosa,0,1,2,-1,restoration,2025-07-19 17:28:043
Nurse_S._viscosa,H._squamatum,C._hispanica,0,1,2,-1,restoration,2025-07-19 17:28:043
Nurse_S._viscosa,H._squamatum,Other_species,0,1,2,-1,restoration,2025-07-19 17:28:043
Nurse_S._viscosa,S._viscosa,C._hispanica,0,1,2,-1,restoration,2025-07-19 17:28:043
Nurse_S._viscosa,S._viscosa,Other_species,0,1,2,-1,restoration,2025-07-19 17:28:043
Nurse_S._viscosa,C._hispanica,Other_species,0,1,2,-1,restoration,2025-07-19 17:28:043
Nurse_G._struthium,H._squamatum,S._viscosa,0,1,2,-1,restoration,2025-07-19 17:28:043
Nurse_G._struthium,H._squamatum,C._hispanica,0,1,2,-1,restoration,2025-07-19 17:28:043
Nurse_G._struthium,H._squamatum,Other_species,0,1,2,-1,restoration,2025-07-19 17:28:043
Nurse_G._struthium,S._viscosa,C._hispanica,0,1,2,-1,restoration,2025-07-19 17:28:043
Nurse_G._struthium,S._viscosa,Other_species,0,1,2,-1,restoration,2025-07-19 17:28:043
Nurse_G._struthium,C._hispanica,Other_species,0,1,2,-1,restoration,2025-07-19 17:28:043
H._squamatum,S._viscosa,C._hispanica,0,1,2,-1,restoration,2025-07-19 17:28:043
H._squamatum,S._viscosa,Other_species,0,1,2,-1,restoration,2025-07-19 17:28:043
H._squamatum,C._hispanica,Other_species,0,1,2,-1,restoration,2025-07-19 17:28:043
S._viscosa,C._hispanica,Other_species,0,1,2,-1,restoration,2025-07-19 17:28:043
Nurse_S._viscosa,Nurse_G._struthium,H._squamatum,0,1,2,-1,natural,2025-07-19 17:28:043
Nurse_S._viscosa,Nurse_G._struthium,S._viscosa,0,1,2,-1,natural,2025-07-19 17:28:043
Nurse_S._viscosa,Nurse_G._struthium,C._hispanica,0,1,2,-1,natural,2025-07-19 17:28:043
Nurse_S._viscosa,Nurse_G._struthium,Other_species,0,1,2,-1,natural,2025-07-19 17:28:043
Nurse_S._viscosa,H._squamatum,S._viscosa,0,1,2,-1,natural,2025-07-19 17:28:043
Nurse_S._viscosa,H._squamatum,C._hispanica,0,1,2,-1,natural,2025-07-19 17:28:043
Nurse_S._viscosa,H._squamatum,Other_species,0,1,2,-1,natural,2025-07-19 17:28:043
Nurse_S._viscosa,S._viscosa,C._hispanica,0,1,2,-1,natural,2025-07-19 17:28:043
Nurse_S._viscosa,S._viscosa,Other_species,0,1,2,-1,natural,2025-07-19 17:28:043
Nurse_S._viscosa,C._hispanica,Other_species,0,1,2,-1,natural,2025-07-19 17:28:043
Nurse_G._struthium,H._squamatum,S._viscosa,0,1,2,-1,natural,2025-07-19 17:28:043
Nurse_G._struthium,H._squamatum,C._hispanica,0,1,2,-1,natural,2025-07-19 17:28:043
Nurse_G._struthium,H._squamatum,Other_species,0,1,2,-1,natural,2025-07-19 17:28:043
Nurse_G._struthium,S._viscosa,C._hispanica,0,1,2,-1,natural,2025-07-19 17:28:043
Nurse_G._struthium,S._viscosa,Other_species,0,1,2,-1,natural,2025-07-19 17:28:043
Nurse_G._struthium,C._hispanica,Other_species,0,1,2,-1,natural,2025-07-19 17:28:043
H._squamatum,S._viscosa,C._hispanica,0,1,2,-1,natural,2025-07-19 17:28:043
H._squamatum,S._viscosa,Other_species,0,1,2,-1,natural,2025-07-19 17:28:043
H._squamatum,C._hispanica,Other_species,0,1,2,-1,natural,2025-07-19 17:28:043
S._viscosa,C._hispanica,Other_species,0,1,2,-1,natural,2025-07-19 17:28:043
Nurse_S._viscosa,Nurse_G._struthium,H._squamatum,0,1,2,-1,restoration,2025-07-19 17:28:043
Nurse_S._viscosa,Nurse_G._struthium,S._viscosa,0,1,2,-1,restoration,2025-07-19 17:28:043
Nurse_S._viscosa,Nurse_G._struthium,C._hispanica,0,1,2,-1,restoration,2025-07-19 17:28:043
Nurse_S._viscosa,Nurse_G._struthium,Other_species,0,1,2,-1,restoration,2025-07-19 17:28:043
Nurse_S._viscosa,H._squamatum,S._viscosa,0,1,2,-1,restoration,2025-07-19 17:28:043
Nurse_S._viscosa,H._squamatum,C._hispanica,0,1,2,-1,restoration,2025-07-19 17:28:043
Nurse_S._viscosa,H._squamatum,Other_species,0,1,2,-1,restoration,2025-07-19 17:28:043
Nurse_S._viscosa,S._viscosa,C._hispanica,0,1,2,-1,restoration,2025-07-19 17:28:043
Nurse_S._viscosa,S._viscosa,Other_species,0,1,2,-1,restoration,2025-07-19 17:28:043
Nurse_S._viscosa,C._hispanica,Other_species,0,1,2,-1,restoration,2025-07-19 17:28:043
Nurse_G._struthium,H._squamatum,S._viscosa,0,1,2,-1,restoration,2025-07-19 17:28:043
Nurse_G._struthium,H._squamatum,C._hispanica,0,1,2,-1,restoration,2025-07-19 17:28:043
Nurse_G._struthium,H._squamatum,Other_species,0,1,2,-1,restoration,2025-07-19 17:28:043
Nurse_G._struthium,S._viscosa,C._hispanica,0,1,2,-1,restoration,2025-07-19 17:28:043
Nurse_G._struthium,S._viscosa,Other_species,0,1,2,-1,restoration,2025-07-19 17:28:043
Nurse_G._struthium,C._hispanica,Other_species,0,1,2,-1,restoration,2025-07-19 17:28:043
H._squamatum,S._viscosa,C._hispanica,0,1,2,-1,restoration,2025-07-19 17:28:043
H._squamatum,S._viscosa,Other_species,0,1,2,-1,restoration,2025-07-19 17:28:043
H._squamatum,C._hispanica,Other_species,0,1,2,-1,restoration,2025-07-19 17:28:043
S._viscosa,C._hispanica,Other_species,0,1,2,-1,restoration,2025-07-19 17:28:043
Nurse_S._viscosa,Nurse_G._struthium,H._squamatum,0,1,2,-1,natural,2025-07-19 17:28:043
Nurse_S._viscosa,Nurse_G._struthium,S._viscosa,0,1,2,-1,natural,2025-07-19 17:28:043
Nurse_S._viscosa,Nurse_G._struthium,C._hispanica,0,1,2,-1,natural,2025-07-19 17:28:043
Nurse_S._viscosa,Nurse_G._struthium,Other_species,0,1,2,-1,natural,2025-07-19 17:28:043
Nurse_S._viscosa,H._squamatum,S._viscosa,0,1,2,-1,natural,2025-07-19 17:28:043
Nurse_S._viscosa,H._squamatum,C._hispanica,0,1,2,-1,natural,2025-07-19 17:28:043
Nurse_S._viscosa,H._squamatum,Other_species,0,1,2,-1,natural,2025-07-19 17:28:043
Nurse_S._viscosa,S._viscosa,C._hispanica,0,1,2,-1,natural,2025-07-19 17:28:043
Nurse_S._viscosa,S._viscosa,Other_species,0,1,2,-1,natural,2025-07-19 17:28:043
Nurse_S._viscosa,C._hispanica,Other_species,0,1,2,-1,natural,2025-07-19 17:28:043
Nurse_G._struthium,H._squamatum,S._viscosa,0,1,2,-1,natural,2025-07-19 17:28:043
Nurse_G._struthium,H._squamatum,C._hispanica,0,1,2,-1,natural,2025-07-19 17:28:043
Nurse_G._struthium,H._squamatum,Other_species,0,1,2,-1,natural,2025-07-19 17:28:043
Nurse_G._struthium,S._viscosa,C._hispanica,0,1,2,-1,natural,2025-07-19 17:28:043
Nurse_G._struthium,S._viscosa,Other_species,0,1,2,-1,natural,2025-07-19 17:28:043
Nurse_G._struthium,C._hispanica,Other_species,0,1,2,-1,natural,2025-07-19 17:28:043
H._squamatum,S._viscosa,C._hispanica,0,1,2,-1,natural,2025-07-19 17:28:043
H._squamatum,S._viscosa,Other_species,0,1,2,-1,natural,2025-07-19 17:28:043
H._squamatum,C._hispanica,Other_species,0,1,2,-1,natural,2025-07-19 17:28:043
S._viscosa,C._hispanica,Other_species,0,1,2,-1,natural,2025-07-19 17:28:043
Nurse_S._viscosa,Nurse_G._struthium,H._squamatum,0,1,2,-1,restoration,2025-07-19 17:28:033
Nurse_S._viscosa,Nurse_G._struthium,S._viscosa,0,1,2,-1,restoration,2025-07-19 17:28:033
Nurse_S._viscosa,Nurse_G._struthium,C._hispanica,0,1,2,-1,restoration,2025-07-19 17:28:033
Nurse_S._viscosa,Nurse_G._struthium,Other_species,0,1,2,-1,restoration,2025-07-19 17:28:033
Nurse_S._viscosa,H._squamatum,S._viscosa,0,1,2,-1,restoration,2025-07-19 17:28:033
Nurse_S._viscosa,H._squamatum,C._hispanica,0,1,2,-1,restoration,2025-07-19 17:28:033
Nurse_S._viscosa,H._squamatum,Other_species,0,1,2,-1,restoration,2025-07-19 17:28:033
Nurse_S._viscosa,S._viscosa,C._hispanica,0,1,2,-1,restoration,2025-07-19 17:28:033
Nurse_S._viscosa,S._viscosa,Other_species,0,1,2,-1,restoration,2025-07-19 17:28:033
Nurse_S._viscosa,C._hispanica,Other_species,0,1,2,-1,restoration,2025-07-19 17:28:033
Nurse_G._struthium,H._squamatum,S._viscosa,0,1,2,-1,restoration,2025-07-19 17:28:033
Nurse_G._struthium,H._squamatum,C._hispanica,0,1,2,-1,restoration,2025-07-19 17:28:033
Nurse_G._struthium,H._squamatum,Other_species,0,1,2,-1,restoration,2025-07-19 17:28:033
Nurse_G._struthium,S._viscosa,C._hispanica,0,1,2,-1,restoration,2025-07-19 17:28:033
Nurse_G._struthium,S._viscosa,Other_species,0,1,2,-1,restoration,2025-07-19 17:28:033
Nurse_G._struthium,C._hispanica,Other_species,0,1,2,-1,restoration,2025-07-19 17:28:033
H._squamatum,S._viscosa,C._hispanica,0,1,2,-1,restoration,2025-07-19 17:28:033
H._squamatum,S._viscosa,Other_species,0,1,2,-1,restoration,2025-07-19 17:28:033
H._squamatum,C._hispanica,Other_species,0,1,2,-1,restoration,2025-07-19 17:28:033
S._viscosa,C._hispanica,Other_species,0,1,2,-1,restoration,2025-07-19 17:28:033
Nurse_S._viscosa,Nurse_G._struthium,H._squamatum,0,1,2,-1,natural,2025-07-19 17:28:033
Nurse_S._viscosa,Nurse_G._struthium,S._viscosa,0,1,2,-1,natural,2025-07-19 17:28:033
Nurse_S._viscosa,Nurse_G._struthium,C._hispanica,0,1,2,-1,natural,2025-07-19 17:28:033
Nurse_S._viscosa,Nurse_G._struthium,Other_species,0,1,2,-1,natural,2025-07-19 17:28:033
Nurse_S._viscosa,H._squamatum,S._viscosa,0,1,2,-1,natural,2025-07-19 17:28:033
Nurse_S._viscosa,H._squamatum,C._hispanica,0,1,2,-1,natural,2025-07-19 17:28:033
Nurse_S._viscosa,H._squamatum,Other_species,0,1,2,-1,natural,2025-07-19 17:28:033
Nurse_S._viscosa,S._viscosa,C._hispanica,0,1,2,-1,natural,2025-07-19 17:28:033
Nurse_S._viscosa,S._viscosa,Other_species,0,1,2,-1,natural,2025-07-19 17:28:033
Nurse_S._viscosa,C._hispanica,Other_species,0,1,2,-1,natural,2025-07-19 17:28:033
Nurse_G._struthium,H._squamatum,S._viscosa,0,1,2,-1,natural,2025-07-19 17:28:033
Nurse_G._struthium,H._squamatum,C._hispanica,0,1,2,-1,natural,2025-07-19 17:28:033
Nurse_G._struthium,H._squamatum,Other_species,0,1,2,-1,natural,2025-07-19 17:28:033
Nurse_G._struthium,S._viscosa,C._hispanica,0,1,2,-1,natural,2025-07-19 17:28:033
Nurse_G._struthium,S._viscosa,Other_species,0,1,2,-1,natural,2025-07-19 17:28:033
Nurse_G._struthium,C._hispanica,Other_species,0,1,2,-1,natural,2025-07-19 17:28:033
H._squamatum,S._viscosa,C._hispanica,0,1,2,-1,natural,2025-07-19 17:28:033
H._squamatum,S._viscosa,Other_species,0,1,2,-1,natural,2025-07-19 17:28:033
H._squamatum,C._hispanica,Other_species,0,1,2,-1,natural,2025-07-19 17:28:033
S._viscosa,C._hispanica,Other_species,0,1,2,-1,natural,2025-07-19 17:28:033
Nurse_S._viscosa,Nurse_G._struthium,H._squamatum,0,1,2,-1,restoration,2025-07-19 17:28:033
Nurse_S._viscosa,Nurse_G._struthium,S._viscosa,0,1,2,-1,restoration,2025-07-19 17:28:033
Nurse_S._viscosa,Nurse_G._struthium,C._hispanica,0,1,2,-1,restoration,2025-07-19 17:28:033
Nurse_S._viscosa,Nurse_G._struthium,Other_species,0,1,2,-1,restoration,2025-07-19 17:28:033
Nurse_S._viscosa,H._squamatum,S._viscosa,0,1,2,-1,restoration,2025-07-19 17:28:033
Nurse_S._viscosa,H._squamatum,C._hispanica,0,1,2,-1,restoration,2025-07-19 17:28:033
Nurse_S._viscosa,H._squamatum,Other_species,0,1,2,-1,restoration,2025-07-19 17:28:033
Nurse_S._viscosa,S._viscosa,C._hispanica,0,1,2,-1,restoration,2025-07-19 17:28:033
Nurse_S._viscosa,S._viscosa,Other_species,0,1,2,-1,restoration,2025-07-19 17:28:033
Nurse_S._viscosa,C._hispanica,Other_species,0,1,2,-1,restoration,2025-07-19 17:28:033
Nurse_G._struthium,H._squamatum,S._viscosa,0,1,2,-1,restoration,2025-07-19 17:28:033
Nurse_G._struthium,H._squamatum,C._hispanica,0,1,2,-1,restoration,2025-07-19 17:28:033
Nurse_G._struthium,H._squamatum,Other_species,0,1,2,-1,restoration,2025-07-19 17:28:033
Nurse_G._struthium,S._viscosa,C._hispanica,0,1,2,-1,restoration,2025-07-19 17:28:033
Nurse_G._struthium,S._viscosa,Other_species,0,1,2,-1,restoration,2025-07-19 17:28:033
Nurse_G._struthium,C._hispanica,Other_species,0,1,2,-1,restoration,2025-07-19 17:28:033
H._squamatum,S._viscosa,C._hispanica,0,1,2,-1,restoration,2025-07-19 17:28:033
H._squamatum,S._viscosa,Other_species,0,1,2,-1,restoration,2025-07-19 17:28:033
H._squamatum,C._hispanica,Other_species,0,1,2,-1,restoration,2025-07-19 17:28:033
S._viscosa,C._hispanica,Other_species,0,1,2,-1,restoration,2025-07-19 17:28:033
Nurse_S._viscosa,Nurse_G._struthium,H._squamatum,0,1,2,-1,natural,2025-07-19 17:28:033
Nurse_S._viscosa,Nurse_G._struthium,S._viscosa,0,1,2,-1,natural,2025-07-19 17:28:033
Nurse_S._viscosa,Nurse_G._struthium,C._hispanica,0,1,2,-1,natural,2025-07-19 17:28:033
Nurse_S._viscosa,Nurse_G._struthium,Other_species,0,1,2,-1,natural,2025-07-19 17:28:033
Nurse_S._viscosa,H._squamatum,S._viscosa,0,1,2,-1,natural,2025-07-19 17:28:033
Nurse_S._viscosa,H._squamatum,C._hispanica,0,1,2,-1,natural,2025-07-19 17:28:033
Nurse_S._viscosa,H._squamatum,Other_species,0,1,2,-1,natural,2025-07-19 17:28:033
Nurse_S._viscosa,S._viscosa,C._hispanica,0,1,2,-1,natural,2025-07-19 17:28:033
Nurse_S._viscosa,S._viscosa,Other_species,0,1,2,-1,natural,2025-07-19 17:28:033
Nurse_S._viscosa,C._hispanica,Other_species,0,1,2,-1,natural,2025-07-19 17:28:033
Nurse_G._struthium,H._squamatum,S._viscosa,0,1,2,-1,natural,2025-07-19 17:28:033
Nurse_G._struthium,H._squamatum,C._hispanica,0,1,2,-1,natural,2025-07-19 17:28:033
Nurse_G._struthium,H._squamatum,Other_species,0,1,2,-1,natural,2025-07-19 17:28:033
Nurse_G._struthium,S._viscosa,C._hispanica,0,1,2,-1,natural,2025-07-19 17:28:033
Nurse_G._struthium,S._viscosa,Other_species,0,1,2,-1,natural,2025-07-19 17:28:033
Nurse_G._struthium,C._hispanica,Other_species,0,1,2,-1,natural,2025-07-19 17:28:033
H._squamatum,S._viscosa,C._hispanica,0,1,2,-1,natural,2025-07-19 17:28:033
H._squamatum,S._viscosa,Other_species,0,1,2,-1,natural,2025-07-19 17:28:033
H._squamatum,C._hispanica,Other_species,0,1,2,-1,natural,2025-07-19 17:28:033
S._viscosa,C._hispanica,Other_species,0,1,2,-1,natural,2025-07-19 17:28:033
Nurse_S._viscosa,Nurse_G._struthium,H._squamatum,0,1,2,-1,restoration,2025-07-19 17:28:033
Nurse_S._viscosa,Nurse_G._struthium,S._viscosa,0,1,2,-1,restoration,2025-07-19 17:28:033
Nurse_S._viscosa,Nurse_G._struthium,C._hispanica,0,1,2,-1,restoration,2025-07-19 17:28:033
Nurse_S._viscosa,Nurse_G._struthium,Other_species,0,1,2,-1,restoration,2025-07-19 17:28:033
Nurse_S._viscosa,H._squamatum,S._viscosa,0,1,2,-1,restoration,2025-07-19 17:28:033
Nurse_S._viscosa,H._squamatum,C._hispanica,0,1,2,-1,restoration,2025-07-19 17:28:033
Nurse_S._viscosa,H._squamatum,Other_species,0,1,2,-1,restoration,2025-07-19 17:28:033
Nurse_S._viscosa,S._viscosa,C._hispanica,0,1,2,-1,restoration,2025-07-19 17:28:033
Nurse_S._viscosa,S._viscosa,Other_species,0,1,2,-1,restoration,2025-07-19 17:28:033
Nurse_S._viscosa,C._hispanica,Other_species,0,1,2,-1,restoration,2025-07-19 17:28:033
Nurse_G._struthium,H._squamatum,S._viscosa,0,1,2,-1,restoration,2025-07-19 17:28:033
Nurse_G._struthium,H._squamatum,C._hispanica,0,1,2,-1,restoration,2025-07-19 17:28:033
Nurse_G._struthium,H._squamatum,Other_species,0,1,2,-1,restoration,2025-07-19 17:28:033
Nurse_G._struthium,S._viscosa,C._hispanica,0,1,2,-1,restoration,2025-07-19 17:28:033
Nurse_G._struthium,S._viscosa,Other_species,0,1,2,-1,restoration,2025-07-19 17:28:033
Nurse_G._struthium,C._hispanica,Other_species,0,1,2,-1,restoration,2025-07-19 17:28:033
H._squamatum,S._viscosa,C._hispanica,0,1,2,-1,restoration,2025-07-19 17:28:033
H._squamatum,S._viscosa,Other_species,0,1,2,-1,restoration,2025-07-19 17:28:033
H._squamatum,C._hispanica,Other_species,0,1,2,-1,restoration,2025-07-19 17:28:033
S._viscosa,C._hispanica,Other_species,0,1,2,-1,restoration,2025-07-19 17:28:033
Nurse_S._viscosa,Nurse_G._struthium,H._squamatum,0,1,2,-1,natural,2025-07-19 17:28:033
Nurse_S._viscosa,Nurse_G._struthium,S._viscosa,0,1,2,-1,natural,2025-07-19 17:28:033
Nurse_S._viscosa,Nurse_G._struthium,C._hispanica,0,1,2,-1,natural,2025-07-19 17:28:033
Nurse_S._viscosa,Nurse_G._struthium,Other_species,0,1,2,-1,natural,2025-07-19 17:28:033
Nurse_S._viscosa,H._squamatum,S._viscosa,0,1,2,-1,natural,2025-07-19 17:28:033
Nurse_S._viscosa,H._squamatum,C._hispanica,0,1,2,-1,natural,2025-07-19 17:28:033
Nurse_S._viscosa,H._squamatum,Other_species,0,1,2,-1,natural,2025-07-19 17:28:033
Nurse_S._viscosa,S._viscosa,C._hispanica,0,1,2,-1,natural,2025-07-19 17:28:033
Nurse_S._viscosa,S._viscosa,Other_species,0,1,2,-1,natural,2025-07-19 17:28:033
Nurse_S._viscosa,C._hispanica,Other_species,0,1,2,-1,natural,2025-07-19 17:28:033
Nurse_G._struthium,H._squamatum,S._viscosa,0,1,2,-1,natural,2025-07-19 17:28:033
Nurse_G._struthium,H._squamatum,C._hispanica,0,1,2,-1,natural,2025-07-19 17:28:033
Nurse_G._struthium,H._squamatum,Other_species,0,1,2,-1,natural,2025-07-19 17:28:033
Nurse_G._struthium,S._viscosa,C._hispanica,0,1,2,-1,natural,2025-07-19 17:28:033
Nurse_G._struthium,S._viscosa,Other_species,0,1,2,-1,natural,2025-07-19 17:28:033
Nurse_G._struthium,C._hispanica,Other_species,0,1,2,-1,natural,2025-07-19 17:28:033
H._squamatum,S._viscosa,C._hispanica,0,1,2,-1,natural,2025-07-19 17:28:033
H._squamatum,S._viscosa,Other_species,0,1,2,-1,natural,2025-07-19 17:28:033
H._squamatum,C._hispanica,Other_species,0,1,2,-1,natural,2025-07-19 17:28:033
S._viscosa,C._hispanica,Other_species,0,1,2,-1,natural,2025-07-19 17:28:033
Nurse_S._viscosa,Nurse_G._struthium,H._squamatum,0,1,2,-1,restoration,2025-07-19 17:28:023
Nurse_S._viscosa,Nurse_G._struthium,S._viscosa,0,1,2,-1,restoration,2025-07-19 17:28:023
Nurse_S._viscosa,Nurse_G._struthium,C._hispanica,0,1,2,-1,restoration,2025-07-19 17:28:023
Nurse_S._viscosa,Nurse_G._struthium,Other_species,0,1,2,-1,restoration,2025-07-19 17:28:023
Nurse_S._viscosa,H._squamatum,S._viscosa,0,1,2,-1,restoration,2025-07-19 17:28:023
Nurse_S._viscosa,H._squamatum,C._hispanica,0,1,2,-1,restoration,2025-07-19 17:28:023
Nurse_S._viscosa,H._squamatum,Other_species,0,1,2,-1,restoration,2025-07-19 17:28:023
Nurse_S._viscosa,S._viscosa,C._hispanica,0,1,2,-1,restoration,2025-07-19 17:28:023
Nurse_S._viscosa,S._viscosa,Other_species,0,1,2,-1,restoration,2025-07-19 17:28:023
Nurse_S._viscosa,C._hispanica,Other_species,0,1,2,-1,restoration,2025-07-19 17:28:023
Nurse_G._struthium,H._squamatum,S._viscosa,0,1,2,-1,restoration,2025-07-19 17:28:023
Nurse_G._struthium,H._squamatum,C._hispanica,0,1,2,-1,restoration,2025-07-19 17:28:023
Nurse_G._struthium,H._squamatum,Other_species,0,1,2,-1,restoration,2025-07-19 17:28:023
Nurse_G._struthium,S._viscosa,C._hispanica,0,1,2,-1,restoration,2025-07-19 17:28:023
Nurse_G._struthium,S._viscosa,Other_species,0,1,2,-1,restoration,2025-07-19 17:28:023
Nurse_G._struthium,C._hispanica,Other_species,0,1,2,-1,restoration,2025-07-19 17:28:023
H._squamatum,S._viscosa,C._hispanica,0,1,2,-1,restoration,2025-07-19 17:28:023
H._squamatum,S._viscosa,Other_species,0,1,2,-1,restoration,2025-07-19 17:28:023
H._squamatum,C._hispanica,Other_species,0,1,2,-1,restoration,2025-07-19 17:28:023
S._viscosa,C._hispanica,Other_species,0,1,2,-1,restoration,2025-07-19 17:28:023
Nurse_S._viscosa,Nurse_G._struthium,H._squamatum,0,1,2,-1,natural,2025-07-19 17:28:023
Nurse_S._viscosa,Nurse_G._struthium,S._viscosa,0,1,2,-1,natural,2025-07-19 17:28:023
Nurse_S._viscosa,Nurse_G._struthium,C._hispanica,0,1,2,-1,natural,2025-07-19 17:28:023
Nurse_S._viscosa,Nurse_G._struthium,Other_species,0,1,2,-1,natural,2025-07-19 17:28:023
Nurse_S._viscosa,H._squamatum,S._viscosa,0,1,2,-1,natural,2025-07-19 17:28:023
Nurse_S._viscosa,H._squamatum,C._hispanica,0,1,2,-1,natural,2025-07-19 17:28:023
Nurse_S._viscosa,H._squamatum,Other_species,0,1,2,-1,natural,2025-07-19 17:28:023
Nurse_S._viscosa,S._viscosa,C._hispanica,0,1,2,-1,natural,2025-07-19 17:28:023
Nurse_S._viscosa,S._viscosa,Other_species,0,1,2,-1,natural,2025-07-19 17:28:023
Nurse_S._viscosa,C._hispanica,Other_species,0,1,2,-1,natural,2025-07-19 17:28:023
Nurse_G._struthium,H._squamatum,S._viscosa,0,1,2,-1,natural,2025-07-19 17:28:023
Nurse_G._struthium,H._squamatum,C._hispanica,0,1,2,-1,natural,2025-07-19 17:28:023
Nurse_G._struthium,H._squamatum,Other_species,0,1,2,-1,natural,2025-07-19 17:28:023
Nurse_G._struthium,S._viscosa,C._hispanica,0,1,2,-1,natural,2025-07-19 17:28:023
Nurse_G._struthium,S._viscosa,Other_species,0,1,2,-1,natural,2025-07-19 17:28:023
Nurse_G._struthium,C._hispanica,Other_species,0,1,2,-1,natural,2025-07-19 17:28:023
H._squamatum,S._viscosa,C._hispanica,0,1,2,-1,natural,2025-07-19 17:28:023
H._squamatum,S._viscosa,Other_species,0,1,2,-1,natural,2025-07-19 17:28:023
H._squamatum,C._hispanica,Other_species,0,1,2,-1,natural,2025-07-19 17:28:023
S._viscosa,C._hispanica,Other_species,0,1,2,-1,natural,2025-07-19 17:28:023
Nurse_S._viscosa,Nurse_G._struthium,H._squamatum,0,1,2,-1,restoration,2025-07-19 17:28:023
Nurse_S._viscosa,Nurse_G._struthium,S._viscosa,0,1,2,-1,restoration,2025-07-19 17:28:023
Nurse_S._viscosa,Nurse_G._struthium,C._hispanica,0,1,2,-1,restoration,2025-07-19 17:28:023
Nurse_S._viscosa,Nurse_G._struthium,Other_species,0,1,2,-1,restoration,2025-07-19 17:28:023
Nurse_S._viscosa,H._squamatum,S._viscosa,0,1,2,-1,restoration,2025-07-19 17:28:023
Nurse_S._viscosa,H._squamatum,C._hispanica,0,1,2,-1,restoration,2025-07-19 17:28:023
Nurse_S._viscosa,H._squamatum,Other_species,0,1,2,-1,restoration,2025-07-19 17:28:023
Nurse_S._viscosa,S._viscosa,C._hispanica,0,1,2,-1,restoration,2025-07-19 17:28:023
Nurse_S._viscosa,S._viscosa,Other_species,0,1,2,-1,restoration,2025-07-19 17:28:023
Nurse_S._viscosa,C._hispanica,Other_species,0,1,2,-1,restoration,2025-07-19 17:28:023
Nurse_G._struthium,H._squamatum,S._viscosa,0,1,2,-1,restoration,2025-07-19 17:28:023
Nurse_G._struthium,H._squamatum,C._hispanica,0,1,2,-1,restoration,2025-07-19 17:28:023
Nurse_G._struthium,H._squamatum,Other_species,0,1,2,-1,restoration,2025-07-19 17:28:023
Nurse_G._struthium,S._viscosa,C._hispanica,0,1,2,-1,restoration,2025-07-19 17:28:023
Nurse_G._struthium,S._viscosa,Other_species,0,1,2,-1,restoration,2025-07-19 17:28:023
Nurse_G._struthium,C._hispanica,Other_species,0,1,2,-1,restoration,2025-07-19 17:28:023
H._squamatum,S._viscosa,C._hispanica,0,1,2,-1,restoration,2025-07-19 17:28:023
H._squamatum,S._viscosa,Other_species,0,1,2,-1,restoration,2025-07-19 17:28:023
H._squamatum,C._hispanica,Other_species,0,1,2,-1,restoration,2025-07-19 17:28:023
S._viscosa,C._hispanica,Other_species,0,1,2,-1,restoration,2025-07-19 17:28:023
Nurse_S._viscosa,Nurse_G._struthium,H._squamatum,0,1,2,-1,natural,2025-07-19 17:28:023
Nurse_S._viscosa,Nurse_G._struthium,S._viscosa,0,1,2,-1,natural,2025-07-19 17:28:023
Nurse_S._viscosa,Nurse_G._struthium,C._hispanica,0,1,2,-1,natural,2025-07-19 17:28:023
Nurse_S._viscosa,Nurse_G._struthium,Other_species,0,1,2,-1,natural,2025-07-19 17:28:023
Nurse_S._viscosa,H._squamatum,S._viscosa,0,1,2,-1,natural,2025-07-19 17:28:023
Nurse_S._viscosa,H._squamatum,C._hispanica,0,1,2,-1,natural,2025-07-19 17:28:023
Nurse_S._viscosa,H._squamatum,Other_species,0,1,2,-1,natural,2025-07-19 17:28:023
Nurse_S._viscosa,S._viscosa,C._hispanica,0,1,2,-1,natural,2025-07-19 17:28:023
Nurse_S._viscosa,S._viscosa,Other_species,0,1,2,-1,natural,2025-07-19 17:28:023
Nurse_S._viscosa,C._hispanica,Other_species,0,1,2,-1,natural,2025-07-19 17:28:023
Nurse_G._struthium,H._squamatum,S._viscosa,0,1,2,-1,natural,2025-07-19 17:28:023
Nurse_G._struthium,H._squamatum,C._hispanica,0,1,2,-1,natural,2025-07-19 17:28:023
Nurse_G._struthium,H._squamatum,Other_species,0,1,2,-1,natural,2025-07-19 17:28:023
Nurse_G._struthium,S._viscosa,C._hispanica,0,1,2,-1,natural,2025-07-19 17:28:023
Nurse_G._struthium,S._viscosa,Other_species,0,1,2,-1,natural,2025-07-19 17:28:023
Nurse_G._struthium,C._hispanica,Other_species,0,1,2,-1,natural,2025-07-19 17:28:023
H._squamatum,S._viscosa,C._hispanica,0,1,2,-1,natural,2025-07-19 17:28:023
H._squamatum,S._viscosa,Other_species,0,1,2,-1,natural,2025-07-19 17:28:023
H._squamatum,C._hispanica,Other_species,0,1,2,-1,natural,2025-07-19 17:28:023
S._viscosa,C._hispanica,Other_species,0,1,2,-1,natural,2025-07-19 17:28:023
Nurse_S._viscosa,Nurse_G._struthium,H._squamatum,0,1,2,-1,restoration,2025-07-19 17:28:013
Nurse_S._viscosa,Nurse_G._struthium,S._viscosa,0,1,2,-1,restoration,2025-07-19 17:28:013
Nurse_S._viscosa,Nurse_G._struthium,C._hispanica,0,1,2,-1,restoration,2025-07-19 17:28:013
Nurse_S._viscosa,Nurse_G._struthium,Other_species,0,1,2,-1,restoration,2025-07-19 17:28:013
Nurse_S._viscosa,H._squamatum,S._viscosa,0,1,2,-1,restoration,2025-07-19 17:28:013
Nurse_S._viscosa,H._squamatum,C._hispanica,0,1,2,-1,restoration,2025-07-19 17:28:013
Nurse_S._viscosa,H._squamatum,Other_species,0,1,2,-1,restoration,2025-07-19 17:28:013
Nurse_S._viscosa,S._viscosa,C._hispanica,0,1,2,-1,restoration,2025-07-19 17:28:013
Nurse_S._viscosa,S._viscosa,Other_species,0,1,2,-1,restoration,2025-07-19 17:28:013
Nurse_S._viscosa,C._hispanica,Other_species,0,1,2,-1,restoration,2025-07-19 17:28:013
Nurse_G._struthium,H._squamatum,S._viscosa,0,1,2,-1,restoration,2025-07-19 17:28:013
Nurse_G._struthium,H._squamatum,C._hispanica,0,1,2,-1,restoration,2025-07-19 17:28:013
Nurse_G._struthium,H._squamatum,Other_species,0,1,2,-1,restoration,2025-07-19 17:28:013
Nurse_G._struthium,S._viscosa,C._hispanica,0,1,2,-1,restoration,2025-07-19 17:28:013
Nurse_G._struthium,S._viscosa,Other_species,0,1,2,-1,restoration,2025-07-19 17:28:013
Nurse_G._struthium,C._hispanica,Other_species,0,1,2,-1,restoration,2025-07-19 17:28:013
H._squamatum,S._viscosa,C._hispanica,0,1,2,-1,restoration,2025-07-19 17:28:013
H._squamatum,S._viscosa,Other_species,0,1,2,-1,restoration,2025-07-19 17:28:013
H._squamatum,C._hispanica,Other_species,0,1,2,-1,restoration,2025-07-19 17:28:013
S._viscosa,C._hispanica,Other_species,0,1,2,-1,restoration,2025-07-19 17:28:013
Nurse_S._viscosa,Nurse_G._struthium,H._squamatum,0,1,2,-1,natural,2025-07-19 17:28:013
Nurse_S._viscosa,Nurse_G._struthium,S._viscosa,0,1,2,-1,natural,2025-07-19 17:28:013
Nurse_S._viscosa,Nurse_G._struthium,C._hispanica,0,1,2,-1,natural,2025-07-19 17:28:013
Nurse_S._viscosa,Nurse_G._struthium,Other_species,0,1,2,-1,natural,2025-07-19 17:28:013
Nurse_S._viscosa,H._squamatum,S._viscosa,0,1,2,-1,natural,2025-07-19 17:28:013
Nurse_S._viscosa,H._squamatum,C._hispanica,0,1,2,-1,natural,2025-07-19 17:28:013
Nurse_S._viscosa,H._squamatum,Other_species,0,1,2,-1,natural,2025-07-19 17:28:013
Nurse_S._viscosa,S._viscosa,C._hispanica,0,1,2,-1,natural,2025-07-19 17:28:013
Nurse_S._viscosa,S._viscosa,Other_species,0,1,2,-1,natural,2025-07-19 17:28:013
Nurse_S._viscosa,C._hispanica,Other_species,0,1,2,-1,natural,2025-07-19 17:28:013
Nurse_G._struthium,H._squamatum,S._viscosa,0,1,2,-1,natural,2025-07-19 17:28:013
Nurse_G._struthium,H._squamatum,C._hispanica,0,1,2,-1,natural,2025-07-19 17:28:013
Nurse_G._struthium,H._squamatum,Other_species,0,1,2,-1,natural,2025-07-19 17:28:013
Nurse_G._struthium,S._viscosa,C._hispanica,0,1,2,-1,natural,2025-07-19 17:28:013
Nurse_G._struthium,S._viscosa,Other_species,0,1,2,-1,natural,2025-07-19 17:28:013
Nurse_G._struthium,C._hispanica,Other_species,0,1,2,-1,natural,2025-07-19 17:28:013
H._squamatum,S._viscosa,C._hispanica,0,1,2,-1,natural,2025-07-19 17:28:013
H._squamatum,S._viscosa,Other_species,0,1,2,-1,natural,2025-07-19 17:28:013
H._squamatum,C._hispanica,Other_species,0,1,2,-1,natural,2025-07-19 17:28:013
S._viscosa,C._hispanica,Other_species,0,1,2,-1,natural,2025-07-19 17:28:013
Nurse_S._viscosa,Nurse_G._struthium,H._squamatum,0,1,2,-1,restoration,2025-07-19 17:28:013
Nurse_S._viscosa,Nurse_G._struthium,S._viscosa,0,1,2,-1,restoration,2025-07-19 17:28:013
Nurse_S._viscosa,Nurse_G._struthium,C._hispanica,0,1,2,-1,restoration,2025-07-19 17:28:013
Nurse_S._viscosa,Nurse_G._struthium,Other_species,0,1,2,-1,restoration,2025-07-19 17:28:013
Nurse_S._viscosa,H._squamatum,S._viscosa,0,1,2,-1,restoration,2025-07-19 17:28:013
Nurse_S._viscosa,H._squamatum,C._hispanica,0,1,2,-1,restoration,2025-07-19 17:28:013
Nurse_S._viscosa,H._squamatum,Other_species,0,1,2,-1,restoration,2025-07-19 17:28:013
Nurse_S._viscosa,S._viscosa,C._hispanica,0,1,2,-1,restoration,2025-07-19 17:28:013
Nurse_S._viscosa,S._viscosa,Other_species,0,1,2,-1,restoration,2025-07-19 17:28:013
Nurse_S._viscosa,C._hispanica,Other_species,0,1,2,-1,restoration,2025-07-19 17:28:013
Nurse_G._struthium,H._squamatum,S._viscosa,0,1,2,-1,restoration,2025-07-19 17:28:013
Nurse_G._struthium,H._squamatum,C._hispanica,0,1,2,-1,restoration,2025-07-19 17:28:013
Nurse_G._struthium,H._squamatum,Other_species,0,1,2,-1,restoration,2025-07-19 17:28:013
Nurse_G._struthium,S._viscosa,C._hispanica,0,1,2,-1,restoration,2025-07-19 17:28:013
Nurse_G._struthium,S._viscosa,Other_species,0,1,2,-1,restoration,2025-07-19 17:28:013
Nurse_G._struthium,C._hispanica,Other_species,0,1,2,-1,restoration,2025-07-19 17:28:013
H._squamatum,S._viscosa,C._hispanica,0,1,2,-1,restoration,2025-07-19 17:28:013
H._squamatum,S._viscosa,Other_species,0,1,2,-1,restoration,2025-07-19 17:28:013
H._squamatum,C._hispanica,Other_species,0,1,2,-1,restoration,2025-07-19 17:28:013
S._viscosa,C._hispanica,Other_species,0,1,2,-1,restoration,2025-07-19 17:28:013
Nurse_S._viscosa,Nurse_G._struthium,H._squamatum,0,1,2,-1,natural,2025-07-19 17:28:013
Nurse_S._viscosa,Nurse_G._struthium,S._viscosa,0,1,2,-1,natural,2025-07-19 17:28:013
Nurse_S._viscosa,Nurse_G._struthium,C._hispanica,0,1,2,-1,natural,2025-07-19 17:28:013
Nurse_S._viscosa,Nurse_G._struthium,Other_species,0,1,2,-1,natural,2025-07-19 17:28:013
Nurse_S._viscosa,H._squamatum,S._viscosa,0,1,2,-1,natural,2025-07-19 17:28:013
Nurse_S._viscosa,H._squamatum,C._hispanica,0,1,2,-1,natural,2025-07-19 17:28:013
Nurse_S._viscosa,H._squamatum,Other_species,0,1,2,-1,natural,2025-07-19 17:28:013
Nurse_S._viscosa,S._viscosa,C._hispanica,0,1,2,-1,natural,2025-07-19 17:28:013
Nurse_S._viscosa,S._viscosa,Other_species,0,1,2,-1,natural,2025-07-19 17:28:013
Nurse_S._viscosa,C._hispanica,Other_species,0,1,2,-1,natural,2025-07-19 17:28:013
Nurse_G._struthium,H._squamatum,S._viscosa,0,1,2,-1,natural,2025-07-19 17:28:013
Nurse_G._struthium,H._squamatum,C._hispanica,0,1,2,-1,natural,2025-07-19 17:28:013
Nurse_G._struthium,H._squamatum,Other_species,0,1,2,-1,natural,2025-07-19 17:28:013
Nurse_G._struthium,S._viscosa,C._hispanica,0,1,2,-1,natural,2025-07-19 17:28:013
Nurse_G._struthium,S._viscosa,Other_species,0,1,2,-1,natural,2025-07-19 17:28:013
Nurse_G._struthium,C._hispanica,Other_species,0,1,2,-1,natural,2025-07-19 17:28:013
H._squamatum,S._viscosa,C._hispanica,0,1,2,-1,natural,2025-07-19 17:28:013
H._squamatum,S._viscosa,Other_species,0,1,2,-1,natural,2025-07-19 17:28:013
H._squamatum,C._hispanica,Other_species,0,1,2,-1,natural,2025-07-19 17:28:013
S._viscosa,C._hispanica,Other_species,0,1,2,-1,natural,2025-07-19 17:28:013
Nurse_S._viscosa,Nurse_G._struthium,H._squamatum,0,1,2,-1,restoration,2025-07-19 17:28:013
Nurse_S._viscosa,Nurse_G._struthium,S._viscosa,0,1,2,-1,restoration,2025-07-19 17:28:013
Nurse_S._viscosa,Nurse_G._struthium,C._hispanica,0,1,2,-1,restoration,2025-07-19 17:28:013
Nurse_S._viscosa,Nurse_G._struthium,Other_species,0,1,2,-1,restoration,2025-07-19 17:28:013
Nurse_S._viscosa,H._squamatum,S._viscosa,0,1,2,-1,restoration,2025-07-19 17:28:013
Nurse_S._viscosa,H._squamatum,C._hispanica,0,1,2,-1,restoration,2025-07-19 17:28:013
Nurse_S._viscosa,H._squamatum,Other_species,0,1,2,-1,restoration,2025-07-19 17:28:013
Nurse_S._viscosa,S._viscosa,C._hispanica,0,1,2,-1,restoration,2025-07-19 17:28:013
Nurse_S._viscosa,S._viscosa,Other_species,0,1,2,-1,restoration,2025-07-19 17:28:013
Nurse_S._viscosa,C._hispanica,Other_species,0,1,2,-1,restoration,2025-07-19 17:28:013
Nurse_G._struthium,H._squamatum,S._viscosa,0,1,2,-1,restoration,2025-07-19 17:28:013
Nurse_G._struthium,H._squamatum,C._hispanica,0,1,2,-1,restoration,2025-07-19 17:28:013
Nurse_G._struthium,H._squamatum,Other_species,0,1,2,-1,restoration,2025-07-19 17:28:013
Nurse_G._struthium,S._viscosa,C._hispanica,0,1,2,-1,restoration,2025-07-19 17:28:013
Nurse_G._struthium,S._viscosa,Other_species,0,1,2,-1,restoration,2025-07-19 17:28:013
Nurse_G._struthium,C._hispanica,Other_species,0,1,2,-1,restoration,2025-07-19 17:28:013
H._squamatum,S._viscosa,C._hispanica,0,1,2,-1,restoration,2025-07-19 17:28:013
H._squamatum,S._viscosa,Other_species,0,1,2,-1,restoration,2025-07-19 17:28:013
H._squamatum,C._hispanica,Other_species,0,1,2,-1,restoration,2025-07-19 17:28:013
S._viscosa,C._hispanica,Other_species,0,1,2,-1,restoration,2025-07-19 17:28:013
Nurse_S._viscosa,Nurse_G._struthium,H._squamatum,0,1,2,-1,natural,2025-07-19 17:28:013
Nurse_S._viscosa,Nurse_G._struthium,S._viscosa,0,1,2,-1,natural,2025-07-19 17:28:013
Nurse_S._viscosa,Nurse_G._struthium,C._hispanica,0,1,2,-1,natural,2025-07-19 17:28:013
Nurse_S._viscosa,Nurse_G._struthium,Other_species,0,1,2,-1,natural,2025-07-19 17:28:013
Nurse_S._viscosa,H._squamatum,S._viscosa,0,1,2,-1,natural,2025-07-19 17:28:013
Nurse_S._viscosa,H._squamatum,C._hispanica,0,1,2,-1,natural,2025-07-19 17:28:013
Nurse_S._viscosa,H._squamatum,Other_species,0,1,2,-1,natural,2025-07-19 17:28:013
Nurse_S._viscosa,S._viscosa,C._hispanica,0,1,2,-1,natural,2025-07-19 17:28:013
Nurse_S._viscosa,S._viscosa,Other_species,0,1,2,-1,natural,2025-07-19 17:28:013
Nurse_S._viscosa,C._hispanica,Other_species,0,1,2,-1,natural,2025-07-19 17:28:013
Nurse_G._struthium,H._squamatum,S._viscosa,0,1,2,-1,natural,2025-07-19 17:28:013
Nurse_G._struthium,H._squamatum,C._hispanica,0,1,2,-1,natural,2025-07-19 17:28:013
Nurse_G._struthium,H._squamatum,Other_species,0,1,2,-1,natural,2025-07-19 17:28:013
Nurse_G._struthium,S._viscosa,C._hispanica,0,1,2,-1,natural,2025-07-19 17:28:013
Nurse_G._struthium,S._viscosa,Other_species,0,1,2,-1,natural,2025-07-19 17:28:013
Nurse_G._struthium,C._hispanica,Other_species,0,1,2,-1,natural,2025-07-19 17:28:013
H._squamatum,S._viscosa,C._hispanica,0,1,2,-1,natural,2025-07-19 17:28:013
H._squamatum,S._viscosa,Other_species,0,1,2,-1,natural,2025-07-19 17:28:013
H._squamatum,C._hispanica,Other_species,0,1,2,-1,natural,2025-07-19 17:28:013
S._viscosa,C._hispanica,Other_species,0,1,2,-1,natural,2025-07-19 17:28:013
Nurse_S._viscosa,Nurse_G._struthium,H._squamatum,0,1,2,-1,restoration,2025-07-19 17:28:003
Nurse_S._viscosa,Nurse_G._struthium,S._viscosa,0,1,2,-1,restoration,2025-07-19 17:28:003
Nurse_S._viscosa,Nurse_G._struthium,C._hispanica,0,1,2,-1,restoration,2025-07-19 17:28:003
Nurse_S._viscosa,Nurse_G._struthium,Other_species,0,1,2,-1,restoration,2025-07-19 17:28:003
Nurse_S._viscosa,H._squamatum,S._viscosa,0,1,2,-1,restoration,2025-07-19 17:28:003
Nurse_S._viscosa,H._squamatum,C._hispanica,0,1,2,-1,restoration,2025-07-19 17:28:003
Nurse_S._viscosa,H._squamatum,Other_species,0,1,2,-1,restoration,2025-07-19 17:28:003
Nurse_S._viscosa,S._viscosa,C._hispanica,0,1,2,-1,restoration,2025-07-19 17:28:003
Nurse_S._viscosa,S._viscosa,Other_species,0,1,2,-1,restoration,2025-07-19 17:28:003
Nurse_S._viscosa,C._hispanica,Other_species,0,1,2,-1,restoration,2025-07-19 17:28:003
Nurse_G._struthium,H._squamatum,S._viscosa,0,1,2,-1,restoration,2025-07-19 17:28:003
Nurse_G._struthium,H._squamatum,C._hispanica,0,1,2,-1,restoration,2025-07-19 17:28:003
Nurse_G._struthium,H._squamatum,Other_species,0,1,2,-1,restoration,2025-07-19 17:28:003
Nurse_G._struthium,S._viscosa,C._hispanica,0,1,2,-1,restoration,2025-07-19 17:28:003
Nurse_G._struthium,S._viscosa,Other_species,0,1,2,-1,restoration,2025-07-19 17:28:003
Nurse_G._struthium,C._hispanica,Other_species,0,1,2,-1,restoration,2025-07-19 17:28:003
H._squamatum,S._viscosa,C._hispanica,0,1,2,-1,restoration,2025-07-19 17:28:003
H._squamatum,S._viscosa,Other_species,0,1,2,-1,restoration,2025-07-19 17:28:003
H._squamatum,C._hispanica,Other_species,0,1,2,-1,restoration,2025-07-19 17:28:003
S._viscosa,C._hispanica,Other_species,0,1,2,-1,restoration,2025-07-19 17:28:003
Nurse_S._viscosa,Nurse_G._struthium,H._squamatum,0,1,2,-1,natural,2025-07-19 17:28:003
Nurse_S._viscosa,Nurse_G._struthium,S._viscosa,0,1,2,-1,natural,2025-07-19 17:28:003
Nurse_S._viscosa,Nurse_G._struthium,C._hispanica,0,1,2,-1,natural,2025-07-19 17:28:003
Nurse_S._viscosa,Nurse_G._struthium,Other_species,0,1,2,-1,natural,2025-07-19 17:28:003
Nurse_S._viscosa,H._squamatum,S._viscosa,0,1,2,-1,natural,2025-07-19 17:28:003
Nurse_S._viscosa,H._squamatum,C._hispanica,0,1,2,-1,natural,2025-07-19 17:28:003
Nurse_S._viscosa,H._squamatum,Other_species,0,1,2,-1,natural,2025-07-19 17:28:003
Nurse_S._viscosa,S._viscosa,C._hispanica,0,1,2,-1,natural,2025-07-19 17:28:003
Nurse_S._viscosa,S._viscosa,Other_species,0,1,2,-1,natural,2025-07-19 17:28:003
Nurse_S._viscosa,C._hispanica,Other_species,0,1,2,-1,natural,2025-07-19 17:28:003
Nurse_G._struthium,H._squamatum,S._viscosa,0,1,2,-1,natural,2025-07-19 17:28:003
Nurse_G._struthium,H._squamatum,C._hispanica,0,1,2,-1,natural,2025-07-19 17:28:003
Nurse_G._struthium,H._squamatum,Other_species,0,1,2,-1,natural,2025-07-19 17:28:003
Nurse_G._struthium,S._viscosa,C._hispanica,0,1,2,-1,natural,2025-07-19 17:28:003
Nurse_G._struthium,S._viscosa,Other_species,0,1,2,-1,natural,2025-07-19 17:28:003
Nurse_G._struthium,C._hispanica,Other_species,0,1,2,-1,natural,2025-07-19 17:28:003
H._squamatum,S._viscosa,C._hispanica,0,1,2,-1,natural,2025-07-19 17:28:003
H._squamatum,S._viscosa,Other_species,0,1,2,-1,natural,2025-07-19 17:28:003
H._squamatum,C._hispanica,Other_species,0,1,2,-1,natural,2025-07-19 17:28:003
S._viscosa,C._hispanica,Other_species,0,1,2,-1,natural,2025-07-19 17:28:003
Nurse_S._viscosa,Nurse_G._struthium,H._squamatum,0,1,2,-1,restoration,2025-07-19 17:28:003
Nurse_S._viscosa,Nurse_G._struthium,S._viscosa,0,1,2,-1,restoration,2025-07-19 17:28:003
Nurse_S._viscosa,Nurse_G._struthium,C._hispanica,0,1,2,-1,restoration,2025-07-19 17:28:003
Nurse_S._viscosa,Nurse_G._struthium,Other_species,0,1,2,-1,restoration,2025-07-19 17:28:003
Nurse_S._viscosa,H._squamatum,S._viscosa,0,1,2,-1,restoration,2025-07-19 17:28:003
Nurse_S._viscosa,H._squamatum,C._hispanica,0,1,2,-1,restoration,2025-07-19 17:28:003
Nurse_S._viscosa,H._squamatum,Other_species,0,1,2,-1,restoration,2025-07-19 17:28:003
Nurse_S._viscosa,S._viscosa,C._hispanica,0,1,2,-1,restoration,2025-07-19 17:28:003
Nurse_S._viscosa,S._viscosa,Other_species,0,1,2,-1,restoration,2025-07-19 17:28:003
Nurse_S._viscosa,C._hispanica,Other_species,0,1,2,-1,restoration,2025-07-19 17:28:003
Nurse_G._struthium,H._squamatum,S._viscosa,0,1,2,-1,restoration,2025-07-19 17:28:003
Nurse_G._struthium,H._squamatum,C._hispanica,0,1,2,-1,restoration,2025-07-19 17:28:003
Nurse_G._struthium,H._squamatum,Other_species,0,1,2,-1,restoration,2025-07-19 17:28:003
Nurse_G._struthium,S._viscosa,C._hispanica,0,1,2,-1,restoration,2025-07-19 17:28:003
Nurse_G._struthium,S._viscosa,Other_species,0,1,2,-1,restoration,2025-07-19 17:28:003
Nurse_G._struthium,C._hispanica,Other_species,0,1,2,-1,restoration,2025-07-19 17:28:003
H._squamatum,S._viscosa,C._hispanica,0,1,2,-1,restoration,2025-07-19 17:28:003
H._squamatum,S._viscosa,Other_species,0,1,2,-1,restoration,2025-07-19 17:28:003
H._squamatum,C._hispanica,Other_species,0,1,2,-1,restoration,2025-07-19 17:28:003
S._viscosa,C._hispanica,Other_species,0,1,2,-1,restoration,2025-07-19 17:28:003
Nurse_S._viscosa,Nurse_G._struthium,H._squamatum,0,1,2,-1,natural,2025-07-19 17:28:003
Nurse_S._viscosa,Nurse_G._struthium,S._viscosa,0,1,2,-1,natural,2025-07-19 17:28:003
Nurse_S._viscosa,Nurse_G._struthium,C._hispanica,0,1,2,-1,natural,2025-07-19 17:28:003
Nurse_S._viscosa,Nurse_G._struthium,Other_species,0,1,2,-1,natural,2025-07-19 17:28:003
Nurse_S._viscosa,H._squamatum,S._viscosa,0,1,2,-1,natural,2025-07-19 17:28:003
Nurse_S._viscosa,H._squamatum,C._hispanica,0,1,2,-1,natural,2025-07-19 17:28:003
Nurse_S._viscosa,H._squamatum,Other_species,0,1,2,-1,natural,2025-07-19 17:28:003
Nurse_S._viscosa,S._viscosa,C._hispanica,0,1,2,-1,natural,2025-07-19 17:28:003
Nurse_S._viscosa,S._viscosa,Other_species,0,1,2,-1,natural,2025-07-19 17:28:003
Nurse_S._viscosa,C._hispanica,Other_species,0,1,2,-1,natural,2025-07-19 17:28:003
Nurse_G._struthium,H._squamatum,S._viscosa,0,1,2,-1,natural,2025-07-19 17:28:003
Nurse_G._struthium,H._squamatum,C._hispanica,0,1,2,-1,natural,2025-07-19 17:28:003
Nurse_G._struthium,H._squamatum,Other_species,0,1,2,-1,natural,2025-07-19 17:28:003
Nurse_G._struthium,S._viscosa,C._hispanica,0,1,2,-1,natural,2025-07-19 17:28:003
Nurse_G._struthium,S._viscosa,Other_species,0,1,2,-1,natural,2025-07-19 17:28:003
Nurse_G._struthium,C._hispanica,Other_species,0,1,2,-1,natural,2025-07-19 17:28:003
H._squamatum,S._viscosa,C._hispanica,0,1,2,-1,natural,2025-07-19 17:28:003
H._squamatum,S._viscosa,Other_species,0,1,2,-1,natural,2025-07-19 17:28:003
H._squamatum,C._hispanica,Other_species,0,1,2,-1,natural,2025-07-19 17:28:003
S._viscosa,C._hispanica,Other_species,0,1,2,-1,natural,2025-07-19 17:28:003
Nurse_S._viscosa,Nurse_G._struthium,H._squamatum,0,1,2,-1,restoration,2025-07-19 17:27:593
Nurse_S._viscosa,Nurse_G._struthium,S._viscosa,0,1,2,-1,restoration,2025-07-19 17:27:593
Nurse_S._viscosa,Nurse_G._struthium,C._hispanica,0,1,2,-1,restoration,2025-07-19 17:27:593
Nurse_S._viscosa,Nurse_G._struthium,Other_species,0,1,2,-1,restoration,2025-07-19 17:27:593
Nurse_S._viscosa,H._squamatum,S._viscosa,0,1,2,-1,restoration,2025-07-19 17:27:593
Nurse_S._viscosa,H._squamatum,C._hispanica,0,1,2,-1,restoration,2025-07-19 17:27:593
Nurse_S._viscosa,H._squamatum,Other_species,0,1,2,-1,restoration,2025-07-19 17:27:593
Nurse_S._viscosa,S._viscosa,C._hispanica,0,1,2,-1,restoration,2025-07-19 17:27:593
Nurse_S._viscosa,S._viscosa,Other_species,0,1,2,-1,restoration,2025-07-19 17:27:593
Nurse_S._viscosa,C._hispanica,Other_species,0,1,2,-1,restoration,2025-07-19 17:27:593
Nurse_G._struthium,H._squamatum,S._viscosa,0,1,2,-1,restoration,2025-07-19 17:27:593
Nurse_G._struthium,H._squamatum,C._hispanica,0,1,2,-1,restoration,2025-07-19 17:27:593
Nurse_G._struthium,H._squamatum,Other_species,0,1,2,-1,restoration,2025-07-19 17:27:593
Nurse_G._struthium,S._viscosa,C._hispanica,0,1,2,-1,restoration,2025-07-19 17:27:593
Nurse_G._struthium,S._viscosa,Other_species,0,1,2,-1,restoration,2025-07-19 17:27:593
Nurse_G._struthium,C._hispanica,Other_species,0,1,2,-1,restoration,2025-07-19 17:27:593
H._squamatum,S._viscosa,C._hispanica,0,1,2,-1,restoration,2025-07-19 17:27:593
H._squamatum,S._viscosa,Other_species,0,1,2,-1,restoration,2025-07-19 17:27:593
H._squamatum,C._hispanica,Other_species,0,1,2,-1,restoration,2025-07-19 17:27:593
S._viscosa,C._hispanica,Other_species,0,1,2,-1,restoration,2025-07-19 17:27:593
Nurse_S._viscosa,Nurse_G._struthium,H._squamatum,0,1,2,-1,natural,2025-07-19 17:27:593
Nurse_S._viscosa,Nurse_G._struthium,S._viscosa,0,1,2,-1,natural,2025-07-19 17:27:593
Nurse_S._viscosa,Nurse_G._struthium,C._hispanica,0,1,2,-1,natural,2025-07-19 17:27:593
Nurse_S._viscosa,Nurse_G._struthium,Other_species,0,1,2,-1,natural,2025-07-19 17:27:593
Nurse_S._viscosa,H._squamatum,S._viscosa,0,1,2,-1,natural,2025-07-19 17:27:593
Nurse_S._viscosa,H._squamatum,C._hispanica,0,1,2,-1,natural,2025-07-19 17:27:593
Nurse_S._viscosa,H._squamatum,Other_species,0,1,2,-1,natural,2025-07-19 17:27:593
Nurse_S._viscosa,S._viscosa,C._hispanica,0,1,2,-1,natural,2025-07-19 17:27:593
Nurse_S._viscosa,S._viscosa,Other_species,0,1,2,-1,natural,2025-07-19 17:27:593
Nurse_S._viscosa,C._hispanica,Other_species,0,1,2,-1,natural,2025-07-19 17:27:593
Nurse_G._struthium,H._squamatum,S._viscosa,0,1,2,-1,natural,2025-07-19 17:27:593
Nurse_G._struthium,H._squamatum,C._hispanica,0,1,2,-1,natural,2025-07-19 17:27:593
Nurse_G._struthium,H._squamatum,Other_species,0,1,2,-1,natural,2025-07-19 17:27:593
Nurse_G._struthium,S._viscosa,C._hispanica,0,1,2,-1,natural,2025-07-19 17:27:593
Nurse_G._struthium,S._viscosa,Other_species,0,1,2,-1,natural,2025-07-19 17:27:593
Nurse_G._struthium,C._hispanica,Other_species,0,1,2,-1,natural,2025-07-19 17:27:593
H._squamatum,S._viscosa,C._hispanica,0,1,2,-1,natural,2025-07-19 17:27:593
H._squamatum,S._viscosa,Other_species,0,1,2,-1,natural,2025-07-19 17:27:593
H._squamatum,C._hispanica,Other_species,0,1,2,-1,natural,2025-07-19 17:27:593
S._viscosa,C._hispanica,Other_species,0,1,2,-1,natural,2025-07-19 17:27:593
Nurse_S._viscosa,Nurse_G._struthium,H._squamatum,0,1,2,-1,restoration,2025-07-19 17:27:593
Nurse_S._viscosa,Nurse_G._struthium,S._viscosa,0,1,2,-1,restoration,2025-07-19 17:27:593
Nurse_S._viscosa,Nurse_G._struthium,C._hispanica,0,1,2,-1,restoration,2025-07-19 17:27:593
Nurse_S._viscosa,Nurse_G._struthium,Other_species,0,1,2,-1,restoration,2025-07-19 17:27:593
Nurse_S._viscosa,H._squamatum,S._viscosa,0,1,2,-1,restoration,2025-07-19 17:27:593
Nurse_S._viscosa,H._squamatum,C._hispanica,0,1,2,-1,restoration,2025-07-19 17:27:593
Nurse_S._viscosa,H._squamatum,Other_species,0,1,2,-1,restoration,2025-07-19 17:27:593
Nurse_S._viscosa,S._viscosa,C._hispanica,0,1,2,-1,restoration,2025-07-19 17:27:593
Nurse_S._viscosa,S._viscosa,Other_species,0,1,2,-1,restoration,2025-07-19 17:27:593
Nurse_S._viscosa,C._hispanica,Other_species,0,1,2,-1,restoration,2025-07-19 17:27:593
Nurse_G._struthium,H._squamatum,S._viscosa,0,1,2,-1,restoration,2025-07-19 17:27:593
Nurse_G._struthium,H._squamatum,C._hispanica,0,1,2,-1,restoration,2025-07-19 17:27:593
Nurse_G._struthium,H._squamatum,Other_species,0,1,2,-1,restoration,2025-07-19 17:27:593
Nurse_G._struthium,S._viscosa,C._hispanica,0,1,2,-1,restoration,2025-07-19 17:27:593
Nurse_G._struthium,S._viscosa,Other_species,0,1,2,-1,restoration,2025-07-19 17:27:593
Nurse_G._struthium,C._hispanica,Other_species,0,1,2,-1,restoration,2025-07-19 17:27:593
H._squamatum,S._viscosa,C._hispanica,0,1,2,-1,restoration,2025-07-19 17:27:593
H._squamatum,S._viscosa,Other_species,0,1,2,-1,restoration,2025-07-19 17:27:593
H._squamatum,C._hispanica,Other_species,0,1,2,-1,restoration,2025-07-19 17:27:593
S._viscosa,C._hispanica,Other_species,0,1,2,-1,restoration,2025-07-19 17:27:593
Nurse_S._viscosa,Nurse_G._struthium,H._squamatum,0,1,2,-1,natural,2025-07-19 17:27:593
Nurse_S._viscosa,Nurse_G._struthium,S._viscosa,0,1,2,-1,natural,2025-07-19 17:27:593
Nurse_S._viscosa,Nurse_G._struthium,C._hispanica,0,1,2,-1,natural,2025-07-19 17:27:593
Nurse_S._viscosa,Nurse_G._struthium,Other_species,0,1,2,-1,natural,2025-07-19 17:27:593
Nurse_S._viscosa,H._squamatum,S._viscosa,0,1,2,-1,natural,2025-07-19 17:27:593
Nurse_S._viscosa,H._squamatum,C._hispanica,0,1,2,-1,natural,2025-07-19 17:27:593
Nurse_S._viscosa,H._squamatum,Other_species,0,1,2,-1,natural,2025-07-19 17:27:593
Nurse_S._viscosa,S._viscosa,C._hispanica,0,1,2,-1,natural,2025-07-19 17:27:593
Nurse_S._viscosa,S._viscosa,Other_species,0,1,2,-1,natural,2025-07-19 17:27:593
Nurse_S._viscosa,C._hispanica,Other_species,0,1,2,-1,natural,2025-07-19 17:27:593
Nurse_G._struthium,H._squamatum,S._viscosa,0,1,2,-1,natural,2025-07-19 17:27:593
Nurse_G._struthium,H._squamatum,C._hispanica,0,1,2,-1,natural,2025-07-19 17:27:593
Nurse_G._struthium,H._squamatum,Other_species,0,1,2,-1,natural,2025-07-19 17:27:593
Nurse_G._struthium,S._viscosa,C._hispanica,0,1,2,-1,natural,2025-07-19 17:27:593
Nurse_G._struthium,S._viscosa,Other_species,0,1,2,-1,natural,2025-07-19 17:27:593
Nurse_G._struthium,C._hispanica,Other_species,0,1,2,-1,natural,2025-07-19 17:27:593
H._squamatum,S._viscosa,C._hispanica,0,1,2,-1,natural,2025-07-19 17:27:593
H._squamatum,S._viscosa,Other_species,0,1,2,-1,natural,2025-07-19 17:27:593
H._squamatum,C._hispanica,Other_species,0,1,2,-1,natural,2025-07-19 17:27:593
S._viscosa,C._hispanica,Other_species,0,1,2,-1,natural,2025-07-19 17:27:593
Nurse_S._viscosa,Nurse_G._struthium,H._squamatum,0,1,2,-1,restoration,2025-07-19 17:27:583
Nurse_S._viscosa,Nurse_G._struthium,S._viscosa,0,1,2,-1,restoration,2025-07-19 17:27:583
Nurse_S._viscosa,Nurse_G._struthium,C._hispanica,0,1,2,-1,restoration,2025-07-19 17:27:583
Nurse_S._viscosa,Nurse_G._struthium,Other_species,0,1,2,-1,restoration,2025-07-19 17:27:583
Nurse_S._viscosa,H._squamatum,S._viscosa,0,1,2,-1,restoration,2025-07-19 17:27:583
Nurse_S._viscosa,H._squamatum,C._hispanica,0,1,2,-1,restoration,2025-07-19 17:27:583
Nurse_S._viscosa,H._squamatum,Other_species,0,1,2,-1,restoration,2025-07-19 17:27:583
Nurse_S._viscosa,S._viscosa,C._hispanica,0,1,2,-1,restoration,2025-07-19 17:27:583
Nurse_S._viscosa,S._viscosa,Other_species,0,1,2,-1,restoration,2025-07-19 17:27:583
Nurse_S._viscosa,C._hispanica,Other_species,0,1,2,-1,restoration,2025-07-19 17:27:583
Nurse_G._struthium,H._squamatum,S._viscosa,0,1,2,-1,restoration,2025-07-19 17:27:583
Nurse_G._struthium,H._squamatum,C._hispanica,0,1,2,-1,restoration,2025-07-19 17:27:583
Nurse_G._struthium,H._squamatum,Other_species,0,1,2,-1,restoration,2025-07-19 17:27:583
Nurse_G._struthium,S._viscosa,C._hispanica,0,1,2,-1,restoration,2025-07-19 17:27:583
Nurse_G._struthium,S._viscosa,Other_species,0,1,2,-1,restoration,2025-07-19 17:27:583
Nurse_G._struthium,C._hispanica,Other_species,0,1,2,-1,restoration,2025-07-19 17:27:583
H._squamatum,S._viscosa,C._hispanica,0,1,2,-1,restoration,2025-07-19 17:27:583
H._squamatum,S._viscosa,Other_species,0,1,2,-1,restoration,2025-07-19 17:27:583
H._squamatum,C._hispanica,Other_species,0,1,2,-1,restoration,2025-07-19 17:27:583
S._viscosa,C._hispanica,Other_species,0,1,2,-1,restoration,2025-07-19 17:27:583
Nurse_S._viscosa,Nurse_G._struthium,H._squamatum,0,1,2,-1,natural,2025-07-19 17:27:583
Nurse_S._viscosa,Nurse_G._struthium,S._viscosa,0,1,2,-1,natural,2025-07-19 17:27:583
Nurse_S._viscosa,Nurse_G._struthium,C._hispanica,0,1,2,-1,natural,2025-07-19 17:27:583
Nurse_S._viscosa,Nurse_G._struthium,Other_species,0,1,2,-1,natural,2025-07-19 17:27:583
Nurse_S._viscosa,H._squamatum,S._viscosa,0,1,2,-1,natural,2025-07-19 17:27:583
Nurse_S._viscosa,H._squamatum,C._hispanica,0,1,2,-1,natural,2025-07-19 17:27:583
Nurse_S._viscosa,H._squamatum,Other_species,0,1,2,-1,natural,2025-07-19 17:27:583
Nurse_S._viscosa,S._viscosa,C._hispanica,0,1,2,-1,natural,2025-07-19 17:27:583
Nurse_S._viscosa,S._viscosa,Other_species,0,1,2,-1,natural,2025-07-19 17:27:583
Nurse_S._viscosa,C._hispanica,Other_species,0,1,2,-1,natural,2025-07-19 17:27:583
Nurse_G._struthium,H._squamatum,S._viscosa,0,1,2,-1,natural,2025-07-19 17:27:583
Nurse_G._struthium,H._squamatum,C._hispanica,0,1,2,-1,natural,2025-07-19 17:27:583
Nurse_G._struthium,H._squamatum,Other_species,0,1,2,-1,natural,2025-07-19 17:27:583
Nurse_G._struthium,S._viscosa,C._hispanica,0,1,2,-1,natural,2025-07-19 17:27:583
Nurse_G._struthium,S._viscosa,Other_species,0,1,2,-1,natural,2025-07-19 17:27:583
Nurse_G._struthium,C._hispanica,Other_species,0,1,2,-1,natural,2025-07-19 17:27:583
H._squamatum,S._viscosa,C._hispanica,0,1,2,-1,natural,2025-07-19 17:27:583
H._squamatum,S._viscosa,Other_species,0,1,2,-1,natural,2025-07-19 17:27:583
H._squamatum,C._hispanica,Other_species,0,1,2,-1,natural,2025-07-19 17:27:583
S._viscosa,C._hispanica,Other_species,0,1,2,-1,natural,2025-07-19 17:27:583
Nurse_S._viscosa,Nurse_G._struthium,H._squamatum,0,1,2,-1,restoration,2025-07-19 17:27:583
Nurse_S._viscosa,Nurse_G._struthium,S._viscosa,0,1,2,-1,restoration,2025-07-19 17:27:583
Nurse_S._viscosa,Nurse_G._struthium,C._hispanica,0,1,2,-1,restoration,2025-07-19 17:27:583
Nurse_S._viscosa,Nurse_G._struthium,Other_species,0,1,2,-1,restoration,2025-07-19 17:27:583
Nurse_S._viscosa,H._squamatum,S._viscosa,0,1,2,-1,restoration,2025-07-19 17:27:583
Nurse_S._viscosa,H._squamatum,C._hispanica,0,1,2,-1,restoration,2025-07-19 17:27:583
Nurse_S._viscosa,H._squamatum,Other_species,0,1,2,-1,restoration,2025-07-19 17:27:583
Nurse_S._viscosa,S._viscosa,C._hispanica,0,1,2,-1,restoration,2025-07-19 17:27:583
Nurse_S._viscosa,S._viscosa,Other_species,0,1,2,-1,restoration,2025-07-19 17:27:583
Nurse_S._viscosa,C._hispanica,Other_species,0,1,2,-1,restoration,2025-07-19 17:27:583
Nurse_G._struthium,H._squamatum,S._viscosa,0,1,2,-1,restoration,2025-07-19 17:27:583
Nurse_G._struthium,H._squamatum,C._hispanica,0,1,2,-1,restoration,2025-07-19 17:27:583
Nurse_G._struthium,H._squamatum,Other_species,0,1,2,-1,restoration,2025-07-19 17:27:583
Nurse_G._struthium,S._viscosa,C._hispanica,0,1,2,-1,restoration,2025-07-19 17:27:583
Nurse_G._struthium,S._viscosa,Other_species,0,1,2,-1,restoration,2025-07-19 17:27:583
Nurse_G._struthium,C._hispanica,Other_species,0,1,2,-1,restoration,2025-07-19 17:27:583
H._squamatum,S._viscosa,C._hispanica,0,1,2,-1,restoration,2025-07-19 17:27:583
H._squamatum,S._viscosa,Other_species,0,1,2,-1,restoration,2025-07-19 17:27:583
H._squamatum,C._hispanica,Other_species,0,1,2,-1,restoration,2025-07-19 17:27:583
S._viscosa,C._hispanica,Other_species,0,1,2,-1,restoration,2025-07-19 17:27:583
Nurse_S._viscosa,Nurse_G._struthium,H._squamatum,0,1,2,-1,natural,2025-07-19 17:27:583
Nurse_S._viscosa,Nurse_G._struthium,S._viscosa,0,1,2,-1,natural,2025-07-19 17:27:583
Nurse_S._viscosa,Nurse_G._struthium,C._hispanica,0,1,2,-1,natural,2025-07-19 17:27:583
Nurse_S._viscosa,Nurse_G._struthium,Other_species,0,1,2,-1,natural,2025-07-19 17:27:583
Nurse_S._viscosa,H._squamatum,S._viscosa,0,1,2,-1,natural,2025-07-19 17:27:583
Nurse_S._viscosa,H._squamatum,C._hispanica,0,1,2,-1,natural,2025-07-19 17:27:583
Nurse_S._viscosa,H._squamatum,Other_species,0,1,2,-1,natural,2025-07-19 17:27:583
Nurse_S._viscosa,S._viscosa,C._hispanica,0,1,2,-1,natural,2025-07-19 17:27:583
Nurse_S._viscosa,S._viscosa,Other_species,0,1,2,-1,natural,2025-07-19 17:27:583
Nurse_S._viscosa,C._hispanica,Other_species,0,1,2,-1,natural,2025-07-19 17:27:583
Nurse_G._struthium,H._squamatum,S._viscosa,0,1,2,-1,natural,2025-07-19 17:27:583
Nurse_G._struthium,H._squamatum,C._hispanica,0,1,2,-1,natural,2025-07-19 17:27:583
Nurse_G._struthium,H._squamatum,Other_species,0,1,2,-1,natural,2025-07-19 17:27:583
Nurse_G._struthium,S._viscosa,C._hispanica,0,1,2,-1,natural,2025-07-19 17:27:583
Nurse_G._struthium,S._viscosa,Other_species,0,1,2,-1,natural,2025-07-19 17:27:583
Nurse_G._struthium,C._hispanica,Other_species,0,1,2,-1,natural,2025-07-19 17:27:583
H._squamatum,S._viscosa,C._hispanica,0,1,2,-1,natural,2025-07-19 17:27:583
H._squamatum,S._viscosa,Other_species,0,1,2,-1,natural,2025-07-19 17:27:583
H._squamatum,C._hispanica,Other_species,0,1,2,-1,natural,2025-07-19 17:27:583
S._viscosa,C._hispanica,Other_species,0,1,2,-1,natural,2025-07-19 17:27:583
Nurse_S._viscosa,Nurse_G._struthium,H._squamatum,0,1,2,-1,restoration,2025-07-19 17:27:573
Nurse_S._viscosa,Nurse_G._struthium,S._viscosa,0,1,2,-1,restoration,2025-07-19 17:27:573
Nurse_S._viscosa,Nurse_G._struthium,C._hispanica,0,1,2,-1,restoration,2025-07-19 17:27:573
Nurse_S._viscosa,Nurse_G._struthium,Other_species,0,1,2,-1,restoration,2025-07-19 17:27:573
Nurse_S._viscosa,H._squamatum,S._viscosa,0,1,2,-1,restoration,2025-07-19 17:27:573
Nurse_S._viscosa,H._squamatum,C._hispanica,0,1,2,-1,restoration,2025-07-19 17:27:573
Nurse_S._viscosa,H._squamatum,Other_species,0,1,2,-1,restoration,2025-07-19 17:27:573
Nurse_S._viscosa,S._viscosa,C._hispanica,0,1,2,-1,restoration,2025-07-19 17:27:573
Nurse_S._viscosa,S._viscosa,Other_species,0,1,2,-1,restoration,2025-07-19 17:27:573
Nurse_S._viscosa,C._hispanica,Other_species,0,1,2,-1,restoration,2025-07-19 17:27:573
Nurse_G._struthium,H._squamatum,S._viscosa,0,1,2,-1,restoration,2025-07-19 17:27:573
Nurse_G._struthium,H._squamatum,C._hispanica,0,1,2,-1,restoration,2025-07-19 17:27:573
Nurse_G._struthium,H._squamatum,Other_species,0,1,2,-1,restoration,2025-07-19 17:27:573
Nurse_G._struthium,S._viscosa,C._hispanica,0,1,2,-1,restoration,2025-07-19 17:27:573
Nurse_G._struthium,S._viscosa,Other_species,0,1,2,-1,restoration,2025-07-19 17:27:573
Nurse_G._struthium,C._hispanica,Other_species,0,1,2,-1,restoration,2025-07-19 17:27:573
H._squamatum,S._viscosa,C._hispanica,0,1,2,-1,restoration,2025-07-19 17:27:573
H._squamatum,S._viscosa,Other_species,0,1,2,-1,restoration,2025-07-19 17:27:573
H._squamatum,C._hispanica,Other_species,0,1,2,-1,restoration,2025-07-19 17:27:573
S._viscosa,C._hispanica,Other_species,0,1,2,-1,restoration,2025-07-19 17:27:573
Nurse_S._viscosa,Nurse_G._struthium,H._squamatum,0,1,2,-1,natural,2025-07-19 17:27:573
Nurse_S._viscosa,Nurse_G._struthium,S._viscosa,0,1,2,-1,natural,2025-07-19 17:27:573
Nurse_S._viscosa,Nurse_G._struthium,C._hispanica,0,1,2,-1,natural,2025-07-19 17:27:573
Nurse_S._viscosa,Nurse_G._struthium,Other_species,0,1,2,-1,natural,2025-07-19 17:27:573
Nurse_S._viscosa,H._squamatum,S._viscosa,0,1,2,-1,natural,2025-07-19 17:27:573
Nurse_S._viscosa,H._squamatum,C._hispanica,0,1,2,-1,natural,2025-07-19 17:27:573
Nurse_S._viscosa,H._squamatum,Other_species,0,1,2,-1,natural,2025-07-19 17:27:573
Nurse_S._viscosa,S._viscosa,C._hispanica,0,1,2,-1,natural,2025-07-19 17:27:573
Nurse_S._viscosa,S._viscosa,Other_species,0,1,2,-1,natural,2025-07-19 17:27:573
Nurse_S._viscosa,C._hispanica,Other_species,0,1,2,-1,natural,2025-07-19 17:27:573
Nurse_G._struthium,H._squamatum,S._viscosa,0,1,2,-1,natural,2025-07-19 17:27:573
Nurse_G._struthium,H._squamatum,C._hispanica,0,1,2,-1,natural,2025-07-19 17:27:573
Nurse_G._struthium,H._squamatum,Other_species,0,1,2,-1,natural,2025-07-19 17:27:573
Nurse_G._struthium,S._viscosa,C._hispanica,0,1,2,-1,natural,2025-07-19 17:27:573
Nurse_G._struthium,S._viscosa,Other_species,0,1,2,-1,natural,2025-07-19 17:27:573
Nurse_G._struthium,C._hispanica,Other_species,0,1,2,-1,natural,2025-07-19 17:27:573
H._squamatum,S._viscosa,C._hispanica,0,1,2,-1,natural,2025-07-19 17:27:573
H._squamatum,S._viscosa,Other_species,0,1,2,-1,natural,2025-07-19 17:27:573
H._squamatum,C._hispanica,Other_species,0,1,2,-1,natural,2025-07-19 17:27:573
S._viscosa,C._hispanica,Other_species,0,1,2,-1,natural,2025-07-19 17:27:573
Nurse_S._viscosa,Nurse_G._struthium,H._squamatum,0,1,2,-1,restoration,2025-07-19 17:27:573
Nurse_S._viscosa,Nurse_G._struthium,S._viscosa,0,1,2,-1,restoration,2025-07-19 17:27:573
Nurse_S._viscosa,Nurse_G._struthium,C._hispanica,0,1,2,-1,restoration,2025-07-19 17:27:573
Nurse_S._viscosa,Nurse_G._struthium,Other_species,0,1,2,-1,restoration,2025-07-19 17:27:573
Nurse_S._viscosa,H._squamatum,S._viscosa,0,1,2,-1,restoration,2025-07-19 17:27:573
Nurse_S._viscosa,H._squamatum,C._hispanica,0,1,2,-1,restoration,2025-07-19 17:27:573
Nurse_S._viscosa,H._squamatum,Other_species,0,1,2,-1,restoration,2025-07-19 17:27:573
Nurse_S._viscosa,S._viscosa,C._hispanica,0,1,2,-1,restoration,2025-07-19 17:27:573
Nurse_S._viscosa,S._viscosa,Other_species,0,1,2,-1,restoration,2025-07-19 17:27:573
Nurse_S._viscosa,C._hispanica,Other_species,0,1,2,-1,restoration,2025-07-19 17:27:573
Nurse_G._struthium,H._squamatum,S._viscosa,0,1,2,-1,restoration,2025-07-19 17:27:573
Nurse_G._struthium,H._squamatum,C._hispanica,0,1,2,-1,restoration,2025-07-19 17:27:573
Nurse_G._struthium,H._squamatum,Other_species,0,1,2,-1,restoration,2025-07-19 17:27:573
Nurse_G._struthium,S._viscosa,C._hispanica,0,1,2,-1,restoration,2025-07-19 17:27:573
Nurse_G._struthium,S._viscosa,Other_species,0,1,2,-1,restoration,2025-07-19 17:27:573
Nurse_G._struthium,C._hispanica,Other_species,0,1,2,-1,restoration,2025-07-19 17:27:573
H._squamatum,S._viscosa,C._hispanica,0,1,2,-1,restoration,2025-07-19 17:27:573
H._squamatum,S._viscosa,Other_species,0,1,2,-1,restoration,2025-07-19 17:27:573
H._squamatum,C._hispanica,Other_species,0,1,2,-1,restoration,2025-07-19 17:27:573
S._viscosa,C._hispanica,Other_species,0,1,2,-1,restoration,2025-07-19 17:27:573
Nurse_S._viscosa,Nurse_G._struthium,H._squamatum,0,1,2,-1,natural,2025-07-19 17:27:573
Nurse_S._viscosa,Nurse_G._struthium,S._viscosa,0,1,2,-1,natural,2025-07-19 17:27:573
Nurse_S._viscosa,Nurse_G._struthium,C._hispanica,0,1,2,-1,natural,2025-07-19 17:27:573
Nurse_S._viscosa,Nurse_G._struthium,Other_species,0,1,2,-1,natural,2025-07-19 17:27:573
Nurse_S._viscosa,H._squamatum,S._viscosa,0,1,2,-1,natural,2025-07-19 17:27:573
Nurse_S._viscosa,H._squamatum,C._hispanica,0,1,2,-1,natural,2025-07-19 17:27:573
Nurse_S._viscosa,H._squamatum,Other_species,0,1,2,-1,natural,2025-07-19 17:27:573
Nurse_S._viscosa,S._viscosa,C._hispanica,0,1,2,-1,natural,2025-07-19 17:27:573
Nurse_S._viscosa,S._viscosa,Other_species,0,1,2,-1,natural,2025-07-19 17:27:573
Nurse_S._viscosa,C._hispanica,Other_species,0,1,2,-1,natural,2025-07-19 17:27:573
Nurse_G._struthium,H._squamatum,S._viscosa,0,1,2,-1,natural,2025-07-19 17:27:573
Nurse_G._struthium,H._squamatum,C._hispanica,0,1,2,-1,natural,2025-07-19 17:27:573
Nurse_G._struthium,H._squamatum,Other_species,0,1,2,-1,natural,2025-07-19 17:27:573
Nurse_G._struthium,S._viscosa,C._hispanica,0,1,2,-1,natural,2025-07-19 17:27:573
Nurse_G._struthium,S._viscosa,Other_species,0,1,2,-1,natural,2025-07-19 17:27:573
Nurse_G._struthium,C._hispanica,Other_species,0,1,2,-1,natural,2025-07-19 17:27:573
H._squamatum,S._viscosa,C._hispanica,0,1,2,-1,natural,2025-07-19 17:27:573
H._squamatum,S._viscosa,Other_species,0,1,2,-1,natural,2025-07-19 17:27:573
H._squamatum,C._hispanica,Other_species,0,1,2,-1,natural,2025-07-19 17:27:573
S._viscosa,C._hispanica,Other_species,0,1,2,-1,natural,2025-07-19 17:27:573
Nurse_S._viscosa,Nurse_G._struthium,H._squamatum,0,1,2,-1,restoration,2025-07-19 17:27:573
Nurse_S._viscosa,Nurse_G._struthium,S._viscosa,0,1,2,-1,restoration,2025-07-19 17:27:573
Nurse_S._viscosa,Nurse_G._struthium,C._hispanica,0,1,2,-1,restoration,2025-07-19 17:27:573
Nurse_S._viscosa,Nurse_G._struthium,Other_species,0,1,2,-1,restoration,2025-07-19 17:27:573
Nurse_S._viscosa,H._squamatum,S._viscosa,0,1,2,-1,restoration,2025-07-19 17:27:573
Nurse_S._viscosa,H._squamatum,C._hispanica,0,1,2,-1,restoration,2025-07-19 17:27:573
Nurse_S._viscosa,H._squamatum,Other_species,0,1,2,-1,restoration,2025-07-19 17:27:573
Nurse_S._viscosa,S._viscosa,C._hispanica,0,1,2,-1,restoration,2025-07-19 17:27:573
Nurse_S._viscosa,S._viscosa,Other_species,0,1,2,-1,restoration,2025-07-19 17:27:573
Nurse_S._viscosa,C._hispanica,Other_species,0,1,2,-1,restoration,2025-07-19 17:27:573
Nurse_G._struthium,H._squamatum,S._viscosa,0,1,2,-1,restoration,2025-07-19 17:27:573
Nurse_G._struthium,H._squamatum,C._hispanica,0,1,2,-1,restoration,2025-07-19 17:27:573
Nurse_G._struthium,H._squamatum,Other_species,0,1,2,-1,restoration,2025-07-19 17:27:573
Nurse_G._struthium,S._viscosa,C._hispanica,0,1,2,-1,restoration,2025-07-19 17:27:573
Nurse_G._struthium,S._viscosa,Other_species,0,1,2,-1,restoration,2025-07-19 17:27:573
Nurse_G._struthium,C._hispanica,Other_species,0,1,2,-1,restoration,2025-07-19 17:27:573
H._squamatum,S._viscosa,C._hispanica,0,1,2,-1,restoration,2025-07-19 17:27:573
H._squamatum,S._viscosa,Other_species,0,1,2,-1,restoration,2025-07-19 17:27:573
H._squamatum,C._hispanica,Other_species,0,1,2,-1,restoration,2025-07-19 17:27:573
S._viscosa,C._hispanica,Other_species,0,1,2,-1,restoration,2025-07-19 17:27:573
Nurse_S._viscosa,Nurse_G._struthium,H._squamatum,0,1,2,-1,natural,2025-07-19 17:27:573
Nurse_S._viscosa,Nurse_G._struthium,S._viscosa,0,1,2,-1,natural,2025-07-19 17:27:573
Nurse_S._viscosa,Nurse_G._struthium,C._hispanica,0,1,2,-1,natural,2025-07-19 17:27:573
Nurse_S._viscosa,Nurse_G._struthium,Other_species,0,1,2,-1,natural,2025-07-19 17:27:573
Nurse_S._viscosa,H._squamatum,S._viscosa,0,1,2,-1,natural,2025-07-19 17:27:573
Nurse_S._viscosa,H._squamatum,C._hispanica,0,1,2,-1,natural,2025-07-19 17:27:573
Nurse_S._viscosa,H._squamatum,Other_species,0,1,2,-1,natural,2025-07-19 17:27:573
Nurse_S._viscosa,S._viscosa,C._hispanica,0,1,2,-1,natural,2025-07-19 17:27:573
Nurse_S._viscosa,S._viscosa,Other_species,0,1,2,-1,natural,2025-07-19 17:27:573
Nurse_S._viscosa,C._hispanica,Other_species,0,1,2,-1,natural,2025-07-19 17:27:573
Nurse_G._struthium,H._squamatum,S._viscosa,0,1,2,-1,natural,2025-07-19 17:27:573
Nurse_G._struthium,H._squamatum,C._hispanica,0,1,2,-1,natural,2025-07-19 17:27:573
Nurse_G._struthium,H._squamatum,Other_species,0,1,2,-1,natural,2025-07-19 17:27:573
Nurse_G._struthium,S._viscosa,C._hispanica,0,1,2,-1,natural,2025-07-19 17:27:573
Nurse_G._struthium,S._viscosa,Other_species,0,1,2,-1,natural,2025-07-19 17:27:573
Nurse_G._struthium,C._hispanica,Other_species,0,1,2,-1,natural,2025-07-19 17:27:573
H._squamatum,S._viscosa,C._hispanica,0,1,2,-1,natural,2025-07-19 17:27:573
H._squamatum,S._viscosa,Other_species,0,1,2,-1,natural,2025-07-19 17:27:573
H._squamatum,C._hispanica,Other_species,0,1,2,-1,natural,2025-07-19 17:27:573
S._viscosa,C._hispanica,Other_species,0,1,2,-1,natural,2025-07-19 17:27:573
Nurse_S._viscosa,Nurse_G._struthium,H._squamatum,0,1,2,-1,restoration,2025-07-19 17:27:563
Nurse_S._viscosa,Nurse_G._struthium,S._viscosa,0,1,2,-1,restoration,2025-07-19 17:27:563
Nurse_S._viscosa,Nurse_G._struthium,C._hispanica,0,1,2,-1,restoration,2025-07-19 17:27:563
Nurse_S._viscosa,Nurse_G._struthium,Other_species,0,1,2,-1,restoration,2025-07-19 17:27:563
Nurse_S._viscosa,H._squamatum,S._viscosa,0,1,2,-1,restoration,2025-07-19 17:27:563
Nurse_S._viscosa,H._squamatum,C._hispanica,0,1,2,-1,restoration,2025-07-19 17:27:563
Nurse_S._viscosa,H._squamatum,Other_species,0,1,2,-1,restoration,2025-07-19 17:27:563
Nurse_S._viscosa,S._viscosa,C._hispanica,0,1,2,-1,restoration,2025-07-19 17:27:563
Nurse_S._viscosa,S._viscosa,Other_species,0,1,2,-1,restoration,2025-07-19 17:27:563
Nurse_S._viscosa,C._hispanica,Other_species,0,1,2,-1,restoration,2025-07-19 17:27:563
Nurse_G._struthium,H._squamatum,S._viscosa,0,1,2,-1,restoration,2025-07-19 17:27:563
Nurse_G._struthium,H._squamatum,C._hispanica,0,1,2,-1,restoration,2025-07-19 17:27:563
Nurse_G._struthium,H._squamatum,Other_species,0,1,2,-1,restoration,2025-07-19 17:27:563
Nurse_G._struthium,S._viscosa,C._hispanica,0,1,2,-1,restoration,2025-07-19 17:27:563
Nurse_G._struthium,S._viscosa,Other_species,0,1,2,-1,restoration,2025-07-19 17:27:563
Nurse_G._struthium,C._hispanica,Other_species,0,1,2,-1,restoration,2025-07-19 17:27:563
H._squamatum,S._viscosa,C._hispanica,0,1,2,-1,restoration,2025-07-19 17:27:563
H._squamatum,S._viscosa,Other_species,0,1,2,-1,restoration,2025-07-19 17:27:563
H._squamatum,C._hispanica,Other_species,0,1,2,-1,restoration,2025-07-19 17:27:563
S._viscosa,C._hispanica,Other_species,0,1,2,-1,restoration,2025-07-19 17:27:563
Nurse_S._viscosa,Nurse_G._struthium,H._squamatum,0,1,2,-1,natural,2025-07-19 17:27:563
Nurse_S._viscosa,Nurse_G._struthium,S._viscosa,0,1,2,-1,natural,2025-07-19 17:27:563
Nurse_S._viscosa,Nurse_G._struthium,C._hispanica,0,1,2,-1,natural,2025-07-19 17:27:563
Nurse_S._viscosa,Nurse_G._struthium,Other_species,0,1,2,-1,natural,2025-07-19 17:27:563
Nurse_S._viscosa,H._squamatum,S._viscosa,0,1,2,-1,natural,2025-07-19 17:27:563
Nurse_S._viscosa,H._squamatum,C._hispanica,0,1,2,-1,natural,2025-07-19 17:27:563
Nurse_S._viscosa,H._squamatum,Other_species,0,1,2,-1,natural,2025-07-19 17:27:563
Nurse_S._viscosa,S._viscosa,C._hispanica,0,1,2,-1,natural,2025-07-19 17:27:563
Nurse_S._viscosa,S._viscosa,Other_species,0,1,2,-1,natural,2025-07-19 17:27:563
Nurse_S._viscosa,C._hispanica,Other_species,0,1,2,-1,natural,2025-07-19 17:27:563
Nurse_G._struthium,H._squamatum,S._viscosa,0,1,2,-1,natural,2025-07-19 17:27:563
Nurse_G._struthium,H._squamatum,C._hispanica,0,1,2,-1,natural,2025-07-19 17:27:563
Nurse_G._struthium,H._squamatum,Other_species,0,1,2,-1,natural,2025-07-19 17:27:563
Nurse_G._struthium,S._viscosa,C._hispanica,0,1,2,-1,natural,2025-07-19 17:27:563
Nurse_G._struthium,S._viscosa,Other_species,0,1,2,-1,natural,2025-07-19 17:27:563
Nurse_G._struthium,C._hispanica,Other_species,0,1,2,-1,natural,2025-07-19 17:27:563
H._squamatum,S._viscosa,C._hispanica,0,1,2,-1,natural,2025-07-19 17:27:563
H._squamatum,S._viscosa,Other_species,0,1,2,-1,natural,2025-07-19 17:27:563
H._squamatum,C._hispanica,Other_species,0,1,2,-1,natural,2025-07-19 17:27:563
S._viscosa,C._hispanica,Other_species,0,1,2,-1,natural,2025-07-19 17:27:563
Nurse_S._viscosa,Nurse_G._struthium,H._squamatum,0,1,2,-1,restoration,2025-07-19 17:27:563
Nurse_S._viscosa,Nurse_G._struthium,S._viscosa,0,1,2,-1,restoration,2025-07-19 17:27:563
Nurse_S._viscosa,Nurse_G._struthium,C._hispanica,0,1,2,-1,restoration,2025-07-19 17:27:563
Nurse_S._viscosa,Nurse_G._struthium,Other_species,0,1,2,-1,restoration,2025-07-19 17:27:563
Nurse_S._viscosa,H._squamatum,S._viscosa,0,1,2,-1,restoration,2025-07-19 17:27:563
Nurse_S._viscosa,H._squamatum,C._hispanica,0,1,2,-1,restoration,2025-07-19 17:27:563
Nurse_S._viscosa,H._squamatum,Other_species,0,1,2,-1,restoration,2025-07-19 17:27:563
Nurse_S._viscosa,S._viscosa,C._hispanica,0,1,2,-1,restoration,2025-07-19 17:27:563
Nurse_S._viscosa,S._viscosa,Other_species,0,1,2,-1,restoration,2025-07-19 17:27:563
Nurse_S._viscosa,C._hispanica,Other_species,0,1,2,-1,restoration,2025-07-19 17:27:563
Nurse_G._struthium,H._squamatum,S._viscosa,0,1,2,-1,restoration,2025-07-19 17:27:563
Nurse_G._struthium,H._squamatum,C._hispanica,0,1,2,-1,restoration,2025-07-19 17:27:563
Nurse_G._struthium,H._squamatum,Other_species,0,1,2,-1,restoration,2025-07-19 17:27:563
Nurse_G._struthium,S._viscosa,C._hispanica,0,1,2,-1,restoration,2025-07-19 17:27:563
Nurse_G._struthium,S._viscosa,Other_species,0,1,2,-1,restoration,2025-07-19 17:27:563
Nurse_G._struthium,C._hispanica,Other_species,0,1,2,-1,restoration,2025-07-19 17:27:563
H._squamatum,S._viscosa,C._hispanica,0,1,2,-1,restoration,2025-07-19 17:27:563
H._squamatum,S._viscosa,Other_species,0,1,2,-1,restoration,2025-07-19 17:27:563
H._squamatum,C._hispanica,Other_species,0,1,2,-1,restoration,2025-07-19 17:27:563
S._viscosa,C._hispanica,Other_species,0,1,2,-1,restoration,2025-07-19 17:27:563
Nurse_S._viscosa,Nurse_G._struthium,H._squamatum,0,1,2,-1,natural,2025-07-19 17:27:563
Nurse_S._viscosa,Nurse_G._struthium,S._viscosa,0,1,2,-1,natural,2025-07-19 17:27:563
Nurse_S._viscosa,Nurse_G._struthium,C._hispanica,0,1,2,-1,natural,2025-07-19 17:27:563
Nurse_S._viscosa,Nurse_G._struthium,Other_species,0,1,2,-1,natural,2025-07-19 17:27:563
Nurse_S._viscosa,H._squamatum,S._viscosa,0,1,2,-1,natural,2025-07-19 17:27:563
Nurse_S._viscosa,H._squamatum,C._hispanica,0,1,2,-1,natural,2025-07-19 17:27:563
Nurse_S._viscosa,H._squamatum,Other_species,0,1,2,-1,natural,2025-07-19 17:27:563
Nurse_S._viscosa,S._viscosa,C._hispanica,0,1,2,-1,natural,2025-07-19 17:27:563
Nurse_S._viscosa,S._viscosa,Other_species,0,1,2,-1,natural,2025-07-19 17:27:563
Nurse_S._viscosa,C._hispanica,Other_species,0,1,2,-1,natural,2025-07-19 17:27:563
Nurse_G._struthium,H._squamatum,S._viscosa,0,1,2,-1,natural,2025-07-19 17:27:563
Nurse_G._struthium,H._squamatum,C._hispanica,0,1,2,-1,natural,2025-07-19 17:27:563
Nurse_G._struthium,H._squamatum,Other_species,0,1,2,-1,natural,2025-07-19 17:27:563
Nurse_G._struthium,S._viscosa,C._hispanica,0,1,2,-1,natural,2025-07-19 17:27:563
Nurse_G._struthium,S._viscosa,Other_species,0,1,2,-1,natural,2025-07-19 17:27:563
Nurse_G._struthium,C._hispanica,Other_species,0,1,2,-1,natural,2025-07-19 17:27:563
H._squamatum,S._viscosa,C._hispanica,0,1,2,-1,natural,2025-07-19 17:27:563
H._squamatum,S._viscosa,Other_species,0,1,2,-1,natural,2025-07-19 17:27:563
H._squamatum,C._hispanica,Other_species,0,1,2,-1,natural,2025-07-19 17:27:563
S._viscosa,C._hispanica,Other_species,0,1,2,-1,natural,2025-07-19 17:27:563
Nurse_S._viscosa,Nurse_G._struthium,H._squamatum,0,1,2,-1,restoration,2025-07-19 17:27:563
Nurse_S._viscosa,Nurse_G._struthium,S._viscosa,0,1,2,-1,restoration,2025-07-19 17:27:563
Nurse_S._viscosa,Nurse_G._struthium,C._hispanica,0,1,2,-1,restoration,2025-07-19 17:27:563
Nurse_S._viscosa,Nurse_G._struthium,Other_species,0,1,2,-1,restoration,2025-07-19 17:27:563
Nurse_S._viscosa,H._squamatum,S._viscosa,0,1,2,-1,restoration,2025-07-19 17:27:563
Nurse_S._viscosa,H._squamatum,C._hispanica,0,1,2,-1,restoration,2025-07-19 17:27:563
Nurse_S._viscosa,H._squamatum,Other_species,0,1,2,-1,restoration,2025-07-19 17:27:563
Nurse_S._viscosa,S._viscosa,C._hispanica,0,1,2,-1,restoration,2025-07-19 17:27:563
Nurse_S._viscosa,S._viscosa,Other_species,0,1,2,-1,restoration,2025-07-19 17:27:563
Nurse_S._viscosa,C._hispanica,Other_species,0,1,2,-1,restoration,2025-07-19 17:27:563
Nurse_G._struthium,H._squamatum,S._viscosa,0,1,2,-1,restoration,2025-07-19 17:27:563
Nurse_G._struthium,H._squamatum,C._hispanica,0,1,2,-1,restoration,2025-07-19 17:27:563
Nurse_G._struthium,H._squamatum,Other_species,0,1,2,-1,restoration,2025-07-19 17:27:563
Nurse_G._struthium,S._viscosa,C._hispanica,0,1,2,-1,restoration,2025-07-19 17:27:563
Nurse_G._struthium,S._viscosa,Other_species,0,1,2,-1,restoration,2025-07-19 17:27:563
Nurse_G._struthium,C._hispanica,Other_species,0,1,2,-1,restoration,2025-07-19 17:27:563
H._squamatum,S._viscosa,C._hispanica,0,1,2,-1,restoration,2025-07-19 17:27:563
H._squamatum,S._viscosa,Other_species,0,1,2,-1,restoration,2025-07-19 17:27:563
H._squamatum,C._hispanica,Other_species,0,1,2,-1,restoration,2025-07-19 17:27:563
S._viscosa,C._hispanica,Other_species,0,1,2,-1,restoration,2025-07-19 17:27:563
Nurse_S._viscosa,Nurse_G._struthium,H._squamatum,0,1,2,-1,natural,2025-07-19 17:27:563
Nurse_S._viscosa,Nurse_G._struthium,S._viscosa,0,1,2,-1,natural,2025-07-19 17:27:563
Nurse_S._viscosa,Nurse_G._struthium,C._hispanica,0,1,2,-1,natural,2025-07-19 17:27:563
Nurse_S._viscosa,Nurse_G._struthium,Other_species,0,1,2,-1,natural,2025-07-19 17:27:563
Nurse_S._viscosa,H._squamatum,S._viscosa,0,1,2,-1,natural,2025-07-19 17:27:563
Nurse_S._viscosa,H._squamatum,C._hispanica,0,1,2,-1,natural,2025-07-19 17:27:563
Nurse_S._viscosa,H._squamatum,Other_species,0,1,2,-1,natural,2025-07-19 17:27:563
Nurse_S._viscosa,S._viscosa,C._hispanica,0,1,2,-1,natural,2025-07-19 17:27:563
Nurse_S._viscosa,S._viscosa,Other_species,0,1,2,-1,natural,2025-07-19 17:27:563
Nurse_S._viscosa,C._hispanica,Other_species,0,1,2,-1,natural,2025-07-19 17:27:563
Nurse_G._struthium,H._squamatum,S._viscosa,0,1,2,-1,natural,2025-07-19 17:27:563
Nurse_G._struthium,H._squamatum,C._hispanica,0,1,2,-1,natural,2025-07-19 17:27:563
Nurse_G._struthium,H._squamatum,Other_species,0,1,2,-1,natural,2025-07-19 17:27:563
Nurse_G._struthium,S._viscosa,C._hispanica,0,1,2,-1,natural,2025-07-19 17:27:563
Nurse_G._struthium,S._viscosa,Other_species,0,1,2,-1,natural,2025-07-19 17:27:563
Nurse_G._struthium,C._hispanica,Other_species,0,1,2,-1,natural,2025-07-19 17:27:563
H._squamatum,S._viscosa,C._hispanica,0,1,2,-1,natural,2025-07-19 17:27:563
H._squamatum,S._viscosa,Other_species,0,1,2,-1,natural,2025-07-19 17:27:563
H._squamatum,C._hispanica,Other_species,0,1,2,-1,natural,2025-07-19 17:27:563
S._viscosa,C._hispanica,Other_species,0,1,2,-1,natural,2025-07-19 17:27:563
Nurse_S._viscosa,Nurse_G._struthium,H._squamatum,0,1,2,-1,restoration,2025-07-19 17:27:553
Nurse_S._viscosa,Nurse_G._struthium,S._viscosa,0,1,2,-1,restoration,2025-07-19 17:27:553
Nurse_S._viscosa,Nurse_G._struthium,C._hispanica,0,1,2,-1,restoration,2025-07-19 17:27:553
Nurse_S._viscosa,Nurse_G._struthium,Other_species,0,1,2,-1,restoration,2025-07-19 17:27:553
Nurse_S._viscosa,H._squamatum,S._viscosa,0,1,2,-1,restoration,2025-07-19 17:27:553
Nurse_S._viscosa,H._squamatum,C._hispanica,0,1,2,-1,restoration,2025-07-19 17:27:553
Nurse_S._viscosa,H._squamatum,Other_species,0,1,2,-1,restoration,2025-07-19 17:27:553
Nurse_S._viscosa,S._viscosa,C._hispanica,0,1,2,-1,restoration,2025-07-19 17:27:553
Nurse_S._viscosa,S._viscosa,Other_species,0,1,2,-1,restoration,2025-07-19 17:27:553
Nurse_S._viscosa,C._hispanica,Other_species,0,1,2,-1,restoration,2025-07-19 17:27:553
Nurse_G._struthium,H._squamatum,S._viscosa,0,1,2,-1,restoration,2025-07-19 17:27:553
Nurse_G._struthium,H._squamatum,C._hispanica,0,1,2,-1,restoration,2025-07-19 17:27:553
Nurse_G._struthium,H._squamatum,Other_species,0,1,2,-1,restoration,2025-07-19 17:27:553
Nurse_G._struthium,S._viscosa,C._hispanica,0,1,2,-1,restoration,2025-07-19 17:27:553
Nurse_G._struthium,S._viscosa,Other_species,0,1,2,-1,restoration,2025-07-19 17:27:553
Nurse_G._struthium,C._hispanica,Other_species,0,1,2,-1,restoration,2025-07-19 17:27:553
H._squamatum,S._viscosa,C._hispanica,0,1,2,-1,restoration,2025-07-19 17:27:553
H._squamatum,S._viscosa,Other_species,0,1,2,-1,restoration,2025-07-19 17:27:553
H._squamatum,C._hispanica,Other_species,0,1,2,-1,restoration,2025-07-19 17:27:553
S._viscosa,C._hispanica,Other_species,0,1,2,-1,restoration,2025-07-19 17:27:553
Nurse_S._viscosa,Nurse_G._struthium,H._squamatum,0,1,2,-1,natural,2025-07-19 17:27:553
Nurse_S._viscosa,Nurse_G._struthium,S._viscosa,0,1,2,-1,natural,2025-07-19 17:27:553
Nurse_S._viscosa,Nurse_G._struthium,C._hispanica,0,1,2,-1,natural,2025-07-19 17:27:553
Nurse_S._viscosa,Nurse_G._struthium,Other_species,0,1,2,-1,natural,2025-07-19 17:27:553
Nurse_S._viscosa,H._squamatum,S._viscosa,0,1,2,-1,natural,2025-07-19 17:27:553
Nurse_S._viscosa,H._squamatum,C._hispanica,0,1,2,-1,natural,2025-07-19 17:27:553
Nurse_S._viscosa,H._squamatum,Other_species,0,1,2,-1,natural,2025-07-19 17:27:553
Nurse_S._viscosa,S._viscosa,C._hispanica,0,1,2,-1,natural,2025-07-19 17:27:553
Nurse_S._viscosa,S._viscosa,Other_species,0,1,2,-1,natural,2025-07-19 17:27:553
Nurse_S._viscosa,C._hispanica,Other_species,0,1,2,-1,natural,2025-07-19 17:27:553
Nurse_G._struthium,H._squamatum,S._viscosa,0,1,2,-1,natural,2025-07-19 17:27:553
Nurse_G._struthium,H._squamatum,C._hispanica,0,1,2,-1,natural,2025-07-19 17:27:553
Nurse_G._struthium,H._squamatum,Other_species,0,1,2,-1,natural,2025-07-19 17:27:553
Nurse_G._struthium,S._viscosa,C._hispanica,0,1,2,-1,natural,2025-07-19 17:27:553
Nurse_G._struthium,S._viscosa,Other_species,0,1,2,-1,natural,2025-07-19 17:27:553
Nurse_G._struthium,C._hispanica,Other_species,0,1,2,-1,natural,2025-07-19 17:27:553
H._squamatum,S._viscosa,C._hispanica,0,1,2,-1,natural,2025-07-19 17:27:553
H._squamatum,S._viscosa,Other_species,0,1,2,-1,natural,2025-07-19 17:27:553
H._squamatum,C._hispanica,Other_species,0,1,2,-1,natural,2025-07-19 17:27:553
S._viscosa,C._hispanica,Other_species,0,1,2,-1,natural,2025-07-19 17:27:553
Nurse_S._viscosa,Nurse_G._struthium,H._squamatum,0,1,2,-1,restoration,2025-07-19 17:27:553
Nurse_S._viscosa,Nurse_G._struthium,S._viscosa,0,1,2,-1,restoration,2025-07-19 17:27:553
Nurse_S._viscosa,Nurse_G._struthium,C._hispanica,0,1,2,-1,restoration,2025-07-19 17:27:553
Nurse_S._viscosa,Nurse_G._struthium,Other_species,0,1,2,-1,restoration,2025-07-19 17:27:553
Nurse_S._viscosa,H._squamatum,S._viscosa,0,1,2,-1,restoration,2025-07-19 17:27:553
Nurse_S._viscosa,H._squamatum,C._hispanica,0,1,2,-1,restoration,2025-07-19 17:27:553
Nurse_S._viscosa,H._squamatum,Other_species,0,1,2,-1,restoration,2025-07-19 17:27:553
Nurse_S._viscosa,S._viscosa,C._hispanica,0,1,2,-1,restoration,2025-07-19 17:27:553
Nurse_S._viscosa,S._viscosa,Other_species,0,1,2,-1,restoration,2025-07-19 17:27:553
Nurse_S._viscosa,C._hispanica,Other_species,0,1,2,-1,restoration,2025-07-19 17:27:553
Nurse_G._struthium,H._squamatum,S._viscosa,0,1,2,-1,restoration,2025-07-19 17:27:553
Nurse_G._struthium,H._squamatum,C._hispanica,0,1,2,-1,restoration,2025-07-19 17:27:553
Nurse_G._struthium,H._squamatum,Other_species,0,1,2,-1,restoration,2025-07-19 17:27:553
Nurse_G._struthium,S._viscosa,C._hispanica,0,1,2,-1,restoration,2025-07-19 17:27:553
Nurse_G._struthium,S._viscosa,Other_species,0,1,2,-1,restoration,2025-07-19 17:27:553
Nurse_G._struthium,C._hispanica,Other_species,0,1,2,-1,restoration,2025-07-19 17:27:553
H._squamatum,S._viscosa,C._hispanica,0,1,2,-1,restoration,2025-07-19 17:27:553
H._squamatum,S._viscosa,Other_species,0,1,2,-1,restoration,2025-07-19 17:27:553
H._squamatum,C._hispanica,Other_species,0,1,2,-1,restoration,2025-07-19 17:27:553
S._viscosa,C._hispanica,Other_species,0,1,2,-1,restoration,2025-07-19 17:27:553
Nurse_S._viscosa,Nurse_G._struthium,H._squamatum,0,1,2,-1,natural,2025-07-19 17:27:553
Nurse_S._viscosa,Nurse_G._struthium,S._viscosa,0,1,2,-1,natural,2025-07-19 17:27:553
Nurse_S._viscosa,Nurse_G._struthium,C._hispanica,0,1,2,-1,natural,2025-07-19 17:27:553
Nurse_S._viscosa,Nurse_G._struthium,Other_species,0,1,2,-1,natural,2025-07-19 17:27:553
Nurse_S._viscosa,H._squamatum,S._viscosa,0,1,2,-1,natural,2025-07-19 17:27:553
Nurse_S._viscosa,H._squamatum,C._hispanica,0,1,2,-1,natural,2025-07-19 17:27:553
Nurse_S._viscosa,H._squamatum,Other_species,0,1,2,-1,natural,2025-07-19 17:27:553
Nurse_S._viscosa,S._viscosa,C._hispanica,0,1,2,-1,natural,2025-07-19 17:27:553
Nurse_S._viscosa,S._viscosa,Other_species,0,1,2,-1,natural,2025-07-19 17:27:553
Nurse_S._viscosa,C._hispanica,Other_species,0,1,2,-1,natural,2025-07-19 17:27:553
Nurse_G._struthium,H._squamatum,S._viscosa,0,1,2,-1,natural,2025-07-19 17:27:553
Nurse_G._struthium,H._squamatum,C._hispanica,0,1,2,-1,natural,2025-07-19 17:27:553
Nurse_G._struthium,H._squamatum,Other_species,0,1,2,-1,natural,2025-07-19 17:27:553
Nurse_G._struthium,S._viscosa,C._hispanica,0,1,2,-1,natural,2025-07-19 17:27:553
Nurse_G._struthium,S._viscosa,Other_species,0,1,2,-1,natural,2025-07-19 17:27:553
Nurse_G._struthium,C._hispanica,Other_species,0,1,2,-1,natural,2025-07-19 17:27:553
H._squamatum,S._viscosa,C._hispanica,0,1,2,-1,natural,2025-07-19 17:27:553
H._squamatum,S._viscosa,Other_species,0,1,2,-1,natural,2025-07-19 17:27:553
H._squamatum,C._hispanica,Other_species,0,1,2,-1,natural,2025-07-19 17:27:553
S._viscosa,C._hispanica,Other_species,0,1,2,-1,natural,2025-07-19 17:27:553
Nurse_S._viscosa,Nurse_G._struthium,H._squamatum,0,1,2,-1,restoration,2025-07-19 17:27:543
Nurse_S._viscosa,Nurse_G._struthium,S._viscosa,0,1,2,-1,restoration,2025-07-19 17:27:543
Nurse_S._viscosa,Nurse_G._struthium,C._hispanica,0,1,2,-1,restoration,2025-07-19 17:27:543
Nurse_S._viscosa,Nurse_G._struthium,Other_species,0,1,2,-1,restoration,2025-07-19 17:27:543
Nurse_S._viscosa,H._squamatum,S._viscosa,0,1,2,-1,restoration,2025-07-19 17:27:543
Nurse_S._viscosa,H._squamatum,C._hispanica,0,1,2,-1,restoration,2025-07-19 17:27:543
Nurse_S._viscosa,H._squamatum,Other_species,0,1,2,-1,restoration,2025-07-19 17:27:543
Nurse_S._viscosa,S._viscosa,C._hispanica,0,1,2,-1,restoration,2025-07-19 17:27:543
Nurse_S._viscosa,S._viscosa,Other_species,0,1,2,-1,restoration,2025-07-19 17:27:543
Nurse_S._viscosa,C._hispanica,Other_species,0,1,2,-1,restoration,2025-07-19 17:27:543
Nurse_G._struthium,H._squamatum,S._viscosa,0,1,2,-1,restoration,2025-07-19 17:27:543
Nurse_G._struthium,H._squamatum,C._hispanica,0,1,2,-1,restoration,2025-07-19 17:27:543
Nurse_G._struthium,H._squamatum,Other_species,0,1,2,-1,restoration,2025-07-19 17:27:543
Nurse_G._struthium,S._viscosa,C._hispanica,0,1,2,-1,restoration,2025-07-19 17:27:543
Nurse_G._struthium,S._viscosa,Other_species,0,1,2,-1,restoration,2025-07-19 17:27:543
Nurse_G._struthium,C._hispanica,Other_species,0,1,2,-1,restoration,2025-07-19 17:27:543
H._squamatum,S._viscosa,C._hispanica,0,1,2,-1,restoration,2025-07-19 17:27:543
H._squamatum,S._viscosa,Other_species,0,1,2,-1,restoration,2025-07-19 17:27:543
H._squamatum,C._hispanica,Other_species,0,1,2,-1,restoration,2025-07-19 17:27:543
S._viscosa,C._hispanica,Other_species,0,1,2,-1,restoration,2025-07-19 17:27:543
Nurse_S._viscosa,Nurse_G._struthium,H._squamatum,0,1,2,-1,natural,2025-07-19 17:27:543
Nurse_S._viscosa,Nurse_G._struthium,S._viscosa,0,1,2,-1,natural,2025-07-19 17:27:543
Nurse_S._viscosa,Nurse_G._struthium,C._hispanica,0,1,2,-1,natural,2025-07-19 17:27:543
Nurse_S._viscosa,Nurse_G._struthium,Other_species,0,1,2,-1,natural,2025-07-19 17:27:543
Nurse_S._viscosa,H._squamatum,S._viscosa,0,1,2,-1,natural,2025-07-19 17:27:543
Nurse_S._viscosa,H._squamatum,C._hispanica,0,1,2,-1,natural,2025-07-19 17:27:543
Nurse_S._viscosa,H._squamatum,Other_species,0,1,2,-1,natural,2025-07-19 17:27:543
Nurse_S._viscosa,S._viscosa,C._hispanica,0,1,2,-1,natural,2025-07-19 17:27:543
Nurse_S._viscosa,S._viscosa,Other_species,0,1,2,-1,natural,2025-07-19 17:27:543
Nurse_S._viscosa,C._hispanica,Other_species,0,1,2,-1,natural,2025-07-19 17:27:543
Nurse_G._struthium,H._squamatum,S._viscosa,0,1,2,-1,natural,2025-07-19 17:27:543
Nurse_G._struthium,H._squamatum,C._hispanica,0,1,2,-1,natural,2025-07-19 17:27:543
Nurse_G._struthium,H._squamatum,Other_species,0,1,2,-1,natural,2025-07-19 17:27:543
Nurse_G._struthium,S._viscosa,C._hispanica,0,1,2,-1,natural,2025-07-19 17:27:543
Nurse_G._struthium,S._viscosa,Other_species,0,1,2,-1,natural,2025-07-19 17:27:543
Nurse_G._struthium,C._hispanica,Other_species,0,1,2,-1,natural,2025-07-19 17:27:543
H._squamatum,S._viscosa,C._hispanica,0,1,2,-1,natural,2025-07-19 17:27:543
H._squamatum,S._viscosa,Other_species,0,1,2,-1,natural,2025-07-19 17:27:543
H._squamatum,C._hispanica,Other_species,0,1,2,-1,natural,2025-07-19 17:27:543
S._viscosa,C._hispanica,Other_species,0,1,2,-1,natural,2025-07-19 17:27:543
Nurse_S._viscosa,Nurse_G._struthium,H._squamatum,0,1,2,-1,restoration,2025-07-19 17:27:543
Nurse_S._viscosa,Nurse_G._struthium,S._viscosa,0,1,2,-1,restoration,2025-07-19 17:27:543
Nurse_S._viscosa,Nurse_G._struthium,C._hispanica,0,1,2,-1,restoration,2025-07-19 17:27:543
Nurse_S._viscosa,Nurse_G._struthium,Other_species,0,1,2,-1,restoration,2025-07-19 17:27:543
Nurse_S._viscosa,H._squamatum,S._viscosa,0,1,2,-1,restoration,2025-07-19 17:27:543
Nurse_S._viscosa,H._squamatum,C._hispanica,0,1,2,-1,restoration,2025-07-19 17:27:543
Nurse_S._viscosa,H._squamatum,Other_species,0,1,2,-1,restoration,2025-07-19 17:27:543
Nurse_S._viscosa,S._viscosa,C._hispanica,0,1,2,-1,restoration,2025-07-19 17:27:543
Nurse_S._viscosa,S._viscosa,Other_species,0,1,2,-1,restoration,2025-07-19 17:27:543
Nurse_S._viscosa,C._hispanica,Other_species,0,1,2,-1,restoration,2025-07-19 17:27:543
Nurse_G._struthium,H._squamatum,S._viscosa,0,1,2,-1,restoration,2025-07-19 17:27:543
Nurse_G._struthium,H._squamatum,C._hispanica,0,1,2,-1,restoration,2025-07-19 17:27:543
Nurse_G._struthium,H._squamatum,Other_species,0,1,2,-1,restoration,2025-07-19 17:27:543
Nurse_G._struthium,S._viscosa,C._hispanica,0,1,2,-1,restoration,2025-07-19 17:27:543
Nurse_G._struthium,S._viscosa,Other_species,0,1,2,-1,restoration,2025-07-19 17:27:543
Nurse_G._struthium,C._hispanica,Other_species,0,1,2,-1,restoration,2025-07-19 17:27:543
H._squamatum,S._viscosa,C._hispanica,0,1,2,-1,restoration,2025-07-19 17:27:543
H._squamatum,S._viscosa,Other_species,0,1,2,-1,restoration,2025-07-19 17:27:543
H._squamatum,C._hispanica,Other_species,0,1,2,-1,restoration,2025-07-19 17:27:543
S._viscosa,C._hispanica,Other_species,0,1,2,-1,restoration,2025-07-19 17:27:543
Nurse_S._viscosa,Nurse_G._struthium,H._squamatum,0,1,2,-1,natural,2025-07-19 17:27:543
Nurse_S._viscosa,Nurse_G._struthium,S._viscosa,0,1,2,-1,natural,2025-07-19 17:27:543
Nurse_S._viscosa,Nurse_G._struthium,C._hispanica,0,1,2,-1,natural,2025-07-19 17:27:543
Nurse_S._viscosa,Nurse_G._struthium,Other_species,0,1,2,-1,natural,2025-07-19 17:27:543
Nurse_S._viscosa,H._squamatum,S._viscosa,0,1,2,-1,natural,2025-07-19 17:27:543
Nurse_S._viscosa,H._squamatum,C._hispanica,0,1,2,-1,natural,2025-07-19 17:27:543
Nurse_S._viscosa,H._squamatum,Other_species,0,1,2,-1,natural,2025-07-19 17:27:543
Nurse_S._viscosa,S._viscosa,C._hispanica,0,1,2,-1,natural,2025-07-19 17:27:543
Nurse_S._viscosa,S._viscosa,Other_species,0,1,2,-1,natural,2025-07-19 17:27:543
Nurse_S._viscosa,C._hispanica,Other_species,0,1,2,-1,natural,2025-07-19 17:27:543
Nurse_G._struthium,H._squamatum,S._viscosa,0,1,2,-1,natural,2025-07-19 17:27:543
Nurse_G._struthium,H._squamatum,C._hispanica,0,1,2,-1,natural,2025-07-19 17:27:543
Nurse_G._struthium,H._squamatum,Other_species,0,1,2,-1,natural,2025-07-19 17:27:543
Nurse_G._struthium,S._viscosa,C._hispanica,0,1,2,-1,natural,2025-07-19 17:27:543
Nurse_G._struthium,S._viscosa,Other_species,0,1,2,-1,natural,2025-07-19 17:27:543
Nurse_G._struthium,C._hispanica,Other_species,0,1,2,-1,natural,2025-07-19 17:27:543
H._squamatum,S._viscosa,C._hispanica,0,1,2,-1,natural,2025-07-19 17:27:543
H._squamatum,S._viscosa,Other_species,0,1,2,-1,natural,2025-07-19 17:27:543
H._squamatum,C._hispanica,Other_species,0,1,2,-1,natural,2025-07-19 17:27:543
S._viscosa,C._hispanica,Other_species,0,1,2,-1,natural,2025-07-19 17:27:543
Nurse_S._viscosa,Nurse_G._struthium,H._squamatum,0,1,2,-1,restoration,2025-07-19 17:27:543
Nurse_S._viscosa,Nurse_G._struthium,S._viscosa,0,1,2,-1,restoration,2025-07-19 17:27:543
Nurse_S._viscosa,Nurse_G._struthium,C._hispanica,0,1,2,-1,restoration,2025-07-19 17:27:543
Nurse_S._viscosa,Nurse_G._struthium,Other_species,0,1,2,-1,restoration,2025-07-19 17:27:543
Nurse_S._viscosa,H._squamatum,S._viscosa,0,1,2,-1,restoration,2025-07-19 17:27:543
Nurse_S._viscosa,H._squamatum,C._hispanica,0,1,2,-1,restoration,2025-07-19 17:27:543
Nurse_S._viscosa,H._squamatum,Other_species,0,1,2,-1,restoration,2025-07-19 17:27:543
Nurse_S._viscosa,S._viscosa,C._hispanica,0,1,2,-1,restoration,2025-07-19 17:27:543
Nurse_S._viscosa,S._viscosa,Other_species,0,1,2,-1,restoration,2025-07-19 17:27:543
Nurse_S._viscosa,C._hispanica,Other_species,0,1,2,-1,restoration,2025-07-19 17:27:543
Nurse_G._struthium,H._squamatum,S._viscosa,0,1,2,-1,restoration,2025-07-19 17:27:543
Nurse_G._struthium,H._squamatum,C._hispanica,0,1,2,-1,restoration,2025-07-19 17:27:543
Nurse_G._struthium,H._squamatum,Other_species,0,1,2,-1,restoration,2025-07-19 17:27:543
Nurse_G._struthium,S._viscosa,C._hispanica,0,1,2,-1,restoration,2025-07-19 17:27:543
Nurse_G._struthium,S._viscosa,Other_species,0,1,2,-1,restoration,2025-07-19 17:27:543
Nurse_G._struthium,C._hispanica,Other_species,0,1,2,-1,restoration,2025-07-19 17:27:543
H._squamatum,S._viscosa,C._hispanica,0,1,2,-1,restoration,2025-07-19 17:27:543
H._squamatum,S._viscosa,Other_species,0,1,2,-1,restoration,2025-07-19 17:27:543
H._squamatum,C._hispanica,Other_species,0,1,2,-1,restoration,2025-07-19 17:27:543
S._viscosa,C._hispanica,Other_species,0,1,2,-1,restoration,2025-07-19 17:27:543
Nurse_S._viscosa,Nurse_G._struthium,H._squamatum,0,1,2,-1,natural,2025-07-19 17:27:543
Nurse_S._viscosa,Nurse_G._struthium,S._viscosa,0,1,2,-1,natural,2025-07-19 17:27:543
Nurse_S._viscosa,Nurse_G._struthium,C._hispanica,0,1,2,-1,natural,2025-07-19 17:27:543
Nurse_S._viscosa,Nurse_G._struthium,Other_species,0,1,2,-1,natural,2025-07-19 17:27:543
Nurse_S._viscosa,H._squamatum,S._viscosa,0,1,2,-1,natural,2025-07-19 17:27:543
Nurse_S._viscosa,H._squamatum,C._hispanica,0,1,2,-1,natural,2025-07-19 17:27:543
Nurse_S._viscosa,H._squamatum,Other_species,0,1,2,-1,natural,2025-07-19 17:27:543
Nurse_S._viscosa,S._viscosa,C._hispanica,0,1,2,-1,natural,2025-07-19 17:27:543
Nurse_S._viscosa,S._viscosa,Other_species,0,1,2,-1,natural,2025-07-19 17:27:543
Nurse_S._viscosa,C._hispanica,Other_species,0,1,2,-1,natural,2025-07-19 17:27:543
Nurse_G._struthium,H._squamatum,S._viscosa,0,1,2,-1,natural,2025-07-19 17:27:543
Nurse_G._struthium,H._squamatum,C._hispanica,0,1,2,-1,natural,2025-07-19 17:27:543
Nurse_G._struthium,H._squamatum,Other_species,0,1,2,-1,natural,2025-07-19 17:27:543
Nurse_G._struthium,S._viscosa,C._hispanica,0,1,2,-1,natural,2025-07-19 17:27:543
Nurse_G._struthium,S._viscosa,Other_species,0,1,2,-1,natural,2025-07-19 17:27:543
Nurse_G._struthium,C._hispanica,Other_species,0,1,2,-1,natural,2025-07-19 17:27:543
H._squamatum,S._viscosa,C._hispanica,0,1,2,-1,natural,2025-07-19 17:27:543
H._squamatum,S._viscosa,Other_species,0,1,2,-1,natural,2025-07-19 17:27:543
H._squamatum,C._hispanica,Other_species,0,1,2,-1,natural,2025-07-19 17:27:543
S._viscosa,C._hispanica,Other_species,0,1,2,-1,natural,2025-07-19 17:27:543
Nurse_S._viscosa,Nurse_G._struthium,H._squamatum,0,1,2,-1,restoration,2025-07-19 17:27:533
Nurse_S._viscosa,Nurse_G._struthium,S._viscosa,0,1,2,-1,restoration,2025-07-19 17:27:533
Nurse_S._viscosa,Nurse_G._struthium,C._hispanica,0,1,2,-1,restoration,2025-07-19 17:27:533
Nurse_S._viscosa,Nurse_G._struthium,Other_species,0,1,2,-1,restoration,2025-07-19 17:27:533
Nurse_S._viscosa,H._squamatum,S._viscosa,0,1,2,-1,restoration,2025-07-19 17:27:533
Nurse_S._viscosa,H._squamatum,C._hispanica,0,1,2,-1,restoration,2025-07-19 17:27:533
Nurse_S._viscosa,H._squamatum,Other_species,0,1,2,-1,restoration,2025-07-19 17:27:533
Nurse_S._viscosa,S._viscosa,C._hispanica,0,1,2,-1,restoration,2025-07-19 17:27:533
Nurse_S._viscosa,S._viscosa,Other_species,0,1,2,-1,restoration,2025-07-19 17:27:533
Nurse_S._viscosa,C._hispanica,Other_species,0,1,2,-1,restoration,2025-07-19 17:27:533
Nurse_G._struthium,H._squamatum,S._viscosa,0,1,2,-1,restoration,2025-07-19 17:27:533
Nurse_G._struthium,H._squamatum,C._hispanica,0,1,2,-1,restoration,2025-07-19 17:27:533
Nurse_G._struthium,H._squamatum,Other_species,0,1,2,-1,restoration,2025-07-19 17:27:533
Nurse_G._struthium,S._viscosa,C._hispanica,0,1,2,-1,restoration,2025-07-19 17:27:533
Nurse_G._struthium,S._viscosa,Other_species,0,1,2,-1,restoration,2025-07-19 17:27:533
Nurse_G._struthium,C._hispanica,Other_species,0,1,2,-1,restoration,2025-07-19 17:27:533
H._squamatum,S._viscosa,C._hispanica,0,1,2,-1,restoration,2025-07-19 17:27:533
H._squamatum,S._viscosa,Other_species,0,1,2,-1,restoration,2025-07-19 17:27:533
H._squamatum,C._hispanica,Other_species,0,1,2,-1,restoration,2025-07-19 17:27:533
S._viscosa,C._hispanica,Other_species,0,1,2,-1,restoration,2025-07-19 17:27:533
Nurse_S._viscosa,Nurse_G._struthium,H._squamatum,0,1,2,-1,natural,2025-07-19 17:27:533
Nurse_S._viscosa,Nurse_G._struthium,S._viscosa,0,1,2,-1,natural,2025-07-19 17:27:533
Nurse_S._viscosa,Nurse_G._struthium,C._hispanica,0,1,2,-1,natural,2025-07-19 17:27:533
Nurse_S._viscosa,Nurse_G._struthium,Other_species,0,1,2,-1,natural,2025-07-19 17:27:533
Nurse_S._viscosa,H._squamatum,S._viscosa,0,1,2,-1,natural,2025-07-19 17:27:533
Nurse_S._viscosa,H._squamatum,C._hispanica,0,1,2,-1,natural,2025-07-19 17:27:533
Nurse_S._viscosa,H._squamatum,Other_species,0,1,2,-1,natural,2025-07-19 17:27:533
Nurse_S._viscosa,S._viscosa,C._hispanica,0,1,2,-1,natural,2025-07-19 17:27:533
Nurse_S._viscosa,S._viscosa,Other_species,0,1,2,-1,natural,2025-07-19 17:27:533
Nurse_S._viscosa,C._hispanica,Other_species,0,1,2,-1,natural,2025-07-19 17:27:533
Nurse_G._struthium,H._squamatum,S._viscosa,0,1,2,-1,natural,2025-07-19 17:27:533
Nurse_G._struthium,H._squamatum,C._hispanica,0,1,2,-1,natural,2025-07-19 17:27:533
Nurse_G._struthium,H._squamatum,Other_species,0,1,2,-1,natural,2025-07-19 17:27:533
Nurse_G._struthium,S._viscosa,C._hispanica,0,1,2,-1,natural,2025-07-19 17:27:533
Nurse_G._struthium,S._viscosa,Other_species,0,1,2,-1,natural,2025-07-19 17:27:533
Nurse_G._struthium,C._hispanica,Other_species,0,1,2,-1,natural,2025-07-19 17:27:533
H._squamatum,S._viscosa,C._hispanica,0,1,2,-1,natural,2025-07-19 17:27:533
H._squamatum,S._viscosa,Other_species,0,1,2,-1,natural,2025-07-19 17:27:533
H._squamatum,C._hispanica,Other_species,0,1,2,-1,natural,2025-07-19 17:27:533
S._viscosa,C._hispanica,Other_species,0,1,2,-1,natural,2025-07-19 17:27:533
Nurse_S._viscosa,Nurse_G._struthium,H._squamatum,0,1,2,-1,restoration,2025-07-19 17:27:533
Nurse_S._viscosa,Nurse_G._struthium,S._viscosa,0,1,2,-1,restoration,2025-07-19 17:27:533
Nurse_S._viscosa,Nurse_G._struthium,C._hispanica,0,1,2,-1,restoration,2025-07-19 17:27:533
Nurse_S._viscosa,Nurse_G._struthium,Other_species,0,1,2,-1,restoration,2025-07-19 17:27:533
Nurse_S._viscosa,H._squamatum,S._viscosa,0,1,2,-1,restoration,2025-07-19 17:27:533
Nurse_S._viscosa,H._squamatum,C._hispanica,0,1,2,-1,restoration,2025-07-19 17:27:533
Nurse_S._viscosa,H._squamatum,Other_species,0,1,2,-1,restoration,2025-07-19 17:27:533
Nurse_S._viscosa,S._viscosa,C._hispanica,0,1,2,-1,restoration,2025-07-19 17:27:533
Nurse_S._viscosa,S._viscosa,Other_species,0,1,2,-1,restoration,2025-07-19 17:27:533
Nurse_S._viscosa,C._hispanica,Other_species,0,1,2,-1,restoration,2025-07-19 17:27:533
Nurse_G._struthium,H._squamatum,S._viscosa,0,1,2,-1,restoration,2025-07-19 17:27:533
Nurse_G._struthium,H._squamatum,C._hispanica,0,1,2,-1,restoration,2025-07-19 17:27:533
Nurse_G._struthium,H._squamatum,Other_species,0,1,2,-1,restoration,2025-07-19 17:27:533
Nurse_G._struthium,S._viscosa,C._hispanica,0,1,2,-1,restoration,2025-07-19 17:27:533
Nurse_G._struthium,S._viscosa,Other_species,0,1,2,-1,restoration,2025-07-19 17:27:533
Nurse_G._struthium,C._hispanica,Other_species,0,1,2,-1,restoration,2025-07-19 17:27:533
H._squamatum,S._viscosa,C._hispanica,0,1,2,-1,restoration,2025-07-19 17:27:533
H._squamatum,S._viscosa,Other_species,0,1,2,-1,restoration,2025-07-19 17:27:533
H._squamatum,C._hispanica,Other_species,0,1,2,-1,restoration,2025-07-19 17:27:533
S._viscosa,C._hispanica,Other_species,0,1,2,-1,restoration,2025-07-19 17:27:533
Nurse_S._viscosa,Nurse_G._struthium,H._squamatum,0,1,2,-1,natural,2025-07-19 17:27:533
Nurse_S._viscosa,Nurse_G._struthium,S._viscosa,0,1,2,-1,natural,2025-07-19 17:27:533
Nurse_S._viscosa,Nurse_G._struthium,C._hispanica,0,1,2,-1,natural,2025-07-19 17:27:533
Nurse_S._viscosa,Nurse_G._struthium,Other_species,0,1,2,-1,natural,2025-07-19 17:27:533
Nurse_S._viscosa,H._squamatum,S._viscosa,0,1,2,-1,natural,2025-07-19 17:27:533
Nurse_S._viscosa,H._squamatum,C._hispanica,0,1,2,-1,natural,2025-07-19 17:27:533
Nurse_S._viscosa,H._squamatum,Other_species,0,1,2,-1,natural,2025-07-19 17:27:533
Nurse_S._viscosa,S._viscosa,C._hispanica,0,1,2,-1,natural,2025-07-19 17:27:533
Nurse_S._viscosa,S._viscosa,Other_species,0,1,2,-1,natural,2025-07-19 17:27:533
Nurse_S._viscosa,C._hispanica,Other_species,0,1,2,-1,natural,2025-07-19 17:27:533
Nurse_G._struthium,H._squamatum,S._viscosa,0,1,2,-1,natural,2025-07-19 17:27:533
Nurse_G._struthium,H._squamatum,C._hispanica,0,1,2,-1,natural,2025-07-19 17:27:533
Nurse_G._struthium,H._squamatum,Other_species,0,1,2,-1,natural,2025-07-19 17:27:533
Nurse_G._struthium,S._viscosa,C._hispanica,0,1,2,-1,natural,2025-07-19 17:27:533
Nurse_G._struthium,S._viscosa,Other_species,0,1,2,-1,natural,2025-07-19 17:27:533
Nurse_G._struthium,C._hispanica,Other_species,0,1,2,-1,natural,2025-07-19 17:27:533
H._squamatum,S._viscosa,C._hispanica,0,1,2,-1,natural,2025-07-19 17:27:533
H._squamatum,S._viscosa,Other_species,0,1,2,-1,natural,2025-07-19 17:27:533
H._squamatum,C._hispanica,Other_species,0,1,2,-1,natural,2025-07-19 17:27:533
S._viscosa,C._hispanica,Other_species,0,1,2,-1,natural,2025-07-19 17:27:533
Nurse_S._viscosa,Nurse_G._struthium,H._squamatum,0,1,2,-1,restoration,2025-07-19 17:27:533
Nurse_S._viscosa,Nurse_G._struthium,S._viscosa,0,1,2,-1,restoration,2025-07-19 17:27:533
Nurse_S._viscosa,Nurse_G._struthium,C._hispanica,0,1,2,-1,restoration,2025-07-19 17:27:533
Nurse_S._viscosa,Nurse_G._struthium,Other_species,0,1,2,-1,restoration,2025-07-19 17:27:533
Nurse_S._viscosa,H._squamatum,S._viscosa,0,1,2,-1,restoration,2025-07-19 17:27:533
Nurse_S._viscosa,H._squamatum,C._hispanica,0,1,2,-1,restoration,2025-07-19 17:27:533
Nurse_S._viscosa,H._squamatum,Other_species,0,1,2,-1,restoration,2025-07-19 17:27:533
Nurse_S._viscosa,S._viscosa,C._hispanica,0,1,2,-1,restoration,2025-07-19 17:27:533
Nurse_S._viscosa,S._viscosa,Other_species,0,1,2,-1,restoration,2025-07-19 17:27:533
Nurse_S._viscosa,C._hispanica,Other_species,0,1,2,-1,restoration,2025-07-19 17:27:533
Nurse_G._struthium,H._squamatum,S._viscosa,0,1,2,-1,restoration,2025-07-19 17:27:533
Nurse_G._struthium,H._squamatum,C._hispanica,0,1,2,-1,restoration,2025-07-19 17:27:533
Nurse_G._struthium,H._squamatum,Other_species,0,1,2,-1,restoration,2025-07-19 17:27:533
Nurse_G._struthium,S._viscosa,C._hispanica,0,1,2,-1,restoration,2025-07-19 17:27:533
Nurse_G._struthium,S._viscosa,Other_species,0,1,2,-1,restoration,2025-07-19 17:27:533
Nurse_G._struthium,C._hispanica,Other_species,0,1,2,-1,restoration,2025-07-19 17:27:533
H._squamatum,S._viscosa,C._hispanica,0,1,2,-1,restoration,2025-07-19 17:27:533
H._squamatum,S._viscosa,Other_species,0,1,2,-1,restoration,2025-07-19 17:27:533
H._squamatum,C._hispanica,Other_species,0,1,2,-1,restoration,2025-07-19 17:27:533
S._viscosa,C._hispanica,Other_species,0,1,2,-1,restoration,2025-07-19 17:27:533
Nurse_S._viscosa,Nurse_G._struthium,H._squamatum,0,1,2,-1,natural,2025-07-19 17:27:533
Nurse_S._viscosa,Nurse_G._struthium,S._viscosa,0,1,2,-1,natural,2025-07-19 17:27:533
Nurse_S._viscosa,Nurse_G._struthium,C._hispanica,0,1,2,-1,natural,2025-07-19 17:27:533
Nurse_S._viscosa,Nurse_G._struthium,Other_species,0,1,2,-1,natural,2025-07-19 17:27:533
Nurse_S._viscosa,H._squamatum,S._viscosa,0,1,2,-1,natural,2025-07-19 17:27:533
Nurse_S._viscosa,H._squamatum,C._hispanica,0,1,2,-1,natural,2025-07-19 17:27:533
Nurse_S._viscosa,H._squamatum,Other_species,0,1,2,-1,natural,2025-07-19 17:27:533
Nurse_S._viscosa,S._viscosa,C._hispanica,0,1,2,-1,natural,2025-07-19 17:27:533
Nurse_S._viscosa,S._viscosa,Other_species,0,1,2,-1,natural,2025-07-19 17:27:533
Nurse_S._viscosa,C._hispanica,Other_species,0,1,2,-1,natural,2025-07-19 17:27:533
Nurse_G._struthium,H._squamatum,S._viscosa,0,1,2,-1,natural,2025-07-19 17:27:533
Nurse_G._struthium,H._squamatum,C._hispanica,0,1,2,-1,natural,2025-07-19 17:27:533
Nurse_G._struthium,H._squamatum,Other_species,0,1,2,-1,natural,2025-07-19 17:27:533
Nurse_G._struthium,S._viscosa,C._hispanica,0,1,2,-1,natural,2025-07-19 17:27:533
Nurse_G._struthium,S._viscosa,Other_species,0,1,2,-1,natural,2025-07-19 17:27:533
Nurse_G._struthium,C._hispanica,Other_species,0,1,2,-1,natural,2025-07-19 17:27:533
H._squamatum,S._viscosa,C._hispanica,0,1,2,-1,natural,2025-07-19 17:27:533
H._squamatum,S._viscosa,Other_species,0,1,2,-1,natural,2025-07-19 17:27:533
H._squamatum,C._hispanica,Other_species,0,1,2,-1,natural,2025-07-19 17:27:533
S._viscosa,C._hispanica,Other_species,0,1,2,-1,natural,2025-07-19 17:27:533
Nurse_S._viscosa,Nurse_G._struthium,H._squamatum,0,1,2,-1,restoration,2025-07-19 17:27:523
Nurse_S._viscosa,Nurse_G._struthium,S._viscosa,0,1,2,-1,restoration,2025-07-19 17:27:523
Nurse_S._viscosa,Nurse_G._struthium,C._hispanica,0,1,2,-1,restoration,2025-07-19 17:27:523
Nurse_S._viscosa,Nurse_G._struthium,Other_species,0,1,2,-1,restoration,2025-07-19 17:27:523
Nurse_S._viscosa,H._squamatum,S._viscosa,0,1,2,-1,restoration,2025-07-19 17:27:523
Nurse_S._viscosa,H._squamatum,C._hispanica,0,1,2,-1,restoration,2025-07-19 17:27:523
Nurse_S._viscosa,H._squamatum,Other_species,0,1,2,-1,restoration,2025-07-19 17:27:523
Nurse_S._viscosa,S._viscosa,C._hispanica,0,1,2,-1,restoration,2025-07-19 17:27:523
Nurse_S._viscosa,S._viscosa,Other_species,0,1,2,-1,restoration,2025-07-19 17:27:523
Nurse_S._viscosa,C._hispanica,Other_species,0,1,2,-1,restoration,2025-07-19 17:27:523
Nurse_G._struthium,H._squamatum,S._viscosa,0,1,2,-1,restoration,2025-07-19 17:27:523
Nurse_G._struthium,H._squamatum,C._hispanica,0,1,2,-1,restoration,2025-07-19 17:27:523
Nurse_G._struthium,H._squamatum,Other_species,0,1,2,-1,restoration,2025-07-19 17:27:523
Nurse_G._struthium,S._viscosa,C._hispanica,0,1,2,-1,restoration,2025-07-19 17:27:523
Nurse_G._struthium,S._viscosa,Other_species,0,1,2,-1,restoration,2025-07-19 17:27:523
Nurse_G._struthium,C._hispanica,Other_species,0,1,2,-1,restoration,2025-07-19 17:27:523
H._squamatum,S._viscosa,C._hispanica,0,1,2,-1,restoration,2025-07-19 17:27:523
H._squamatum,S._viscosa,Other_species,0,1,2,-1,restoration,2025-07-19 17:27:523
H._squamatum,C._hispanica,Other_species,0,1,2,-1,restoration,2025-07-19 17:27:523
S._viscosa,C._hispanica,Other_species,0,1,2,-1,restoration,2025-07-19 17:27:523
Nurse_S._viscosa,Nurse_G._struthium,H._squamatum,0,1,2,-1,natural,2025-07-19 17:27:523
Nurse_S._viscosa,Nurse_G._struthium,S._viscosa,0,1,2,-1,natural,2025-07-19 17:27:523
Nurse_S._viscosa,Nurse_G._struthium,C._hispanica,0,1,2,-1,natural,2025-07-19 17:27:523
Nurse_S._viscosa,Nurse_G._struthium,Other_species,0,1,2,-1,natural,2025-07-19 17:27:523
Nurse_S._viscosa,H._squamatum,S._viscosa,0,1,2,-1,natural,2025-07-19 17:27:523
Nurse_S._viscosa,H._squamatum,C._hispanica,0,1,2,-1,natural,2025-07-19 17:27:523
Nurse_S._viscosa,H._squamatum,Other_species,0,1,2,-1,natural,2025-07-19 17:27:523
Nurse_S._viscosa,S._viscosa,C._hispanica,0,1,2,-1,natural,2025-07-19 17:27:523
Nurse_S._viscosa,S._viscosa,Other_species,0,1,2,-1,natural,2025-07-19 17:27:523
Nurse_S._viscosa,C._hispanica,Other_species,0,1,2,-1,natural,2025-07-19 17:27:523
Nurse_G._struthium,H._squamatum,S._viscosa,0,1,2,-1,natural,2025-07-19 17:27:523
Nurse_G._struthium,H._squamatum,C._hispanica,0,1,2,-1,natural,2025-07-19 17:27:523
Nurse_G._struthium,H._squamatum,Other_species,0,1,2,-1,natural,2025-07-19 17:27:523
Nurse_G._struthium,S._viscosa,C._hispanica,0,1,2,-1,natural,2025-07-19 17:27:523
Nurse_G._struthium,S._viscosa,Other_species,0,1,2,-1,natural,2025-07-19 17:27:523
Nurse_G._struthium,C._hispanica,Other_species,0,1,2,-1,natural,2025-07-19 17:27:523
H._squamatum,S._viscosa,C._hispanica,0,1,2,-1,natural,2025-07-19 17:27:523
H._squamatum,S._viscosa,Other_species,0,1,2,-1,natural,2025-07-19 17:27:523
H._squamatum,C._hispanica,Other_species,0,1,2,-1,natural,2025-07-19 17:27:523
S._viscosa,C._hispanica,Other_species,0,1,2,-1,natural,2025-07-19 17:27:523
Nurse_S._viscosa,Nurse_G._struthium,H._squamatum,0,1,2,-1,restoration,2025-07-19 17:27:523
Nurse_S._viscosa,Nurse_G._struthium,S._viscosa,0,1,2,-1,restoration,2025-07-19 17:27:523
Nurse_S._viscosa,Nurse_G._struthium,C._hispanica,0,1,2,-1,restoration,2025-07-19 17:27:523
Nurse_S._viscosa,Nurse_G._struthium,Other_species,0,1,2,-1,restoration,2025-07-19 17:27:523
Nurse_S._viscosa,H._squamatum,S._viscosa,0,1,2,-1,restoration,2025-07-19 17:27:523
Nurse_S._viscosa,H._squamatum,C._hispanica,0,1,2,-1,restoration,2025-07-19 17:27:523
Nurse_S._viscosa,H._squamatum,Other_species,0,1,2,-1,restoration,2025-07-19 17:27:523
Nurse_S._viscosa,S._viscosa,C._hispanica,0,1,2,-1,restoration,2025-07-19 17:27:523
Nurse_S._viscosa,S._viscosa,Other_species,0,1,2,-1,restoration,2025-07-19 17:27:523
Nurse_S._viscosa,C._hispanica,Other_species,0,1,2,-1,restoration,2025-07-19 17:27:523
Nurse_G._struthium,H._squamatum,S._viscosa,0,1,2,-1,restoration,2025-07-19 17:27:523
Nurse_G._struthium,H._squamatum,C._hispanica,0,1,2,-1,restoration,2025-07-19 17:27:523
Nurse_G._struthium,H._squamatum,Other_species,0,1,2,-1,restoration,2025-07-19 17:27:523
Nurse_G._struthium,S._viscosa,C._hispanica,0,1,2,-1,restoration,2025-07-19 17:27:523
Nurse_G._struthium,S._viscosa,Other_species,0,1,2,-1,restoration,2025-07-19 17:27:523
Nurse_G._struthium,C._hispanica,Other_species,0,1,2,-1,restoration,2025-07-19 17:27:523
H._squamatum,S._viscosa,C._hispanica,0,1,2,-1,restoration,2025-07-19 17:27:523
H._squamatum,S._viscosa,Other_species,0,1,2,-1,restoration,2025-07-19 17:27:523
H._squamatum,C._hispanica,Other_species,0,1,2,-1,restoration,2025-07-19 17:27:523
S._viscosa,C._hispanica,Other_species,0,1,2,-1,restoration,2025-07-19 17:27:523
Nurse_S._viscosa,Nurse_G._struthium,H._squamatum,0,1,2,-1,natural,2025-07-19 17:27:523
Nurse_S._viscosa,Nurse_G._struthium,S._viscosa,0,1,2,-1,natural,2025-07-19 17:27:523
Nurse_S._viscosa,Nurse_G._struthium,C._hispanica,0,1,2,-1,natural,2025-07-19 17:27:523
Nurse_S._viscosa,Nurse_G._struthium,Other_species,0,1,2,-1,natural,2025-07-19 17:27:523
Nurse_S._viscosa,H._squamatum,S._viscosa,0,1,2,-1,natural,2025-07-19 17:27:523
Nurse_S._viscosa,H._squamatum,C._hispanica,0,1,2,-1,natural,2025-07-19 17:27:523
Nurse_S._viscosa,H._squamatum,Other_species,0,1,2,-1,natural,2025-07-19 17:27:523
Nurse_S._viscosa,S._viscosa,C._hispanica,0,1,2,-1,natural,2025-07-19 17:27:523
Nurse_S._viscosa,S._viscosa,Other_species,0,1,2,-1,natural,2025-07-19 17:27:523
Nurse_S._viscosa,C._hispanica,Other_species,0,1,2,-1,natural,2025-07-19 17:27:523
Nurse_G._struthium,H._squamatum,S._viscosa,0,1,2,-1,natural,2025-07-19 17:27:523
Nurse_G._struthium,H._squamatum,C._hispanica,0,1,2,-1,natural,2025-07-19 17:27:523
Nurse_G._struthium,H._squamatum,Other_species,0,1,2,-1,natural,2025-07-19 17:27:523
Nurse_G._struthium,S._viscosa,C._hispanica,0,1,2,-1,natural,2025-07-19 17:27:523
Nurse_G._struthium,S._viscosa,Other_species,0,1,2,-1,natural,2025-07-19 17:27:523
Nurse_G._struthium,C._hispanica,Other_species,0,1,2,-1,natural,2025-07-19 17:27:523
H._squamatum,S._viscosa,C._hispanica,0,1,2,-1,natural,2025-07-19 17:27:523
H._squamatum,S._viscosa,Other_species,0,1,2,-1,natural,2025-07-19 17:27:523
H._squamatum,C._hispanica,Other_species,0,1,2,-1,natural,2025-07-19 17:27:523
S._viscosa,C._hispanica,Other_species,0,1,2,-1,natural,2025-07-19 17:27:523
Nurse_S._viscosa,Nurse_G._struthium,H._squamatum,0,1,2,-1,restoration,2025-07-19 17:27:523
Nurse_S._viscosa,Nurse_G._struthium,S._viscosa,0,1,2,-1,restoration,2025-07-19 17:27:523
Nurse_S._viscosa,Nurse_G._struthium,C._hispanica,0,1,2,-1,restoration,2025-07-19 17:27:523
Nurse_S._viscosa,Nurse_G._struthium,Other_species,0,1,2,-1,restoration,2025-07-19 17:27:523
Nurse_S._viscosa,H._squamatum,S._viscosa,0,1,2,-1,restoration,2025-07-19 17:27:523
Nurse_S._viscosa,H._squamatum,C._hispanica,0,1,2,-1,restoration,2025-07-19 17:27:523
Nurse_S._viscosa,H._squamatum,Other_species,0,1,2,-1,restoration,2025-07-19 17:27:523
Nurse_S._viscosa,S._viscosa,C._hispanica,0,1,2,-1,restoration,2025-07-19 17:27:523
Nurse_S._viscosa,S._viscosa,Other_species,0,1,2,-1,restoration,2025-07-19 17:27:523
Nurse_S._viscosa,C._hispanica,Other_species,0,1,2,-1,restoration,2025-07-19 17:27:523
Nurse_G._struthium,H._squamatum,S._viscosa,0,1,2,-1,restoration,2025-07-19 17:27:523
Nurse_G._struthium,H._squamatum,C._hispanica,0,1,2,-1,restoration,2025-07-19 17:27:523
Nurse_G._struthium,H._squamatum,Other_species,0,1,2,-1,restoration,2025-07-19 17:27:523
Nurse_G._struthium,S._viscosa,C._hispanica,0,1,2,-1,restoration,2025-07-19 17:27:523
Nurse_G._struthium,S._viscosa,Other_species,0,1,2,-1,restoration,2025-07-19 17:27:523
Nurse_G._struthium,C._hispanica,Other_species,0,1,2,-1,restoration,2025-07-19 17:27:523
H._squamatum,S._viscosa,C._hispanica,0,1,2,-1,restoration,2025-07-19 17:27:523
H._squamatum,S._viscosa,Other_species,0,1,2,-1,restoration,2025-07-19 17:27:523
H._squamatum,C._hispanica,Other_species,0,1,2,-1,restoration,2025-07-19 17:27:523
S._viscosa,C._hispanica,Other_species,0,1,2,-1,restoration,2025-07-19 17:27:523
Nurse_S._viscosa,Nurse_G._struthium,H._squamatum,0,1,2,-1,natural,2025-07-19 17:27:523
Nurse_S._viscosa,Nurse_G._struthium,S._viscosa,0,1,2,-1,natural,2025-07-19 17:27:523
Nurse_S._viscosa,Nurse_G._struthium,C._hispanica,0,1,2,-1,natural,2025-07-19 17:27:523
Nurse_S._viscosa,Nurse_G._struthium,Other_species,0,1,2,-1,natural,2025-07-19 17:27:523
Nurse_S._viscosa,H._squamatum,S._viscosa,0,1,2,-1,natural,2025-07-19 17:27:523
Nurse_S._viscosa,H._squamatum,C._hispanica,0,1,2,-1,natural,2025-07-19 17:27:523
Nurse_S._viscosa,H._squamatum,Other_species,0,1,2,-1,natural,2025-07-19 17:27:523
Nurse_S._viscosa,S._viscosa,C._hispanica,0,1,2,-1,natural,2025-07-19 17:27:523
Nurse_S._viscosa,S._viscosa,Other_species,0,1,2,-1,natural,2025-07-19 17:27:523
Nurse_S._viscosa,C._hispanica,Other_species,0,1,2,-1,natural,2025-07-19 17:27:523
Nurse_G._struthium,H._squamatum,S._viscosa,0,1,2,-1,natural,2025-07-19 17:27:523
Nurse_G._struthium,H._squamatum,C._hispanica,0,1,2,-1,natural,2025-07-19 17:27:523
Nurse_G._struthium,H._squamatum,Other_species,0,1,2,-1,natural,2025-07-19 17:27:523
Nurse_G._struthium,S._viscosa,C._hispanica,0,1,2,-1,natural,2025-07-19 17:27:523
Nurse_G._struthium,S._viscosa,Other_species,0,1,2,-1,natural,2025-07-19 17:27:523
Nurse_G._struthium,C._hispanica,Other_species,0,1,2,-1,natural,2025-07-19 17:27:523
H._squamatum,S._viscosa,C._hispanica,0,1,2,-1,natural,2025-07-19 17:27:523
H._squamatum,S._viscosa,Other_species,0,1,2,-1,natural,2025-07-19 17:27:523
H._squamatum,C._hispanica,Other_species,0,1,2,-1,natural,2025-07-19 17:27:523
S._viscosa,C._hispanica,Other_species,0,1,2,-1,natural,2025-07-19 17:27:523
Nurse_S._viscosa,Nurse_G._struthium,H._squamatum,0,1,2,-1,restoration,2025-07-19 17:27:513
Nurse_S._viscosa,Nurse_G._struthium,S._viscosa,0,1,2,-1,restoration,2025-07-19 17:27:513
Nurse_S._viscosa,Nurse_G._struthium,C._hispanica,0,1,2,-1,restoration,2025-07-19 17:27:513
Nurse_S._viscosa,Nurse_G._struthium,Other_species,0,1,2,-1,restoration,2025-07-19 17:27:513
Nurse_S._viscosa,H._squamatum,S._viscosa,0,1,2,-1,restoration,2025-07-19 17:27:513
Nurse_S._viscosa,H._squamatum,C._hispanica,0,1,2,-1,restoration,2025-07-19 17:27:513
Nurse_S._viscosa,H._squamatum,Other_species,0,1,2,-1,restoration,2025-07-19 17:27:513
Nurse_S._viscosa,S._viscosa,C._hispanica,0,1,2,-1,restoration,2025-07-19 17:27:513
Nurse_S._viscosa,S._viscosa,Other_species,0,1,2,-1,restoration,2025-07-19 17:27:513
Nurse_S._viscosa,C._hispanica,Other_species,0,1,2,-1,restoration,2025-07-19 17:27:513
Nurse_G._struthium,H._squamatum,S._viscosa,0,1,2,-1,restoration,2025-07-19 17:27:513
Nurse_G._struthium,H._squamatum,C._hispanica,0,1,2,-1,restoration,2025-07-19 17:27:513
Nurse_G._struthium,H._squamatum,Other_species,0,1,2,-1,restoration,2025-07-19 17:27:513
Nurse_G._struthium,S._viscosa,C._hispanica,0,1,2,-1,restoration,2025-07-19 17:27:513
Nurse_G._struthium,S._viscosa,Other_species,0,1,2,-1,restoration,2025-07-19 17:27:513
Nurse_G._struthium,C._hispanica,Other_species,0,1,2,-1,restoration,2025-07-19 17:27:513
H._squamatum,S._viscosa,C._hispanica,0,1,2,-1,restoration,2025-07-19 17:27:513
H._squamatum,S._viscosa,Other_species,0,1,2,-1,restoration,2025-07-19 17:27:513
H._squamatum,C._hispanica,Other_species,0,1,2,-1,restoration,2025-07-19 17:27:513
S._viscosa,C._hispanica,Other_species,0,1,2,-1,restoration,2025-07-19 17:27:513
Nurse_S._viscosa,Nurse_G._struthium,H._squamatum,0,1,2,-1,natural,2025-07-19 17:27:513
Nurse_S._viscosa,Nurse_G._struthium,S._viscosa,0,1,2,-1,natural,2025-07-19 17:27:513
Nurse_S._viscosa,Nurse_G._struthium,C._hispanica,0,1,2,-1,natural,2025-07-19 17:27:513
Nurse_S._viscosa,Nurse_G._struthium,Other_species,0,1,2,-1,natural,2025-07-19 17:27:513
Nurse_S._viscosa,H._squamatum,S._viscosa,0,1,2,-1,natural,2025-07-19 17:27:513
Nurse_S._viscosa,H._squamatum,C._hispanica,0,1,2,-1,natural,2025-07-19 17:27:513
Nurse_S._viscosa,H._squamatum,Other_species,0,1,2,-1,natural,2025-07-19 17:27:513
Nurse_S._viscosa,S._viscosa,C._hispanica,0,1,2,-1,natural,2025-07-19 17:27:513
Nurse_S._viscosa,S._viscosa,Other_species,0,1,2,-1,natural,2025-07-19 17:27:513
Nurse_S._viscosa,C._hispanica,Other_species,0,1,2,-1,natural,2025-07-19 17:27:513
Nurse_G._struthium,H._squamatum,S._viscosa,0,1,2,-1,natural,2025-07-19 17:27:513
Nurse_G._struthium,H._squamatum,C._hispanica,0,1,2,-1,natural,2025-07-19 17:27:513
Nurse_G._struthium,H._squamatum,Other_species,0,1,2,-1,natural,2025-07-19 17:27:513
Nurse_G._struthium,S._viscosa,C._hispanica,0,1,2,-1,natural,2025-07-19 17:27:513
Nurse_G._struthium,S._viscosa,Other_species,0,1,2,-1,natural,2025-07-19 17:27:513
Nurse_G._struthium,C._hispanica,Other_species,0,1,2,-1,natural,2025-07-19 17:27:513
H._squamatum,S._viscosa,C._hispanica,0,1,2,-1,natural,2025-07-19 17:27:513
H._squamatum,S._viscosa,Other_species,0,1,2,-1,natural,2025-07-19 17:27:513
H._squamatum,C._hispanica,Other_species,0,1,2,-1,natural,2025-07-19 17:27:513
S._viscosa,C._hispanica,Other_species,0,1,2,-1,natural,2025-07-19 17:27:513
Nurse_S._viscosa,Nurse_G._struthium,H._squamatum,0,1,2,-1,restoration,2025-07-19 17:27:513
Nurse_S._viscosa,Nurse_G._struthium,S._viscosa,0,1,2,-1,restoration,2025-07-19 17:27:513
Nurse_S._viscosa,Nurse_G._struthium,C._hispanica,0,1,2,-1,restoration,2025-07-19 17:27:513
Nurse_S._viscosa,Nurse_G._struthium,Other_species,0,1,2,-1,restoration,2025-07-19 17:27:513
Nurse_S._viscosa,H._squamatum,S._viscosa,0,1,2,-1,restoration,2025-07-19 17:27:513
Nurse_S._viscosa,H._squamatum,C._hispanica,0,1,2,-1,restoration,2025-07-19 17:27:513
Nurse_S._viscosa,H._squamatum,Other_species,0,1,2,-1,restoration,2025-07-19 17:27:513
Nurse_S._viscosa,S._viscosa,C._hispanica,0,1,2,-1,restoration,2025-07-19 17:27:513
Nurse_S._viscosa,S._viscosa,Other_species,0,1,2,-1,restoration,2025-07-19 17:27:513
Nurse_S._viscosa,C._hispanica,Other_species,0,1,2,-1,restoration,2025-07-19 17:27:513
Nurse_G._struthium,H._squamatum,S._viscosa,0,1,2,-1,restoration,2025-07-19 17:27:513
Nurse_G._struthium,H._squamatum,C._hispanica,0,1,2,-1,restoration,2025-07-19 17:27:513
Nurse_G._struthium,H._squamatum,Other_species,0,1,2,-1,restoration,2025-07-19 17:27:513
Nurse_G._struthium,S._viscosa,C._hispanica,0,1,2,-1,restoration,2025-07-19 17:27:513
Nurse_G._struthium,S._viscosa,Other_species,0,1,2,-1,restoration,2025-07-19 17:27:513
Nurse_G._struthium,C._hispanica,Other_species,0,1,2,-1,restoration,2025-07-19 17:27:513
H._squamatum,S._viscosa,C._hispanica,0,1,2,-1,restoration,2025-07-19 17:27:513
H._squamatum,S._viscosa,Other_species,0,1,2,-1,restoration,2025-07-19 17:27:513
H._squamatum,C._hispanica,Other_species,0,1,2,-1,restoration,2025-07-19 17:27:513
S._viscosa,C._hispanica,Other_species,0,1,2,-1,restoration,2025-07-19 17:27:513
Nurse_S._viscosa,Nurse_G._struthium,H._squamatum,0,1,2,-1,natural,2025-07-19 17:27:513
Nurse_S._viscosa,Nurse_G._struthium,S._viscosa,0,1,2,-1,natural,2025-07-19 17:27:513
Nurse_S._viscosa,Nurse_G._struthium,C._hispanica,0,1,2,-1,natural,2025-07-19 17:27:513
Nurse_S._viscosa,Nurse_G._struthium,Other_species,0,1,2,-1,natural,2025-07-19 17:27:513
Nurse_S._viscosa,H._squamatum,S._viscosa,0,1,2,-1,natural,2025-07-19 17:27:513
Nurse_S._viscosa,H._squamatum,C._hispanica,0,1,2,-1,natural,2025-07-19 17:27:513
Nurse_S._viscosa,H._squamatum,Other_species,0,1,2,-1,natural,2025-07-19 17:27:513
Nurse_S._viscosa,S._viscosa,C._hispanica,0,1,2,-1,natural,2025-07-19 17:27:513
Nurse_S._viscosa,S._viscosa,Other_species,0,1,2,-1,natural,2025-07-19 17:27:513
Nurse_S._viscosa,C._hispanica,Other_species,0,1,2,-1,natural,2025-07-19 17:27:513
Nurse_G._struthium,H._squamatum,S._viscosa,0,1,2,-1,natural,2025-07-19 17:27:513
Nurse_G._struthium,H._squamatum,C._hispanica,0,1,2,-1,natural,2025-07-19 17:27:513
Nurse_G._struthium,H._squamatum,Other_species,0,1,2,-1,natural,2025-07-19 17:27:513
Nurse_G._struthium,S._viscosa,C._hispanica,0,1,2,-1,natural,2025-07-19 17:27:513
Nurse_G._struthium,S._viscosa,Other_species,0,1,2,-1,natural,2025-07-19 17:27:513
Nurse_G._struthium,C._hispanica,Other_species,0,1,2,-1,natural,2025-07-19 17:27:513
H._squamatum,S._viscosa,C._hispanica,0,1,2,-1,natural,2025-07-19 17:27:513
H._squamatum,S._viscosa,Other_species,0,1,2,-1,natural,2025-07-19 17:27:513
H._squamatum,C._hispanica,Other_species,0,1,2,-1,natural,2025-07-19 17:27:513
S._viscosa,C._hispanica,Other_species,0,1,2,-1,natural,2025-07-19 17:27:513
Nurse_S._viscosa,Nurse_G._struthium,H._squamatum,0,1,2,-1,restoration,2025-07-19 17:27:503
Nurse_S._viscosa,Nurse_G._struthium,S._viscosa,0,1,2,-1,restoration,2025-07-19 17:27:503
Nurse_S._viscosa,Nurse_G._struthium,C._hispanica,0,1,2,-1,restoration,2025-07-19 17:27:503
Nurse_S._viscosa,Nurse_G._struthium,Other_species,0,1,2,-1,restoration,2025-07-19 17:27:503
Nurse_S._viscosa,H._squamatum,S._viscosa,0,1,2,-1,restoration,2025-07-19 17:27:503
Nurse_S._viscosa,H._squamatum,C._hispanica,0,1,2,-1,restoration,2025-07-19 17:27:503
Nurse_S._viscosa,H._squamatum,Other_species,0,1,2,-1,restoration,2025-07-19 17:27:503
Nurse_S._viscosa,S._viscosa,C._hispanica,0,1,2,-1,restoration,2025-07-19 17:27:503
Nurse_S._viscosa,S._viscosa,Other_species,0,1,2,-1,restoration,2025-07-19 17:27:503
Nurse_S._viscosa,C._hispanica,Other_species,0,1,2,-1,restoration,2025-07-19 17:27:503
Nurse_G._struthium,H._squamatum,S._viscosa,0,1,2,-1,restoration,2025-07-19 17:27:503
Nurse_G._struthium,H._squamatum,C._hispanica,0,1,2,-1,restoration,2025-07-19 17:27:503
Nurse_G._struthium,H._squamatum,Other_species,0,1,2,-1,restoration,2025-07-19 17:27:503
Nurse_G._struthium,S._viscosa,C._hispanica,0,1,2,-1,restoration,2025-07-19 17:27:503
Nurse_G._struthium,S._viscosa,Other_species,0,1,2,-1,restoration,2025-07-19 17:27:503
Nurse_G._struthium,C._hispanica,Other_species,0,1,2,-1,restoration,2025-07-19 17:27:503
H._squamatum,S._viscosa,C._hispanica,0,1,2,-1,restoration,2025-07-19 17:27:503
H._squamatum,S._viscosa,Other_species,0,1,2,-1,restoration,2025-07-19 17:27:503
H._squamatum,C._hispanica,Other_species,0,1,2,-1,restoration,2025-07-19 17:27:503
S._viscosa,C._hispanica,Other_species,0,1,2,-1,restoration,2025-07-19 17:27:503
Nurse_S._viscosa,Nurse_G._struthium,H._squamatum,0,1,2,-1,natural,2025-07-19 17:27:503
Nurse_S._viscosa,Nurse_G._struthium,S._viscosa,0,1,2,-1,natural,2025-07-19 17:27:503
Nurse_S._viscosa,Nurse_G._struthium,C._hispanica,0,1,2,-1,natural,2025-07-19 17:27:503
Nurse_S._viscosa,Nurse_G._struthium,Other_species,0,1,2,-1,natural,2025-07-19 17:27:503
Nurse_S._viscosa,H._squamatum,S._viscosa,0,1,2,-1,natural,2025-07-19 17:27:503
Nurse_S._viscosa,H._squamatum,C._hispanica,0,1,2,-1,natural,2025-07-19 17:27:503
Nurse_S._viscosa,H._squamatum,Other_species,0,1,2,-1,natural,2025-07-19 17:27:503
Nurse_S._viscosa,S._viscosa,C._hispanica,0,1,2,-1,natural,2025-07-19 17:27:503
Nurse_S._viscosa,S._viscosa,Other_species,0,1,2,-1,natural,2025-07-19 17:27:503
Nurse_S._viscosa,C._hispanica,Other_species,0,1,2,-1,natural,2025-07-19 17:27:503
Nurse_G._struthium,H._squamatum,S._viscosa,0,1,2,-1,natural,2025-07-19 17:27:503
Nurse_G._struthium,H._squamatum,C._hispanica,0,1,2,-1,natural,2025-07-19 17:27:503
Nurse_G._struthium,H._squamatum,Other_species,0,1,2,-1,natural,2025-07-19 17:27:503
Nurse_G._struthium,S._viscosa,C._hispanica,0,1,2,-1,natural,2025-07-19 17:27:503
Nurse_G._struthium,S._viscosa,Other_species,0,1,2,-1,natural,2025-07-19 17:27:503
Nurse_G._struthium,C._hispanica,Other_species,0,1,2,-1,natural,2025-07-19 17:27:503
H._squamatum,S._viscosa,C._hispanica,0,1,2,-1,natural,2025-07-19 17:27:503
H._squamatum,S._viscosa,Other_species,0,1,2,-1,natural,2025-07-19 17:27:503
H._squamatum,C._hispanica,Other_species,0,1,2,-1,natural,2025-07-19 17:27:503
S._viscosa,C._hispanica,Other_species,0,1,2,-1,natural,2025-07-19 17:27:503
Nurse_S._viscosa,Nurse_G._struthium,H._squamatum,0,1,2,-1,restoration,2025-07-19 17:27:503
Nurse_S._viscosa,Nurse_G._struthium,S._viscosa,0,1,2,-1,restoration,2025-07-19 17:27:503
Nurse_S._viscosa,Nurse_G._struthium,C._hispanica,0,1,2,-1,restoration,2025-07-19 17:27:503
Nurse_S._viscosa,Nurse_G._struthium,Other_species,0,1,2,-1,restoration,2025-07-19 17:27:503
Nurse_S._viscosa,H._squamatum,S._viscosa,0,1,2,-1,restoration,2025-07-19 17:27:503
Nurse_S._viscosa,H._squamatum,C._hispanica,0,1,2,-1,restoration,2025-07-19 17:27:503
Nurse_S._viscosa,H._squamatum,Other_species,0,1,2,-1,restoration,2025-07-19 17:27:503
Nurse_S._viscosa,S._viscosa,C._hispanica,0,1,2,-1,restoration,2025-07-19 17:27:503
Nurse_S._viscosa,S._viscosa,Other_species,0,1,2,-1,restoration,2025-07-19 17:27:503
Nurse_S._viscosa,C._hispanica,Other_species,0,1,2,-1,restoration,2025-07-19 17:27:503
Nurse_G._struthium,H._squamatum,S._viscosa,0,1,2,-1,restoration,2025-07-19 17:27:503
Nurse_G._struthium,H._squamatum,C._hispanica,0,1,2,-1,restoration,2025-07-19 17:27:503
Nurse_G._struthium,H._squamatum,Other_species,0,1,2,-1,restoration,2025-07-19 17:27:503
Nurse_G._struthium,S._viscosa,C._hispanica,0,1,2,-1,restoration,2025-07-19 17:27:503
Nurse_G._struthium,S._viscosa,Other_species,0,1,2,-1,restoration,2025-07-19 17:27:503
Nurse_G._struthium,C._hispanica,Other_species,0,1,2,-1,restoration,2025-07-19 17:27:503
H._squamatum,S._viscosa,C._hispanica,0,1,2,-1,restoration,2025-07-19 17:27:503
H._squamatum,S._viscosa,Other_species,0,1,2,-1,restoration,2025-07-19 17:27:503
H._squamatum,C._hispanica,Other_species,0,1,2,-1,restoration,2025-07-19 17:27:503
S._viscosa,C._hispanica,Other_species,0,1,2,-1,restoration,2025-07-19 17:27:503
Nurse_S._viscosa,Nurse_G._struthium,H._squamatum,0,1,2,-1,natural,2025-07-19 17:27:503
Nurse_S._viscosa,Nurse_G._struthium,S._viscosa,0,1,2,-1,natural,2025-07-19 17:27:503
Nurse_S._viscosa,Nurse_G._struthium,C._hispanica,0,1,2,-1,natural,2025-07-19 17:27:503
Nurse_S._viscosa,Nurse_G._struthium,Other_species,0,1,2,-1,natural,2025-07-19 17:27:503
Nurse_S._viscosa,H._squamatum,S._viscosa,0,1,2,-1,natural,2025-07-19 17:27:503
Nurse_S._viscosa,H._squamatum,C._hispanica,0,1,2,-1,natural,2025-07-19 17:27:503
Nurse_S._viscosa,H._squamatum,Other_species,0,1,2,-1,natural,2025-07-19 17:27:503
Nurse_S._viscosa,S._viscosa,C._hispanica,0,1,2,-1,natural,2025-07-19 17:27:503
Nurse_S._viscosa,S._viscosa,Other_species,0,1,2,-1,natural,2025-07-19 17:27:503
Nurse_S._viscosa,C._hispanica,Other_species,0,1,2,-1,natural,2025-07-19 17:27:503
Nurse_G._struthium,H._squamatum,S._viscosa,0,1,2,-1,natural,2025-07-19 17:27:503
Nurse_G._struthium,H._squamatum,C._hispanica,0,1,2,-1,natural,2025-07-19 17:27:503
Nurse_G._struthium,H._squamatum,Other_species,0,1,2,-1,natural,2025-07-19 17:27:503
Nurse_G._struthium,S._viscosa,C._hispanica,0,1,2,-1,natural,2025-07-19 17:27:503
Nurse_G._struthium,S._viscosa,Other_species,0,1,2,-1,natural,2025-07-19 17:27:503
Nurse_G._struthium,C._hispanica,Other_species,0,1,2,-1,natural,2025-07-19 17:27:503
H._squamatum,S._viscosa,C._hispanica,0,1,2,-1,natural,2025-07-19 17:27:503
H._squamatum,S._viscosa,Other_species,0,1,2,-1,natural,2025-07-19 17:27:503
H._squamatum,C._hispanica,Other_species,0,1,2,-1,natural,2025-07-19 17:27:503
S._viscosa,C._hispanica,Other_species,0,1,2,-1,natural,2025-07-19 17:27:503
Nurse_S._viscosa,Nurse_G._struthium,H._squamatum,0,1,2,-1,restoration,2025-07-19 17:27:493
Nurse_S._viscosa,Nurse_G._struthium,S._viscosa,0,1,2,-1,restoration,2025-07-19 17:27:493
Nurse_S._viscosa,Nurse_G._struthium,C._hispanica,0,1,2,-1,restoration,2025-07-19 17:27:493
Nurse_S._viscosa,Nurse_G._struthium,Other_species,0,1,2,-1,restoration,2025-07-19 17:27:493
Nurse_S._viscosa,H._squamatum,S._viscosa,0,1,2,-1,restoration,2025-07-19 17:27:493
Nurse_S._viscosa,H._squamatum,C._hispanica,0,1,2,-1,restoration,2025-07-19 17:27:493
Nurse_S._viscosa,H._squamatum,Other_species,0,1,2,-1,restoration,2025-07-19 17:27:493
Nurse_S._viscosa,S._viscosa,C._hispanica,0,1,2,-1,restoration,2025-07-19 17:27:493
Nurse_S._viscosa,S._viscosa,Other_species,0,1,2,-1,restoration,2025-07-19 17:27:493
Nurse_S._viscosa,C._hispanica,Other_species,0,1,2,-1,restoration,2025-07-19 17:27:493
Nurse_G._struthium,H._squamatum,S._viscosa,0,1,2,-1,restoration,2025-07-19 17:27:493
Nurse_G._struthium,H._squamatum,C._hispanica,0,1,2,-1,restoration,2025-07-19 17:27:493
Nurse_G._struthium,H._squamatum,Other_species,0,1,2,-1,restoration,2025-07-19 17:27:493
Nurse_G._struthium,S._viscosa,C._hispanica,0,1,2,-1,restoration,2025-07-19 17:27:493
Nurse_G._struthium,S._viscosa,Other_species,0,1,2,-1,restoration,2025-07-19 17:27:493
Nurse_G._struthium,C._hispanica,Other_species,0,1,2,-1,restoration,2025-07-19 17:27:493
H._squamatum,S._viscosa,C._hispanica,0,1,2,-1,restoration,2025-07-19 17:27:493
H._squamatum,S._viscosa,Other_species,0,1,2,-1,restoration,2025-07-19 17:27:493
H._squamatum,C._hispanica,Other_species,0,1,2,-1,restoration,2025-07-19 17:27:493
S._viscosa,C._hispanica,Other_species,0,1,2,-1,restoration,2025-07-19 17:27:493
Nurse_S._viscosa,Nurse_G._struthium,H._squamatum,0,1,2,-1,natural,2025-07-19 17:27:493
Nurse_S._viscosa,Nurse_G._struthium,S._viscosa,0,1,2,-1,natural,2025-07-19 17:27:493
Nurse_S._viscosa,Nurse_G._struthium,C._hispanica,0,1,2,-1,natural,2025-07-19 17:27:493
Nurse_S._viscosa,Nurse_G._struthium,Other_species,0,1,2,-1,natural,2025-07-19 17:27:493
Nurse_S._viscosa,H._squamatum,S._viscosa,0,1,2,-1,natural,2025-07-19 17:27:493
Nurse_S._viscosa,H._squamatum,C._hispanica,0,1,2,-1,natural,2025-07-19 17:27:493
Nurse_S._viscosa,H._squamatum,Other_species,0,1,2,-1,natural,2025-07-19 17:27:493
Nurse_S._viscosa,S._viscosa,C._hispanica,0,1,2,-1,natural,2025-07-19 17:27:493
Nurse_S._viscosa,S._viscosa,Other_species,0,1,2,-1,natural,2025-07-19 17:27:493
Nurse_S._viscosa,C._hispanica,Other_species,0,1,2,-1,natural,2025-07-19 17:27:493
Nurse_G._struthium,H._squamatum,S._viscosa,0,1,2,-1,natural,2025-07-19 17:27:493
Nurse_G._struthium,H._squamatum,C._hispanica,0,1,2,-1,natural,2025-07-19 17:27:493
Nurse_G._struthium,H._squamatum,Other_species,0,1,2,-1,natural,2025-07-19 17:27:493
Nurse_G._struthium,S._viscosa,C._hispanica,0,1,2,-1,natural,2025-07-19 17:27:493
Nurse_G._struthium,S._viscosa,Other_species,0,1,2,-1,natural,2025-07-19 17:27:493
Nurse_G._struthium,C._hispanica,Other_species,0,1,2,-1,natural,2025-07-19 17:27:493
H._squamatum,S._viscosa,C._hispanica,0,1,2,-1,natural,2025-07-19 17:27:493
H._squamatum,S._viscosa,Other_species,0,1,2,-1,natural,2025-07-19 17:27:493
H._squamatum,C._hispanica,Other_species,0,1,2,-1,natural,2025-07-19 17:27:493
S._viscosa,C._hispanica,Other_species,0,1,2,-1,natural,2025-07-19 17:27:493
Nurse_S._viscosa,Nurse_G._struthium,H._squamatum,0,1,2,-1,restoration,2025-07-19 17:27:493
Nurse_S._viscosa,Nurse_G._struthium,S._viscosa,0,1,2,-1,restoration,2025-07-19 17:27:493
Nurse_S._viscosa,Nurse_G._struthium,C._hispanica,0,1,2,-1,restoration,2025-07-19 17:27:493
Nurse_S._viscosa,Nurse_G._struthium,Other_species,0,1,2,-1,restoration,2025-07-19 17:27:493
Nurse_S._viscosa,H._squamatum,S._viscosa,0,1,2,-1,restoration,2025-07-19 17:27:493
Nurse_S._viscosa,H._squamatum,C._hispanica,0,1,2,-1,restoration,2025-07-19 17:27:493
Nurse_S._viscosa,H._squamatum,Other_species,0,1,2,-1,restoration,2025-07-19 17:27:493
Nurse_S._viscosa,S._viscosa,C._hispanica,0,1,2,-1,restoration,2025-07-19 17:27:493
Nurse_S._viscosa,S._viscosa,Other_species,0,1,2,-1,restoration,2025-07-19 17:27:493
Nurse_S._viscosa,C._hispanica,Other_species,0,1,2,-1,restoration,2025-07-19 17:27:493
Nurse_G._struthium,H._squamatum,S._viscosa,0,1,2,-1,restoration,2025-07-19 17:27:493
Nurse_G._struthium,H._squamatum,C._hispanica,0,1,2,-1,restoration,2025-07-19 17:27:493
Nurse_G._struthium,H._squamatum,Other_species,0,1,2,-1,restoration,2025-07-19 17:27:493
Nurse_G._struthium,S._viscosa,C._hispanica,0,1,2,-1,restoration,2025-07-19 17:27:493
Nurse_G._struthium,S._viscosa,Other_species,0,1,2,-1,restoration,2025-07-19 17:27:493
Nurse_G._struthium,C._hispanica,Other_species,0,1,2,-1,restoration,2025-07-19 17:27:493
H._squamatum,S._viscosa,C._hispanica,0,1,2,-1,restoration,2025-07-19 17:27:493
H._squamatum,S._viscosa,Other_species,0,1,2,-1,restoration,2025-07-19 17:27:493
H._squamatum,C._hispanica,Other_species,0,1,2,-1,restoration,2025-07-19 17:27:493
S._viscosa,C._hispanica,Other_species,0,1,2,-1,restoration,2025-07-19 17:27:493
Nurse_S._viscosa,Nurse_G._struthium,H._squamatum,0,1,2,-1,natural,2025-07-19 17:27:493
Nurse_S._viscosa,Nurse_G._struthium,S._viscosa,0,1,2,-1,natural,2025-07-19 17:27:493
Nurse_S._viscosa,Nurse_G._struthium,C._hispanica,0,1,2,-1,natural,2025-07-19 17:27:493
Nurse_S._viscosa,Nurse_G._struthium,Other_species,0,1,2,-1,natural,2025-07-19 17:27:493
Nurse_S._viscosa,H._squamatum,S._viscosa,0,1,2,-1,natural,2025-07-19 17:27:493
Nurse_S._viscosa,H._squamatum,C._hispanica,0,1,2,-1,natural,2025-07-19 17:27:493
Nurse_S._viscosa,H._squamatum,Other_species,0,1,2,-1,natural,2025-07-19 17:27:493
Nurse_S._viscosa,S._viscosa,C._hispanica,0,1,2,-1,natural,2025-07-19 17:27:493
Nurse_S._viscosa,S._viscosa,Other_species,0,1,2,-1,natural,2025-07-19 17:27:493
Nurse_S._viscosa,C._hispanica,Other_species,0,1,2,-1,natural,2025-07-19 17:27:493
Nurse_G._struthium,H._squamatum,S._viscosa,0,1,2,-1,natural,2025-07-19 17:27:493
Nurse_G._struthium,H._squamatum,C._hispanica,0,1,2,-1,natural,2025-07-19 17:27:493
Nurse_G._struthium,H._squamatum,Other_species,0,1,2,-1,natural,2025-07-19 17:27:493
Nurse_G._struthium,S._viscosa,C._hispanica,0,1,2,-1,natural,2025-07-19 17:27:493
Nurse_G._struthium,S._viscosa,Other_species,0,1,2,-1,natural,2025-07-19 17:27:493
Nurse_G._struthium,C._hispanica,Other_species,0,1,2,-1,natural,2025-07-19 17:27:493
H._squamatum,S._viscosa,C._hispanica,0,1,2,-1,natural,2025-07-19 17:27:493
H._squamatum,S._viscosa,Other_species,0,1,2,-1,natural,2025-07-19 17:27:493
H._squamatum,C._hispanica,Other_species,0,1,2,-1,natural,2025-07-19 17:27:493
S._viscosa,C._hispanica,Other_species,0,1,2,-1,natural,2025-07-19 17:27:493
Nurse_S._viscosa,Nurse_G._struthium,H._squamatum,0,1,2,-1,restoration,2025-07-19 17:27:483
Nurse_S._viscosa,Nurse_G._struthium,S._viscosa,0,1,2,-1,restoration,2025-07-19 17:27:483
Nurse_S._viscosa,Nurse_G._struthium,C._hispanica,0,1,2,-1,restoration,2025-07-19 17:27:483
Nurse_S._viscosa,Nurse_G._struthium,Other_species,0,1,2,-1,restoration,2025-07-19 17:27:483
Nurse_S._viscosa,H._squamatum,S._viscosa,0,1,2,-1,restoration,2025-07-19 17:27:483
Nurse_S._viscosa,H._squamatum,C._hispanica,0,1,2,-1,restoration,2025-07-19 17:27:483
Nurse_S._viscosa,H._squamatum,Other_species,0,1,2,-1,restoration,2025-07-19 17:27:483
Nurse_S._viscosa,S._viscosa,C._hispanica,0,1,2,-1,restoration,2025-07-19 17:27:483
Nurse_S._viscosa,S._viscosa,Other_species,0,1,2,-1,restoration,2025-07-19 17:27:483
Nurse_S._viscosa,C._hispanica,Other_species,0,1,2,-1,restoration,2025-07-19 17:27:483
Nurse_G._struthium,H._squamatum,S._viscosa,0,1,2,-1,restoration,2025-07-19 17:27:483
Nurse_G._struthium,H._squamatum,C._hispanica,0,1,2,-1,restoration,2025-07-19 17:27:483
Nurse_G._struthium,H._squamatum,Other_species,0,1,2,-1,restoration,2025-07-19 17:27:483
Nurse_G._struthium,S._viscosa,C._hispanica,0,1,2,-1,restoration,2025-07-19 17:27:483
Nurse_G._struthium,S._viscosa,Other_species,0,1,2,-1,restoration,2025-07-19 17:27:483
Nurse_G._struthium,C._hispanica,Other_species,0,1,2,-1,restoration,2025-07-19 17:27:483
H._squamatum,S._viscosa,C._hispanica,0,1,2,-1,restoration,2025-07-19 17:27:483
H._squamatum,S._viscosa,Other_species,0,1,2,-1,restoration,2025-07-19 17:27:483
H._squamatum,C._hispanica,Other_species,0,1,2,-1,restoration,2025-07-19 17:27:483
S._viscosa,C._hispanica,Other_species,0,1,2,-1,restoration,2025-07-19 17:27:483
Nurse_S._viscosa,Nurse_G._struthium,H._squamatum,0,1,2,-1,natural,2025-07-19 17:27:483
Nurse_S._viscosa,Nurse_G._struthium,S._viscosa,0,1,2,-1,natural,2025-07-19 17:27:483
Nurse_S._viscosa,Nurse_G._struthium,C._hispanica,0,1,2,-1,natural,2025-07-19 17:27:483
Nurse_S._viscosa,Nurse_G._struthium,Other_species,0,1,2,-1,natural,2025-07-19 17:27:483
Nurse_S._viscosa,H._squamatum,S._viscosa,0,1,2,-1,natural,2025-07-19 17:27:483
Nurse_S._viscosa,H._squamatum,C._hispanica,0,1,2,-1,natural,2025-07-19 17:27:483
Nurse_S._viscosa,H._squamatum,Other_species,0,1,2,-1,natural,2025-07-19 17:27:483
Nurse_S._viscosa,S._viscosa,C._hispanica,0,1,2,-1,natural,2025-07-19 17:27:483
Nurse_S._viscosa,S._viscosa,Other_species,0,1,2,-1,natural,2025-07-19 17:27:483
Nurse_S._viscosa,C._hispanica,Other_species,0,1,2,-1,natural,2025-07-19 17:27:483
Nurse_G._struthium,H._squamatum,S._viscosa,0,1,2,-1,natural,2025-07-19 17:27:483
Nurse_G._struthium,H._squamatum,C._hispanica,0,1,2,-1,natural,2025-07-19 17:27:483
Nurse_G._struthium,H._squamatum,Other_species,0,1,2,-1,natural,2025-07-19 17:27:483
Nurse_G._struthium,S._viscosa,C._hispanica,0,1,2,-1,natural,2025-07-19 17:27:483
Nurse_G._struthium,S._viscosa,Other_species,0,1,2,-1,natural,2025-07-19 17:27:483
Nurse_G._struthium,C._hispanica,Other_species,0,1,2,-1,natural,2025-07-19 17:27:483
H._squamatum,S._viscosa,C._hispanica,0,1,2,-1,natural,2025-07-19 17:27:483
H._squamatum,S._viscosa,Other_species,0,1,2,-1,natural,2025-07-19 17:27:483
H._squamatum,C._hispanica,Other_species,0,1,2,-1,natural,2025-07-19 17:27:483
S._viscosa,C._hispanica,Other_species,0,1,2,-1,natural,2025-07-19 17:27:483
Nurse_S._viscosa,Nurse_G._struthium,H._squamatum,0,1,2,-1,restoration,2025-07-19 17:27:483
Nurse_S._viscosa,Nurse_G._struthium,S._viscosa,0,1,2,-1,restoration,2025-07-19 17:27:483
Nurse_S._viscosa,Nurse_G._struthium,C._hispanica,0,1,2,-1,restoration,2025-07-19 17:27:483
Nurse_S._viscosa,Nurse_G._struthium,Other_species,0,1,2,-1,restoration,2025-07-19 17:27:483
Nurse_S._viscosa,H._squamatum,S._viscosa,0,1,2,-1,restoration,2025-07-19 17:27:483
Nurse_S._viscosa,H._squamatum,C._hispanica,0,1,2,-1,restoration,2025-07-19 17:27:483
Nurse_S._viscosa,H._squamatum,Other_species,0,1,2,-1,restoration,2025-07-19 17:27:483
Nurse_S._viscosa,S._viscosa,C._hispanica,0,1,2,-1,restoration,2025-07-19 17:27:483
Nurse_S._viscosa,S._viscosa,Other_species,0,1,2,-1,restoration,2025-07-19 17:27:483
Nurse_S._viscosa,C._hispanica,Other_species,0,1,2,-1,restoration,2025-07-19 17:27:483
Nurse_G._struthium,H._squamatum,S._viscosa,0,1,2,-1,restoration,2025-07-19 17:27:483
Nurse_G._struthium,H._squamatum,C._hispanica,0,1,2,-1,restoration,2025-07-19 17:27:483
Nurse_G._struthium,H._squamatum,Other_species,0,1,2,-1,restoration,2025-07-19 17:27:483
Nurse_G._struthium,S._viscosa,C._hispanica,0,1,2,-1,restoration,2025-07-19 17:27:483
Nurse_G._struthium,S._viscosa,Other_species,0,1,2,-1,restoration,2025-07-19 17:27:483
Nurse_G._struthium,C._hispanica,Other_species,0,1,2,-1,restoration,2025-07-19 17:27:483
H._squamatum,S._viscosa,C._hispanica,0,1,2,-1,restoration,2025-07-19 17:27:483
H._squamatum,S._viscosa,Other_species,0,1,2,-1,restoration,2025-07-19 17:27:483
H._squamatum,C._hispanica,Other_species,0,1,2,-1,restoration,2025-07-19 17:27:483
S._viscosa,C._hispanica,Other_species,0,1,2,-1,restoration,2025-07-19 17:27:483
Nurse_S._viscosa,Nurse_G._struthium,H._squamatum,0,1,2,-1,natural,2025-07-19 17:27:483
Nurse_S._viscosa,Nurse_G._struthium,S._viscosa,0,1,2,-1,natural,2025-07-19 17:27:483
Nurse_S._viscosa,Nurse_G._struthium,C._hispanica,0,1,2,-1,natural,2025-07-19 17:27:483
Nurse_S._viscosa,Nurse_G._struthium,Other_species,0,1,2,-1,natural,2025-07-19 17:27:483
Nurse_S._viscosa,H._squamatum,S._viscosa,0,1,2,-1,natural,2025-07-19 17:27:483
Nurse_S._viscosa,H._squamatum,C._hispanica,0,1,2,-1,natural,2025-07-19 17:27:483
Nurse_S._viscosa,H._squamatum,Other_species,0,1,2,-1,natural,2025-07-19 17:27:483
Nurse_S._viscosa,S._viscosa,C._hispanica,0,1,2,-1,natural,2025-07-19 17:27:483
Nurse_S._viscosa,S._viscosa,Other_species,0,1,2,-1,natural,2025-07-19 17:27:483
Nurse_S._viscosa,C._hispanica,Other_species,0,1,2,-1,natural,2025-07-19 17:27:483
Nurse_G._struthium,H._squamatum,S._viscosa,0,1,2,-1,natural,2025-07-19 17:27:483
Nurse_G._struthium,H._squamatum,C._hispanica,0,1,2,-1,natural,2025-07-19 17:27:483
Nurse_G._struthium,H._squamatum,Other_species,0,1,2,-1,natural,2025-07-19 17:27:483
Nurse_G._struthium,S._viscosa,C._hispanica,0,1,2,-1,natural,2025-07-19 17:27:483
Nurse_G._struthium,S._viscosa,Other_species,0,1,2,-1,natural,2025-07-19 17:27:483
Nurse_G._struthium,C._hispanica,Other_species,0,1,2,-1,natural,2025-07-19 17:27:483
H._squamatum,S._viscosa,C._hispanica,0,1,2,-1,natural,2025-07-19 17:27:483
H._squamatum,S._viscosa,Other_species,0,1,2,-1,natural,2025-07-19 17:27:483
H._squamatum,C._hispanica,Other_species,0,1,2,-1,natural,2025-07-19 17:27:483
S._viscosa,C._hispanica,Other_species,0,1,2,-1,natural,2025-07-19 17:27:483
Nurse_S._viscosa,Nurse_G._struthium,H._squamatum,0,1,2,-1,restoration,2025-07-19 17:27:473
Nurse_S._viscosa,Nurse_G._struthium,S._viscosa,0,1,2,-1,restoration,2025-07-19 17:27:473
Nurse_S._viscosa,Nurse_G._struthium,C._hispanica,0,1,2,-1,restoration,2025-07-19 17:27:473
Nurse_S._viscosa,Nurse_G._struthium,Other_species,0,1,2,-1,restoration,2025-07-19 17:27:473
Nurse_S._viscosa,H._squamatum,S._viscosa,0,1,2,-1,restoration,2025-07-19 17:27:473
Nurse_S._viscosa,H._squamatum,C._hispanica,0,1,2,-1,restoration,2025-07-19 17:27:473
Nurse_S._viscosa,H._squamatum,Other_species,0,1,2,-1,restoration,2025-07-19 17:27:473
Nurse_S._viscosa,S._viscosa,C._hispanica,0,1,2,-1,restoration,2025-07-19 17:27:473
Nurse_S._viscosa,S._viscosa,Other_species,0,1,2,-1,restoration,2025-07-19 17:27:473
Nurse_S._viscosa,C._hispanica,Other_species,0,1,2,-1,restoration,2025-07-19 17:27:473
Nurse_G._struthium,H._squamatum,S._viscosa,0,1,2,-1,restoration,2025-07-19 17:27:473
Nurse_G._struthium,H._squamatum,C._hispanica,0,1,2,-1,restoration,2025-07-19 17:27:473
Nurse_G._struthium,H._squamatum,Other_species,0,1,2,-1,restoration,2025-07-19 17:27:473
Nurse_G._struthium,S._viscosa,C._hispanica,0,1,2,-1,restoration,2025-07-19 17:27:473
Nurse_G._struthium,S._viscosa,Other_species,0,1,2,-1,restoration,2025-07-19 17:27:473
Nurse_G._struthium,C._hispanica,Other_species,0,1,2,-1,restoration,2025-07-19 17:27:473
H._squamatum,S._viscosa,C._hispanica,0,1,2,-1,restoration,2025-07-19 17:27:473
H._squamatum,S._viscosa,Other_species,0,1,2,-1,restoration,2025-07-19 17:27:473
H._squamatum,C._hispanica,Other_species,0,1,2,-1,restoration,2025-07-19 17:27:473
S._viscosa,C._hispanica,Other_species,0,1,2,-1,restoration,2025-07-19 17:27:473
Nurse_S._viscosa,Nurse_G._struthium,H._squamatum,0,1,2,-1,natural,2025-07-19 17:27:473
Nurse_S._viscosa,Nurse_G._struthium,S._viscosa,0,1,2,-1,natural,2025-07-19 17:27:473
Nurse_S._viscosa,Nurse_G._struthium,C._hispanica,0,1,2,-1,natural,2025-07-19 17:27:473
Nurse_S._viscosa,Nurse_G._struthium,Other_species,0,1,2,-1,natural,2025-07-19 17:27:473
Nurse_S._viscosa,H._squamatum,S._viscosa,0,1,2,-1,natural,2025-07-19 17:27:473
Nurse_S._viscosa,H._squamatum,C._hispanica,0,1,2,-1,natural,2025-07-19 17:27:473
Nurse_S._viscosa,H._squamatum,Other_species,0,1,2,-1,natural,2025-07-19 17:27:473
Nurse_S._viscosa,S._viscosa,C._hispanica,0,1,2,-1,natural,2025-07-19 17:27:473
Nurse_S._viscosa,S._viscosa,Other_species,0,1,2,-1,natural,2025-07-19 17:27:473
Nurse_S._viscosa,C._hispanica,Other_species,0,1,2,-1,natural,2025-07-19 17:27:473
Nurse_G._struthium,H._squamatum,S._viscosa,0,1,2,-1,natural,2025-07-19 17:27:473
Nurse_G._struthium,H._squamatum,C._hispanica,0,1,2,-1,natural,2025-07-19 17:27:473
Nurse_G._struthium,H._squamatum,Other_species,0,1,2,-1,natural,2025-07-19 17:27:473
Nurse_G._struthium,S._viscosa,C._hispanica,0,1,2,-1,natural,2025-07-19 17:27:473
Nurse_G._struthium,S._viscosa,Other_species,0,1,2,-1,natural,2025-07-19 17:27:473
Nurse_G._struthium,C._hispanica,Other_species,0,1,2,-1,natural,2025-07-19 17:27:473
H._squamatum,S._viscosa,C._hispanica,0,1,2,-1,natural,2025-07-19 17:27:473
H._squamatum,S._viscosa,Other_species,0,1,2,-1,natural,2025-07-19 17:27:473
H._squamatum,C._hispanica,Other_species,0,1,2,-1,natural,2025-07-19 17:27:473
S._viscosa,C._hispanica,Other_species,0,1,2,-1,natural,2025-07-19 17:27:473
Nurse_S._viscosa,Nurse_G._struthium,H._squamatum,0,1,2,-1,restoration,2025-07-19 17:27:473
Nurse_S._viscosa,Nurse_G._struthium,S._viscosa,0,1,2,-1,restoration,2025-07-19 17:27:473
Nurse_S._viscosa,Nurse_G._struthium,C._hispanica,0,1,2,-1,restoration,2025-07-19 17:27:473
Nurse_S._viscosa,Nurse_G._struthium,Other_species,0,1,2,-1,restoration,2025-07-19 17:27:473
Nurse_S._viscosa,H._squamatum,S._viscosa,0,1,2,-1,restoration,2025-07-19 17:27:473
Nurse_S._viscosa,H._squamatum,C._hispanica,0,1,2,-1,restoration,2025-07-19 17:27:473
Nurse_S._viscosa,H._squamatum,Other_species,0,1,2,-1,restoration,2025-07-19 17:27:473
Nurse_S._viscosa,S._viscosa,C._hispanica,0,1,2,-1,restoration,2025-07-19 17:27:473
Nurse_S._viscosa,S._viscosa,Other_species,0,1,2,-1,restoration,2025-07-19 17:27:473
Nurse_S._viscosa,C._hispanica,Other_species,0,1,2,-1,restoration,2025-07-19 17:27:473
Nurse_G._struthium,H._squamatum,S._viscosa,0,1,2,-1,restoration,2025-07-19 17:27:473
Nurse_G._struthium,H._squamatum,C._hispanica,0,1,2,-1,restoration,2025-07-19 17:27:473
Nurse_G._struthium,H._squamatum,Other_species,0,1,2,-1,restoration,2025-07-19 17:27:473
Nurse_G._struthium,S._viscosa,C._hispanica,0,1,2,-1,restoration,2025-07-19 17:27:473
Nurse_G._struthium,S._viscosa,Other_species,0,1,2,-1,restoration,2025-07-19 17:27:473
Nurse_G._struthium,C._hispanica,Other_species,0,1,2,-1,restoration,2025-07-19 17:27:473
H._squamatum,S._viscosa,C._hispanica,0,1,2,-1,restoration,2025-07-19 17:27:473
H._squamatum,S._viscosa,Other_species,0,1,2,-1,restoration,2025-07-19 17:27:473
H._squamatum,C._hispanica,Other_species,0,1,2,-1,restoration,2025-07-19 17:27:473
S._viscosa,C._hispanica,Other_species,0,1,2,-1,restoration,2025-07-19 17:27:473
Nurse_S._viscosa,Nurse_G._struthium,H._squamatum,0,1,2,-1,natural,2025-07-19 17:27:473
Nurse_S._viscosa,Nurse_G._struthium,S._viscosa,0,1,2,-1,natural,2025-07-19 17:27:473
Nurse_S._viscosa,Nurse_G._struthium,C._hispanica,0,1,2,-1,natural,2025-07-19 17:27:473
Nurse_S._viscosa,Nurse_G._struthium,Other_species,0,1,2,-1,natural,2025-07-19 17:27:473
Nurse_S._viscosa,H._squamatum,S._viscosa,0,1,2,-1,natural,2025-07-19 17:27:473
Nurse_S._viscosa,H._squamatum,C._hispanica,0,1,2,-1,natural,2025-07-19 17:27:473
Nurse_S._viscosa,H._squamatum,Other_species,0,1,2,-1,natural,2025-07-19 17:27:473
Nurse_S._viscosa,S._viscosa,C._hispanica,0,1,2,-1,natural,2025-07-19 17:27:473
Nurse_S._viscosa,S._viscosa,Other_species,0,1,2,-1,natural,2025-07-19 17:27:473
Nurse_S._viscosa,C._hispanica,Other_species,0,1,2,-1,natural,2025-07-19 17:27:473
Nurse_G._struthium,H._squamatum,S._viscosa,0,1,2,-1,natural,2025-07-19 17:27:473
Nurse_G._struthium,H._squamatum,C._hispanica,0,1,2,-1,natural,2025-07-19 17:27:473
Nurse_G._struthium,H._squamatum,Other_species,0,1,2,-1,natural,2025-07-19 17:27:473
Nurse_G._struthium,S._viscosa,C._hispanica,0,1,2,-1,natural,2025-07-19 17:27:473
Nurse_G._struthium,S._viscosa,Other_species,0,1,2,-1,natural,2025-07-19 17:27:473
Nurse_G._struthium,C._hispanica,Other_species,0,1,2,-1,natural,2025-07-19 17:27:473
H._squamatum,S._viscosa,C._hispanica,0,1,2,-1,natural,2025-07-19 17:27:473
H._squamatum,S._viscosa,Other_species,0,1,2,-1,natural,2025-07-19 17:27:473
H._squamatum,C._hispanica,Other_species,0,1,2,-1,natural,2025-07-19 17:27:473
S._viscosa,C._hispanica,Other_species,0,1,2,-1,natural,2025-07-19 17:27:473
Nurse_S._viscosa,Nurse_G._struthium,H._squamatum,0,1,2,-1,restoration,2025-07-19 17:27:463
Nurse_S._viscosa,Nurse_G._struthium,S._viscosa,0,1,2,-1,restoration,2025-07-19 17:27:463
Nurse_S._viscosa,Nurse_G._struthium,C._hispanica,0,1,2,-1,restoration,2025-07-19 17:27:463
Nurse_S._viscosa,Nurse_G._struthium,Other_species,0,1,2,-1,restoration,2025-07-19 17:27:463
Nurse_S._viscosa,H._squamatum,S._viscosa,0,1,2,-1,restoration,2025-07-19 17:27:463
Nurse_S._viscosa,H._squamatum,C._hispanica,0,1,2,-1,restoration,2025-07-19 17:27:463
Nurse_S._viscosa,H._squamatum,Other_species,0,1,2,-1,restoration,2025-07-19 17:27:463
Nurse_S._viscosa,S._viscosa,C._hispanica,0,1,2,-1,restoration,2025-07-19 17:27:463
Nurse_S._viscosa,S._viscosa,Other_species,0,1,2,-1,restoration,2025-07-19 17:27:463
Nurse_S._viscosa,C._hispanica,Other_species,0,1,2,-1,restoration,2025-07-19 17:27:463
Nurse_G._struthium,H._squamatum,S._viscosa,0,1,2,-1,restoration,2025-07-19 17:27:463
Nurse_G._struthium,H._squamatum,C._hispanica,0,1,2,-1,restoration,2025-07-19 17:27:463
Nurse_G._struthium,H._squamatum,Other_species,0,1,2,-1,restoration,2025-07-19 17:27:463
Nurse_G._struthium,S._viscosa,C._hispanica,0,1,2,-1,restoration,2025-07-19 17:27:463
Nurse_G._struthium,S._viscosa,Other_species,0,1,2,-1,restoration,2025-07-19 17:27:463
Nurse_G._struthium,C._hispanica,Other_species,0,1,2,-1,restoration,2025-07-19 17:27:463
H._squamatum,S._viscosa,C._hispanica,0,1,2,-1,restoration,2025-07-19 17:27:463
H._squamatum,S._viscosa,Other_species,0,1,2,-1,restoration,2025-07-19 17:27:463
H._squamatum,C._hispanica,Other_species,0,1,2,-1,restoration,2025-07-19 17:27:463
S._viscosa,C._hispanica,Other_species,0,1,2,-1,restoration,2025-07-19 17:27:463
Nurse_S._viscosa,Nurse_G._struthium,H._squamatum,0,1,2,-1,natural,2025-07-19 17:27:463
Nurse_S._viscosa,Nurse_G._struthium,S._viscosa,0,1,2,-1,natural,2025-07-19 17:27:463
Nurse_S._viscosa,Nurse_G._struthium,C._hispanica,0,1,2,-1,natural,2025-07-19 17:27:463
Nurse_S._viscosa,Nurse_G._struthium,Other_species,0,1,2,-1,natural,2025-07-19 17:27:463
Nurse_S._viscosa,H._squamatum,S._viscosa,0,1,2,-1,natural,2025-07-19 17:27:463
Nurse_S._viscosa,H._squamatum,C._hispanica,0,1,2,-1,natural,2025-07-19 17:27:463
Nurse_S._viscosa,H._squamatum,Other_species,0,1,2,-1,natural,2025-07-19 17:27:463
Nurse_S._viscosa,S._viscosa,C._hispanica,0,1,2,-1,natural,2025-07-19 17:27:463
Nurse_S._viscosa,S._viscosa,Other_species,0,1,2,-1,natural,2025-07-19 17:27:463
Nurse_S._viscosa,C._hispanica,Other_species,0,1,2,-1,natural,2025-07-19 17:27:463
Nurse_G._struthium,H._squamatum,S._viscosa,0,1,2,-1,natural,2025-07-19 17:27:463
Nurse_G._struthium,H._squamatum,C._hispanica,0,1,2,-1,natural,2025-07-19 17:27:463
Nurse_G._struthium,H._squamatum,Other_species,0,1,2,-1,natural,2025-07-19 17:27:463
Nurse_G._struthium,S._viscosa,C._hispanica,0,1,2,-1,natural,2025-07-19 17:27:463
Nurse_G._struthium,S._viscosa,Other_species,0,1,2,-1,natural,2025-07-19 17:27:463
Nurse_G._struthium,C._hispanica,Other_species,0,1,2,-1,natural,2025-07-19 17:27:463
H._squamatum,S._viscosa,C._hispanica,0,1,2,-1,natural,2025-07-19 17:27:463
H._squamatum,S._viscosa,Other_species,0,1,2,-1,natural,2025-07-19 17:27:463
H._squamatum,C._hispanica,Other_species,0,1,2,-1,natural,2025-07-19 17:27:463
S._viscosa,C._hispanica,Other_species,0,1,2,-1,natural,2025-07-19 17:27:463
Nurse_S._viscosa,Nurse_G._struthium,H._squamatum,0,1,2,-1,restoration,2025-07-19 17:27:463
Nurse_S._viscosa,Nurse_G._struthium,S._viscosa,0,1,2,-1,restoration,2025-07-19 17:27:463
Nurse_S._viscosa,Nurse_G._struthium,C._hispanica,0,1,2,-1,restoration,2025-07-19 17:27:463
Nurse_S._viscosa,Nurse_G._struthium,Other_species,0,1,2,-1,restoration,2025-07-19 17:27:463
Nurse_S._viscosa,H._squamatum,S._viscosa,0,1,2,-1,restoration,2025-07-19 17:27:463
Nurse_S._viscosa,H._squamatum,C._hispanica,0,1,2,-1,restoration,2025-07-19 17:27:463
Nurse_S._viscosa,H._squamatum,Other_species,0,1,2,-1,restoration,2025-07-19 17:27:463
Nurse_S._viscosa,S._viscosa,C._hispanica,0,1,2,-1,restoration,2025-07-19 17:27:463
Nurse_S._viscosa,S._viscosa,Other_species,0,1,2,-1,restoration,2025-07-19 17:27:463
Nurse_S._viscosa,C._hispanica,Other_species,0,1,2,-1,restoration,2025-07-19 17:27:463
Nurse_G._struthium,H._squamatum,S._viscosa,0,1,2,-1,restoration,2025-07-19 17:27:463
Nurse_G._struthium,H._squamatum,C._hispanica,0,1,2,-1,restoration,2025-07-19 17:27:463
Nurse_G._struthium,H._squamatum,Other_species,0,1,2,-1,restoration,2025-07-19 17:27:463
Nurse_G._struthium,S._viscosa,C._hispanica,0,1,2,-1,restoration,2025-07-19 17:27:463
Nurse_G._struthium,S._viscosa,Other_species,0,1,2,-1,restoration,2025-07-19 17:27:463
Nurse_G._struthium,C._hispanica,Other_species,0,1,2,-1,restoration,2025-07-19 17:27:463
H._squamatum,S._viscosa,C._hispanica,0,1,2,-1,restoration,2025-07-19 17:27:463
H._squamatum,S._viscosa,Other_species,0,1,2,-1,restoration,2025-07-19 17:27:463
H._squamatum,C._hispanica,Other_species,0,1,2,-1,restoration,2025-07-19 17:27:463
S._viscosa,C._hispanica,Other_species,0,1,2,-1,restoration,2025-07-19 17:27:463
Nurse_S._viscosa,Nurse_G._struthium,H._squamatum,0,1,2,-1,natural,2025-07-19 17:27:463
Nurse_S._viscosa,Nurse_G._struthium,S._viscosa,0,1,2,-1,natural,2025-07-19 17:27:463
Nurse_S._viscosa,Nurse_G._struthium,C._hispanica,0,1,2,-1,natural,2025-07-19 17:27:463
Nurse_S._viscosa,Nurse_G._struthium,Other_species,0,1,2,-1,natural,2025-07-19 17:27:463
Nurse_S._viscosa,H._squamatum,S._viscosa,0,1,2,-1,natural,2025-07-19 17:27:463
Nurse_S._viscosa,H._squamatum,C._hispanica,0,1,2,-1,natural,2025-07-19 17:27:463
Nurse_S._viscosa,H._squamatum,Other_species,0,1,2,-1,natural,2025-07-19 17:27:463
Nurse_S._viscosa,S._viscosa,C._hispanica,0,1,2,-1,natural,2025-07-19 17:27:463
Nurse_S._viscosa,S._viscosa,Other_species,0,1,2,-1,natural,2025-07-19 17:27:463
Nurse_S._viscosa,C._hispanica,Other_species,0,1,2,-1,natural,2025-07-19 17:27:463
Nurse_G._struthium,H._squamatum,S._viscosa,0,1,2,-1,natural,2025-07-19 17:27:463
Nurse_G._struthium,H._squamatum,C._hispanica,0,1,2,-1,natural,2025-07-19 17:27:463
Nurse_G._struthium,H._squamatum,Other_species,0,1,2,-1,natural,2025-07-19 17:27:463
Nurse_G._struthium,S._viscosa,C._hispanica,0,1,2,-1,natural,2025-07-19 17:27:463
Nurse_G._struthium,S._viscosa,Other_species,0,1,2,-1,natural,2025-07-19 17:27:463
Nurse_G._struthium,C._hispanica,Other_species,0,1,2,-1,natural,2025-07-19 17:27:463
H._squamatum,S._viscosa,C._hispanica,0,1,2,-1,natural,2025-07-19 17:27:463
H._squamatum,S._viscosa,Other_species,0,1,2,-1,natural,2025-07-19 17:27:463
H._squamatum,C._hispanica,Other_species,0,1,2,-1,natural,2025-07-19 17:27:463
S._viscosa,C._hispanica,Other_species,0,1,2,-1,natural,2025-07-19 17:27:463
Nurse_S._viscosa,Nurse_G._struthium,H._squamatum,0,1,2,-1,restoration,2025-07-19 17:27:463
Nurse_S._viscosa,Nurse_G._struthium,S._viscosa,0,1,2,-1,restoration,2025-07-19 17:27:463
Nurse_S._viscosa,Nurse_G._struthium,C._hispanica,0,1,2,-1,restoration,2025-07-19 17:27:463
Nurse_S._viscosa,Nurse_G._struthium,Other_species,0,1,2,-1,restoration,2025-07-19 17:27:463
Nurse_S._viscosa,H._squamatum,S._viscosa,0,1,2,-1,restoration,2025-07-19 17:27:463
Nurse_S._viscosa,H._squamatum,C._hispanica,0,1,2,-1,restoration,2025-07-19 17:27:463
Nurse_S._viscosa,H._squamatum,Other_species,0,1,2,-1,restoration,2025-07-19 17:27:463
Nurse_S._viscosa,S._viscosa,C._hispanica,0,1,2,-1,restoration,2025-07-19 17:27:463
Nurse_S._viscosa,S._viscosa,Other_species,0,1,2,-1,restoration,2025-07-19 17:27:463
Nurse_S._viscosa,C._hispanica,Other_species,0,1,2,-1,restoration,2025-07-19 17:27:463
Nurse_G._struthium,H._squamatum,S._viscosa,0,1,2,-1,restoration,2025-07-19 17:27:463
Nurse_G._struthium,H._squamatum,C._hispanica,0,1,2,-1,restoration,2025-07-19 17:27:463
Nurse_G._struthium,H._squamatum,Other_species,0,1,2,-1,restoration,2025-07-19 17:27:463
Nurse_G._struthium,S._viscosa,C._hispanica,0,1,2,-1,restoration,2025-07-19 17:27:463
Nurse_G._struthium,S._viscosa,Other_species,0,1,2,-1,restoration,2025-07-19 17:27:463
Nurse_G._struthium,C._hispanica,Other_species,0,1,2,-1,restoration,2025-07-19 17:27:463
H._squamatum,S._viscosa,C._hispanica,0,1,2,-1,restoration,2025-07-19 17:27:463
H._squamatum,S._viscosa,Other_species,0,1,2,-1,restoration,2025-07-19 17:27:463
H._squamatum,C._hispanica,Other_species,0,1,2,-1,restoration,2025-07-19 17:27:463
S._viscosa,C._hispanica,Other_species,0,1,2,-1,restoration,2025-07-19 17:27:463
Nurse_S._viscosa,Nurse_G._struthium,H._squamatum,0,1,2,-1,natural,2025-07-19 17:27:463
Nurse_S._viscosa,Nurse_G._struthium,S._viscosa,0,1,2,-1,natural,2025-07-19 17:27:463
Nurse_S._viscosa,Nurse_G._struthium,C._hispanica,0,1,2,-1,natural,2025-07-19 17:27:463
Nurse_S._viscosa,Nurse_G._struthium,Other_species,0,1,2,-1,natural,2025-07-19 17:27:463
Nurse_S._viscosa,H._squamatum,S._viscosa,0,1,2,-1,natural,2025-07-19 17:27:463
Nurse_S._viscosa,H._squamatum,C._hispanica,0,1,2,-1,natural,2025-07-19 17:27:463
Nurse_S._viscosa,H._squamatum,Other_species,0,1,2,-1,natural,2025-07-19 17:27:463
Nurse_S._viscosa,S._viscosa,C._hispanica,0,1,2,-1,natural,2025-07-19 17:27:463
Nurse_S._viscosa,S._viscosa,Other_species,0,1,2,-1,natural,2025-07-19 17:27:463
Nurse_S._viscosa,C._hispanica,Other_species,0,1,2,-1,natural,2025-07-19 17:27:463
Nurse_G._struthium,H._squamatum,S._viscosa,0,1,2,-1,natural,2025-07-19 17:27:463
Nurse_G._struthium,H._squamatum,C._hispanica,0,1,2,-1,natural,2025-07-19 17:27:463
Nurse_G._struthium,H._squamatum,Other_species,0,1,2,-1,natural,2025-07-19 17:27:463
Nurse_G._struthium,S._viscosa,C._hispanica,0,1,2,-1,natural,2025-07-19 17:27:463
Nurse_G._struthium,S._viscosa,Other_species,0,1,2,-1,natural,2025-07-19 17:27:463
Nurse_G._struthium,C._hispanica,Other_species,0,1,2,-1,natural,2025-07-19 17:27:463
H._squamatum,S._viscosa,C._hispanica,0,1,2,-1,natural,2025-07-19 17:27:463
H._squamatum,S._viscosa,Other_species,0,1,2,-1,natural,2025-07-19 17:27:463
H._squamatum,C._hispanica,Other_species,0,1,2,-1,natural,2025-07-19 17:27:463
S._viscosa,C._hispanica,Other_species,0,1,2,-1,natural,2025-07-19 17:27:463
Nurse_S._viscosa,Nurse_G._struthium,H._squamatum,0,1,2,-1,restoration,2025-07-19 17:27:453
Nurse_S._viscosa,Nurse_G._struthium,S._viscosa,0,1,2,-1,restoration,2025-07-19 17:27:453
Nurse_S._viscosa,Nurse_G._struthium,C._hispanica,0,1,2,-1,restoration,2025-07-19 17:27:453
Nurse_S._viscosa,Nurse_G._struthium,Other_species,0,1,2,-1,restoration,2025-07-19 17:27:453
Nurse_S._viscosa,H._squamatum,S._viscosa,0,1,2,-1,restoration,2025-07-19 17:27:453
Nurse_S._viscosa,H._squamatum,C._hispanica,0,1,2,-1,restoration,2025-07-19 17:27:453
Nurse_S._viscosa,H._squamatum,Other_species,0,1,2,-1,restoration,2025-07-19 17:27:453
Nurse_S._viscosa,S._viscosa,C._hispanica,0,1,2,-1,restoration,2025-07-19 17:27:453
Nurse_S._viscosa,S._viscosa,Other_species,0,1,2,-1,restoration,2025-07-19 17:27:453
Nurse_S._viscosa,C._hispanica,Other_species,0,1,2,-1,restoration,2025-07-19 17:27:453
Nurse_G._struthium,H._squamatum,S._viscosa,0,1,2,-1,restoration,2025-07-19 17:27:453
Nurse_G._struthium,H._squamatum,C._hispanica,0,1,2,-1,restoration,2025-07-19 17:27:453
Nurse_G._struthium,H._squamatum,Other_species,0,1,2,-1,restoration,2025-07-19 17:27:453
Nurse_G._struthium,S._viscosa,C._hispanica,0,1,2,-1,restoration,2025-07-19 17:27:453
Nurse_G._struthium,S._viscosa,Other_species,0,1,2,-1,restoration,2025-07-19 17:27:453
Nurse_G._struthium,C._hispanica,Other_species,0,1,2,-1,restoration,2025-07-19 17:27:453
H._squamatum,S._viscosa,C._hispanica,0,1,2,-1,restoration,2025-07-19 17:27:453
H._squamatum,S._viscosa,Other_species,0,1,2,-1,restoration,2025-07-19 17:27:453
H._squamatum,C._hispanica,Other_species,0,1,2,-1,restoration,2025-07-19 17:27:453
S._viscosa,C._hispanica,Other_species,0,1,2,-1,restoration,2025-07-19 17:27:453
Nurse_S._viscosa,Nurse_G._struthium,H._squamatum,0,1,2,-1,natural,2025-07-19 17:27:453
Nurse_S._viscosa,Nurse_G._struthium,S._viscosa,0,1,2,-1,natural,2025-07-19 17:27:453
Nurse_S._viscosa,Nurse_G._struthium,C._hispanica,0,1,2,-1,natural,2025-07-19 17:27:453
Nurse_S._viscosa,Nurse_G._struthium,Other_species,0,1,2,-1,natural,2025-07-19 17:27:453
Nurse_S._viscosa,H._squamatum,S._viscosa,0,1,2,-1,natural,2025-07-19 17:27:453
Nurse_S._viscosa,H._squamatum,C._hispanica,0,1,2,-1,natural,2025-07-19 17:27:453
Nurse_S._viscosa,H._squamatum,Other_species,0,1,2,-1,natural,2025-07-19 17:27:453
Nurse_S._viscosa,S._viscosa,C._hispanica,0,1,2,-1,natural,2025-07-19 17:27:453
Nurse_S._viscosa,S._viscosa,Other_species,0,1,2,-1,natural,2025-07-19 17:27:453
Nurse_S._viscosa,C._hispanica,Other_species,0,1,2,-1,natural,2025-07-19 17:27:453
Nurse_G._struthium,H._squamatum,S._viscosa,0,1,2,-1,natural,2025-07-19 17:27:453
Nurse_G._struthium,H._squamatum,C._hispanica,0,1,2,-1,natural,2025-07-19 17:27:453
Nurse_G._struthium,H._squamatum,Other_species,0,1,2,-1,natural,2025-07-19 17:27:453
Nurse_G._struthium,S._viscosa,C._hispanica,0,1,2,-1,natural,2025-07-19 17:27:453
Nurse_G._struthium,S._viscosa,Other_species,0,1,2,-1,natural,2025-07-19 17:27:453
Nurse_G._struthium,C._hispanica,Other_species,0,1,2,-1,natural,2025-07-19 17:27:453
H._squamatum,S._viscosa,C._hispanica,0,1,2,-1,natural,2025-07-19 17:27:453
H._squamatum,S._viscosa,Other_species,0,1,2,-1,natural,2025-07-19 17:27:453
H._squamatum,C._hispanica,Other_species,0,1,2,-1,natural,2025-07-19 17:27:453
S._viscosa,C._hispanica,Other_species,0,1,2,-1,natural,2025-07-19 17:27:453
Nurse_S._viscosa,Nurse_G._struthium,H._squamatum,0,1,2,-1,restoration,2025-07-19 17:27:453
Nurse_S._viscosa,Nurse_G._struthium,S._viscosa,0,1,2,-1,restoration,2025-07-19 17:27:453
Nurse_S._viscosa,Nurse_G._struthium,C._hispanica,0,1,2,-1,restoration,2025-07-19 17:27:453
Nurse_S._viscosa,Nurse_G._struthium,Other_species,0,1,2,-1,restoration,2025-07-19 17:27:453
Nurse_S._viscosa,H._squamatum,S._viscosa,0,1,2,-1,restoration,2025-07-19 17:27:453
Nurse_S._viscosa,H._squamatum,C._hispanica,0,1,2,-1,restoration,2025-07-19 17:27:453
Nurse_S._viscosa,H._squamatum,Other_species,0,1,2,-1,restoration,2025-07-19 17:27:453
Nurse_S._viscosa,S._viscosa,C._hispanica,0,1,2,-1,restoration,2025-07-19 17:27:453
Nurse_S._viscosa,S._viscosa,Other_species,0,1,2,-1,restoration,2025-07-19 17:27:453
Nurse_S._viscosa,C._hispanica,Other_species,0,1,2,-1,restoration,2025-07-19 17:27:453
Nurse_G._struthium,H._squamatum,S._viscosa,0,1,2,-1,restoration,2025-07-19 17:27:453
Nurse_G._struthium,H._squamatum,C._hispanica,0,1,2,-1,restoration,2025-07-19 17:27:453
Nurse_G._struthium,H._squamatum,Other_species,0,1,2,-1,restoration,2025-07-19 17:27:453
Nurse_G._struthium,S._viscosa,C._hispanica,0,1,2,-1,restoration,2025-07-19 17:27:453
Nurse_G._struthium,S._viscosa,Other_species,0,1,2,-1,restoration,2025-07-19 17:27:453
Nurse_G._struthium,C._hispanica,Other_species,0,1,2,-1,restoration,2025-07-19 17:27:453
H._squamatum,S._viscosa,C._hispanica,0,1,2,-1,restoration,2025-07-19 17:27:453
H._squamatum,S._viscosa,Other_species,0,1,2,-1,restoration,2025-07-19 17:27:453
H._squamatum,C._hispanica,Other_species,0,1,2,-1,restoration,2025-07-19 17:27:453
S._viscosa,C._hispanica,Other_species,0,1,2,-1,restoration,2025-07-19 17:27:453
Nurse_S._viscosa,Nurse_G._struthium,H._squamatum,0,1,2,-1,natural,2025-07-19 17:27:453
Nurse_S._viscosa,Nurse_G._struthium,S._viscosa,0,1,2,-1,natural,2025-07-19 17:27:453
Nurse_S._viscosa,Nurse_G._struthium,C._hispanica,0,1,2,-1,natural,2025-07-19 17:27:453
Nurse_S._viscosa,Nurse_G._struthium,Other_species,0,1,2,-1,natural,2025-07-19 17:27:453
Nurse_S._viscosa,H._squamatum,S._viscosa,0,1,2,-1,natural,2025-07-19 17:27:453
Nurse_S._viscosa,H._squamatum,C._hispanica,0,1,2,-1,natural,2025-07-19 17:27:453
Nurse_S._viscosa,H._squamatum,Other_species,0,1,2,-1,natural,2025-07-19 17:27:453
Nurse_S._viscosa,S._viscosa,C._hispanica,0,1,2,-1,natural,2025-07-19 17:27:453
Nurse_S._viscosa,S._viscosa,Other_species,0,1,2,-1,natural,2025-07-19 17:27:453
Nurse_S._viscosa,C._hispanica,Other_species,0,1,2,-1,natural,2025-07-19 17:27:453
Nurse_G._struthium,H._squamatum,S._viscosa,0,1,2,-1,natural,2025-07-19 17:27:453
Nurse_G._struthium,H._squamatum,C._hispanica,0,1,2,-1,natural,2025-07-19 17:27:453
Nurse_G._struthium,H._squamatum,Other_species,0,1,2,-1,natural,2025-07-19 17:27:453
Nurse_G._struthium,S._viscosa,C._hispanica,0,1,2,-1,natural,2025-07-19 17:27:453
Nurse_G._struthium,S._viscosa,Other_species,0,1,2,-1,natural,2025-07-19 17:27:453
Nurse_G._struthium,C._hispanica,Other_species,0,1,2,-1,natural,2025-07-19 17:27:453
H._squamatum,S._viscosa,C._hispanica,0,1,2,-1,natural,2025-07-19 17:27:453
H._squamatum,S._viscosa,Other_species,0,1,2,-1,natural,2025-07-19 17:27:453
H._squamatum,C._hispanica,Other_species,0,1,2,-1,natural,2025-07-19 17:27:453
S._viscosa,C._hispanica,Other_species,0,1,2,-1,natural,2025-07-19 17:27:453
Nurse_S._viscosa,Nurse_G._struthium,H._squamatum,0,1,2,-1,restoration,2025-07-19 17:27:453
Nurse_S._viscosa,Nurse_G._struthium,S._viscosa,0,1,2,-1,restoration,2025-07-19 17:27:453
Nurse_S._viscosa,Nurse_G._struthium,C._hispanica,0,1,2,-1,restoration,2025-07-19 17:27:453
Nurse_S._viscosa,Nurse_G._struthium,Other_species,0,1,2,-1,restoration,2025-07-19 17:27:453
Nurse_S._viscosa,H._squamatum,S._viscosa,0,1,2,-1,restoration,2025-07-19 17:27:453
Nurse_S._viscosa,H._squamatum,C._hispanica,0,1,2,-1,restoration,2025-07-19 17:27:453
Nurse_S._viscosa,H._squamatum,Other_species,0,1,2,-1,restoration,2025-07-19 17:27:453
Nurse_S._viscosa,S._viscosa,C._hispanica,0,1,2,-1,restoration,2025-07-19 17:27:453
Nurse_S._viscosa,S._viscosa,Other_species,0,1,2,-1,restoration,2025-07-19 17:27:453
Nurse_S._viscosa,C._hispanica,Other_species,0,1,2,-1,restoration,2025-07-19 17:27:453
Nurse_G._struthium,H._squamatum,S._viscosa,0,1,2,-1,restoration,2025-07-19 17:27:453
Nurse_G._struthium,H._squamatum,C._hispanica,0,1,2,-1,restoration,2025-07-19 17:27:453
Nurse_G._struthium,H._squamatum,Other_species,0,1,2,-1,restoration,2025-07-19 17:27:453
Nurse_G._struthium,S._viscosa,C._hispanica,0,1,2,-1,restoration,2025-07-19 17:27:453
Nurse_G._struthium,S._viscosa,Other_species,0,1,2,-1,restoration,2025-07-19 17:27:453
Nurse_G._struthium,C._hispanica,Other_species,0,1,2,-1,restoration,2025-07-19 17:27:453
H._squamatum,S._viscosa,C._hispanica,0,1,2,-1,restoration,2025-07-19 17:27:453
H._squamatum,S._viscosa,Other_species,0,1,2,-1,restoration,2025-07-19 17:27:453
H._squamatum,C._hispanica,Other_species,0,1,2,-1,restoration,2025-07-19 17:27:453
S._viscosa,C._hispanica,Other_species,0,1,2,-1,restoration,2025-07-19 17:27:453
Nurse_S._viscosa,Nurse_G._struthium,H._squamatum,0,1,2,-1,natural,2025-07-19 17:27:453
Nurse_S._viscosa,Nurse_G._struthium,S._viscosa,0,1,2,-1,natural,2025-07-19 17:27:453
Nurse_S._viscosa,Nurse_G._struthium,C._hispanica,0,1,2,-1,natural,2025-07-19 17:27:453
Nurse_S._viscosa,Nurse_G._struthium,Other_species,0,1,2,-1,natural,2025-07-19 17:27:453
Nurse_S._viscosa,H._squamatum,S._viscosa,0,1,2,-1,natural,2025-07-19 17:27:453
Nurse_S._viscosa,H._squamatum,C._hispanica,0,1,2,-1,natural,2025-07-19 17:27:453
Nurse_S._viscosa,H._squamatum,Other_species,0,1,2,-1,natural,2025-07-19 17:27:453
Nurse_S._viscosa,S._viscosa,C._hispanica,0,1,2,-1,natural,2025-07-19 17:27:453
Nurse_S._viscosa,S._viscosa,Other_species,0,1,2,-1,natural,2025-07-19 17:27:453
Nurse_S._viscosa,C._hispanica,Other_species,0,1,2,-1,natural,2025-07-19 17:27:453
Nurse_G._struthium,H._squamatum,S._viscosa,0,1,2,-1,natural,2025-07-19 17:27:453
Nurse_G._struthium,H._squamatum,C._hispanica,0,1,2,-1,natural,2025-07-19 17:27:453
Nurse_G._struthium,H._squamatum,Other_species,0,1,2,-1,natural,2025-07-19 17:27:453
Nurse_G._struthium,S._viscosa,C._hispanica,0,1,2,-1,natural,2025-07-19 17:27:453
Nurse_G._struthium,S._viscosa,Other_species,0,1,2,-1,natural,2025-07-19 17:27:453
Nurse_G._struthium,C._hispanica,Other_species,0,1,2,-1,natural,2025-07-19 17:27:453
H._squamatum,S._viscosa,C._hispanica,0,1,2,-1,natural,2025-07-19 17:27:453
H._squamatum,S._viscosa,Other_species,0,1,2,-1,natural,2025-07-19 17:27:453
H._squamatum,C._hispanica,Other_species,0,1,2,-1,natural,2025-07-19 17:27:453
S._viscosa,C._hispanica,Other_species,0,1,2,-1,natural,2025-07-19 17:27:453
Nurse_S._viscosa,Nurse_G._struthium,H._squamatum,0,1,2,-1,restoration,2025-07-19 17:27:443
Nurse_S._viscosa,Nurse_G._struthium,S._viscosa,0,1,2,-1,restoration,2025-07-19 17:27:443
Nurse_S._viscosa,Nurse_G._struthium,C._hispanica,0,1,2,-1,restoration,2025-07-19 17:27:443
Nurse_S._viscosa,Nurse_G._struthium,Other_species,0,1,2,-1,restoration,2025-07-19 17:27:443
Nurse_S._viscosa,H._squamatum,S._viscosa,0,1,2,-1,restoration,2025-07-19 17:27:443
Nurse_S._viscosa,H._squamatum,C._hispanica,0,1,2,-1,restoration,2025-07-19 17:27:443
Nurse_S._viscosa,H._squamatum,Other_species,0,1,2,-1,restoration,2025-07-19 17:27:443
Nurse_S._viscosa,S._viscosa,C._hispanica,0,1,2,-1,restoration,2025-07-19 17:27:443
Nurse_S._viscosa,S._viscosa,Other_species,0,1,2,-1,restoration,2025-07-19 17:27:443
Nurse_S._viscosa,C._hispanica,Other_species,0,1,2,-1,restoration,2025-07-19 17:27:443
Nurse_G._struthium,H._squamatum,S._viscosa,0,1,2,-1,restoration,2025-07-19 17:27:443
Nurse_G._struthium,H._squamatum,C._hispanica,0,1,2,-1,restoration,2025-07-19 17:27:443
Nurse_G._struthium,H._squamatum,Other_species,0,1,2,-1,restoration,2025-07-19 17:27:443
Nurse_G._struthium,S._viscosa,C._hispanica,0,1,2,-1,restoration,2025-07-19 17:27:443
Nurse_G._struthium,S._viscosa,Other_species,0,1,2,-1,restoration,2025-07-19 17:27:443
Nurse_G._struthium,C._hispanica,Other_species,0,1,2,-1,restoration,2025-07-19 17:27:443
H._squamatum,S._viscosa,C._hispanica,0,1,2,-1,restoration,2025-07-19 17:27:443
H._squamatum,S._viscosa,Other_species,0,1,2,-1,restoration,2025-07-19 17:27:443
H._squamatum,C._hispanica,Other_species,0,1,2,-1,restoration,2025-07-19 17:27:443
S._viscosa,C._hispanica,Other_species,0,1,2,-1,restoration,2025-07-19 17:27:443
Nurse_S._viscosa,Nurse_G._struthium,H._squamatum,0,1,2,-1,natural,2025-07-19 17:27:443
Nurse_S._viscosa,Nurse_G._struthium,S._viscosa,0,1,2,-1,natural,2025-07-19 17:27:443
Nurse_S._viscosa,Nurse_G._struthium,C._hispanica,0,1,2,-1,natural,2025-07-19 17:27:443
Nurse_S._viscosa,Nurse_G._struthium,Other_species,0,1,2,-1,natural,2025-07-19 17:27:443
Nurse_S._viscosa,H._squamatum,S._viscosa,0,1,2,-1,natural,2025-07-19 17:27:443
Nurse_S._viscosa,H._squamatum,C._hispanica,0,1,2,-1,natural,2025-07-19 17:27:443
Nurse_S._viscosa,H._squamatum,Other_species,0,1,2,-1,natural,2025-07-19 17:27:443
Nurse_S._viscosa,S._viscosa,C._hispanica,0,1,2,-1,natural,2025-07-19 17:27:443
Nurse_S._viscosa,S._viscosa,Other_species,0,1,2,-1,natural,2025-07-19 17:27:443
Nurse_S._viscosa,C._hispanica,Other_species,0,1,2,-1,natural,2025-07-19 17:27:443
Nurse_G._struthium,H._squamatum,S._viscosa,0,1,2,-1,natural,2025-07-19 17:27:443
Nurse_G._struthium,H._squamatum,C._hispanica,0,1,2,-1,natural,2025-07-19 17:27:443
Nurse_G._struthium,H._squamatum,Other_species,0,1,2,-1,natural,2025-07-19 17:27:443
Nurse_G._struthium,S._viscosa,C._hispanica,0,1,2,-1,natural,2025-07-19 17:27:443
Nurse_G._struthium,S._viscosa,Other_species,0,1,2,-1,natural,2025-07-19 17:27:443
Nurse_G._struthium,C._hispanica,Other_species,0,1,2,-1,natural,2025-07-19 17:27:443
H._squamatum,S._viscosa,C._hispanica,0,1,2,-1,natural,2025-07-19 17:27:443
H._squamatum,S._viscosa,Other_species,0,1,2,-1,natural,2025-07-19 17:27:443
H._squamatum,C._hispanica,Other_species,0,1,2,-1,natural,2025-07-19 17:27:443
S._viscosa,C._hispanica,Other_species,0,1,2,-1,natural,2025-07-19 17:27:443
Nurse_S._viscosa,Nurse_G._struthium,H._squamatum,0,1,2,-1,restoration,2025-07-19 17:27:443
Nurse_S._viscosa,Nurse_G._struthium,S._viscosa,0,1,2,-1,restoration,2025-07-19 17:27:443
Nurse_S._viscosa,Nurse_G._struthium,C._hispanica,0,1,2,-1,restoration,2025-07-19 17:27:443
Nurse_S._viscosa,Nurse_G._struthium,Other_species,0,1,2,-1,restoration,2025-07-19 17:27:443
Nurse_S._viscosa,H._squamatum,S._viscosa,0,1,2,-1,restoration,2025-07-19 17:27:443
Nurse_S._viscosa,H._squamatum,C._hispanica,0,1,2,-1,restoration,2025-07-19 17:27:443
Nurse_S._viscosa,H._squamatum,Other_species,0,1,2,-1,restoration,2025-07-19 17:27:443
Nurse_S._viscosa,S._viscosa,C._hispanica,0,1,2,-1,restoration,2025-07-19 17:27:443
Nurse_S._viscosa,S._viscosa,Other_species,0,1,2,-1,restoration,2025-07-19 17:27:443
Nurse_S._viscosa,C._hispanica,Other_species,0,1,2,-1,restoration,2025-07-19 17:27:443
Nurse_G._struthium,H._squamatum,S._viscosa,0,1,2,-1,restoration,2025-07-19 17:27:443
Nurse_G._struthium,H._squamatum,C._hispanica,0,1,2,-1,restoration,2025-07-19 17:27:443
Nurse_G._struthium,H._squamatum,Other_species,0,1,2,-1,restoration,2025-07-19 17:27:443
Nurse_G._struthium,S._viscosa,C._hispanica,0,1,2,-1,restoration,2025-07-19 17:27:443
Nurse_G._struthium,S._viscosa,Other_species,0,1,2,-1,restoration,2025-07-19 17:27:443
Nurse_G._struthium,C._hispanica,Other_species,0,1,2,-1,restoration,2025-07-19 17:27:443
H._squamatum,S._viscosa,C._hispanica,0,1,2,-1,restoration,2025-07-19 17:27:443
H._squamatum,S._viscosa,Other_species,0,1,2,-1,restoration,2025-07-19 17:27:443
H._squamatum,C._hispanica,Other_species,0,1,2,-1,restoration,2025-07-19 17:27:443
S._viscosa,C._hispanica,Other_species,0,1,2,-1,restoration,2025-07-19 17:27:443
Nurse_S._viscosa,Nurse_G._struthium,H._squamatum,0,1,2,-1,natural,2025-07-19 17:27:443
Nurse_S._viscosa,Nurse_G._struthium,S._viscosa,0,1,2,-1,natural,2025-07-19 17:27:443
Nurse_S._viscosa,Nurse_G._struthium,C._hispanica,0,1,2,-1,natural,2025-07-19 17:27:443
Nurse_S._viscosa,Nurse_G._struthium,Other_species,0,1,2,-1,natural,2025-07-19 17:27:443
Nurse_S._viscosa,H._squamatum,S._viscosa,0,1,2,-1,natural,2025-07-19 17:27:443
Nurse_S._viscosa,H._squamatum,C._hispanica,0,1,2,-1,natural,2025-07-19 17:27:443
Nurse_S._viscosa,H._squamatum,Other_species,0,1,2,-1,natural,2025-07-19 17:27:443
Nurse_S._viscosa,S._viscosa,C._hispanica,0,1,2,-1,natural,2025-07-19 17:27:443
Nurse_S._viscosa,S._viscosa,Other_species,0,1,2,-1,natural,2025-07-19 17:27:443
Nurse_S._viscosa,C._hispanica,Other_species,0,1,2,-1,natural,2025-07-19 17:27:443
Nurse_G._struthium,H._squamatum,S._viscosa,0,1,2,-1,natural,2025-07-19 17:27:443
Nurse_G._struthium,H._squamatum,C._hispanica,0,1,2,-1,natural,2025-07-19 17:27:443
Nurse_G._struthium,H._squamatum,Other_species,0,1,2,-1,natural,2025-07-19 17:27:443
Nurse_G._struthium,S._viscosa,C._hispanica,0,1,2,-1,natural,2025-07-19 17:27:443
Nurse_G._struthium,S._viscosa,Other_species,0,1,2,-1,natural,2025-07-19 17:27:443
Nurse_G._struthium,C._hispanica,Other_species,0,1,2,-1,natural,2025-07-19 17:27:443
H._squamatum,S._viscosa,C._hispanica,0,1,2,-1,natural,2025-07-19 17:27:443
H._squamatum,S._viscosa,Other_species,0,1,2,-1,natural,2025-07-19 17:27:443
H._squamatum,C._hispanica,Other_species,0,1,2,-1,natural,2025-07-19 17:27:443
S._viscosa,C._hispanica,Other_species,0,1,2,-1,natural,2025-07-19 17:27:443
Nurse_S._viscosa,Nurse_G._struthium,H._squamatum,0,1,2,-1,restoration,2025-07-19 17:27:433
Nurse_S._viscosa,Nurse_G._struthium,S._viscosa,0,1,2,-1,restoration,2025-07-19 17:27:433
Nurse_S._viscosa,Nurse_G._struthium,C._hispanica,0,1,2,-1,restoration,2025-07-19 17:27:433
Nurse_S._viscosa,Nurse_G._struthium,Other_species,0,1,2,-1,restoration,2025-07-19 17:27:433
Nurse_S._viscosa,H._squamatum,S._viscosa,0,1,2,-1,restoration,2025-07-19 17:27:433
Nurse_S._viscosa,H._squamatum,C._hispanica,0,1,2,-1,restoration,2025-07-19 17:27:433
Nurse_S._viscosa,H._squamatum,Other_species,0,1,2,-1,restoration,2025-07-19 17:27:433
Nurse_S._viscosa,S._viscosa,C._hispanica,0,1,2,-1,restoration,2025-07-19 17:27:433
Nurse_S._viscosa,S._viscosa,Other_species,0,1,2,-1,restoration,2025-07-19 17:27:433
Nurse_S._viscosa,C._hispanica,Other_species,0,1,2,-1,restoration,2025-07-19 17:27:433
Nurse_G._struthium,H._squamatum,S._viscosa,0,1,2,-1,restoration,2025-07-19 17:27:433
Nurse_G._struthium,H._squamatum,C._hispanica,0,1,2,-1,restoration,2025-07-19 17:27:433
Nurse_G._struthium,H._squamatum,Other_species,0,1,2,-1,restoration,2025-07-19 17:27:433
Nurse_G._struthium,S._viscosa,C._hispanica,0,1,2,-1,restoration,2025-07-19 17:27:433
Nurse_G._struthium,S._viscosa,Other_species,0,1,2,-1,restoration,2025-07-19 17:27:433
Nurse_G._struthium,C._hispanica,Other_species,0,1,2,-1,restoration,2025-07-19 17:27:433
H._squamatum,S._viscosa,C._hispanica,0,1,2,-1,restoration,2025-07-19 17:27:433
H._squamatum,S._viscosa,Other_species,0,1,2,-1,restoration,2025-07-19 17:27:433
H._squamatum,C._hispanica,Other_species,0,1,2,-1,restoration,2025-07-19 17:27:433
S._viscosa,C._hispanica,Other_species,0,1,2,-1,restoration,2025-07-19 17:27:433
Nurse_S._viscosa,Nurse_G._struthium,H._squamatum,0,1,2,-1,natural,2025-07-19 17:27:433
Nurse_S._viscosa,Nurse_G._struthium,S._viscosa,0,1,2,-1,natural,2025-07-19 17:27:433
Nurse_S._viscosa,Nurse_G._struthium,C._hispanica,0,1,2,-1,natural,2025-07-19 17:27:433
Nurse_S._viscosa,Nurse_G._struthium,Other_species,0,1,2,-1,natural,2025-07-19 17:27:433
Nurse_S._viscosa,H._squamatum,S._viscosa,0,1,2,-1,natural,2025-07-19 17:27:433
Nurse_S._viscosa,H._squamatum,C._hispanica,0,1,2,-1,natural,2025-07-19 17:27:433
Nurse_S._viscosa,H._squamatum,Other_species,0,1,2,-1,natural,2025-07-19 17:27:433
Nurse_S._viscosa,S._viscosa,C._hispanica,0,1,2,-1,natural,2025-07-19 17:27:433
Nurse_S._viscosa,S._viscosa,Other_species,0,1,2,-1,natural,2025-07-19 17:27:433
Nurse_S._viscosa,C._hispanica,Other_species,0,1,2,-1,natural,2025-07-19 17:27:433
Nurse_G._struthium,H._squamatum,S._viscosa,0,1,2,-1,natural,2025-07-19 17:27:433
Nurse_G._struthium,H._squamatum,C._hispanica,0,1,2,-1,natural,2025-07-19 17:27:433
Nurse_G._struthium,H._squamatum,Other_species,0,1,2,-1,natural,2025-07-19 17:27:433
Nurse_G._struthium,S._viscosa,C._hispanica,0,1,2,-1,natural,2025-07-19 17:27:433
Nurse_G._struthium,S._viscosa,Other_species,0,1,2,-1,natural,2025-07-19 17:27:433
Nurse_G._struthium,C._hispanica,Other_species,0,1,2,-1,natural,2025-07-19 17:27:433
H._squamatum,S._viscosa,C._hispanica,0,1,2,-1,natural,2025-07-19 17:27:433
H._squamatum,S._viscosa,Other_species,0,1,2,-1,natural,2025-07-19 17:27:433
H._squamatum,C._hispanica,Other_species,0,1,2,-1,natural,2025-07-19 17:27:433
S._viscosa,C._hispanica,Other_species,0,1,2,-1,natural,2025-07-19 17:27:433
Nurse_S._viscosa,Nurse_G._struthium,H._squamatum,0,1,2,-1,restoration,2025-07-19 17:27:433
Nurse_S._viscosa,Nurse_G._struthium,S._viscosa,0,1,2,-1,restoration,2025-07-19 17:27:433
Nurse_S._viscosa,Nurse_G._struthium,C._hispanica,0,1,2,-1,restoration,2025-07-19 17:27:433
Nurse_S._viscosa,Nurse_G._struthium,Other_species,0,1,2,-1,restoration,2025-07-19 17:27:433
Nurse_S._viscosa,H._squamatum,S._viscosa,0,1,2,-1,restoration,2025-07-19 17:27:433
Nurse_S._viscosa,H._squamatum,C._hispanica,0,1,2,-1,restoration,2025-07-19 17:27:433
Nurse_S._viscosa,H._squamatum,Other_species,0,1,2,-1,restoration,2025-07-19 17:27:433
Nurse_S._viscosa,S._viscosa,C._hispanica,0,1,2,-1,restoration,2025-07-19 17:27:433
Nurse_S._viscosa,S._viscosa,Other_species,0,1,2,-1,restoration,2025-07-19 17:27:433
Nurse_S._viscosa,C._hispanica,Other_species,0,1,2,-1,restoration,2025-07-19 17:27:433
Nurse_G._struthium,H._squamatum,S._viscosa,0,1,2,-1,restoration,2025-07-19 17:27:433
Nurse_G._struthium,H._squamatum,C._hispanica,0,1,2,-1,restoration,2025-07-19 17:27:433
Nurse_G._struthium,H._squamatum,Other_species,0,1,2,-1,restoration,2025-07-19 17:27:433
Nurse_G._struthium,S._viscosa,C._hispanica,0,1,2,-1,restoration,2025-07-19 17:27:433
Nurse_G._struthium,S._viscosa,Other_species,0,1,2,-1,restoration,2025-07-19 17:27:433
Nurse_G._struthium,C._hispanica,Other_species,0,1,2,-1,restoration,2025-07-19 17:27:433
H._squamatum,S._viscosa,C._hispanica,0,1,2,-1,restoration,2025-07-19 17:27:433
H._squamatum,S._viscosa,Other_species,0,1,2,-1,restoration,2025-07-19 17:27:433
H._squamatum,C._hispanica,Other_species,0,1,2,-1,restoration,2025-07-19 17:27:433
S._viscosa,C._hispanica,Other_species,0,1,2,-1,restoration,2025-07-19 17:27:433
Nurse_S._viscosa,Nurse_G._struthium,H._squamatum,0,1,2,-1,natural,2025-07-19 17:27:433
Nurse_S._viscosa,Nurse_G._struthium,S._viscosa,0,1,2,-1,natural,2025-07-19 17:27:433
Nurse_S._viscosa,Nurse_G._struthium,C._hispanica,0,1,2,-1,natural,2025-07-19 17:27:433
Nurse_S._viscosa,Nurse_G._struthium,Other_species,0,1,2,-1,natural,2025-07-19 17:27:433
Nurse_S._viscosa,H._squamatum,S._viscosa,0,1,2,-1,natural,2025-07-19 17:27:433
Nurse_S._viscosa,H._squamatum,C._hispanica,0,1,2,-1,natural,2025-07-19 17:27:433
Nurse_S._viscosa,H._squamatum,Other_species,0,1,2,-1,natural,2025-07-19 17:27:433
Nurse_S._viscosa,S._viscosa,C._hispanica,0,1,2,-1,natural,2025-07-19 17:27:433
Nurse_S._viscosa,S._viscosa,Other_species,0,1,2,-1,natural,2025-07-19 17:27:433
Nurse_S._viscosa,C._hispanica,Other_species,0,1,2,-1,natural,2025-07-19 17:27:433
Nurse_G._struthium,H._squamatum,S._viscosa,0,1,2,-1,natural,2025-07-19 17:27:433
Nurse_G._struthium,H._squamatum,C._hispanica,0,1,2,-1,natural,2025-07-19 17:27:433
Nurse_G._struthium,H._squamatum,Other_species,0,1,2,-1,natural,2025-07-19 17:27:433
Nurse_G._struthium,S._viscosa,C._hispanica,0,1,2,-1,natural,2025-07-19 17:27:433
Nurse_G._struthium,S._viscosa,Other_species,0,1,2,-1,natural,2025-07-19 17:27:433
Nurse_G._struthium,C._hispanica,Other_species,0,1,2,-1,natural,2025-07-19 17:27:433
H._squamatum,S._viscosa,C._hispanica,0,1,2,-1,natural,2025-07-19 17:27:433
H._squamatum,S._viscosa,Other_species,0,1,2,-1,natural,2025-07-19 17:27:433
H._squamatum,C._hispanica,Other_species,0,1,2,-1,natural,2025-07-19 17:27:433
S._viscosa,C._hispanica,Other_species,0,1,2,-1,natural,2025-07-19 17:27:433
Nurse_S._viscosa,Nurse_G._struthium,H._squamatum,0,1,2,-1,restoration,2025-07-19 17:27:433
Nurse_S._viscosa,Nurse_G._struthium,S._viscosa,0,1,2,-1,restoration,2025-07-19 17:27:433
Nurse_S._viscosa,Nurse_G._struthium,C._hispanica,0,1,2,-1,restoration,2025-07-19 17:27:433
Nurse_S._viscosa,Nurse_G._struthium,Other_species,0,1,2,-1,restoration,2025-07-19 17:27:433
Nurse_S._viscosa,H._squamatum,S._viscosa,0,1,2,-1,restoration,2025-07-19 17:27:433
Nurse_S._viscosa,H._squamatum,C._hispanica,0,1,2,-1,restoration,2025-07-19 17:27:433
Nurse_S._viscosa,H._squamatum,Other_species,0,1,2,-1,restoration,2025-07-19 17:27:433
Nurse_S._viscosa,S._viscosa,C._hispanica,0,1,2,-1,restoration,2025-07-19 17:27:433
Nurse_S._viscosa,S._viscosa,Other_species,0,1,2,-1,restoration,2025-07-19 17:27:433
Nurse_S._viscosa,C._hispanica,Other_species,0,1,2,-1,restoration,2025-07-19 17:27:433
Nurse_G._struthium,H._squamatum,S._viscosa,0,1,2,-1,restoration,2025-07-19 17:27:433
Nurse_G._struthium,H._squamatum,C._hispanica,0,1,2,-1,restoration,2025-07-19 17:27:433
Nurse_G._struthium,H._squamatum,Other_species,0,1,2,-1,restoration,2025-07-19 17:27:433
Nurse_G._struthium,S._viscosa,C._hispanica,0,1,2,-1,restoration,2025-07-19 17:27:433
Nurse_G._struthium,S._viscosa,Other_species,0,1,2,-1,restoration,2025-07-19 17:27:433
Nurse_G._struthium,C._hispanica,Other_species,0,1,2,-1,restoration,2025-07-19 17:27:433
H._squamatum,S._viscosa,C._hispanica,0,1,2,-1,restoration,2025-07-19 17:27:433
H._squamatum,S._viscosa,Other_species,0,1,2,-1,restoration,2025-07-19 17:27:433
H._squamatum,C._hispanica,Other_species,0,1,2,-1,restoration,2025-07-19 17:27:433
S._viscosa,C._hispanica,Other_species,0,1,2,-1,restoration,2025-07-19 17:27:433
Nurse_S._viscosa,Nurse_G._struthium,H._squamatum,0,1,2,-1,natural,2025-07-19 17:27:433
Nurse_S._viscosa,Nurse_G._struthium,S._viscosa,0,1,2,-1,natural,2025-07-19 17:27:433
Nurse_S._viscosa,Nurse_G._struthium,C._hispanica,0,1,2,-1,natural,2025-07-19 17:27:433
Nurse_S._viscosa,Nurse_G._struthium,Other_species,0,1,2,-1,natural,2025-07-19 17:27:433
Nurse_S._viscosa,H._squamatum,S._viscosa,0,1,2,-1,natural,2025-07-19 17:27:433
Nurse_S._viscosa,H._squamatum,C._hispanica,0,1,2,-1,natural,2025-07-19 17:27:433
Nurse_S._viscosa,H._squamatum,Other_species,0,1,2,-1,natural,2025-07-19 17:27:433
Nurse_S._viscosa,S._viscosa,C._hispanica,0,1,2,-1,natural,2025-07-19 17:27:433
Nurse_S._viscosa,S._viscosa,Other_species,0,1,2,-1,natural,2025-07-19 17:27:433
Nurse_S._viscosa,C._hispanica,Other_species,0,1,2,-1,natural,2025-07-19 17:27:433
Nurse_G._struthium,H._squamatum,S._viscosa,0,1,2,-1,natural,2025-07-19 17:27:433
Nurse_G._struthium,H._squamatum,C._hispanica,0,1,2,-1,natural,2025-07-19 17:27:433
Nurse_G._struthium,H._squamatum,Other_species,0,1,2,-1,natural,2025-07-19 17:27:433
Nurse_G._struthium,S._viscosa,C._hispanica,0,1,2,-1,natural,2025-07-19 17:27:433
Nurse_G._struthium,S._viscosa,Other_species,0,1,2,-1,natural,2025-07-19 17:27:433
Nurse_G._struthium,C._hispanica,Other_species,0,1,2,-1,natural,2025-07-19 17:27:433
H._squamatum,S._viscosa,C._hispanica,0,1,2,-1,natural,2025-07-19 17:27:433
H._squamatum,S._viscosa,Other_species,0,1,2,-1,natural,2025-07-19 17:27:433
H._squamatum,C._hispanica,Other_species,0,1,2,-1,natural,2025-07-19 17:27:433
S._viscosa,C._hispanica,Other_species,0,1,2,-1,natural,2025-07-19 17:27:433
Nurse_S._viscosa,Nurse_G._struthium,H._squamatum,0,1,2,-1,restoration,2025-07-19 17:27:423
Nurse_S._viscosa,Nurse_G._struthium,S._viscosa,0,1,2,-1,restoration,2025-07-19 17:27:423
Nurse_S._viscosa,Nurse_G._struthium,C._hispanica,0,1,2,-1,restoration,2025-07-19 17:27:423
Nurse_S._viscosa,Nurse_G._struthium,Other_species,0,1,2,-1,restoration,2025-07-19 17:27:423
Nurse_S._viscosa,H._squamatum,S._viscosa,0,1,2,-1,restoration,2025-07-19 17:27:423
Nurse_S._viscosa,H._squamatum,C._hispanica,0,1,2,-1,restoration,2025-07-19 17:27:423
Nurse_S._viscosa,H._squamatum,Other_species,0,1,2,-1,restoration,2025-07-19 17:27:423
Nurse_S._viscosa,S._viscosa,C._hispanica,0,1,2,-1,restoration,2025-07-19 17:27:423
Nurse_S._viscosa,S._viscosa,Other_species,0,1,2,-1,restoration,2025-07-19 17:27:423
Nurse_S._viscosa,C._hispanica,Other_species,0,1,2,-1,restoration,2025-07-19 17:27:423
Nurse_G._struthium,H._squamatum,S._viscosa,0,1,2,-1,restoration,2025-07-19 17:27:423
Nurse_G._struthium,H._squamatum,C._hispanica,0,1,2,-1,restoration,2025-07-19 17:27:423
Nurse_G._struthium,H._squamatum,Other_species,0,1,2,-1,restoration,2025-07-19 17:27:423
Nurse_G._struthium,S._viscosa,C._hispanica,0,1,2,-1,restoration,2025-07-19 17:27:423
Nurse_G._struthium,S._viscosa,Other_species,0,1,2,-1,restoration,2025-07-19 17:27:423
Nurse_G._struthium,C._hispanica,Other_species,0,1,2,-1,restoration,2025-07-19 17:27:423
H._squamatum,S._viscosa,C._hispanica,0,1,2,-1,restoration,2025-07-19 17:27:423
H._squamatum,S._viscosa,Other_species,0,1,2,-1,restoration,2025-07-19 17:27:423
H._squamatum,C._hispanica,Other_species,0,1,2,-1,restoration,2025-07-19 17:27:423
S._viscosa,C._hispanica,Other_species,0,1,2,-1,restoration,2025-07-19 17:27:423
Nurse_S._viscosa,Nurse_G._struthium,H._squamatum,0,1,2,-1,natural,2025-07-19 17:27:423
Nurse_S._viscosa,Nurse_G._struthium,S._viscosa,0,1,2,-1,natural,2025-07-19 17:27:423
Nurse_S._viscosa,Nurse_G._struthium,C._hispanica,0,1,2,-1,natural,2025-07-19 17:27:423
Nurse_S._viscosa,Nurse_G._struthium,Other_species,0,1,2,-1,natural,2025-07-19 17:27:423
Nurse_S._viscosa,H._squamatum,S._viscosa,0,1,2,-1,natural,2025-07-19 17:27:423
Nurse_S._viscosa,H._squamatum,C._hispanica,0,1,2,-1,natural,2025-07-19 17:27:423
Nurse_S._viscosa,H._squamatum,Other_species,0,1,2,-1,natural,2025-07-19 17:27:423
Nurse_S._viscosa,S._viscosa,C._hispanica,0,1,2,-1,natural,2025-07-19 17:27:423
Nurse_S._viscosa,S._viscosa,Other_species,0,1,2,-1,natural,2025-07-19 17:27:423
Nurse_S._viscosa,C._hispanica,Other_species,0,1,2,-1,natural,2025-07-19 17:27:423
Nurse_G._struthium,H._squamatum,S._viscosa,0,1,2,-1,natural,2025-07-19 17:27:423
Nurse_G._struthium,H._squamatum,C._hispanica,0,1,2,-1,natural,2025-07-19 17:27:423
Nurse_G._struthium,H._squamatum,Other_species,0,1,2,-1,natural,2025-07-19 17:27:423
Nurse_G._struthium,S._viscosa,C._hispanica,0,1,2,-1,natural,2025-07-19 17:27:423
Nurse_G._struthium,S._viscosa,Other_species,0,1,2,-1,natural,2025-07-19 17:27:423
Nurse_G._struthium,C._hispanica,Other_species,0,1,2,-1,natural,2025-07-19 17:27:423
H._squamatum,S._viscosa,C._hispanica,0,1,2,-1,natural,2025-07-19 17:27:423
H._squamatum,S._viscosa,Other_species,0,1,2,-1,natural,2025-07-19 17:27:423
H._squamatum,C._hispanica,Other_species,0,1,2,-1,natural,2025-07-19 17:27:423
S._viscosa,C._hispanica,Other_species,0,1,2,-1,natural,2025-07-19 17:27:423
Nurse_S._viscosa,Nurse_G._struthium,H._squamatum,0,1,2,-1,restoration,2025-07-19 17:27:423
Nurse_S._viscosa,Nurse_G._struthium,S._viscosa,0,1,2,-1,restoration,2025-07-19 17:27:423
Nurse_S._viscosa,Nurse_G._struthium,C._hispanica,0,1,2,-1,restoration,2025-07-19 17:27:423
Nurse_S._viscosa,Nurse_G._struthium,Other_species,0,1,2,-1,restoration,2025-07-19 17:27:423
Nurse_S._viscosa,H._squamatum,S._viscosa,0,1,2,-1,restoration,2025-07-19 17:27:423
Nurse_S._viscosa,H._squamatum,C._hispanica,0,1,2,-1,restoration,2025-07-19 17:27:423
Nurse_S._viscosa,H._squamatum,Other_species,0,1,2,-1,restoration,2025-07-19 17:27:423
Nurse_S._viscosa,S._viscosa,C._hispanica,0,1,2,-1,restoration,2025-07-19 17:27:423
Nurse_S._viscosa,S._viscosa,Other_species,0,1,2,-1,restoration,2025-07-19 17:27:423
Nurse_S._viscosa,C._hispanica,Other_species,0,1,2,-1,restoration,2025-07-19 17:27:423
Nurse_G._struthium,H._squamatum,S._viscosa,0,1,2,-1,restoration,2025-07-19 17:27:423
Nurse_G._struthium,H._squamatum,C._hispanica,0,1,2,-1,restoration,2025-07-19 17:27:423
Nurse_G._struthium,H._squamatum,Other_species,0,1,2,-1,restoration,2025-07-19 17:27:423
Nurse_G._struthium,S._viscosa,C._hispanica,0,1,2,-1,restoration,2025-07-19 17:27:423
Nurse_G._struthium,S._viscosa,Other_species,0,1,2,-1,restoration,2025-07-19 17:27:423
Nurse_G._struthium,C._hispanica,Other_species,0,1,2,-1,restoration,2025-07-19 17:27:423
H._squamatum,S._viscosa,C._hispanica,0,1,2,-1,restoration,2025-07-19 17:27:423
H._squamatum,S._viscosa,Other_species,0,1,2,-1,restoration,2025-07-19 17:27:423
H._squamatum,C._hispanica,Other_species,0,1,2,-1,restoration,2025-07-19 17:27:423
S._viscosa,C._hispanica,Other_species,0,1,2,-1,restoration,2025-07-19 17:27:423
Nurse_S._viscosa,Nurse_G._struthium,H._squamatum,0,1,2,-1,natural,2025-07-19 17:27:423
Nurse_S._viscosa,Nurse_G._struthium,S._viscosa,0,1,2,-1,natural,2025-07-19 17:27:423
Nurse_S._viscosa,Nurse_G._struthium,C._hispanica,0,1,2,-1,natural,2025-07-19 17:27:423
Nurse_S._viscosa,Nurse_G._struthium,Other_species,0,1,2,-1,natural,2025-07-19 17:27:423
Nurse_S._viscosa,H._squamatum,S._viscosa,0,1,2,-1,natural,2025-07-19 17:27:423
Nurse_S._viscosa,H._squamatum,C._hispanica,0,1,2,-1,natural,2025-07-19 17:27:423
Nurse_S._viscosa,H._squamatum,Other_species,0,1,2,-1,natural,2025-07-19 17:27:423
Nurse_S._viscosa,S._viscosa,C._hispanica,0,1,2,-1,natural,2025-07-19 17:27:423
Nurse_S._viscosa,S._viscosa,Other_species,0,1,2,-1,natural,2025-07-19 17:27:423
Nurse_S._viscosa,C._hispanica,Other_species,0,1,2,-1,natural,2025-07-19 17:27:423
Nurse_G._struthium,H._squamatum,S._viscosa,0,1,2,-1,natural,2025-07-19 17:27:423
Nurse_G._struthium,H._squamatum,C._hispanica,0,1,2,-1,natural,2025-07-19 17:27:423
Nurse_G._struthium,H._squamatum,Other_species,0,1,2,-1,natural,2025-07-19 17:27:423
Nurse_G._struthium,S._viscosa,C._hispanica,0,1,2,-1,natural,2025-07-19 17:27:423
Nurse_G._struthium,S._viscosa,Other_species,0,1,2,-1,natural,2025-07-19 17:27:423
Nurse_G._struthium,C._hispanica,Other_species,0,1,2,-1,natural,2025-07-19 17:27:423
H._squamatum,S._viscosa,C._hispanica,0,1,2,-1,natural,2025-07-19 17:27:423
H._squamatum,S._viscosa,Other_species,0,1,2,-1,natural,2025-07-19 17:27:423
H._squamatum,C._hispanica,Other_species,0,1,2,-1,natural,2025-07-19 17:27:423
S._viscosa,C._hispanica,Other_species,0,1,2,-1,natural,2025-07-19 17:27:423
Nurse_S._viscosa,Nurse_G._struthium,H._squamatum,0,1,2,-1,restoration,2025-07-19 17:27:423
Nurse_S._viscosa,Nurse_G._struthium,S._viscosa,0,1,2,-1,restoration,2025-07-19 17:27:423
Nurse_S._viscosa,Nurse_G._struthium,C._hispanica,0,1,2,-1,restoration,2025-07-19 17:27:423
Nurse_S._viscosa,Nurse_G._struthium,Other_species,0,1,2,-1,restoration,2025-07-19 17:27:423
Nurse_S._viscosa,H._squamatum,S._viscosa,0,1,2,-1,restoration,2025-07-19 17:27:423
Nurse_S._viscosa,H._squamatum,C._hispanica,0,1,2,-1,restoration,2025-07-19 17:27:423
Nurse_S._viscosa,H._squamatum,Other_species,0,1,2,-1,restoration,2025-07-19 17:27:423
Nurse_S._viscosa,S._viscosa,C._hispanica,0,1,2,-1,restoration,2025-07-19 17:27:423
Nurse_S._viscosa,S._viscosa,Other_species,0,1,2,-1,restoration,2025-07-19 17:27:423
Nurse_S._viscosa,C._hispanica,Other_species,0,1,2,-1,restoration,2025-07-19 17:27:423
Nurse_G._struthium,H._squamatum,S._viscosa,0,1,2,-1,restoration,2025-07-19 17:27:423
Nurse_G._struthium,H._squamatum,C._hispanica,0,1,2,-1,restoration,2025-07-19 17:27:423
Nurse_G._struthium,H._squamatum,Other_species,0,1,2,-1,restoration,2025-07-19 17:27:423
Nurse_G._struthium,S._viscosa,C._hispanica,0,1,2,-1,restoration,2025-07-19 17:27:423
Nurse_G._struthium,S._viscosa,Other_species,0,1,2,-1,restoration,2025-07-19 17:27:423
Nurse_G._struthium,C._hispanica,Other_species,0,1,2,-1,restoration,2025-07-19 17:27:423
H._squamatum,S._viscosa,C._hispanica,0,1,2,-1,restoration,2025-07-19 17:27:423
H._squamatum,S._viscosa,Other_species,0,1,2,-1,restoration,2025-07-19 17:27:423
H._squamatum,C._hispanica,Other_species,0,1,2,-1,restoration,2025-07-19 17:27:423
S._viscosa,C._hispanica,Other_species,0,1,2,-1,restoration,2025-07-19 17:27:423
Nurse_S._viscosa,Nurse_G._struthium,H._squamatum,0,1,2,-1,natural,2025-07-19 17:27:423
Nurse_S._viscosa,Nurse_G._struthium,S._viscosa,0,1,2,-1,natural,2025-07-19 17:27:423
Nurse_S._viscosa,Nurse_G._struthium,C._hispanica,0,1,2,-1,natural,2025-07-19 17:27:423
Nurse_S._viscosa,Nurse_G._struthium,Other_species,0,1,2,-1,natural,2025-07-19 17:27:423
Nurse_S._viscosa,H._squamatum,S._viscosa,0,1,2,-1,natural,2025-07-19 17:27:423
Nurse_S._viscosa,H._squamatum,C._hispanica,0,1,2,-1,natural,2025-07-19 17:27:423
Nurse_S._viscosa,H._squamatum,Other_species,0,1,2,-1,natural,2025-07-19 17:27:423
Nurse_S._viscosa,S._viscosa,C._hispanica,0,1,2,-1,natural,2025-07-19 17:27:423
Nurse_S._viscosa,S._viscosa,Other_species,0,1,2,-1,natural,2025-07-19 17:27:423
Nurse_S._viscosa,C._hispanica,Other_species,0,1,2,-1,natural,2025-07-19 17:27:423
Nurse_G._struthium,H._squamatum,S._viscosa,0,1,2,-1,natural,2025-07-19 17:27:423
Nurse_G._struthium,H._squamatum,C._hispanica,0,1,2,-1,natural,2025-07-19 17:27:423
Nurse_G._struthium,H._squamatum,Other_species,0,1,2,-1,natural,2025-07-19 17:27:423
Nurse_G._struthium,S._viscosa,C._hispanica,0,1,2,-1,natural,2025-07-19 17:27:423
Nurse_G._struthium,S._viscosa,Other_species,0,1,2,-1,natural,2025-07-19 17:27:423
Nurse_G._struthium,C._hispanica,Other_species,0,1,2,-1,natural,2025-07-19 17:27:423
H._squamatum,S._viscosa,C._hispanica,0,1,2,-1,natural,2025-07-19 17:27:423
H._squamatum,S._viscosa,Other_species,0,1,2,-1,natural,2025-07-19 17:27:423
H._squamatum,C._hispanica,Other_species,0,1,2,-1,natural,2025-07-19 17:27:423
S._viscosa,C._hispanica,Other_species,0,1,2,-1,natural,2025-07-19 17:27:423
Nurse_S._viscosa,Nurse_G._struthium,H._squamatum,0,1,2,-1,restoration,2025-07-19 17:27:413
Nurse_S._viscosa,Nurse_G._struthium,S._viscosa,0,1,2,-1,restoration,2025-07-19 17:27:413
Nurse_S._viscosa,Nurse_G._struthium,C._hispanica,0,1,2,-1,restoration,2025-07-19 17:27:413
Nurse_S._viscosa,Nurse_G._struthium,Other_species,0,1,2,-1,restoration,2025-07-19 17:27:413
Nurse_S._viscosa,H._squamatum,S._viscosa,0,1,2,-1,restoration,2025-07-19 17:27:413
Nurse_S._viscosa,H._squamatum,C._hispanica,0,1,2,-1,restoration,2025-07-19 17:27:413
Nurse_S._viscosa,H._squamatum,Other_species,0,1,2,-1,restoration,2025-07-19 17:27:413
Nurse_S._viscosa,S._viscosa,C._hispanica,0,1,2,-1,restoration,2025-07-19 17:27:413
Nurse_S._viscosa,S._viscosa,Other_species,0,1,2,-1,restoration,2025-07-19 17:27:413
Nurse_S._viscosa,C._hispanica,Other_species,0,1,2,-1,restoration,2025-07-19 17:27:413
Nurse_G._struthium,H._squamatum,S._viscosa,0,1,2,-1,restoration,2025-07-19 17:27:413
Nurse_G._struthium,H._squamatum,C._hispanica,0,1,2,-1,restoration,2025-07-19 17:27:413
Nurse_G._struthium,H._squamatum,Other_species,0,1,2,-1,restoration,2025-07-19 17:27:413
Nurse_G._struthium,S._viscosa,C._hispanica,0,1,2,-1,restoration,2025-07-19 17:27:413
Nurse_G._struthium,S._viscosa,Other_species,0,1,2,-1,restoration,2025-07-19 17:27:413
Nurse_G._struthium,C._hispanica,Other_species,0,1,2,-1,restoration,2025-07-19 17:27:413
H._squamatum,S._viscosa,C._hispanica,0,1,2,-1,restoration,2025-07-19 17:27:413
H._squamatum,S._viscosa,Other_species,0,1,2,-1,restoration,2025-07-19 17:27:413
H._squamatum,C._hispanica,Other_species,0,1,2,-1,restoration,2025-07-19 17:27:413
S._viscosa,C._hispanica,Other_species,0,1,2,-1,restoration,2025-07-19 17:27:413
Nurse_S._viscosa,Nurse_G._struthium,H._squamatum,0,1,2,-1,natural,2025-07-19 17:27:413
Nurse_S._viscosa,Nurse_G._struthium,S._viscosa,0,1,2,-1,natural,2025-07-19 17:27:413
Nurse_S._viscosa,Nurse_G._struthium,C._hispanica,0,1,2,-1,natural,2025-07-19 17:27:413
Nurse_S._viscosa,Nurse_G._struthium,Other_species,0,1,2,-1,natural,2025-07-19 17:27:413
Nurse_S._viscosa,H._squamatum,S._viscosa,0,1,2,-1,natural,2025-07-19 17:27:413
Nurse_S._viscosa,H._squamatum,C._hispanica,0,1,2,-1,natural,2025-07-19 17:27:413
Nurse_S._viscosa,H._squamatum,Other_species,0,1,2,-1,natural,2025-07-19 17:27:413
Nurse_S._viscosa,S._viscosa,C._hispanica,0,1,2,-1,natural,2025-07-19 17:27:413
Nurse_S._viscosa,S._viscosa,Other_species,0,1,2,-1,natural,2025-07-19 17:27:413
Nurse_S._viscosa,C._hispanica,Other_species,0,1,2,-1,natural,2025-07-19 17:27:413
Nurse_G._struthium,H._squamatum,S._viscosa,0,1,2,-1,natural,2025-07-19 17:27:413
Nurse_G._struthium,H._squamatum,C._hispanica,0,1,2,-1,natural,2025-07-19 17:27:413
Nurse_G._struthium,H._squamatum,Other_species,0,1,2,-1,natural,2025-07-19 17:27:413
Nurse_G._struthium,S._viscosa,C._hispanica,0,1,2,-1,natural,2025-07-19 17:27:413
Nurse_G._struthium,S._viscosa,Other_species,0,1,2,-1,natural,2025-07-19 17:27:413
Nurse_G._struthium,C._hispanica,Other_species,0,1,2,-1,natural,2025-07-19 17:27:413
H._squamatum,S._viscosa,C._hispanica,0,1,2,-1,natural,2025-07-19 17:27:413
H._squamatum,S._viscosa,Other_species,0,1,2,-1,natural,2025-07-19 17:27:413
H._squamatum,C._hispanica,Other_species,0,1,2,-1,natural,2025-07-19 17:27:413
S._viscosa,C._hispanica,Other_species,0,1,2,-1,natural,2025-07-19 17:27:413
Nurse_S._viscosa,Nurse_G._struthium,H._squamatum,0,1,2,-1,restoration,2025-07-19 17:27:413
Nurse_S._viscosa,Nurse_G._struthium,S._viscosa,0,1,2,-1,restoration,2025-07-19 17:27:413
Nurse_S._viscosa,Nurse_G._struthium,C._hispanica,0,1,2,-1,restoration,2025-07-19 17:27:413
Nurse_S._viscosa,Nurse_G._struthium,Other_species,0,1,2,-1,restoration,2025-07-19 17:27:413
Nurse_S._viscosa,H._squamatum,S._viscosa,0,1,2,-1,restoration,2025-07-19 17:27:413
Nurse_S._viscosa,H._squamatum,C._hispanica,0,1,2,-1,restoration,2025-07-19 17:27:413
Nurse_S._viscosa,H._squamatum,Other_species,0,1,2,-1,restoration,2025-07-19 17:27:413
Nurse_S._viscosa,S._viscosa,C._hispanica,0,1,2,-1,restoration,2025-07-19 17:27:413
Nurse_S._viscosa,S._viscosa,Other_species,0,1,2,-1,restoration,2025-07-19 17:27:413
Nurse_S._viscosa,C._hispanica,Other_species,0,1,2,-1,restoration,2025-07-19 17:27:413
Nurse_G._struthium,H._squamatum,S._viscosa,0,1,2,-1,restoration,2025-07-19 17:27:413
Nurse_G._struthium,H._squamatum,C._hispanica,0,1,2,-1,restoration,2025-07-19 17:27:413
Nurse_G._struthium,H._squamatum,Other_species,0,1,2,-1,restoration,2025-07-19 17:27:413
Nurse_G._struthium,S._viscosa,C._hispanica,0,1,2,-1,restoration,2025-07-19 17:27:413
Nurse_G._struthium,S._viscosa,Other_species,0,1,2,-1,restoration,2025-07-19 17:27:413
Nurse_G._struthium,C._hispanica,Other_species,0,1,2,-1,restoration,2025-07-19 17:27:413
H._squamatum,S._viscosa,C._hispanica,0,1,2,-1,restoration,2025-07-19 17:27:413
H._squamatum,S._viscosa,Other_species,0,1,2,-1,restoration,2025-07-19 17:27:413
H._squamatum,C._hispanica,Other_species,0,1,2,-1,restoration,2025-07-19 17:27:413
S._viscosa,C._hispanica,Other_species,0,1,2,-1,restoration,2025-07-19 17:27:413
Nurse_S._viscosa,Nurse_G._struthium,H._squamatum,0,1,2,-1,natural,2025-07-19 17:27:413
Nurse_S._viscosa,Nurse_G._struthium,S._viscosa,0,1,2,-1,natural,2025-07-19 17:27:413
Nurse_S._viscosa,Nurse_G._struthium,C._hispanica,0,1,2,-1,natural,2025-07-19 17:27:413
Nurse_S._viscosa,Nurse_G._struthium,Other_species,0,1,2,-1,natural,2025-07-19 17:27:413
Nurse_S._viscosa,H._squamatum,S._viscosa,0,1,2,-1,natural,2025-07-19 17:27:413
Nurse_S._viscosa,H._squamatum,C._hispanica,0,1,2,-1,natural,2025-07-19 17:27:413
Nurse_S._viscosa,H._squamatum,Other_species,0,1,2,-1,natural,2025-07-19 17:27:413
Nurse_S._viscosa,S._viscosa,C._hispanica,0,1,2,-1,natural,2025-07-19 17:27:413
Nurse_S._viscosa,S._viscosa,Other_species,0,1,2,-1,natural,2025-07-19 17:27:413
Nurse_S._viscosa,C._hispanica,Other_species,0,1,2,-1,natural,2025-07-19 17:27:413
Nurse_G._struthium,H._squamatum,S._viscosa,0,1,2,-1,natural,2025-07-19 17:27:413
Nurse_G._struthium,H._squamatum,C._hispanica,0,1,2,-1,natural,2025-07-19 17:27:413
Nurse_G._struthium,H._squamatum,Other_species,0,1,2,-1,natural,2025-07-19 17:27:413
Nurse_G._struthium,S._viscosa,C._hispanica,0,1,2,-1,natural,2025-07-19 17:27:413
Nurse_G._struthium,S._viscosa,Other_species,0,1,2,-1,natural,2025-07-19 17:27:413
Nurse_G._struthium,C._hispanica,Other_species,0,1,2,-1,natural,2025-07-19 17:27:413
H._squamatum,S._viscosa,C._hispanica,0,1,2,-1,natural,2025-07-19 17:27:413
H._squamatum,S._viscosa,Other_species,0,1,2,-1,natural,2025-07-19 17:27:413
H._squamatum,C._hispanica,Other_species,0,1,2,-1,natural,2025-07-19 17:27:413
S._viscosa,C._hispanica,Other_species,0,1,2,-1,natural,2025-07-19 17:27:413
Nurse_S._viscosa,Nurse_G._struthium,H._squamatum,0,1,2,-1,restoration,2025-07-19 17:27:403
Nurse_S._viscosa,Nurse_G._struthium,S._viscosa,0,1,2,-1,restoration,2025-07-19 17:27:403
Nurse_S._viscosa,Nurse_G._struthium,C._hispanica,0,1,2,-1,restoration,2025-07-19 17:27:403
Nurse_S._viscosa,Nurse_G._struthium,Other_species,0,1,2,-1,restoration,2025-07-19 17:27:403
Nurse_S._viscosa,H._squamatum,S._viscosa,0,1,2,-1,restoration,2025-07-19 17:27:403
Nurse_S._viscosa,H._squamatum,C._hispanica,0,1,2,-1,restoration,2025-07-19 17:27:403
Nurse_S._viscosa,H._squamatum,Other_species,0,1,2,-1,restoration,2025-07-19 17:27:403
Nurse_S._viscosa,S._viscosa,C._hispanica,0,1,2,-1,restoration,2025-07-19 17:27:403
Nurse_S._viscosa,S._viscosa,Other_species,0,1,2,-1,restoration,2025-07-19 17:27:403
Nurse_S._viscosa,C._hispanica,Other_species,0,1,2,-1,restoration,2025-07-19 17:27:403
Nurse_G._struthium,H._squamatum,S._viscosa,0,1,2,-1,restoration,2025-07-19 17:27:403
Nurse_G._struthium,H._squamatum,C._hispanica,0,1,2,-1,restoration,2025-07-19 17:27:403
Nurse_G._struthium,H._squamatum,Other_species,0,1,2,-1,restoration,2025-07-19 17:27:403
Nurse_G._struthium,S._viscosa,C._hispanica,0,1,2,-1,restoration,2025-07-19 17:27:403
Nurse_G._struthium,S._viscosa,Other_species,0,1,2,-1,restoration,2025-07-19 17:27:403
Nurse_G._struthium,C._hispanica,Other_species,0,1,2,-1,restoration,2025-07-19 17:27:403
H._squamatum,S._viscosa,C._hispanica,0,1,2,-1,restoration,2025-07-19 17:27:403
H._squamatum,S._viscosa,Other_species,0,1,2,-1,restoration,2025-07-19 17:27:403
H._squamatum,C._hispanica,Other_species,0,1,2,-1,restoration,2025-07-19 17:27:403
S._viscosa,C._hispanica,Other_species,0,1,2,-1,restoration,2025-07-19 17:27:403
Nurse_S._viscosa,Nurse_G._struthium,H._squamatum,0,1,2,-1,natural,2025-07-19 17:27:403
Nurse_S._viscosa,Nurse_G._struthium,S._viscosa,0,1,2,-1,natural,2025-07-19 17:27:403
Nurse_S._viscosa,Nurse_G._struthium,C._hispanica,0,1,2,-1,natural,2025-07-19 17:27:403
Nurse_S._viscosa,Nurse_G._struthium,Other_species,0,1,2,-1,natural,2025-07-19 17:27:403
Nurse_S._viscosa,H._squamatum,S._viscosa,0,1,2,-1,natural,2025-07-19 17:27:403
Nurse_S._viscosa,H._squamatum,C._hispanica,0,1,2,-1,natural,2025-07-19 17:27:403
Nurse_S._viscosa,H._squamatum,Other_species,0,1,2,-1,natural,2025-07-19 17:27:403
Nurse_S._viscosa,S._viscosa,C._hispanica,0,1,2,-1,natural,2025-07-19 17:27:403
Nurse_S._viscosa,S._viscosa,Other_species,0,1,2,-1,natural,2025-07-19 17:27:403
Nurse_S._viscosa,C._hispanica,Other_species,0,1,2,-1,natural,2025-07-19 17:27:403
Nurse_G._struthium,H._squamatum,S._viscosa,0,1,2,-1,natural,2025-07-19 17:27:403
Nurse_G._struthium,H._squamatum,C._hispanica,0,1,2,-1,natural,2025-07-19 17:27:403
Nurse_G._struthium,H._squamatum,Other_species,0,1,2,-1,natural,2025-07-19 17:27:403
Nurse_G._struthium,S._viscosa,C._hispanica,0,1,2,-1,natural,2025-07-19 17:27:403
Nurse_G._struthium,S._viscosa,Other_species,0,1,2,-1,natural,2025-07-19 17:27:403
Nurse_G._struthium,C._hispanica,Other_species,0,1,2,-1,natural,2025-07-19 17:27:403
H._squamatum,S._viscosa,C._hispanica,0,1,2,-1,natural,2025-07-19 17:27:403
H._squamatum,S._viscosa,Other_species,0,1,2,-1,natural,2025-07-19 17:27:403
H._squamatum,C._hispanica,Other_species,0,1,2,-1,natural,2025-07-19 17:27:403
S._viscosa,C._hispanica,Other_species,0,1,2,-1,natural,2025-07-19 17:27:403
Nurse_S._viscosa,Nurse_G._struthium,H._squamatum,0,1,2,-1,restoration,2025-07-19 17:27:403
Nurse_S._viscosa,Nurse_G._struthium,S._viscosa,0,1,2,-1,restoration,2025-07-19 17:27:403
Nurse_S._viscosa,Nurse_G._struthium,C._hispanica,0,1,2,-1,restoration,2025-07-19 17:27:403
Nurse_S._viscosa,Nurse_G._struthium,Other_species,0,1,2,-1,restoration,2025-07-19 17:27:403
Nurse_S._viscosa,H._squamatum,S._viscosa,0,1,2,-1,restoration,2025-07-19 17:27:403
Nurse_S._viscosa,H._squamatum,C._hispanica,0,1,2,-1,restoration,2025-07-19 17:27:403
Nurse_S._viscosa,H._squamatum,Other_species,0,1,2,-1,restoration,2025-07-19 17:27:403
Nurse_S._viscosa,S._viscosa,C._hispanica,0,1,2,-1,restoration,2025-07-19 17:27:403
Nurse_S._viscosa,S._viscosa,Other_species,0,1,2,-1,restoration,2025-07-19 17:27:403
Nurse_S._viscosa,C._hispanica,Other_species,0,1,2,-1,restoration,2025-07-19 17:27:403
Nurse_G._struthium,H._squamatum,S._viscosa,0,1,2,-1,restoration,2025-07-19 17:27:403
Nurse_G._struthium,H._squamatum,C._hispanica,0,1,2,-1,restoration,2025-07-19 17:27:403
Nurse_G._struthium,H._squamatum,Other_species,0,1,2,-1,restoration,2025-07-19 17:27:403
Nurse_G._struthium,S._viscosa,C._hispanica,0,1,2,-1,restoration,2025-07-19 17:27:403
Nurse_G._struthium,S._viscosa,Other_species,0,1,2,-1,restoration,2025-07-19 17:27:403
Nurse_G._struthium,C._hispanica,Other_species,0,1,2,-1,restoration,2025-07-19 17:27:403
H._squamatum,S._viscosa,C._hispanica,0,1,2,-1,restoration,2025-07-19 17:27:403
H._squamatum,S._viscosa,Other_species,0,1,2,-1,restoration,2025-07-19 17:27:403
H._squamatum,C._hispanica,Other_species,0,1,2,-1,restoration,2025-07-19 17:27:403
S._viscosa,C._hispanica,Other_species,0,1,2,-1,restoration,2025-07-19 17:27:403
Nurse_S._viscosa,Nurse_G._struthium,H._squamatum,0,1,2,-1,natural,2025-07-19 17:27:403
Nurse_S._viscosa,Nurse_G._struthium,S._viscosa,0,1,2,-1,natural,2025-07-19 17:27:403
Nurse_S._viscosa,Nurse_G._struthium,C._hispanica,0,1,2,-1,natural,2025-07-19 17:27:403
Nurse_S._viscosa,Nurse_G._struthium,Other_species,0,1,2,-1,natural,2025-07-19 17:27:403
Nurse_S._viscosa,H._squamatum,S._viscosa,0,1,2,-1,natural,2025-07-19 17:27:403
Nurse_S._viscosa,H._squamatum,C._hispanica,0,1,2,-1,natural,2025-07-19 17:27:403
Nurse_S._viscosa,H._squamatum,Other_species,0,1,2,-1,natural,2025-07-19 17:27:403
Nurse_S._viscosa,S._viscosa,C._hispanica,0,1,2,-1,natural,2025-07-19 17:27:403
Nurse_S._viscosa,S._viscosa,Other_species,0,1,2,-1,natural,2025-07-19 17:27:403
Nurse_S._viscosa,C._hispanica,Other_species,0,1,2,-1,natural,2025-07-19 17:27:403
Nurse_G._struthium,H._squamatum,S._viscosa,0,1,2,-1,natural,2025-07-19 17:27:403
Nurse_G._struthium,H._squamatum,C._hispanica,0,1,2,-1,natural,2025-07-19 17:27:403
Nurse_G._struthium,H._squamatum,Other_species,0,1,2,-1,natural,2025-07-19 17:27:403
Nurse_G._struthium,S._viscosa,C._hispanica,0,1,2,-1,natural,2025-07-19 17:27:403
Nurse_G._struthium,S._viscosa,Other_species,0,1,2,-1,natural,2025-07-19 17:27:403
Nurse_G._struthium,C._hispanica,Other_species,0,1,2,-1,natural,2025-07-19 17:27:403
H._squamatum,S._viscosa,C._hispanica,0,1,2,-1,natural,2025-07-19 17:27:403
H._squamatum,S._viscosa,Other_species,0,1,2,-1,natural,2025-07-19 17:27:403
H._squamatum,C._hispanica,Other_species,0,1,2,-1,natural,2025-07-19 17:27:403
S._viscosa,C._hispanica,Other_species,0,1,2,-1,natural,2025-07-19 17:27:403
Nurse_S._viscosa,Nurse_G._struthium,H._squamatum,0,1,2,-1,restoration,2025-07-19 17:27:403
Nurse_S._viscosa,Nurse_G._struthium,S._viscosa,0,1,2,-1,restoration,2025-07-19 17:27:403
Nurse_S._viscosa,Nurse_G._struthium,C._hispanica,0,1,2,-1,restoration,2025-07-19 17:27:403
Nurse_S._viscosa,Nurse_G._struthium,Other_species,0,1,2,-1,restoration,2025-07-19 17:27:403
Nurse_S._viscosa,H._squamatum,S._viscosa,0,1,2,-1,restoration,2025-07-19 17:27:403
Nurse_S._viscosa,H._squamatum,C._hispanica,0,1,2,-1,restoration,2025-07-19 17:27:403
Nurse_S._viscosa,H._squamatum,Other_species,0,1,2,-1,restoration,2025-07-19 17:27:403
Nurse_S._viscosa,S._viscosa,C._hispanica,0,1,2,-1,restoration,2025-07-19 17:27:403
Nurse_S._viscosa,S._viscosa,Other_species,0,1,2,-1,restoration,2025-07-19 17:27:403
Nurse_S._viscosa,C._hispanica,Other_species,0,1,2,-1,restoration,2025-07-19 17:27:403
Nurse_G._struthium,H._squamatum,S._viscosa,0,1,2,-1,restoration,2025-07-19 17:27:403
Nurse_G._struthium,H._squamatum,C._hispanica,0,1,2,-1,restoration,2025-07-19 17:27:403
Nurse_G._struthium,H._squamatum,Other_species,0,1,2,-1,restoration,2025-07-19 17:27:403
Nurse_G._struthium,S._viscosa,C._hispanica,0,1,2,-1,restoration,2025-07-19 17:27:403
Nurse_G._struthium,S._viscosa,Other_species,0,1,2,-1,restoration,2025-07-19 17:27:403
Nurse_G._struthium,C._hispanica,Other_species,0,1,2,-1,restoration,2025-07-19 17:27:403
H._squamatum,S._viscosa,C._hispanica,0,1,2,-1,restoration,2025-07-19 17:27:403
H._squamatum,S._viscosa,Other_species,0,1,2,-1,restoration,2025-07-19 17:27:403
H._squamatum,C._hispanica,Other_species,0,1,2,-1,restoration,2025-07-19 17:27:403
S._viscosa,C._hispanica,Other_species,0,1,2,-1,restoration,2025-07-19 17:27:403
Nurse_S._viscosa,Nurse_G._struthium,H._squamatum,0,1,2,-1,natural,2025-07-19 17:27:403
Nurse_S._viscosa,Nurse_G._struthium,S._viscosa,0,1,2,-1,natural,2025-07-19 17:27:403
Nurse_S._viscosa,Nurse_G._struthium,C._hispanica,0,1,2,-1,natural,2025-07-19 17:27:403
Nurse_S._viscosa,Nurse_G._struthium,Other_species,0,1,2,-1,natural,2025-07-19 17:27:403
Nurse_S._viscosa,H._squamatum,S._viscosa,0,1,2,-1,natural,2025-07-19 17:27:403
Nurse_S._viscosa,H._squamatum,C._hispanica,0,1,2,-1,natural,2025-07-19 17:27:403
Nurse_S._viscosa,H._squamatum,Other_species,0,1,2,-1,natural,2025-07-19 17:27:403
Nurse_S._viscosa,S._viscosa,C._hispanica,0,1,2,-1,natural,2025-07-19 17:27:403
Nurse_S._viscosa,S._viscosa,Other_species,0,1,2,-1,natural,2025-07-19 17:27:403
Nurse_S._viscosa,C._hispanica,Other_species,0,1,2,-1,natural,2025-07-19 17:27:403
Nurse_G._struthium,H._squamatum,S._viscosa,0,1,2,-1,natural,2025-07-19 17:27:403
Nurse_G._struthium,H._squamatum,C._hispanica,0,1,2,-1,natural,2025-07-19 17:27:403
Nurse_G._struthium,H._squamatum,Other_species,0,1,2,-1,natural,2025-07-19 17:27:403
Nurse_G._struthium,S._viscosa,C._hispanica,0,1,2,-1,natural,2025-07-19 17:27:403
Nurse_G._struthium,S._viscosa,Other_species,0,1,2,-1,natural,2025-07-19 17:27:403
Nurse_G._struthium,C._hispanica,Other_species,0,1,2,-1,natural,2025-07-19 17:27:403
H._squamatum,S._viscosa,C._hispanica,0,1,2,-1,natural,2025-07-19 17:27:403
H._squamatum,S._viscosa,Other_species,0,1,2,-1,natural,2025-07-19 17:27:403
H._squamatum,C._hispanica,Other_species,0,1,2,-1,natural,2025-07-19 17:27:403
S._viscosa,C._hispanica,Other_species,0,1,2,-1,natural,2025-07-19 17:27:403
Nurse_S._viscosa,Nurse_G._struthium,H._squamatum,0,1,2,-1,restoration,2025-07-19 17:27:393
Nurse_S._viscosa,Nurse_G._struthium,S._viscosa,0,1,2,-1,restoration,2025-07-19 17:27:393
Nurse_S._viscosa,Nurse_G._struthium,C._hispanica,0,1,2,-1,restoration,2025-07-19 17:27:393
Nurse_S._viscosa,Nurse_G._struthium,Other_species,0,1,2,-1,restoration,2025-07-19 17:27:393
Nurse_S._viscosa,H._squamatum,S._viscosa,0,1,2,-1,restoration,2025-07-19 17:27:393
Nurse_S._viscosa,H._squamatum,C._hispanica,0,1,2,-1,restoration,2025-07-19 17:27:393
Nurse_S._viscosa,H._squamatum,Other_species,0,1,2,-1,restoration,2025-07-19 17:27:393
Nurse_S._viscosa,S._viscosa,C._hispanica,0,1,2,-1,restoration,2025-07-19 17:27:393
Nurse_S._viscosa,S._viscosa,Other_species,0,1,2,-1,restoration,2025-07-19 17:27:393
Nurse_S._viscosa,C._hispanica,Other_species,0,1,2,-1,restoration,2025-07-19 17:27:393
Nurse_G._struthium,H._squamatum,S._viscosa,0,1,2,-1,restoration,2025-07-19 17:27:393
Nurse_G._struthium,H._squamatum,C._hispanica,0,1,2,-1,restoration,2025-07-19 17:27:393
Nurse_G._struthium,H._squamatum,Other_species,0,1,2,-1,restoration,2025-07-19 17:27:393
Nurse_G._struthium,S._viscosa,C._hispanica,0,1,2,-1,restoration,2025-07-19 17:27:393
Nurse_G._struthium,S._viscosa,Other_species,0,1,2,-1,restoration,2025-07-19 17:27:393
Nurse_G._struthium,C._hispanica,Other_species,0,1,2,-1,restoration,2025-07-19 17:27:393
H._squamatum,S._viscosa,C._hispanica,0,1,2,-1,restoration,2025-07-19 17:27:393
H._squamatum,S._viscosa,Other_species,0,1,2,-1,restoration,2025-07-19 17:27:393
H._squamatum,C._hispanica,Other_species,0,1,2,-1,restoration,2025-07-19 17:27:393
S._viscosa,C._hispanica,Other_species,0,1,2,-1,restoration,2025-07-19 17:27:393
Nurse_S._viscosa,Nurse_G._struthium,H._squamatum,0,1,2,-1,natural,2025-07-19 17:27:393
Nurse_S._viscosa,Nurse_G._struthium,S._viscosa,0,1,2,-1,natural,2025-07-19 17:27:393
Nurse_S._viscosa,Nurse_G._struthium,C._hispanica,0,1,2,-1,natural,2025-07-19 17:27:393
Nurse_S._viscosa,Nurse_G._struthium,Other_species,0,1,2,-1,natural,2025-07-19 17:27:393
Nurse_S._viscosa,H._squamatum,S._viscosa,0,1,2,-1,natural,2025-07-19 17:27:393
Nurse_S._viscosa,H._squamatum,C._hispanica,0,1,2,-1,natural,2025-07-19 17:27:393
Nurse_S._viscosa,H._squamatum,Other_species,0,1,2,-1,natural,2025-07-19 17:27:393
Nurse_S._viscosa,S._viscosa,C._hispanica,0,1,2,-1,natural,2025-07-19 17:27:393
Nurse_S._viscosa,S._viscosa,Other_species,0,1,2,-1,natural,2025-07-19 17:27:393
Nurse_S._viscosa,C._hispanica,Other_species,0,1,2,-1,natural,2025-07-19 17:27:393
Nurse_G._struthium,H._squamatum,S._viscosa,0,1,2,-1,natural,2025-07-19 17:27:393
Nurse_G._struthium,H._squamatum,C._hispanica,0,1,2,-1,natural,2025-07-19 17:27:393
Nurse_G._struthium,H._squamatum,Other_species,0,1,2,-1,natural,2025-07-19 17:27:393
Nurse_G._struthium,S._viscosa,C._hispanica,0,1,2,-1,natural,2025-07-19 17:27:393
Nurse_G._struthium,S._viscosa,Other_species,0,1,2,-1,natural,2025-07-19 17:27:393
Nurse_G._struthium,C._hispanica,Other_species,0,1,2,-1,natural,2025-07-19 17:27:393
H._squamatum,S._viscosa,C._hispanica,0,1,2,-1,natural,2025-07-19 17:27:393
H._squamatum,S._viscosa,Other_species,0,1,2,-1,natural,2025-07-19 17:27:393
H._squamatum,C._hispanica,Other_species,0,1,2,-1,natural,2025-07-19 17:27:393
S._viscosa,C._hispanica,Other_species,0,1,2,-1,natural,2025-07-19 17:27:393
Nurse_S._viscosa,Nurse_G._struthium,H._squamatum,0,1,2,-1,restoration,2025-07-19 17:27:393
Nurse_S._viscosa,Nurse_G._struthium,S._viscosa,0,1,2,-1,restoration,2025-07-19 17:27:393
Nurse_S._viscosa,Nurse_G._struthium,C._hispanica,0,1,2,-1,restoration,2025-07-19 17:27:393
Nurse_S._viscosa,Nurse_G._struthium,Other_species,0,1,2,-1,restoration,2025-07-19 17:27:393
Nurse_S._viscosa,H._squamatum,S._viscosa,0,1,2,-1,restoration,2025-07-19 17:27:393
Nurse_S._viscosa,H._squamatum,C._hispanica,0,1,2,-1,restoration,2025-07-19 17:27:393
Nurse_S._viscosa,H._squamatum,Other_species,0,1,2,-1,restoration,2025-07-19 17:27:393
Nurse_S._viscosa,S._viscosa,C._hispanica,0,1,2,-1,restoration,2025-07-19 17:27:393
Nurse_S._viscosa,S._viscosa,Other_species,0,1,2,-1,restoration,2025-07-19 17:27:393
Nurse_S._viscosa,C._hispanica,Other_species,0,1,2,-1,restoration,2025-07-19 17:27:393
Nurse_G._struthium,H._squamatum,S._viscosa,0,1,2,-1,restoration,2025-07-19 17:27:393
Nurse_G._struthium,H._squamatum,C._hispanica,0,1,2,-1,restoration,2025-07-19 17:27:393
Nurse_G._struthium,H._squamatum,Other_species,0,1,2,-1,restoration,2025-07-19 17:27:393
Nurse_G._struthium,S._viscosa,C._hispanica,0,1,2,-1,restoration,2025-07-19 17:27:393
Nurse_G._struthium,S._viscosa,Other_species,0,1,2,-1,restoration,2025-07-19 17:27:393
Nurse_G._struthium,C._hispanica,Other_species,0,1,2,-1,restoration,2025-07-19 17:27:393
H._squamatum,S._viscosa,C._hispanica,0,1,2,-1,restoration,2025-07-19 17:27:393
H._squamatum,S._viscosa,Other_species,0,1,2,-1,restoration,2025-07-19 17:27:393
H._squamatum,C._hispanica,Other_species,0,1,2,-1,restoration,2025-07-19 17:27:393
S._viscosa,C._hispanica,Other_species,0,1,2,-1,restoration,2025-07-19 17:27:393
Nurse_S._viscosa,Nurse_G._struthium,H._squamatum,0,1,2,-1,natural,2025-07-19 17:27:393
Nurse_S._viscosa,Nurse_G._struthium,S._viscosa,0,1,2,-1,natural,2025-07-19 17:27:393
Nurse_S._viscosa,Nurse_G._struthium,C._hispanica,0,1,2,-1,natural,2025-07-19 17:27:393
Nurse_S._viscosa,Nurse_G._struthium,Other_species,0,1,2,-1,natural,2025-07-19 17:27:393
Nurse_S._viscosa,H._squamatum,S._viscosa,0,1,2,-1,natural,2025-07-19 17:27:393
Nurse_S._viscosa,H._squamatum,C._hispanica,0,1,2,-1,natural,2025-07-19 17:27:393
Nurse_S._viscosa,H._squamatum,Other_species,0,1,2,-1,natural,2025-07-19 17:27:393
Nurse_S._viscosa,S._viscosa,C._hispanica,0,1,2,-1,natural,2025-07-19 17:27:393
Nurse_S._viscosa,S._viscosa,Other_species,0,1,2,-1,natural,2025-07-19 17:27:393
Nurse_S._viscosa,C._hispanica,Other_species,0,1,2,-1,natural,2025-07-19 17:27:393
Nurse_G._struthium,H._squamatum,S._viscosa,0,1,2,-1,natural,2025-07-19 17:27:393
Nurse_G._struthium,H._squamatum,C._hispanica,0,1,2,-1,natural,2025-07-19 17:27:393
Nurse_G._struthium,H._squamatum,Other_species,0,1,2,-1,natural,2025-07-19 17:27:393
Nurse_G._struthium,S._viscosa,C._hispanica,0,1,2,-1,natural,2025-07-19 17:27:393
Nurse_G._struthium,S._viscosa,Other_species,0,1,2,-1,natural,2025-07-19 17:27:393
Nurse_G._struthium,C._hispanica,Other_species,0,1,2,-1,natural,2025-07-19 17:27:393
H._squamatum,S._viscosa,C._hispanica,0,1,2,-1,natural,2025-07-19 17:27:393
H._squamatum,S._viscosa,Other_species,0,1,2,-1,natural,2025-07-19 17:27:393
H._squamatum,C._hispanica,Other_species,0,1,2,-1,natural,2025-07-19 17:27:393
S._viscosa,C._hispanica,Other_species,0,1,2,-1,natural,2025-07-19 17:27:393
Nurse_S._viscosa,Nurse_G._struthium,H._squamatum,0,1,2,-1,restoration,2025-07-19 17:27:393
Nurse_S._viscosa,Nurse_G._struthium,S._viscosa,0,1,2,-1,restoration,2025-07-19 17:27:393
Nurse_S._viscosa,Nurse_G._struthium,C._hispanica,0,1,2,-1,restoration,2025-07-19 17:27:393
Nurse_S._viscosa,Nurse_G._struthium,Other_species,0,1,2,-1,restoration,2025-07-19 17:27:393
Nurse_S._viscosa,H._squamatum,S._viscosa,0,1,2,-1,restoration,2025-07-19 17:27:393
Nurse_S._viscosa,H._squamatum,C._hispanica,0,1,2,-1,restoration,2025-07-19 17:27:393
Nurse_S._viscosa,H._squamatum,Other_species,0,1,2,-1,restoration,2025-07-19 17:27:393
Nurse_S._viscosa,S._viscosa,C._hispanica,0,1,2,-1,restoration,2025-07-19 17:27:393
Nurse_S._viscosa,S._viscosa,Other_species,0,1,2,-1,restoration,2025-07-19 17:27:393
Nurse_S._viscosa,C._hispanica,Other_species,0,1,2,-1,restoration,2025-07-19 17:27:393
Nurse_G._struthium,H._squamatum,S._viscosa,0,1,2,-1,restoration,2025-07-19 17:27:393
Nurse_G._struthium,H._squamatum,C._hispanica,0,1,2,-1,restoration,2025-07-19 17:27:393
Nurse_G._struthium,H._squamatum,Other_species,0,1,2,-1,restoration,2025-07-19 17:27:393
Nurse_G._struthium,S._viscosa,C._hispanica,0,1,2,-1,restoration,2025-07-19 17:27:393
Nurse_G._struthium,S._viscosa,Other_species,0,1,2,-1,restoration,2025-07-19 17:27:393
Nurse_G._struthium,C._hispanica,Other_species,0,1,2,-1,restoration,2025-07-19 17:27:393
H._squamatum,S._viscosa,C._hispanica,0,1,2,-1,restoration,2025-07-19 17:27:393
H._squamatum,S._viscosa,Other_species,0,1,2,-1,restoration,2025-07-19 17:27:393
H._squamatum,C._hispanica,Other_species,0,1,2,-1,restoration,2025-07-19 17:27:393
S._viscosa,C._hispanica,Other_species,0,1,2,-1,restoration,2025-07-19 17:27:393
Nurse_S._viscosa,Nurse_G._struthium,H._squamatum,0,1,2,-1,natural,2025-07-19 17:27:393
Nurse_S._viscosa,Nurse_G._struthium,S._viscosa,0,1,2,-1,natural,2025-07-19 17:27:393
Nurse_S._viscosa,Nurse_G._struthium,C._hispanica,0,1,2,-1,natural,2025-07-19 17:27:393
Nurse_S._viscosa,Nurse_G._struthium,Other_species,0,1,2,-1,natural,2025-07-19 17:27:393
Nurse_S._viscosa,H._squamatum,S._viscosa,0,1,2,-1,natural,2025-07-19 17:27:393
Nurse_S._viscosa,H._squamatum,C._hispanica,0,1,2,-1,natural,2025-07-19 17:27:393
Nurse_S._viscosa,H._squamatum,Other_species,0,1,2,-1,natural,2025-07-19 17:27:393
Nurse_S._viscosa,S._viscosa,C._hispanica,0,1,2,-1,natural,2025-07-19 17:27:393
Nurse_S._viscosa,S._viscosa,Other_species,0,1,2,-1,natural,2025-07-19 17:27:393
Nurse_S._viscosa,C._hispanica,Other_species,0,1,2,-1,natural,2025-07-19 17:27:393
Nurse_G._struthium,H._squamatum,S._viscosa,0,1,2,-1,natural,2025-07-19 17:27:393
Nurse_G._struthium,H._squamatum,C._hispanica,0,1,2,-1,natural,2025-07-19 17:27:393
Nurse_G._struthium,H._squamatum,Other_species,0,1,2,-1,natural,2025-07-19 17:27:393
Nurse_G._struthium,S._viscosa,C._hispanica,0,1,2,-1,natural,2025-07-19 17:27:393
Nurse_G._struthium,S._viscosa,Other_species,0,1,2,-1,natural,2025-07-19 17:27:393
Nurse_G._struthium,C._hispanica,Other_species,0,1,2,-1,natural,2025-07-19 17:27:393
H._squamatum,S._viscosa,C._hispanica,0,1,2,-1,natural,2025-07-19 17:27:393
H._squamatum,S._viscosa,Other_species,0,1,2,-1,natural,2025-07-19 17:27:393
H._squamatum,C._hispanica,Other_species,0,1,2,-1,natural,2025-07-19 17:27:393
S._viscosa,C._hispanica,Other_species,0,1,2,-1,natural,2025-07-19 17:27:393
Nurse_S._viscosa,Nurse_G._struthium,H._squamatum,0,1,2,-1,restoration,2025-07-19 17:27:383
Nurse_S._viscosa,Nurse_G._struthium,S._viscosa,0,1,2,-1,restoration,2025-07-19 17:27:383
Nurse_S._viscosa,Nurse_G._struthium,C._hispanica,0,1,2,-1,restoration,2025-07-19 17:27:383
Nurse_S._viscosa,Nurse_G._struthium,Other_species,0,1,2,-1,restoration,2025-07-19 17:27:383
Nurse_S._viscosa,H._squamatum,S._viscosa,0,1,2,-1,restoration,2025-07-19 17:27:383
Nurse_S._viscosa,H._squamatum,C._hispanica,0,1,2,-1,restoration,2025-07-19 17:27:383
Nurse_S._viscosa,H._squamatum,Other_species,0,1,2,-1,restoration,2025-07-19 17:27:383
Nurse_S._viscosa,S._viscosa,C._hispanica,0,1,2,-1,restoration,2025-07-19 17:27:383
Nurse_S._viscosa,S._viscosa,Other_species,0,1,2,-1,restoration,2025-07-19 17:27:383
Nurse_S._viscosa,C._hispanica,Other_species,0,1,2,-1,restoration,2025-07-19 17:27:383
Nurse_G._struthium,H._squamatum,S._viscosa,0,1,2,-1,restoration,2025-07-19 17:27:383
Nurse_G._struthium,H._squamatum,C._hispanica,0,1,2,-1,restoration,2025-07-19 17:27:383
Nurse_G._struthium,H._squamatum,Other_species,0,1,2,-1,restoration,2025-07-19 17:27:383
Nurse_G._struthium,S._viscosa,C._hispanica,0,1,2,-1,restoration,2025-07-19 17:27:383
Nurse_G._struthium,S._viscosa,Other_species,0,1,2,-1,restoration,2025-07-19 17:27:383
Nurse_G._struthium,C._hispanica,Other_species,0,1,2,-1,restoration,2025-07-19 17:27:383
H._squamatum,S._viscosa,C._hispanica,0,1,2,-1,restoration,2025-07-19 17:27:383
H._squamatum,S._viscosa,Other_species,0,1,2,-1,restoration,2025-07-19 17:27:383
H._squamatum,C._hispanica,Other_species,0,1,2,-1,restoration,2025-07-19 17:27:383
S._viscosa,C._hispanica,Other_species,0,1,2,-1,restoration,2025-07-19 17:27:383
Nurse_S._viscosa,Nurse_G._struthium,H._squamatum,0,1,2,-1,natural,2025-07-19 17:27:383
Nurse_S._viscosa,Nurse_G._struthium,S._viscosa,0,1,2,-1,natural,2025-07-19 17:27:383
Nurse_S._viscosa,Nurse_G._struthium,C._hispanica,0,1,2,-1,natural,2025-07-19 17:27:383
Nurse_S._viscosa,Nurse_G._struthium,Other_species,0,1,2,-1,natural,2025-07-19 17:27:383
Nurse_S._viscosa,H._squamatum,S._viscosa,0,1,2,-1,natural,2025-07-19 17:27:383
Nurse_S._viscosa,H._squamatum,C._hispanica,0,1,2,-1,natural,2025-07-19 17:27:383
Nurse_S._viscosa,H._squamatum,Other_species,0,1,2,-1,natural,2025-07-19 17:27:383
Nurse_S._viscosa,S._viscosa,C._hispanica,0,1,2,-1,natural,2025-07-19 17:27:383
Nurse_S._viscosa,S._viscosa,Other_species,0,1,2,-1,natural,2025-07-19 17:27:383
Nurse_S._viscosa,C._hispanica,Other_species,0,1,2,-1,natural,2025-07-19 17:27:383
Nurse_G._struthium,H._squamatum,S._viscosa,0,1,2,-1,natural,2025-07-19 17:27:383
Nurse_G._struthium,H._squamatum,C._hispanica,0,1,2,-1,natural,2025-07-19 17:27:383
Nurse_G._struthium,H._squamatum,Other_species,0,1,2,-1,natural,2025-07-19 17:27:383
Nurse_G._struthium,S._viscosa,C._hispanica,0,1,2,-1,natural,2025-07-19 17:27:383
Nurse_G._struthium,S._viscosa,Other_species,0,1,2,-1,natural,2025-07-19 17:27:383
Nurse_G._struthium,C._hispanica,Other_species,0,1,2,-1,natural,2025-07-19 17:27:383
H._squamatum,S._viscosa,C._hispanica,0,1,2,-1,natural,2025-07-19 17:27:383
H._squamatum,S._viscosa,Other_species,0,1,2,-1,natural,2025-07-19 17:27:383
H._squamatum,C._hispanica,Other_species,0,1,2,-1,natural,2025-07-19 17:27:383
S._viscosa,C._hispanica,Other_species,0,1,2,-1,natural,2025-07-19 17:27:383
Nurse_S._viscosa,Nurse_G._struthium,H._squamatum,0,1,2,-1,restoration,2025-07-19 17:27:383
Nurse_S._viscosa,Nurse_G._struthium,S._viscosa,0,1,2,-1,restoration,2025-07-19 17:27:383
Nurse_S._viscosa,Nurse_G._struthium,C._hispanica,0,1,2,-1,restoration,2025-07-19 17:27:383
Nurse_S._viscosa,Nurse_G._struthium,Other_species,0,1,2,-1,restoration,2025-07-19 17:27:383
Nurse_S._viscosa,H._squamatum,S._viscosa,0,1,2,-1,restoration,2025-07-19 17:27:383
Nurse_S._viscosa,H._squamatum,C._hispanica,0,1,2,-1,restoration,2025-07-19 17:27:383
Nurse_S._viscosa,H._squamatum,Other_species,0,1,2,-1,restoration,2025-07-19 17:27:383
Nurse_S._viscosa,S._viscosa,C._hispanica,0,1,2,-1,restoration,2025-07-19 17:27:383
Nurse_S._viscosa,S._viscosa,Other_species,0,1,2,-1,restoration,2025-07-19 17:27:383
Nurse_S._viscosa,C._hispanica,Other_species,0,1,2,-1,restoration,2025-07-19 17:27:383
Nurse_G._struthium,H._squamatum,S._viscosa,0,1,2,-1,restoration,2025-07-19 17:27:383
Nurse_G._struthium,H._squamatum,C._hispanica,0,1,2,-1,restoration,2025-07-19 17:27:383
Nurse_G._struthium,H._squamatum,Other_species,0,1,2,-1,restoration,2025-07-19 17:27:383
Nurse_G._struthium,S._viscosa,C._hispanica,0,1,2,-1,restoration,2025-07-19 17:27:383
Nurse_G._struthium,S._viscosa,Other_species,0,1,2,-1,restoration,2025-07-19 17:27:383
Nurse_G._struthium,C._hispanica,Other_species,0,1,2,-1,restoration,2025-07-19 17:27:383
H._squamatum,S._viscosa,C._hispanica,0,1,2,-1,restoration,2025-07-19 17:27:383
H._squamatum,S._viscosa,Other_species,0,1,2,-1,restoration,2025-07-19 17:27:383
H._squamatum,C._hispanica,Other_species,0,1,2,-1,restoration,2025-07-19 17:27:383
S._viscosa,C._hispanica,Other_species,0,1,2,-1,restoration,2025-07-19 17:27:383
Nurse_S._viscosa,Nurse_G._struthium,H._squamatum,0,1,2,-1,natural,2025-07-19 17:27:383
Nurse_S._viscosa,Nurse_G._struthium,S._viscosa,0,1,2,-1,natural,2025-07-19 17:27:383
Nurse_S._viscosa,Nurse_G._struthium,C._hispanica,0,1,2,-1,natural,2025-07-19 17:27:383
Nurse_S._viscosa,Nurse_G._struthium,Other_species,0,1,2,-1,natural,2025-07-19 17:27:383
Nurse_S._viscosa,H._squamatum,S._viscosa,0,1,2,-1,natural,2025-07-19 17:27:383
Nurse_S._viscosa,H._squamatum,C._hispanica,0,1,2,-1,natural,2025-07-19 17:27:383
Nurse_S._viscosa,H._squamatum,Other_species,0,1,2,-1,natural,2025-07-19 17:27:383
Nurse_S._viscosa,S._viscosa,C._hispanica,0,1,2,-1,natural,2025-07-19 17:27:383
Nurse_S._viscosa,S._viscosa,Other_species,0,1,2,-1,natural,2025-07-19 17:27:383
Nurse_S._viscosa,C._hispanica,Other_species,0,1,2,-1,natural,2025-07-19 17:27:383
Nurse_G._struthium,H._squamatum,S._viscosa,0,1,2,-1,natural,2025-07-19 17:27:383
Nurse_G._struthium,H._squamatum,C._hispanica,0,1,2,-1,natural,2025-07-19 17:27:383
Nurse_G._struthium,H._squamatum,Other_species,0,1,2,-1,natural,2025-07-19 17:27:383
Nurse_G._struthium,S._viscosa,C._hispanica,0,1,2,-1,natural,2025-07-19 17:27:383
Nurse_G._struthium,S._viscosa,Other_species,0,1,2,-1,natural,2025-07-19 17:27:383
Nurse_G._struthium,C._hispanica,Other_species,0,1,2,-1,natural,2025-07-19 17:27:383
H._squamatum,S._viscosa,C._hispanica,0,1,2,-1,natural,2025-07-19 17:27:383
H._squamatum,S._viscosa,Other_species,0,1,2,-1,natural,2025-07-19 17:27:383
H._squamatum,C._hispanica,Other_species,0,1,2,-1,natural,2025-07-19 17:27:383
S._viscosa,C._hispanica,Other_species,0,1,2,-1,natural,2025-07-19 17:27:383
