Date,Time,Zone,Capparis_spinosa,Cardus_sp,Coris_monspeliensis,Dipcadi_serotinum,Dittrichia_viscosa,Eryngium_campestre,Fumana_thymifolia,Helianthemum_hirtum,Helianthemum_squamatum,Helianthemum_syriacum,Lepidium_subulatum,Medicago_truncatula,Moricandia_moricandioides,Ononis_tridentata,Parentucelia_sp,Plantago_albicans,Pilosella_sp,Piptatherum_miliaceum,Reseda_stricta,Rosmarinus_officinalis,Sanguisorba_verrucosa,Stipa_tenacissima,Teucrium_capitatum,Thesium_humifisum,Thymus_zygis,Ulex_sp.,D1,D2,h,patch
11/8/23,09:02:58,Restauración,0,0,0,0,0,0,0,0,1,1,0,0,0,0,0,0,0,0,0,1,0,0,0,0,3,0,120,140,80,P-1
11/8/23,09:03:25,Restauración,0,0,0,0,0,0,0,0,0,1,0,0,0,0,0,0,0,0,0,0,0,0,0,0,1,0,40,40,26,P-2
11/8/23,09:03:33,Restauración,0,0,0,0,0,0,0,0,0,0,0,0,0,0,0,0,0,0,0,0,0,0,0,0,1,0,34,30,18,P-3
11/8/23,09:03:41,Restauración,0,0,0,0,0,0,0,0,0,0,0,0,0,0,0,0,0,0,0,0,0,0,0,0,1,0,10,6,7,P-4
11/8/23,09:04:00,Restauración,0,0,0,0,0,0,0,0,0,0,1,0,0,0,0,0,0,0,0,1,0,0,0,0,1,0,105,103,80,P-5
11/8/23,09:04:19,Restauración,0,0,0,0,0,0,0,0,0,0,0,0,0,0,0,0,0,0,0,0,0,0,0,0,1,0,35,30,19,P-6
11/8/23,09:04:48,Restauración,0,0,0,0,0,0,0,0,0,0,2,0,0,0,0,0,0,0,0,0,0,0,0,0,3,0,67,43,29,P-7
11/8/23,09:05:00,Restauración,0,0,0,0,0,0,0,0,0,0,0,0,0,0,0,0,0,0,0,0,0,0,0,0,1,0,30,15,12,P-8
11/8/23,09:05:07,Restauración,0,0,0,0,0,0,0,0,0,0,0,0,0,0,0,0,0,0,0,0,0,0,0,0,1,0,40,20,21,P-9
11/8/23,09:05:15,Restauración,0,0,0,0,0,0,0,0,0,0,0,0,0,0,0,0,0,0,0,0,0,0,0,0,1,0,40,22,15,P-10
11/8/23,09:05:29,Restauración,0,0,0,0,0,0,0,0,0,0,0,0,0,0,0,0,0,0,0,0,0,0,0,0,4,0,70,83,24,P-11
11/8/23,09:05:42,Restauración,0,0,0,0,0,0,0,0,0,0,1,0,0,0,0,0,0,0,0,0,0,0,0,0,1,0,30,20,27,P-12
11/8/23,09:05:56,Restauración,0,0,0,0,0,0,0,0,0,1,0,0,0,0,0,0,0,0,0,0,0,0,0,0,2,0,34,26,17,P-13
11/8/23,09:06:20,Restauración,0,0,0,0,0,0,0,0,0,1,0,0,0,0,0,0,0,0,0,1,0,0,0,0,4,0,100,90,60,P-14
11/8/23,09:06:28,Restauración,0,0,0,0,0,0,0,0,0,0,0,0,0,0,0,0,0,0,0,0,0,0,0,0,1,0,30,23,20,P-15
11/8/23,09:06:37,Restauración,0,0,0,0,0,0,0,0,0,0,0,0,0,0,0,0,0,0,0,0,0,0,0,0,1,0,50,57,32,P-16
11/8/23,09:06:47,Restauración,0,0,0,0,0,0,0,0,0,0,0,0,0,0,0,0,0,0,0,0,0,0,0,0,2,0,25,23,14,P-17
11/8/23,09:06:55,Restauración,0,0,0,0,0,0,0,0,0,0,0,0,0,0,0,0,0,0,0,0,0,0,0,0,1,0,20,11,17,P-18
11/8/23,09:07:05,Restauración,0,0,0,0,0,0,0,0,0,0,0,0,0,0,0,0,0,0,0,0,0,0,0,0,1,0,48,32,24,P-19
11/8/23,09:07:17,Restauración,0,0,0,0,0,0,0,0,0,0,0,0,0,0,0,0,0,0,0,0,0,0,0,0,1,0,62,32,25,P-20
11/8/23,09:07:25,Restauración,0,0,0,0,0,0,0,0,0,0,0,0,0,0,0,0,0,0,0,0,0,0,0,0,1,0,25,20,15,P-21
11/8/23,09:07:33,Restauración,0,0,0,0,0,0,0,0,0,0,0,0,0,0,0,0,0,0,0,0,0,0,0,0,1,0,20,12,18,P-22
11/8/23,09:07:49,Restauración,0,0,0,0,0,0,0,0,0,1,0,0,0,0,0,0,0,0,0,0,0,0,0,0,0,0,4,4,12,P-23
11/8/23,09:07:59,Restauración,0,0,0,0,0,0,0,0,0,1,0,0,0,0,0,0,0,0,0,0,0,0,0,0,0,0,10,10,16,P-24
11/8/23,09:08:05,Restauración,0,0,0,0,0,0,0,0,0,0,0,0,0,0,0,0,0,0,0,0,0,0,0,0,1,0,9,7,10,P-25
11/8/23,09:08:40,Restauración,0,0,0,0,0,0,0,0,0,1,0,0,0,0,0,0,0,0,0,1,0,0,0,0,3,0,93,60,90,P-26
11/8/23,09:08:54,Restauración,0,0,0,0,0,0,0,0,0,2,0,0,0,0,0,0,0,0,0,0,0,0,0,0,2,0,71,37,30,P-27
11/8/23,09:09:29,Restauración,0,0,0,0,0,0,0,0,0,1,0,0,0,0,0,0,0,0,0,0,0,0,0,0,0,0,3,2,15,P-28
11/8/23,09:09:37,Restauración,0,0,0,0,0,0,0,0,0,0,0,0,0,0,0,0,0,0,0,0,0,0,0,0,1,0,50,30,20,P-29
11/8/23,09:09:47,Restauración,0,0,0,0,0,0,0,0,0,1,0,0,0,0,0,0,0,0,0,0,0,0,0,0,1,0,27,18,24,P-30
11/8/23,09:10:03,Restauración,0,0,0,0,0,0,0,0,0,2,0,0,0,0,0,0,0,0,0,0,0,0,0,0,3,0,80,30,30,P-31
11/8/23,09:10:11,Restauración,0,0,0,0,0,0,0,0,0,0,0,0,0,0,0,0,0,0,0,0,0,0,0,0,1,0,30,19,17,P-32
11/8/23,09:10:19,Restauración,0,0,0,0,0,0,0,0,0,0,0,0,0,0,0,0,0,0,0,0,0,0,0,0,1,0,20,17,16,P-33
11/8/23,09:10:25,Restauración,0,0,0,0,0,0,0,0,0,0,0,0,0,0,0,0,0,0,0,0,0,0,0,0,1,0,17,10,10,P-34
11/8/23,09:10:38,Restauración,0,0,0,0,0,0,0,0,0,1,0,0,0,0,0,0,0,0,0,0,0,0,0,0,2,0,50,23,19,P-35
11/8/23,09:10:47,Restauración,0,0,0,0,0,0,0,0,0,1,0,0,0,0,0,0,0,0,0,0,0,0,0,0,1,0,40,26,15,P-36
11/8/23,09:11:00,Restauración,0,0,0,0,0,0,0,0,0,1,0,0,0,0,0,0,0,0,0,0,0,0,0,0,1,0,45,36,24,P-37
11/8/23,09:11:05,Restauración,0,0,0,0,0,0,0,0,0,0,0,0,0,0,0,0,0,0,0,0,0,0,0,0,1,0,21,19,14,P-38
11/8/23,09:11:59,Restauración,0,0,0,0,0,0,0,0,0,0,2,0,0,0,0,0,0,0,0,0,0,1,0,0,9,0,76,80,83,P-39
11/8/23,09:12:10,Restauración,0,0,0,0,0,0,0,0,0,0,0,0,0,0,0,0,0,0,0,0,0,0,0,0,1,0,20,12,15,P-40
11/8/23,09:12:31,Restauración,0,0,0,0,0,0,0,0,0,1,1,0,0,0,0,0,0,0,0,0,0,0,0,0,1,0,52,52,30,P-41
11/8/23,09:13:03,Restauración,0,0,0,0,0,0,0,0,0,0,0,0,0,0,0,0,0,0,0,2,0,0,0,0,0,0,97,80,73,P-42
11/8/23,09:13:28,Restauración,0,0,0,0,0,0,0,0,0,1,0,0,0,0,0,0,0,0,0,0,0,0,0,0,4,0,81,36,33,P-43
11/8/23,09:13:52,Restauración,0,0,0,0,0,0,0,0,0,0,0,0,0,0,0,0,0,0,0,0,0,0,0,0,1,0,48,34,25,P-44
11/8/23,09:14:13,Restauración,0,0,0,0,0,0,0,0,0,0,1,0,0,0,0,0,0,0,0,0,0,0,0,0,1,0,33,20,34,P-45
11/8/23,09:14:27,Restauración,0,0,0,0,0,0,0,0,0,0,0,0,0,0,0,0,0,0,0,0,0,0,0,0,1,0,10,10,7,P-46
11/8/23,09:14:35,Restauración,0,0,0,0,0,0,0,0,0,0,0,0,0,0,0,0,0,0,0,0,0,0,0,0,1,0,20,25,14,P-47
11/8/23,09:14:46,Restauración,0,0,0,0,0,0,0,0,0,0,0,0,0,0,0,0,0,0,0,0,0,0,0,0,1,0,40,28,31,P-48
11/8/23,09:14:57,Restauración,0,0,0,0,0,0,0,0,0,0,1,0,0,0,0,0,0,0,0,0,0,0,0,0,0,0,27,14,24,P-49
11/8/23,09:15:07,Restauración,0,0,0,0,0,0,0,0,0,0,0,0,0,0,0,0,0,0,0,0,0,0,0,0,1,0,40,27,24,P-50
11/8/23,09:15:31,Restauración,0,0,0,0,0,0,0,0,0,0,2,0,0,0,0,0,0,0,0,0,0,0,0,0,0,0,16,17,20,P-51
11/8/23,09:16:03,Restauración,0,0,0,0,0,0,0,0,0,0,0,0,0,0,0,0,0,0,0,0,0,0,0,0,2,0,30,14,20,P-52
11/8/23,09:16:11,Restauración,0,0,0,0,0,0,0,0,0,0,0,0,0,0,0,0,0,0,0,0,0,0,0,0,2,0,40,20,20,P-53
11/8/23,09:16:15,Restauración,0,0,0,0,0,0,0,0,0,0,0,0,0,0,0,0,0,0,0,0,0,0,0,0,1,0,5,5,4,P-54
11/8/23,09:16:55,Restauración,0,0,0,0,0,0,0,0,0,0,1,0,0,0,0,0,0,0,0,1,0,0,0,0,4,0,80,70,60,P-55
11/8/23,09:17:38,Restauración,0,0,0,0,0,0,0,0,0,0,1,0,0,0,0,0,0,0,0,1,0,0,0,0,2,0,106,70,50,P-56
11/8/23,09:17:48,Restauración,0,0,0,0,0,0,0,0,0,0,0,0,0,0,0,0,0,0,0,0,0,0,0,0,1,0,40,25,18,P-57
11/8/23,09:17:54,Restauración,0,0,0,0,0,0,0,0,0,0,0,0,0,0,0,0,0,0,0,0,0,0,0,0,2,0,24,18,17,P-58
11/8/23,09:18:02,Restauración,0,0,0,0,0,0,0,0,0,0,0,0,0,0,0,0,0,0,0,0,0,0,0,0,2,0,44,26,17,P-59
11/8/23,09:18:32,Restauración,0,0,0,0,0,0,0,0,0,0,0,0,0,0,0,0,0,0,0,1,0,0,0,0,5,0,145,122,83,P-60
11/8/23,09:19:12,Restauración,0,0,0,0,0,0,0,0,0,3,0,0,0,0,0,0,0,0,0,0,0,1,0,0,3,0,100,74,47,P-61
11/8/23,09:19:25,Restauración,0,0,0,0,0,0,0,0,0,0,0,0,0,0,0,0,0,0,0,0,0,0,0,0,1,0,33,37,35,P-62
11/8/23,09:19:41,Restauración,0,0,0,0,0,0,0,0,0,0,1,0,0,0,0,0,0,0,0,0,0,0,0,0,1,0,40,23,39,P-63
11/8/23,09:19:47,Restauración,0,0,0,0,0,0,0,0,0,0,0,0,0,0,0,0,0,0,0,0,0,0,0,0,1,0,20,22,21,P-64
11/8/23,09:20:01,Restauración,0,0,0,0,0,0,0,0,0,1,0,0,0,0,0,0,0,0,0,0,0,0,0,0,3,0,78,35,24,P-65
11/8/23,09:20:11,Restauración,0,0,0,0,0,0,0,0,0,0,0,0,0,0,0,0,0,0,0,0,0,0,0,0,1,0,30,23,20,P-66
11/8/23,09:20:33,Restauración,0,0,0,0,0,0,0,0,0,2,0,0,0,0,0,0,0,0,0,0,0,0,0,0,3,0,80,40,27,P-67
11/8/23,09:20:41,Restauración,0,0,0,0,0,0,0,0,0,0,0,0,0,0,0,0,0,0,0,0,0,0,0,0,1,0,36,20,20,P-68
11/8/23,09:20:46,Restauración,0,0,0,0,0,0,0,0,0,0,0,0,0,0,0,0,0,0,0,0,0,0,0,0,1,0,24,20,20,P-69
11/8/23,09:21:04,Restauración,0,0,0,0,0,0,0,0,0,0,0,0,0,0,0,0,0,0,0,0,0,0,0,0,4,0,69,40,37,P-70
11/8/23,09:21:21,Restauración,0,0,0,0,0,0,0,0,2,1,0,0,0,0,0,0,0,0,0,0,0,0,0,0,2,0,40,28,28,P-71
11/8/23,09:21:37,Restauración,0,0,0,0,0,0,0,0,0,0,0,0,0,0,0,0,0,0,0,0,0,0,0,0,3,0,31,24,20,P-72
11/8/23,09:22:28,Restauración,0,0,0,0,0,0,0,0,0,0,1,0,0,0,0,0,0,0,0,2,0,0,0,0,8,0,138,140,89,P-73
11/8/23,09:22:47,Restauración,0,0,0,0,0,0,0,0,1,0,0,0,0,0,0,0,0,0,0,0,0,0,0,0,1,0,38,23,12,P-74
11/8/23,09:22:55,Restauración,0,0,0,0,0,0,0,0,0,0,0,0,0,0,0,0,0,0,0,0,0,0,0,0,1,0,14,14,12,P-75
11/8/23,09:23:14,Restauración,0,0,0,0,0,0,0,0,0,1,0,0,0,0,0,0,0,0,0,0,0,0,0,0,4,0,74,38,25,P-76
11/8/23,09:23:49,Restauración,0,0,0,0,0,0,0,0,0,0,0,0,0,1,0,0,0,0,0,0,0,0,0,0,5,0,97,47,82,P-77
11/8/23,09:24:05,Restauración,0,0,0,0,0,0,0,0,0,0,0,0,0,0,0,0,0,0,0,0,0,0,0,0,1,0,50,38,21,P-78
11/8/23,09:24:42,Restauración,0,0,0,0,0,0,0,0,1,0,0,0,0,0,0,0,0,0,0,0,0,0,0,0,7,0,75,45,32,P-79
11/8/23,09:24:56,Restauración,0,0,0,0,0,0,0,0,2,0,0,0,0,0,0,0,0,0,0,0,0,0,0,0,2,0,39,27,22,P-80
11/8/23,09:25:25,Restauración,0,0,0,0,0,0,0,0,0,2,0,0,0,0,0,0,0,0,0,0,0,0,0,0,2,0,40,25,20,P-81
11/8/23,09:26:27,Restauración,0,0,0,0,0,0,0,0,0,6,0,0,0,0,0,0,0,0,0,1,0,0,0,0,1,0,106,62,51,P-82
11/8/23,09:26:59,Restauración,0,0,0,0,0,0,0,0,0,1,0,0,0,0,0,0,0,0,0,0,0,0,0,0,3,0,67,30,22,P-83
11/8/23,09:27:10,Restauración,0,0,0,0,0,0,0,0,0,0,0,0,0,0,0,0,0,0,0,0,0,0,0,0,1,0,26,18,20,P-84
11/8/23,09:27:32,Restauración,0,0,0,0,0,0,0,0,0,0,0,0,0,0,0,0,0,0,0,0,0,0,0,0,2,0,42,36,27,P-85
11/8/23,09:27:53,Restauración,0,0,0,0,0,0,0,0,0,0,0,0,0,0,0,0,0,0,0,0,0,0,0,0,5,0,82,50,23,P-86
11/8/23,09:29:00,Restauración,0,0,0,0,0,0,0,0,0,2,0,0,0,0,0,0,0,0,0,3,0,0,0,0,6,0,225,203,107,P-87
11/8/23,09:29:44,Restauración,0,0,0,0,0,0,0,0,0,0,0,0,0,0,0,0,0,0,0,1,0,0,0,0,3,0,112,92,110,P-88
11/8/23,09:30:00,Restauración,0,0,0,0,0,0,0,0,0,2,0,0,0,0,0,0,0,0,0,0,0,0,0,0,2,0,73,26,28,P-89
11/8/23,09:30:18,Restauración,0,0,0,0,0,0,0,0,0,2,0,0,0,0,0,0,0,0,0,0,0,0,0,0,2,0,42,50,17,P-90
11/8/23,09:30:24,Restauración,0,0,0,0,0,0,0,0,0,0,0,0,0,0,0,0,0,0,0,0,0,0,0,0,1,0,12,7,8,P-91
11/8/23,09:30:59,Restauración,0,0,0,0,0,0,0,0,2,2,0,0,0,0,0,0,0,0,0,0,0,0,0,0,1,0,85,33,20,P-92
11/8/23,09:31:13,Restauración,0,0,0,0,0,0,0,0,0,1,0,0,0,0,0,0,0,0,0,0,0,0,0,0,0,0,42,31,40,P-93
11/8/23,09:31:47,Restauración,0,0,0,0,0,0,0,0,0,0,1,0,0,1,0,0,0,0,0,0,0,0,0,0,4,0,94,47,86,P-94
11/8/23,09:32:04,Restauración,0,0,0,0,0,0,0,0,0,2,0,0,0,0,0,0,0,0,0,0,0,0,0,0,2,0,40,20,18,P-95
11/8/23,09:32:25,Restauración,0,0,0,0,0,0,0,0,0,1,0,0,0,0,0,0,0,0,0,0,0,0,0,0,1,0,66,50,30,P-96
11/8/23,09:32:33,Restauración,0,0,0,0,0,0,0,0,0,1,0,0,0,0,0,0,0,0,0,0,0,0,0,0,0,0,4,3,4,P-97
11/8/23,09:32:42,Restauración,0,0,0,0,0,0,0,0,0,1,0,0,0,0,0,0,0,0,0,0,0,0,0,0,0,0,9,7,20,P-98
11/8/23,09:33:00,Restauración,0,0,0,0,0,0,0,0,0,3,0,0,0,0,0,0,0,0,0,0,0,0,0,0,2,0,56,20,16,P-99
11/8/23,09:33:43,Restauración,0,0,0,0,0,0,0,0,0,4,0,0,0,0,0,0,0,0,0,0,0,0,0,0,7,0,108,52,25,P-100
11/8/23,09:33:51,Restauración,0,0,0,0,0,0,0,0,0,0,0,0,0,0,0,0,0,0,0,0,0,0,0,0,1,0,6,7,7,P-101
11/8/23,09:34:16,Restauración,0,0,0,0,0,0,0,0,0,1,0,0,0,0,0,0,0,0,0,0,0,0,0,0,0,0,10,7,25,P-102
11/8/23,09:34:48,Restauración,0,0,0,0,0,0,0,0,0,0,0,0,0,0,0,0,0,0,0,0,0,0,0,0,3,0,50,38,29,P-103
11/8/23,09:35:34,Restauración,0,0,0,0,0,0,0,0,0,18,0,0,0,0,0,0,0,0,0,0,0,0,0,0,4,0,101,68,41,P-104
11/8/23,09:35:44,Restauración,0,0,0,0,0,0,0,0,0,1,0,0,0,0,0,0,0,0,0,0,0,0,0,0,0,0,12,8,24,P-105
11/8/23,09:35:52,Restauración,0,0,0,0,0,0,0,0,0,1,0,0,0,0,0,0,0,0,0,0,0,0,0,0,0,0,10,5,22,P-106
11/8/23,09:36:01,Restauración,0,0,0,0,0,0,0,0,0,0,0,0,0,0,0,0,0,0,0,0,0,0,0,0,1,0,17,12,12,P-107
11/8/23,09:36:25,Restauración,0,0,0,0,0,0,0,0,0,3,0,0,0,0,0,0,0,0,0,0,0,0,0,0,5,0,74,22,21,P-108
11/8/23,09:37:18,Restauración,0,0,0,0,0,0,0,0,3,3,0,0,0,0,0,0,0,0,0,0,0,0,0,0,1,0,64,47,49,P-109
11/8/23,09:37:37,Restauración,0,0,0,0,0,0,0,0,0,0,0,0,0,0,0,0,0,0,0,0,0,0,0,0,1,0,50,38,19,P-110
11/8/23,09:37:48,Restauración,0,0,0,0,0,0,0,0,0,1,0,0,0,0,0,0,0,0,0,0,0,0,0,0,1,0,22,16,16,P-111
11/8/23,09:38:20,Restauración,0,0,0,0,0,0,0,0,0,1,0,0,0,0,0,0,0,0,0,0,0,0,0,0,0,0,8,10,25,P-112
11/8/23,09:38:31,Restauración,0,0,0,0,0,0,0,0,0,1,0,0,0,0,0,0,0,0,0,0,0,0,0,0,2,0,30,22,52,P-113
11/8/23,09:38:50,Restauración,0,0,0,0,0,0,0,0,0,0,0,0,0,0,0,0,0,0,0,0,0,0,0,0,1,0,27,15,18,P-114
11/8/23,09:39:08,Restauración,0,0,0,0,0,0,0,0,0,4,0,0,0,0,0,0,0,0,0,0,0,0,0,0,1,0,72,41,27,P-115
11/8/23,09:39:30,Restauración,0,0,0,0,0,0,0,0,0,0,0,0,0,0,0,0,0,0,0,0,0,0,0,0,2,0,60,50,30,P-116
11/8/23,09:39:38,Restauración,0,0,0,0,0,0,0,0,0,0,0,0,0,0,0,0,0,0,0,0,0,0,0,0,1,0,14,14,16,P-117
11/8/23,09:40:03,Restauración,0,0,0,0,0,0,0,0,0,2,0,0,0,0,0,0,0,0,0,0,0,0,0,0,3,0,81,28,25,P-118
11/8/23,09:40:21,Restauración,0,0,0,0,0,0,0,0,0,1,0,0,0,0,0,0,0,0,0,0,0,0,0,0,1,0,60,58,29,P-119
11/8/23,09:40:48,Restauración,0,0,0,0,0,0,0,0,0,2,0,0,0,0,0,0,0,0,0,0,0,0,0,0,2,0,64,35,24,P-120
11/8/23,09:41:21,Restauración,0,0,0,0,0,0,0,0,0,5,0,0,0,0,0,0,0,0,1,0,0,0,0,0,1,0,41,27,24,P-121
11/8/23,09:41:44,Restauración,0,0,0,0,0,0,0,0,0,2,0,0,0,0,0,0,0,0,0,0,0,0,0,0,2,0,67,40,22,P-122
11/8/23,09:42:03,Restauración,0,0,0,0,0,0,0,0,0,1,0,0,0,0,0,0,0,0,0,0,0,0,0,0,1,0,19,14,19,P-123
11/8/23,09:42:14,Restauración,0,0,0,0,0,0,0,0,0,1,0,0,0,0,0,0,0,0,0,0,0,0,0,0,0,0,2,2,3,P-124
11/8/23,09:42:25,Restauración,0,0,0,0,0,0,0,0,0,2,1,0,0,0,0,0,0,0,0,0,0,0,0,0,0,0,20,16,21,P-125
11/8/23,09:43:13,Restauración,0,0,0,0,0,0,0,0,0,19,0,0,0,0,0,0,0,0,0,0,0,0,0,0,2,0,59,55,48,P-126
11/8/23,09:44:26,Restauración,0,0,0,0,0,0,0,0,0,3,0,0,0,0,0,0,0,0,0,0,0,0,0,0,6,0,140,34,31,P-127
11/8/23,09:44:44,Restauración,0,0,0,0,0,0,0,0,0,2,1,0,0,0,0,0,0,0,0,0,0,0,0,0,1,0,56,38,22,P-128
11/8/23,09:44:55,Restauración,0,0,0,0,0,0,0,0,0,0,0,0,0,0,0,0,0,0,0,1,0,0,0,0,0,0,9,7,14,P-129
11/8/23,09:45:14,Restauración,0,0,0,0,0,0,0,0,0,0,0,0,0,0,0,0,0,0,0,0,0,0,0,0,1,0,40,47,24,P-130
11/8/23,09:45:46,Restauración,0,0,0,0,0,0,0,0,0,1,0,0,0,0,0,0,0,0,0,0,0,0,0,0,4,0,83,40,32,P-131
11/8/23,09:45:58,Restauración,0,0,0,0,0,0,0,0,0,0,0,0,0,0,0,0,0,0,0,0,0,0,0,0,1,0,7,7,7,P-132
11/8/23,09:46:11,Restauración,0,0,0,0,0,0,0,0,0,1,0,0,0,0,0,0,0,0,0,0,0,0,0,0,1,0,30,31,20,P-133
11/8/23,09:46:22,Restauración,0,0,0,0,0,0,0,0,0,0,0,0,0,0,0,0,0,0,0,0,0,0,0,0,1,0,20,23,19,P-134
11/8/23,09:47:05,Restauración,0,0,0,0,0,0,0,0,4,2,0,0,0,1,0,0,0,0,0,0,0,0,0,0,6,0,74,65,90,P-135
11/8/23,09:47:42,Restauración,0,0,0,0,0,0,0,0,0,0,0,0,0,0,0,0,0,0,0,0,0,0,0,0,3,0,61,41,20,P-136
11/8/23,09:47:50,Restauración,0,0,0,0,0,0,0,0,0,0,0,0,0,0,0,0,0,0,0,0,0,0,0,0,1,0,23,15,14,P-137
11/8/23,09:48:09,Restauración,0,0,0,0,0,0,0,0,0,1,0,0,0,0,0,0,0,0,0,0,0,0,0,0,0,0,3,3,5,P-138
11/8/23,09:48:14,Restauración,0,0,0,0,0,0,0,0,0,0,0,0,0,0,0,0,0,0,0,0,0,0,0,0,1,0,16,6,12,P-139
11/8/23,09:48:28,Restauración,0,0,0,0,0,0,0,0,0,0,0,0,0,0,0,0,0,0,0,0,0,0,0,0,1,0,20,30,17,P-140
11/8/23,09:48:52,Restauración,0,0,0,0,0,0,0,0,0,4,0,0,0,0,0,0,0,0,0,0,0,0,0,0,2,0,40,22,15,P-141
11/8/23,09:50:12,Restauración,0,0,0,0,0,0,0,0,0,29,0,0,0,0,0,0,0,0,0,0,0,0,0,0,3,0,105,73,66,P-142
11/8/23,09:50:47,Restauración,0,0,0,0,0,0,0,0,0,0,0,0,0,0,0,2,0,0,0,0,0,0,0,0,1,0,42,33,18,P-143
11/8/23,09:51:04,Restauración,0,0,0,0,0,0,0,0,0,0,0,0,0,0,0,1,0,0,0,0,0,0,0,0,1,0,18,16,8,P-144
11/8/23,09:51:31,Restauración,0,0,0,0,0,0,0,0,0,0,0,0,0,0,0,2,0,0,0,0,0,0,0,0,2,0,82,48,25,P-145
11/8/23,09:52:11,Restauración,0,0,0,0,0,0,0,0,0,1,1,0,0,0,0,2,0,0,0,1,0,0,0,0,3,0,88,29,45,P-146
11/8/23,09:52:38,Restauración,0,0,0,0,0,0,0,0,0,0,0,0,0,0,0,1,0,0,0,0,0,0,0,0,1,0,38,45,25,P-147
11/8/23,09:53:02,Restauración,0,0,0,0,0,0,0,0,0,0,0,0,0,0,0,3,0,0,0,1,0,0,0,0,1,0,29,29,29,P-148
11/8/23,09:53:13,Restauración,0,0,0,0,0,0,0,0,0,0,0,0,0,0,0,0,0,0,0,1,0,0,0,0,1,0,10,6,14,P-149
11/8/23,09:53:35,Restauración,0,0,0,0,0,0,0,0,0,0,0,0,0,0,0,3,0,0,0,0,0,0,0,0,2,0,27,24,17,P-150
11/8/23,09:54:01,Restauración,0,0,0,0,0,0,0,0,0,0,0,0,0,0,0,1,0,0,0,0,0,0,0,0,3,0,46,21,18,P-151
11/8/23,09:55:28,Restauración,0,0,0,0,0,0,0,0,0,0,0,0,0,0,0,0,0,0,0,0,0,0,0,0,1,0,58,44,24,P-152
11/8/23,09:56:00,Restauración,0,0,0,0,0,0,0,0,0,0,0,0,0,0,0,0,0,0,0,0,0,0,0,0,5,0,60,53,23,P-153
11/8/23,09:56:16,Restauración,0,0,0,0,0,0,0,0,0,0,0,0,0,0,0,0,0,0,0,0,0,0,0,0,2,0,15,9,12,P-154
11/8/23,09:57:47,Restauración,0,0,0,0,0,0,0,0,0,2,0,0,0,3,0,0,0,0,0,1,0,0,0,0,10,0,136,136,100,P-155
11/8/23,09:58:06,Restauración,0,0,0,0,0,0,0,0,0,0,0,0,0,0,0,0,0,0,0,0,0,0,0,0,1,0,28,15,15,P-156
11/8/23,09:58:31,Restauración,0,0,0,0,0,0,0,0,0,0,0,0,0,0,0,0,0,0,0,1,0,0,0,0,0,0,4,4,15,P-157
11/8/23,09:59:24,Restauración,0,0,0,0,0,0,0,0,0,1,0,0,0,0,0,0,0,0,0,2,0,0,0,0,1,0,101,80,72,P-158
11/8/23,09:59:49,Restauración,0,0,0,0,0,0,0,0,0,0,0,0,0,0,0,2,0,0,0,0,0,0,0,0,2,0,34,21,17,P-159
11/8/23,09:59:56,Restauración,0,0,0,0,0,0,0,0,0,0,0,0,0,0,0,0,0,0,0,0,0,0,0,0,1,0,27,15,15,P-160
11/8/23,10:00:47,Restauración,0,0,0,1,0,0,0,0,0,0,0,0,0,0,0,0,0,0,0,0,0,0,0,0,1,0,38,24,33,P-161
11/8/23,10:02:25,Restauración,0,0,0,0,0,0,0,0,0,0,0,1,0,0,0,3,0,0,0,3,1,0,0,0,5,0,116,78,67,P-162
11/8/23,10:13:25,Restauración,0,0,0,1,0,0,0,0,0,0,0,0,0,0,0,0,0,0,0,0,0,0,0,0,0,0,1,1,17,P-163
11/8/23,10:13:48,Restauración,0,0,0,0,0,0,0,0,0,0,0,0,0,0,0,0,0,0,0,0,0,0,0,0,2,0,72,51,36,P-164
11/8/23,10:13:56,Restauración,0,0,0,0,0,0,0,0,0,0,0,0,0,0,0,0,0,0,0,0,0,0,0,0,1,0,10,10,10,P-165
11/8/23,10:14:35,Restauración,0,0,0,0,0,0,0,0,0,0,0,0,0,0,0,0,0,0,0,0,0,0,0,0,2,0,68,52,29,P-166
11/8/23,10:17:50,Restauración,0,0,0,0,0,0,1,0,0,0,1,0,0,0,0,0,1,0,0,0,0,0,0,0,0,0,60,43,44,P-167
11/8/23,10:18:40,Restauración,0,0,0,0,0,0,0,0,0,0,0,0,0,0,0,0,1,0,0,0,0,0,0,0,3,0,90,67,33,P-168
11/8/23,10:19:08,Restauración,0,0,0,0,0,0,0,0,0,2,0,0,0,0,0,0,0,0,0,0,0,0,0,0,2,0,69,48,30,P-169
11/8/23,10:22:05,Restauración,0,0,0,0,0,0,0,0,0,1,0,0,0,0,0,0,0,0,0,0,0,0,0,0,0,0,28,14,33,P-170
11/8/23,10:22:43,Restauración,0,0,0,0,0,0,0,0,0,1,0,0,0,0,0,0,0,0,0,0,0,0,0,0,3,0,104,49,33,P-171
11/8/23,10:23:09,Restauración,0,0,0,0,0,0,0,0,0,1,0,0,0,0,0,0,0,0,0,0,0,0,0,0,0,0,10,10,19,P-172
11/8/23,10:24:03,Restauración,0,0,0,0,0,0,0,0,0,0,0,0,0,0,0,0,0,0,0,0,0,0,0,0,0,1,42,18,30,P-173
11/8/23,10:24:30,Restauración,0,0,0,0,0,0,0,0,0,0,0,0,0,0,0,0,0,0,0,0,0,0,0,0,1,0,7,5,6,P-174
11/8/23,10:24:36,Restauración,0,0,0,0,0,0,0,0,0,0,0,0,0,0,0,0,0,0,0,0,0,0,0,0,1,0,2,2,4,P-175
11/8/23,10:24:49,Restauración,0,0,0,0,0,0,0,0,0,0,0,0,0,0,0,0,0,0,0,0,0,0,0,0,0,1,11,10,16,P-176
11/9/23,08:50:58,Restauración,0,0,0,0,0,0,0,0,0,0,0,0,0,0,0,0,0,0,0,0,0,0,0,0,0,1,14,10,15,P-177
11/9/23,08:51:06,Restauración,0,0,0,0,0,0,0,0,0,0,0,0,0,0,0,0,0,0,0,0,0,0,0,0,1,0,8,7,7,P-178
11/9/23,08:51:13,Restauración,0,0,0,0,0,0,0,0,0,0,0,0,0,0,0,0,0,0,0,0,0,0,0,0,1,0,6,5,5,P-179
11/9/23,08:51:32,Restauración,0,0,0,0,0,0,0,0,0,0,0,0,0,1,0,0,0,0,0,0,0,0,0,0,0,1,66,50,67,P-180
11/9/23,08:51:44,Restauración,0,0,0,0,0,0,0,0,0,0,0,0,0,0,0,0,0,0,0,0,0,0,0,0,1,0,28,20,14,P-181
11/9/23,08:52:02,Restauración,0,0,0,0,0,0,0,0,0,0,0,0,0,0,0,0,0,0,0,0,0,0,0,0,1,0,5,5,3,P-182
11/9/23,08:52:08,Restauración,0,0,0,0,0,0,0,0,0,0,0,0,0,0,0,0,0,0,0,0,0,0,0,0,1,0,9,7,7,P-183
11/9/23,08:52:13,Restauración,0,0,0,0,0,0,0,0,0,0,0,0,0,0,0,0,0,0,0,0,0,0,0,0,1,0,2,2,2,P-184
11/9/23,08:52:18,Restauración,0,0,0,0,0,0,0,0,0,0,0,0,0,0,0,0,0,0,0,0,0,0,0,0,1,0,4,3,3,P-185
11/9/23,08:52:23,Restauración,0,0,0,0,0,0,0,0,0,0,0,0,0,0,0,0,0,0,0,0,0,0,0,0,1,0,5,4,6,P-186
11/9/23,08:52:40,Restauración,0,0,0,0,0,0,0,0,0,0,0,0,0,0,0,0,0,0,0,0,0,0,0,0,1,0,5,4,5,P-187
11/9/23,08:52:48,Restauración,0,0,0,0,0,0,0,0,0,0,0,0,0,0,0,0,0,0,0,0,0,0,0,0,2,0,20,20,16,P-188
11/9/23,08:52:59,Restauración,0,0,0,0,0,0,0,0,0,0,0,0,0,0,0,0,0,0,0,0,0,0,0,0,2,0,21,20,14,P-189
11/9/23,08:53:23,Restauración,0,0,0,0,0,0,0,0,0,0,0,0,0,0,0,0,0,0,0,0,0,0,0,0,6,1,55,40,48,P-190
11/9/23,08:53:34,Restauración,0,0,0,0,0,0,0,0,0,0,0,0,0,0,0,0,0,0,0,0,0,0,0,0,1,0,6,3,3,P-191
11/9/23,08:53:47,Restauración,0,0,0,0,0,0,0,0,0,0,0,0,0,0,0,0,0,0,0,0,0,0,0,0,1,0,9,7,7,P-192
11/9/23,08:54:00,Restauración,0,0,0,0,0,0,0,0,0,0,0,0,0,0,0,0,0,0,0,0,0,0,0,0,1,1,15,11,12,P-193
11/9/23,08:54:06,Restauración,0,0,0,0,0,0,0,0,0,0,0,0,0,0,0,0,0,0,0,0,0,0,0,0,1,0,6,6,6,P-194
11/9/23,08:54:14,Restauración,0,0,0,0,0,0,0,0,0,0,0,0,0,0,0,0,0,0,0,0,0,0,0,0,1,0,14,6,10,P-195
11/9/23,08:54:32,Restauración,0,0,0,0,0,0,0,0,0,0,0,0,0,0,0,0,0,0,0,0,0,0,0,0,1,0,16,12,9,P-196
11/9/23,08:54:41,Restauración,0,0,0,0,0,0,0,0,0,0,0,0,0,0,0,0,0,0,0,0,0,0,0,0,3,0,20,12,17,P-197
11/9/23,08:54:55,Restauración,0,0,0,0,0,0,0,0,0,0,0,0,0,0,0,0,0,0,0,0,0,0,0,0,1,0,11,10,11,P-198
11/9/23,08:55:35,Restauración,0,0,0,0,0,0,0,0,0,0,0,0,0,0,0,0,0,0,0,0,0,0,0,0,1,0,8,8,9,P-199
11/9/23,08:55:48,Restauración,0,0,0,0,0,0,0,0,0,0,0,0,0,0,0,0,0,0,0,0,0,0,0,0,1,0,3,3,4,P-200
11/9/23,08:56:10,Restauración,0,0,0,0,0,0,0,0,0,0,0,0,0,0,0,0,0,0,0,0,0,0,0,0,2,0,15,11,15,P-201
11/9/23,08:56:15,Restauración,0,0,0,0,0,0,0,0,0,0,0,0,0,0,0,0,0,0,0,0,0,0,0,0,1,0,14,8,11,P-202
11/9/23,08:56:25,Restauración,0,0,0,0,0,0,0,0,0,0,0,0,0,0,0,0,0,0,0,0,0,0,0,0,2,0,8,6,10,P-203
11/9/23,08:56:34,Restauración,0,0,0,0,0,0,0,0,0,0,0,0,0,0,0,0,0,0,0,0,0,0,0,0,2,0,18,14,20,P-204
11/9/23,08:57:01,Restauración,0,0,0,0,0,0,0,0,0,0,0,0,0,0,0,0,0,0,0,0,0,0,0,0,1,0,5,5,7,P-205
11/9/23,08:57:27,Restauración,0,0,0,0,0,0,0,0,0,0,0,0,0,0,0,0,0,0,0,0,0,0,0,0,1,0,10,7,7,P-206
11/9/23,08:57:39,Restauración,0,0,0,0,0,0,0,0,0,0,0,0,0,0,0,0,0,0,0,0,0,0,0,0,1,0,8,6,8,P-207
11/9/23,08:57:57,Restauración,0,0,0,0,0,0,0,0,0,0,0,0,0,0,0,0,0,0,0,0,0,0,0,0,1,0,4,3,3,P-208
11/9/23,08:58:03,Restauración,0,0,0,0,0,0,0,0,0,0,0,0,0,0,0,0,0,0,0,0,0,0,0,0,1,0,8,5,6,P-209
11/9/23,08:58:10,Restauración,0,0,0,0,0,0,0,0,0,0,0,0,0,0,0,0,0,0,0,0,0,0,0,0,0,1,10,7,12,P-210
11/9/23,08:58:38,Restauración,0,0,0,0,0,0,0,0,0,0,0,0,0,0,0,0,0,0,0,0,0,0,0,0,3,1,39,34,64,P-211
11/9/23,08:58:48,Restauración,0,0,0,0,0,0,0,0,0,0,0,0,0,0,0,0,0,0,0,0,0,0,0,0,1,0,15,10,12,P-212
11/9/23,08:59:12,Restauración,0,0,0,0,0,0,0,0,0,0,0,0,0,0,0,0,0,0,0,0,0,0,0,0,3,1,49,27,36,P-213
11/9/23,08:59:23,Restauración,0,0,0,0,0,0,0,0,0,0,0,0,0,0,0,0,0,0,0,0,0,0,0,0,2,0,9,8,9,P-214
11/9/23,09:00:22,Restauración,0,0,0,0,0,0,0,0,0,0,0,0,0,0,0,0,0,0,0,0,0,0,0,0,5,2,68,25,40,P-215
11/9/23,09:00:38,Restauración,0,0,0,0,0,0,0,0,0,0,0,0,0,0,0,0,0,0,0,0,0,0,0,0,1,0,5,7,5,P-216
11/9/23,09:00:58,Restauración,0,0,0,0,0,0,0,0,0,0,0,0,0,0,0,0,0,0,0,0,0,0,0,0,1,0,23,20,20,P-217
11/9/23,09:01:21,Restauración,0,0,0,1,0,0,0,0,0,0,0,0,0,0,0,0,0,0,0,0,0,0,0,0,6,0,68,43,29,P-218
11/9/23,09:01:32,Restauración,0,0,0,0,0,0,0,0,0,0,0,0,0,0,0,0,0,0,0,0,0,0,0,0,3,0,26,14,14,P-219
11/9/23,09:01:38,Restauración,0,0,0,0,0,0,0,0,0,0,0,0,0,0,0,0,0,0,0,0,0,0,0,0,1,0,3,3,4,P-220
11/9/23,09:03:04,Restauración,0,0,0,0,0,0,0,0,1,2,0,0,0,0,0,0,0,0,0,0,0,0,0,0,16,1,208,187,121,P-221
11/9/23,09:03:50,Restauración,0,0,0,0,0,0,0,0,0,2,0,0,0,0,0,0,0,0,0,1,0,0,0,0,3,0,118,104,78,P-222
11/9/23,09:04:25,Restauración,0,0,0,0,0,0,0,0,0,0,0,0,0,0,0,0,0,0,0,0,0,0,0,0,1,0,40,20,22,P-223
11/9/23,09:04:41,Restauración,0,0,0,0,0,0,0,0,0,0,0,0,0,0,0,0,0,0,0,0,0,0,0,0,2,0,54,42,28,P-224
11/9/23,09:04:59,Restauración,0,0,0,0,0,0,0,0,0,0,0,0,0,0,0,0,0,0,0,0,0,0,0,0,1,0,8,8,9,P-225
11/9/23,09:05:13,Restauración,0,0,0,0,0,0,0,0,0,0,0,0,0,0,0,0,0,0,0,0,0,0,0,0,1,0,7,5,7,P-226
11/9/23,09:05:21,Restauración,0,0,0,0,0,0,0,0,0,0,0,0,0,0,0,0,0,0,0,0,0,0,0,0,1,0,28,20,17,P-227
11/9/23,09:05:37,Restauración,0,0,0,0,0,0,0,0,0,0,0,0,0,0,0,0,0,0,0,1,0,0,0,0,1,1,28,26,19,P-228
11/9/23,09:06:15,Restauración,0,0,0,0,0,0,0,0,2,1,0,0,0,0,0,0,0,0,0,0,0,0,0,0,6,2,116,70,27,P-229
11/9/23,09:06:45,Restauración,0,0,0,0,0,0,0,0,0,0,0,0,0,0,0,0,0,0,0,0,0,0,0,0,1,0,30,21,14,P-230
11/9/23,09:07:13,Restauración,0,0,0,0,0,0,0,0,0,0,0,0,0,0,0,0,0,0,0,0,0,0,0,0,1,0,6,7,6,P-231
11/9/23,09:07:27,Restauración,0,0,0,0,0,0,0,0,0,0,0,0,0,0,0,0,0,0,0,0,0,0,0,0,5,0,20,21,16,P-232
11/9/23,09:07:41,Restauración,0,0,0,0,0,0,0,0,0,0,0,0,0,0,0,0,0,0,0,0,0,0,0,0,1,0,16,11,14,P-233
11/9/23,09:08:02,Restauración,0,0,0,0,0,0,0,0,0,0,0,0,0,0,0,0,0,0,0,0,0,0,0,0,7,0,37,32,20,P-234
11/9/23,09:08:13,Restauración,0,0,0,0,0,0,0,0,0,0,0,0,0,0,0,0,0,0,0,0,0,0,0,0,2,0,7,7,12,P-235
11/9/23,09:08:21,Restauración,0,0,0,0,0,0,0,0,1,0,0,0,0,0,0,0,0,0,0,0,0,0,0,0,0,0,14,10,15,P-236
11/9/23,09:08:29,Restauración,0,0,0,0,0,0,0,0,0,0,0,0,0,0,0,0,0,0,0,0,0,0,0,0,1,0,11,10,14,P-237
11/9/23,09:08:37,Restauración,0,0,0,0,0,0,0,0,0,0,0,0,0,0,0,0,0,0,0,0,0,0,0,0,1,0,27,17,17,P-238
11/9/23,09:08:46,Restauración,0,0,0,0,0,0,0,0,0,0,0,0,0,0,0,0,0,0,0,0,0,0,0,0,1,0,20,16,18,P-239
11/9/23,09:08:53,Restauración,0,0,0,0,0,0,0,0,0,0,0,0,0,0,0,0,0,0,0,0,0,0,0,0,1,0,9,8,12,P-240
11/9/23,09:09:06,Restauración,0,0,0,0,0,0,0,0,0,0,0,0,0,0,0,0,0,0,0,0,0,0,0,0,1,0,20,17,12,P-241
11/9/23,09:09:10,Restauración,0,0,0,0,0,0,0,0,0,0,0,0,0,0,0,0,0,0,0,0,0,0,0,0,1,0,2,2,3,P-242
11/9/23,09:09:26,Restauración,0,0,0,0,0,0,0,0,0,0,0,0,0,0,0,0,0,0,0,0,0,0,0,0,2,0,36,28,23,P-243
11/9/23,09:10:12,Restauración,0,0,0,0,0,0,0,0,0,0,0,0,0,0,0,0,0,0,0,0,0,0,0,0,14,1,40,18,21,P-244
11/9/23,09:10:55,Restauración,0,0,0,0,0,0,0,0,0,0,0,0,0,0,0,0,0,0,0,0,0,0,0,0,2,0,12,8,10,P-245
11/9/23,09:11:27,Restauración,0,0,0,0,0,0,0,0,0,0,0,0,0,0,0,0,0,0,0,1,0,0,0,0,8,0,76,37,23,P-246
11/9/23,09:11:53,Restauración,0,0,0,0,0,0,0,0,0,0,0,0,0,0,0,0,0,0,0,0,0,0,0,0,1,0,15,17,14,P-247
11/9/23,09:12:20,Restauración,0,0,0,0,0,0,0,0,0,0,0,0,0,0,0,0,0,0,0,0,0,0,0,0,1,0,14,14,9,P-248
11/9/23,09:12:36,Restauración,0,0,0,0,0,0,0,0,0,0,0,0,0,0,0,0,0,0,0,0,0,0,0,0,1,0,18,14,15,P-249
11/9/23,09:12:42,Restauración,0,0,0,0,0,0,0,0,0,0,0,0,0,0,0,0,0,0,0,0,0,0,0,0,2,0,22,20,18,P-250
11/9/23,09:12:55,Restauración,0,0,0,0,0,0,0,0,0,0,0,0,0,0,0,0,0,0,0,0,0,0,0,0,2,0,30,20,14,P-251
11/9/23,09:13:01,Restauración,0,0,0,0,0,0,0,0,0,0,0,0,0,0,0,0,0,0,0,0,0,0,0,0,1,0,10,10,10,P-252
11/9/23,09:13:30,Restauración,0,0,0,0,0,0,0,0,0,0,0,0,0,0,0,0,0,0,0,0,0,0,0,0,3,1,64,64,29,P-253
11/9/23,09:13:38,Restauración,0,0,0,0,0,0,0,0,0,0,0,0,0,0,0,0,0,0,0,0,0,0,0,0,1,0,7,5,8,P-254
11/9/23,09:13:47,Restauración,0,0,0,0,0,0,0,0,0,0,0,0,0,0,0,0,0,0,0,0,0,0,0,0,1,1,24,15,14,P-255
11/9/23,09:14:00,Restauración,0,0,0,0,0,0,0,0,0,0,0,0,0,0,0,0,0,0,0,0,0,0,0,0,1,0,30,27,12,P-256
11/9/23,09:14:10,Restauración,0,0,0,0,0,0,0,0,0,0,0,0,0,0,0,0,0,0,0,0,0,0,0,0,2,0,16,19,18,P-257
11/9/23,09:14:16,Restauración,0,0,0,0,0,0,0,0,0,0,0,0,0,0,0,0,0,0,0,0,0,0,0,0,2,0,15,9,14,P-258
11/9/23,09:14:40,Restauración,0,0,0,0,0,0,0,0,0,0,0,0,0,0,0,0,0,0,0,0,0,0,0,0,1,0,6,7,7,P-259
11/9/23,09:17:00,Restauración,0,0,0,0,0,0,0,0,0,3,0,0,0,1,0,0,0,0,0,1,0,0,0,0,9,2,190,183,104,P-260
11/9/23,09:17:14,Restauración,0,0,0,0,0,0,0,0,0,0,0,0,0,0,0,0,0,0,0,0,0,0,0,0,3,0,10,7,11,P-261
11/9/23,09:17:19,Restauración,0,0,0,0,0,0,0,0,0,0,0,0,0,0,0,0,0,0,0,0,0,0,0,0,1,0,7,6,8,P-262
11/9/23,09:17:24,Restauración,0,0,0,0,0,0,0,0,0,0,0,0,0,0,0,0,0,0,0,0,0,0,0,0,1,0,16,15,14,P-263
11/9/23,09:17:35,Restauración,0,0,0,0,0,0,0,0,0,0,0,0,0,0,0,0,0,0,0,0,0,0,0,0,1,0,12,9,10,P-264
11/9/23,09:17:40,Restauración,0,0,0,0,0,0,0,0,0,0,0,0,0,0,0,0,0,0,0,0,0,0,0,0,1,0,18,11,11,P-265
11/9/23,09:17:51,Restauración,0,0,0,0,0,0,0,0,0,0,0,0,0,0,0,0,0,0,0,0,0,0,0,0,1,0,15,10,12,P-266
11/9/23,09:18:00,Restauración,0,0,0,0,0,0,0,0,0,0,0,0,0,0,0,0,0,0,0,0,0,0,0,0,1,0,23,19,15,P-267
11/9/23,09:18:10,Restauración,0,0,0,0,0,0,0,0,0,0,0,0,0,0,0,0,0,0,0,0,0,0,0,0,1,0,14,14,15,P-268
11/9/23,09:18:18,Restauración,0,0,0,0,0,0,0,0,0,0,0,0,0,0,0,0,0,0,0,0,0,0,0,0,2,0,14,9,9,P-269
11/9/23,09:18:29,Restauración,0,0,0,0,0,0,0,0,0,0,0,0,0,0,0,0,0,0,0,0,0,0,0,0,1,0,2,2,3,P-270
11/9/23,09:19:18,Restauración,0,0,0,0,0,0,0,0,0,0,1,0,0,0,0,0,0,0,0,0,0,0,0,0,8,1,80,60,33,P-271
11/9/23,09:19:55,Restauración,0,0,0,0,0,0,0,0,0,4,0,0,0,0,0,0,0,0,0,0,0,0,0,0,1,1,81,52,37,P-272
11/9/23,09:20:11,Restauración,0,0,0,0,0,0,0,0,0,0,0,0,0,0,0,0,0,0,0,0,0,0,0,0,1,0,10,6,10,P-273
11/9/23,09:20:16,Restauración,0,0,0,0,0,0,0,0,0,0,0,0,0,0,0,0,0,0,0,0,0,0,0,0,1,0,21,18,15,P-274
11/9/23,09:20:22,Restauración,0,0,0,0,0,0,0,0,0,0,0,0,0,0,0,0,0,0,0,0,0,0,0,0,1,0,2,2,3,P-275
11/9/23,09:20:27,Restauración,0,0,0,0,0,0,0,0,0,0,0,0,0,0,0,0,0,0,0,0,0,0,0,0,1,0,11,8,14,P-276
11/9/23,09:20:46,Restauración,0,0,0,0,0,0,0,0,0,0,0,0,0,0,0,0,0,0,0,1,0,0,0,0,1,0,16,11,17,P-277
11/9/23,09:20:57,Restauración,0,0,0,0,0,0,0,0,0,0,0,0,0,0,0,0,0,0,0,0,0,0,0,0,1,0,24,16,16,P-278
11/9/23,09:21:16,Restauración,0,0,0,0,0,0,0,0,0,0,0,0,0,0,0,0,0,0,0,0,0,0,0,0,1,0,4,4,5,P-279
11/9/23,09:21:37,Restauración,0,0,0,0,0,0,0,0,0,0,0,0,0,0,0,0,0,0,0,0,0,0,0,0,2,1,28,24,23,P-280
11/9/23,09:21:51,Restauración,0,0,0,0,0,0,0,0,0,1,0,0,0,0,0,0,0,0,0,0,0,0,0,0,0,0,9,9,24,P-281
11/9/23,09:22:01,Restauración,0,0,0,0,0,0,0,0,0,1,0,0,0,0,0,0,0,0,0,0,0,0,0,0,1,0,15,11,16,P-282
11/9/23,09:22:15,Restauración,0,0,0,0,0,0,0,0,0,0,0,0,0,0,0,0,0,0,0,0,0,0,0,0,1,0,10,8,11,P-283
11/9/23,09:22:36,Restauración,0,0,0,0,0,0,0,0,0,1,0,0,0,0,0,0,0,0,0,0,0,0,0,0,0,0,3,3,5,P-284
11/9/23,09:22:53,Restauración,0,0,0,0,0,0,0,0,6,2,0,0,0,0,0,0,0,0,0,0,0,0,0,0,0,0,25,19,20,P-285
11/9/23,09:23:06,Restauración,0,0,0,0,0,0,0,0,0,1,0,0,0,0,0,0,0,0,0,0,0,0,0,0,0,0,11,8,11,P-286
11/9/23,09:23:14,Restauración,0,0,0,0,0,0,0,0,0,1,0,0,0,0,0,0,0,0,0,0,0,0,0,0,0,0,7,5,11,P-287
11/9/23,09:23:33,Restauración,0,0,0,0,0,0,0,0,1,3,0,0,0,0,0,0,0,0,0,0,0,0,0,0,1,0,24,17,14,P-288
11/9/23,09:24:16,Restauración,0,0,0,0,0,0,0,0,0,1,0,0,0,0,0,0,0,0,0,0,0,0,0,0,0,0,9,6,9,P-289
11/9/23,09:24:40,Restauración,0,0,0,0,0,0,0,0,0,2,0,0,0,0,0,0,0,0,0,0,0,0,0,0,1,1,33,37,22,P-290
11/9/23,09:25:26,Restauración,0,0,0,0,0,0,0,0,0,4,0,0,0,0,0,0,0,0,0,0,0,0,0,0,2,2,100,39,69,P-291
11/9/23,09:26:25,Restauración,0,0,0,0,0,0,0,0,1,4,0,0,0,0,0,0,0,0,0,2,0,0,0,0,2,0,73,54,62,P-292
11/9/23,09:26:46,Restauración,0,0,0,0,0,0,0,0,0,1,0,0,0,0,0,0,0,0,0,0,0,0,0,0,0,0,5,6,7,P-293
11/9/23,09:26:55,Restauración,0,0,0,0,0,0,0,0,0,1,0,0,0,0,0,0,0,0,0,0,0,0,0,0,1,0,24,15,14,P-294
11/9/23,09:27:05,Restauración,0,0,0,0,0,0,0,0,0,0,0,0,0,0,0,0,0,0,0,0,0,0,0,0,1,0,12,10,9,P-295
11/9/23,09:27:21,Restauración,0,0,0,0,0,0,0,0,0,1,0,0,0,0,0,0,0,0,0,0,0,0,0,0,4,0,31,12,15,P-296
11/9/23,09:28:09,Restauración,0,0,0,0,0,0,0,0,1,1,0,0,0,0,0,0,0,0,0,0,0,0,0,0,3,1,86,69,33,P-297
11/9/23,09:28:29,Restauración,0,0,0,0,0,0,0,0,0,0,0,0,0,0,0,0,0,0,0,0,0,0,0,0,1,0,10,7,7,P-298
11/9/23,09:28:47,Restauración,0,0,0,0,0,0,0,0,0,0,0,0,0,0,0,0,0,0,0,0,0,0,0,0,4,1,40,25,22,P-299
11/9/23,09:28:55,Restauración,0,0,0,0,0,0,0,0,0,1,0,0,0,0,0,0,0,0,0,0,0,0,0,0,0,0,7,6,9,P-300
11/9/23,09:29:01,Restauración,0,0,0,0,0,0,0,0,0,0,0,0,0,0,0,0,0,0,0,0,0,0,0,0,2,0,17,12,14,P-301
11/9/23,09:29:19,Restauración,0,0,0,0,0,0,0,0,0,1,0,0,0,0,0,0,0,0,0,0,0,0,0,0,2,0,39,34,32,P-302
11/9/23,09:29:30,Restauración,0,0,0,0,0,0,0,0,0,0,0,0,0,0,0,0,0,0,0,0,0,0,0,0,2,0,26,26,17,P-303
11/9/23,09:29:43,Restauración,0,0,0,0,0,0,0,0,0,0,0,0,0,0,0,0,0,0,0,0,0,0,0,0,1,0,10,12,11,P-304
11/9/23,09:29:50,Restauración,0,0,0,0,0,0,0,0,0,0,0,0,0,0,0,0,0,0,0,0,0,0,0,0,1,0,15,14,14,P-305
11/9/23,09:29:58,Restauración,0,0,0,0,0,0,0,0,0,0,0,0,0,0,0,0,0,0,0,0,0,0,0,0,1,0,34,29,24,P-306
11/9/23,09:30:06,Restauración,0,0,0,0,0,0,0,0,0,1,0,0,0,0,0,0,0,0,0,0,0,0,0,0,0,0,18,9,22,P-307
11/9/23,09:30:14,Restauración,0,0,0,0,0,0,0,0,0,0,0,0,0,0,0,0,0,0,0,0,0,0,0,0,1,0,22,20,16,P-308
11/9/23,09:30:22,Restauración,0,0,0,0,0,0,0,0,0,0,0,0,0,0,0,0,0,0,0,0,0,0,0,0,2,0,12,10,11,P-309
11/9/23,09:30:29,Restauración,0,0,0,0,0,0,0,0,0,0,0,0,0,0,0,0,0,0,0,0,0,0,0,0,1,0,8,6,10,P-310
11/9/23,09:30:45,Restauración,0,0,0,0,0,0,0,0,0,2,0,0,0,0,0,0,0,0,0,0,0,0,0,0,2,0,32,23,19,P-311
11/9/23,09:31:10,Restauración,0,0,0,0,0,0,0,0,0,3,0,0,0,0,0,0,0,0,0,0,0,0,0,0,1,2,50,30,21,P-312
11/9/23,09:31:34,Restauración,0,0,0,0,0,0,0,0,0,4,0,0,0,0,0,0,0,0,0,0,0,0,0,0,0,0,48,32,48,P-313
11/9/23,09:31:50,Restauración,0,0,0,0,0,0,0,0,0,1,0,0,0,0,0,0,0,0,0,0,0,0,0,0,1,0,29,26,18,P-314
11/9/23,09:32:06,Restauración,0,0,0,0,0,0,0,0,0,0,0,0,0,0,0,0,0,0,0,0,0,0,0,0,2,0,18,19,18,P-315
11/9/23,09:32:31,Restauración,0,0,0,0,0,0,0,0,0,0,0,0,0,0,0,0,0,0,0,1,0,0,0,0,0,1,91,64,87,P-316
11/9/23,09:32:41,Restauración,0,0,0,0,0,0,0,0,0,0,0,0,0,0,0,0,0,0,0,0,0,0,0,0,2,0,10,6,5,P-317
11/9/23,09:32:52,Restauración,0,0,0,0,0,0,0,0,0,0,0,0,0,0,0,0,0,0,0,0,0,0,0,0,1,0,35,27,20,P-318
11/9/23,09:33:11,Restauración,0,0,0,0,0,0,0,0,0,0,0,0,0,0,0,0,0,0,0,0,0,0,0,0,1,0,6,5,6,P-319
11/9/23,09:34:05,Restauración,0,0,0,0,0,0,0,0,0,0,0,0,0,0,0,0,0,0,0,0,0,0,0,0,1,1,40,40,18,P-320
11/9/23,09:35:23,Restauración,0,0,0,1,0,0,0,0,0,0,0,0,0,0,0,0,0,0,0,0,0,0,0,0,1,1,26,15,23,P-321
11/9/23,09:35:31,Restauración,0,0,0,0,0,0,0,0,0,0,0,0,0,0,0,0,0,0,0,0,0,0,0,0,1,0,6,3,6,P-322
11/9/23,09:35:45,Restauración,0,0,0,0,0,0,0,0,0,0,0,0,0,0,0,0,0,0,0,0,0,0,0,0,0,1,16,9,16,P-323
11/9/23,09:36:03,Restauración,0,0,0,0,0,0,0,0,0,0,0,0,0,0,0,0,0,0,0,0,0,0,0,0,1,0,29,25,23,P-324
11/9/23,09:36:16,Restauración,0,0,0,0,0,0,0,0,0,0,0,0,0,0,0,0,0,0,0,0,0,0,0,0,1,0,25,19,21,P-325
11/9/23,09:36:25,Restauración,0,0,0,0,0,0,0,0,0,0,0,0,0,0,0,0,0,0,0,0,0,0,0,0,1,0,12,10,12,P-326
11/9/23,09:36:41,Restauración,0,0,0,0,0,0,0,0,0,0,0,0,0,0,0,0,0,0,0,0,0,0,0,0,1,0,8,7,11,P-327
11/9/23,09:36:48,Restauración,0,0,0,0,0,0,0,0,0,0,0,0,0,0,0,0,0,0,0,0,0,0,0,0,1,0,4,2,4,P-328
11/9/23,09:36:56,Restauración,0,0,0,0,0,0,0,0,0,0,0,0,0,0,0,0,0,0,0,0,0,0,0,0,2,0,20,11,10,P-329
11/9/23,09:37:26,Restauración,0,0,0,0,0,0,0,0,0,0,0,0,0,0,0,0,0,0,0,0,0,0,0,0,3,2,75,38,28,P-330
11/9/23,09:38:02,Restauración,0,0,0,0,0,0,0,0,0,0,0,0,0,1,0,0,0,0,0,0,0,0,0,0,1,0,71,67,46,P-331
11/9/23,09:38:39,Restauración,0,0,0,0,0,0,0,0,0,0,0,0,0,0,0,0,0,0,0,0,0,0,0,0,4,2,49,49,21,P-332
11/9/23,09:38:50,Restauración,0,0,0,0,0,0,0,0,0,0,0,0,0,0,0,0,0,0,0,0,0,0,0,0,2,0,36,35,18,P-333
11/9/23,09:39:01,Restauración,0,0,0,0,0,0,0,0,0,0,0,0,0,0,0,0,0,0,0,0,0,0,0,0,2,0,20,18,18,P-334
11/9/23,09:39:12,Restauración,0,0,0,0,0,0,0,0,0,0,0,0,0,0,0,0,0,0,0,0,0,0,0,0,1,0,14,8,12,P-335
11/9/23,09:39:43,Restauración,0,0,0,0,0,0,0,0,0,0,0,0,0,0,0,0,0,0,0,0,0,0,0,0,1,0,6,6,7,P-336
11/9/23,09:39:51,Restauración,0,0,0,0,0,0,0,0,0,0,0,0,0,0,0,0,0,0,0,0,0,0,0,0,1,0,14,10,12,P-337
11/9/23,09:39:57,Restauración,0,0,0,0,0,0,0,0,0,0,0,0,0,0,0,0,0,0,0,0,0,0,0,0,1,0,32,23,20,P-338
11/9/23,09:40:05,Restauración,0,0,0,0,0,0,0,0,0,0,0,0,0,0,0,0,0,0,0,0,0,0,0,0,2,0,12,9,11,P-339
11/9/23,09:40:11,Restauración,0,0,0,0,0,0,0,0,0,0,0,0,0,0,0,0,0,0,0,0,0,0,0,0,1,0,4,5,7,P-340
11/9/23,09:40:27,Restauración,0,0,0,0,0,0,0,0,0,0,0,0,0,0,0,0,0,0,0,0,1,0,0,0,2,1,30,28,18,P-341
11/9/23,09:40:40,Restauración,0,0,0,0,0,0,0,0,0,1,0,0,0,0,0,0,0,0,0,0,0,0,0,0,0,0,3,3,10,P-342
11/9/23,09:40:48,Restauración,0,0,0,0,0,0,0,0,0,0,0,0,0,0,0,0,0,0,0,0,0,0,0,0,2,0,21,12,14,P-343
11/9/23,09:42:41,Restauración,0,0,0,0,0,0,0,0,0,0,0,0,0,0,0,0,0,0,0,0,0,0,0,0,4,2,30,14,14,P-344
11/9/23,09:43:19,Restauración,0,0,0,0,0,0,0,0,0,2,0,0,0,0,0,0,0,0,0,0,0,0,0,0,3,1,36,32,22,P-345
11/9/23,09:43:26,Restauración,0,0,0,0,0,0,0,0,0,0,0,0,0,0,0,0,0,0,0,0,0,0,0,0,5,0,42,29,27,P-346
11/9/23,09:43:57,Restauración,0,0,0,0,0,0,0,0,0,0,0,0,0,0,0,0,0,0,0,0,0,0,0,0,1,0,10,10,11,P-347
11/9/23,09:44:04,Restauración,0,0,0,0,0,0,0,0,0,1,0,0,0,0,0,0,0,0,0,0,0,0,0,0,0,0,9,5,15,P-348
11/9/23,09:44:13,Restauración,0,0,0,0,0,0,0,0,0,1,0,0,0,0,0,0,0,0,0,0,0,0,0,0,0,0,3,3,3,P-349
11/9/23,09:44:23,Restauración,0,0,0,0,0,0,0,0,0,0,0,0,0,0,0,0,0,0,0,0,0,0,0,0,1,1,14,9,11,P-350
11/9/23,09:44:34,Restauración,0,0,0,0,0,0,0,0,0,0,0,0,0,0,0,0,0,0,0,0,0,0,0,0,1,0,6,4,5,P-351
11/9/23,09:44:45,Restauración,0,0,0,0,0,0,0,0,0,1,0,0,0,0,0,0,0,0,0,0,0,0,0,0,1,0,14,11,11,P-352
11/9/23,09:46:13,Restauración,0,0,0,0,0,0,0,0,0,0,0,0,0,0,0,0,0,0,0,0,0,0,0,0,16,2,219,138,89,P-353
11/9/23,09:47:12,Restauración,0,0,0,0,0,0,0,0,0,0,0,0,0,0,0,0,0,0,0,0,0,0,0,0,1,0,7,8,7,P-354
11/9/23,09:47:18,Restauración,0,0,0,0,0,0,0,0,0,0,0,0,0,0,0,0,0,0,0,0,0,0,0,0,2,0,14,10,9,P-355
11/9/23,09:47:34,Restauración,0,0,0,0,0,0,0,0,0,0,0,0,0,0,0,0,0,0,0,0,0,0,0,0,1,0,57,50,21,P-356
11/9/23,09:47:50,Restauración,0,0,0,0,0,0,0,0,0,3,0,0,0,0,0,0,0,0,0,0,0,0,0,0,1,0,40,27,25,P-357
11/9/23,09:48:09,Restauración,0,0,0,0,0,0,0,0,0,1,0,0,0,0,0,0,0,0,0,0,0,0,0,0,0,0,10,7,19,P-358
11/9/23,09:48:14,Restauración,0,0,0,0,0,0,0,0,0,1,0,0,0,0,0,0,0,0,0,0,0,0,0,0,0,0,14,14,14,P-359
11/9/23,09:48:41,Restauración,0,0,0,0,0,0,0,0,0,0,0,0,0,0,0,0,0,0,0,0,0,0,0,0,1,0,72,60,25,P-360
11/9/23,09:49:11,Restauración,0,0,0,0,0,0,0,0,0,1,0,0,0,0,0,4,0,0,0,0,0,0,0,0,1,0,47,40,20,P-361
11/9/23,09:49:25,Restauración,0,0,0,0,0,0,0,0,0,0,0,0,0,0,0,0,0,0,0,0,0,0,0,0,1,0,34,26,17,P-362
11/9/23,09:49:54,Restauración,0,0,0,0,0,0,0,0,0,0,0,0,0,0,0,0,0,0,0,0,0,0,0,0,0,1,45,24,31,P-363
11/9/23,09:50:13,Restauración,0,0,0,0,0,0,0,0,0,0,0,0,0,0,0,0,0,0,0,0,0,0,0,0,2,0,40,30,20,P-364
11/9/23,09:50:26,Restauración,0,0,0,0,0,0,0,0,0,0,0,0,0,0,0,0,0,0,0,0,0,0,0,0,1,0,54,48,24,P-365
11/9/23,09:50:32,Restauración,0,0,0,0,0,0,0,0,0,0,0,0,0,0,0,0,0,0,0,0,0,0,0,0,1,0,37,28,22,P-366
11/9/23,09:50:40,Restauración,0,0,0,0,0,0,0,0,1,0,0,0,0,0,0,0,0,0,0,0,0,0,0,0,0,0,8,8,14,P-367
11/9/23,09:50:53,Restauración,0,0,0,0,0,0,0,0,0,0,0,0,0,0,0,0,0,0,0,0,0,0,0,0,1,0,31,19,18,P-368
11/9/23,09:51:30,Restauración,0,0,0,0,0,0,0,0,0,0,0,0,0,0,0,0,0,0,0,1,0,0,0,0,3,1,67,52,64,P-369
11/9/23,09:52:16,Restauración,0,0,0,0,0,0,0,0,0,2,0,0,0,0,0,0,0,0,0,1,0,0,0,0,1,2,70,45,38,P-370
11/9/23,09:52:41,Restauración,0,0,0,0,0,0,0,0,2,0,0,0,0,0,0,0,0,0,0,1,0,0,0,0,0,0,48,40,37,P-371
11/9/23,09:53:00,Restauración,0,0,0,0,0,0,0,0,0,0,0,0,0,0,0,0,0,0,0,0,0,0,0,0,0,1,12,8,12,P-372
11/9/23,09:53:08,Restauración,0,0,0,0,0,0,0,0,0,1,0,0,0,0,0,0,0,0,0,0,0,0,0,0,0,0,9,9,27,P-373
11/9/23,09:53:35,Restauración,0,0,0,0,0,0,0,0,1,0,0,0,0,0,0,0,0,0,0,0,0,0,0,0,3,0,66,70,31,P-374
11/9/23,09:54:23,Restauración,0,0,0,0,0,0,0,0,0,3,0,0,0,0,0,0,0,0,0,0,0,0,0,0,2,1,80,74,48,P-375
11/9/23,09:54:47,Restauración,0,0,0,0,0,0,0,0,0,5,0,0,0,0,0,0,0,0,0,0,0,0,0,0,1,0,40,34,23,P-376
11/9/23,09:54:55,Restauración,0,0,0,0,0,0,0,0,0,1,0,0,0,0,0,0,0,0,0,0,0,0,0,0,0,0,6,6,7,P-377
11/9/23,09:55:22,Restauración,0,0,0,0,0,0,0,0,0,1,0,0,0,0,0,0,0,0,0,1,0,0,0,0,0,2,102,81,75,P-378
11/9/23,09:55:30,Restauración,0,0,0,0,0,0,0,0,0,0,0,0,0,0,0,0,0,0,0,0,0,0,0,0,2,0,22,21,18,P-379
11/9/23,09:56:19,Restauración,0,0,0,0,0,0,0,0,0,0,0,0,0,0,0,0,0,0,0,0,0,0,0,0,2,1,29,29,22,P-380
11/9/23,09:56:26,Restauración,0,0,0,0,0,0,0,0,0,0,0,0,0,0,0,0,0,0,0,0,0,0,0,0,1,0,32,22,16,P-381
11/9/23,09:56:45,Restauración,0,0,0,0,0,0,0,0,0,1,0,0,0,0,0,0,0,0,0,0,0,0,0,0,1,0,59,36,47,P-382
11/9/23,09:57:01,Restauración,0,0,0,0,0,0,0,0,0,1,0,0,0,0,0,0,0,0,0,0,0,0,0,0,1,0,25,25,15,P-383
11/9/23,09:57:28,Restauración,0,0,0,0,0,0,0,0,0,0,0,0,0,0,0,0,0,0,0,0,0,0,0,0,1,0,18,10,11,P-384
11/9/23,09:58:03,Restauración,0,0,0,0,0,0,0,0,1,3,0,0,0,0,0,0,0,0,0,1,0,0,0,0,3,0,80,72,58,P-385
11/9/23,09:58:12,Restauración,0,0,0,0,0,0,0,0,0,0,0,0,0,0,0,0,0,0,0,0,0,0,0,0,1,0,34,23,16,P-386
11/9/23,09:58:22,Restauración,0,0,0,0,0,0,0,0,0,0,0,0,0,0,0,0,0,0,0,0,0,0,0,0,1,0,52,52,18,P-387
11/9/23,09:58:35,Restauración,0,0,0,0,0,0,0,0,0,1,0,0,0,0,0,0,0,0,0,0,0,0,0,0,0,0,7,5,11,P-388
11/9/23,09:58:44,Restauración,0,0,0,0,0,0,0,0,0,1,0,0,0,0,0,0,0,0,0,0,0,0,0,0,1,0,28,26,15,P-389
11/9/23,09:59:11,Restauración,0,0,0,0,0,0,0,0,0,1,1,0,0,0,0,0,0,0,0,1,0,0,0,0,3,0,72,27,44,P-390
11/9/23,09:59:32,Restauración,0,0,0,0,0,0,0,0,0,0,0,0,0,0,0,0,0,0,0,0,0,0,0,0,1,0,16,12,7,P-391
11/9/23,09:59:48,Restauración,0,0,0,0,0,0,0,0,0,1,0,0,0,0,0,0,0,0,0,0,0,0,0,0,0,0,11,7,24,P-392
11/9/23,09:59:57,Restauración,0,0,0,0,0,0,0,0,1,0,0,0,0,0,0,0,0,0,0,0,0,0,0,0,1,0,37,25,14,P-393
11/9/23,10:00:12,Restauración,0,0,0,0,0,0,0,0,0,0,0,0,0,0,0,0,0,0,0,0,0,0,0,0,1,0,14,11,11,P-394
11/9/23,10:00:39,Restauración,0,0,0,0,0,0,0,0,3,0,0,0,0,0,0,0,0,0,0,0,0,0,0,0,0,1,21,12,12,P-395
11/9/23,10:01:03,Restauración,0,0,0,0,0,0,0,0,0,1,0,0,0,0,0,0,0,0,0,1,0,0,0,0,4,0,104,81,52,P-396
11/9/23,10:01:33,Restauración,0,0,0,0,0,0,0,0,0,0,0,0,0,1,0,0,0,0,0,0,0,0,0,0,7,0,79,77,44,P-397
11/9/23,10:01:47,Restauración,0,0,0,0,0,0,0,0,0,0,0,0,0,0,0,0,0,0,0,0,0,0,0,0,2,0,17,7,9,P-398
11/9/23,10:01:52,Restauración,0,0,0,0,0,0,0,0,0,0,0,0,0,0,0,0,0,0,0,0,0,0,0,0,1,0,19,14,12,P-399
11/9/23,10:02:05,Restauración,0,0,0,0,0,0,0,0,0,1,0,0,0,0,0,0,0,0,0,0,0,0,0,0,0,0,25,15,25,P-400
11/9/23,10:02:11,Restauración,0,0,0,0,0,0,0,0,0,0,0,0,0,0,0,0,0,0,0,0,0,0,0,0,1,0,11,11,9,P-401
11/9/23,10:02:17,Restauración,0,0,0,0,0,0,0,0,0,0,0,0,0,0,0,0,0,0,0,0,0,0,0,0,1,0,9,7,7,P-402
11/9/23,10:02:27,Restauración,0,0,0,0,0,0,0,0,1,0,0,0,0,0,0,0,0,0,0,0,0,0,0,0,0,0,37,32,20,P-403
11/9/23,10:02:40,Restauración,0,0,0,0,0,0,0,0,0,0,0,0,0,0,0,0,0,0,0,1,0,0,0,0,0,0,44,40,32,P-404
11/9/23,10:02:57,Restauración,0,0,0,0,0,0,0,0,2,0,0,0,0,0,0,0,0,0,0,0,0,0,0,0,0,0,27,18,14,P-405
11/9/23,10:03:05,Restauración,0,0,0,0,0,0,0,0,1,0,0,0,0,0,0,0,0,0,0,0,0,0,0,0,0,0,15,14,10,P-406
11/9/23,10:03:21,Restauración,0,0,0,0,0,0,0,0,0,0,0,0,0,0,0,0,0,0,0,1,0,0,0,0,2,0,40,28,47,P-407
11/9/23,10:03:32,Restauración,0,0,0,0,0,0,0,0,0,0,0,0,0,0,0,0,0,0,0,0,0,0,0,0,1,0,29,20,11,P-408
11/9/23,10:03:37,Restauración,0,0,0,0,0,0,0,0,0,0,0,0,0,0,0,0,0,0,0,0,0,0,0,0,1,0,9,6,9,P-409
11/9/23,10:03:47,Restauración,0,0,0,0,0,0,0,0,0,1,0,0,0,0,0,0,0,0,0,0,0,0,0,0,1,0,37,24,20,P-410
11/9/23,10:04:14,Restauración,0,0,0,0,0,0,0,0,0,1,1,0,0,0,0,0,0,0,0,0,0,0,0,0,1,0,57,42,33,P-411
11/9/23,10:07:22,Restauración,0,0,0,0,0,0,0,1,0,1,0,0,0,0,0,0,0,0,0,1,0,0,0,0,1,0,64,57,60,P-412
11/9/23,10:08:27,Restauración,0,0,0,0,0,0,0,0,0,0,0,0,0,0,0,0,0,0,0,0,0,0,0,0,1,0,40,38,18,P-413
11/9/23,10:08:46,Restauración,0,0,0,0,0,0,0,0,1,0,0,0,0,0,0,0,0,0,0,1,0,0,0,0,1,0,45,34,37,P-414
11/9/23,10:08:57,Restauración,0,0,0,0,0,0,0,0,0,0,0,0,0,0,0,0,0,0,0,1,0,0,0,0,0,0,34,28,34,P-415
11/9/23,10:09:08,Restauración,0,0,0,0,0,0,0,0,0,1,0,0,0,0,0,0,0,0,0,0,0,0,0,0,1,0,26,18,14,P-416
11/9/23,10:09:18,Restauración,0,0,0,0,0,0,0,0,0,0,0,0,0,0,0,0,0,0,0,0,0,0,0,0,1,0,10,10,8,P-417
11/9/23,10:09:24,Restauración,0,0,0,0,0,0,0,0,0,0,0,0,0,0,0,0,0,0,0,0,0,0,0,0,1,0,4,4,6,P-418
11/9/23,10:09:35,Restauración,0,0,0,0,0,0,0,0,0,0,0,0,0,0,0,0,0,0,0,0,0,0,0,0,1,0,33,28,19,P-419
11/9/23,10:09:43,Restauración,0,0,0,0,0,0,0,0,0,0,0,0,0,0,0,0,0,0,0,0,0,0,0,0,1,0,15,11,10,P-420
11/9/23,10:10:56,Restauración,0,0,0,0,0,0,0,0,0,2,0,0,0,0,0,0,0,0,0,2,0,0,0,0,6,2,227,135,96,P-421
11/9/23,10:11:22,Restauración,0,0,0,0,0,0,0,0,0,0,0,0,0,0,0,0,0,0,0,0,0,0,0,0,3,0,37,25,14,P-422
11/9/23,10:12:00,Restauración,0,0,0,0,0,0,0,0,0,0,0,0,0,0,0,0,0,0,0,2,0,0,0,0,1,3,87,69,42,P-423
11/9/23,10:12:22,Restauración,0,0,0,0,0,0,0,0,0,0,0,0,0,0,0,0,0,0,0,0,0,0,0,0,1,1,61,50,27,P-424
11/9/23,10:12:35,Restauración,0,0,0,0,0,0,0,0,0,0,0,0,0,0,0,0,0,0,0,0,0,0,0,0,1,1,36,27,24,P-425
11/9/23,10:13:12,Restauración,0,0,0,0,0,0,0,0,4,1,0,0,0,0,0,0,0,0,0,1,0,0,0,0,0,2,105,82,88,P-426
11/9/23,10:13:37,Restauración,0,0,0,0,0,0,0,0,2,0,0,0,0,0,0,0,0,0,0,1,0,0,0,0,0,0,102,80,121,P-427
11/9/23,10:14:06,Restauración,0,0,0,0,0,0,0,0,0,6,0,0,0,0,0,0,0,0,0,1,0,0,0,0,0,0,99,60,48,P-428
11/9/23,10:14:17,Restauración,0,0,0,0,0,0,0,0,0,1,0,0,0,0,0,0,0,0,0,0,0,0,0,0,0,0,6,5,12,P-429
11/9/23,10:14:25,Restauración,0,0,0,0,0,0,0,0,0,2,0,0,0,0,0,0,0,0,0,0,0,0,0,0,1,0,20,20,17,P-430
11/9/23,10:14:38,Restauración,0,0,0,0,0,0,0,0,1,0,0,0,0,0,0,0,0,0,0,0,0,0,0,0,1,0,35,30,17,P-431
11/9/23,10:14:58,Restauración,0,0,0,0,0,0,0,0,0,2,0,0,0,0,0,0,0,0,0,1,0,0,0,0,1,0,32,18,16,P-432
11/9/23,10:15:24,Restauración,0,0,0,0,0,0,0,0,0,2,0,0,0,0,0,0,0,0,0,0,0,0,0,0,1,0,27,22,25,P-433
11/9/23,10:15:33,Restauración,0,0,0,0,0,0,0,0,0,1,0,0,0,0,0,0,0,0,0,0,0,0,0,0,0,0,8,6,14,P-434
11/9/23,10:15:45,Restauración,0,0,0,0,0,0,0,0,0,1,0,0,0,0,0,0,0,0,0,0,0,0,0,0,1,0,18,16,11,P-435
11/9/23,10:16:15,Restauración,0,0,0,0,0,0,0,0,1,3,0,0,0,0,0,0,0,0,0,1,0,0,0,0,0,0,57,54,56,P-436
11/9/23,10:17:09,Restauración,0,0,0,0,0,0,0,0,1,6,0,0,0,0,0,0,0,0,0,3,0,0,0,0,1,2,133,91,70,P-437
11/9/23,10:27:30,Restauración,0,0,0,0,0,0,0,0,0,1,1,0,0,0,0,0,0,0,0,1,0,0,0,0,1,0,50,48,54,P-438
11/9/23,10:28:18,Restauración,0,0,0,0,0,0,0,0,0,1,0,0,0,0,0,0,0,0,0,0,0,0,0,0,0,1,17,12,12,P-439
11/9/23,10:28:43,Restauración,0,0,0,0,0,0,0,0,0,0,0,0,0,0,0,0,0,0,0,0,0,0,0,0,1,0,44,21,44,P-440
11/9/23,10:29:13,Restauración,0,0,0,0,0,0,0,0,0,1,0,0,0,0,0,0,0,0,0,0,0,0,0,0,1,0,53,34,22,P-441
11/9/23,10:29:40,Restauración,0,0,0,0,0,0,0,0,0,0,0,0,0,0,0,0,0,0,0,0,0,0,0,0,1,0,34,31,21,P-442
11/9/23,10:30:01,Restauración,0,0,0,0,0,0,0,0,0,0,0,0,0,0,0,0,0,0,0,0,0,0,0,0,1,0,20,21,25,P-443
11/9/23,10:30:42,Restauración,0,0,0,0,0,0,0,0,1,0,0,0,0,0,0,0,0,0,0,0,0,0,0,0,0,0,10,8,9,P-444
11/9/23,10:31:16,Restauración,0,0,0,0,0,0,0,0,0,0,0,0,0,0,0,0,0,0,0,0,0,0,0,0,1,0,12,8,10,P-445
11/9/23,10:31:38,Restauración,0,0,0,0,0,0,0,0,0,1,0,0,0,0,0,0,0,0,0,0,0,0,0,0,1,0,14,8,12,P-446
11/9/23,10:33:33,Restauración,0,0,0,0,0,0,0,0,0,4,0,0,0,0,0,0,0,0,0,2,0,0,0,0,1,3,104,81,94,P-447
11/9/23,10:34:59,Restauración,0,0,0,0,0,0,0,0,0,0,0,0,0,0,0,0,0,0,0,1,0,0,0,0,2,0,54,40,43,P-448
11/9/23,10:35:42,Restauración,0,0,0,0,0,0,0,0,0,2,0,0,0,0,0,0,0,0,0,2,0,0,0,0,1,1,64,44,51,P-449
11/9/23,10:36:06,Restauración,0,0,0,0,0,0,0,0,0,1,0,0,0,0,0,0,0,0,0,1,0,0,0,0,0,0,37,30,28,P-450
11/9/23,10:36:15,Restauración,0,0,0,0,0,0,0,0,0,0,0,0,0,0,0,0,0,0,0,0,0,0,0,0,1,0,25,20,15,P-451
11/9/23,10:36:25,Restauración,0,0,0,0,0,0,0,0,0,1,0,0,0,0,0,0,0,0,0,1,0,0,0,0,0,0,16,14,20,P-452
11/9/23,10:36:47,Restauración,0,0,0,0,0,0,0,0,0,1,0,0,0,0,0,0,0,0,0,1,0,0,0,0,1,2,54,33,47,P-453
11/9/23,10:37:11,Restauración,0,0,0,0,0,0,0,0,0,0,0,0,0,0,0,0,0,0,0,0,0,0,0,0,1,0,15,8,11,P-454
11/9/23,10:37:19,Restauración,0,0,0,0,0,0,0,0,0,0,0,0,0,0,0,0,0,0,0,0,0,0,0,0,1,0,3,1,5,P-455
11/9/23,10:37:25,Restauración,0,0,0,0,0,0,0,0,0,0,0,0,0,0,0,0,0,0,0,0,0,0,0,0,1,0,11,6,9,P-456
11/9/23,10:37:35,Restauración,0,0,0,0,0,0,0,0,0,0,0,0,0,0,0,0,0,0,0,0,0,0,0,0,0,1,17,14,16,P-457
11/9/23,10:37:57,Restauración,0,0,0,0,0,0,0,0,0,2,0,0,0,0,0,0,0,0,0,0,0,0,0,0,1,0,36,20,21,P-458
11/9/23,10:38:10,Restauración,0,0,0,0,0,0,0,0,0,0,0,0,0,0,0,0,0,0,0,0,0,0,0,0,1,0,10,12,11,P-459
11/9/23,10:38:16,Restauración,0,0,0,0,0,0,0,0,0,0,0,0,0,0,0,0,0,0,0,0,0,0,0,0,1,0,7,5,5,P-460
11/9/23,10:38:32,Restauración,0,0,0,0,0,0,0,0,0,1,0,0,0,0,0,0,0,0,0,0,0,0,0,0,0,0,4,4,5,P-461
11/9/23,10:38:43,Restauración,0,0,0,0,0,0,0,0,0,0,0,0,0,0,0,0,0,0,0,1,0,0,0,0,1,0,30,26,17,P-462
11/9/23,10:39:04,Restauración,0,0,0,0,0,0,0,0,0,1,0,0,0,0,0,0,0,0,0,0,0,0,0,0,0,0,10,8,11,P-463
11/9/23,10:39:12,Restauración,0,0,0,0,0,0,0,0,0,0,0,0,0,0,0,0,0,0,0,0,0,0,0,0,0,1,17,10,10,P-464
11/9/23,10:39:20,Restauración,0,0,0,0,0,0,0,0,0,2,0,0,0,0,0,0,0,0,0,0,0,0,0,0,1,0,16,10,12,P-465
11/9/23,10:39:29,Restauración,0,0,0,0,0,0,0,0,0,1,0,0,0,0,0,0,0,0,0,0,0,0,0,0,1,0,11,8,11,P-466
11/9/23,10:39:36,Restauración,0,0,0,0,0,0,0,0,0,0,0,0,0,0,0,0,0,0,0,0,0,0,0,0,1,0,14,10,8,P-467
11/9/23,10:39:44,Restauración,0,0,0,0,0,0,0,0,0,0,0,0,0,0,0,0,0,0,0,0,0,0,0,0,0,1,4,2,4,P-468
11/9/23,10:39:56,Restauración,0,0,0,0,0,0,0,0,0,1,0,0,0,0,0,0,0,0,0,1,0,0,0,0,2,0,40,30,45,P-469
11/9/23,10:40:11,Restauración,0,0,0,0,0,0,0,0,0,2,0,0,0,0,0,0,0,0,0,0,0,0,0,0,2,0,30,15,11,P-470
11/9/23,10:40:32,Restauración,0,0,0,0,0,0,0,0,0,5,0,0,0,0,0,0,0,0,0,0,0,0,0,0,2,0,35,28,18,P-471
11/9/23,10:40:41,Restauración,0,0,0,0,0,0,0,0,0,2,0,0,0,0,0,0,0,0,0,0,0,0,0,0,0,0,28,21,34,P-472
11/9/23,10:40:49,Restauración,0,0,0,0,0,0,0,0,0,0,0,0,0,0,0,0,0,0,0,0,0,0,0,0,1,0,11,8,10,P-473
11/9/23,10:40:57,Restauración,0,0,0,0,0,0,0,0,0,0,0,0,0,0,0,0,0,0,0,0,0,0,0,0,1,0,27,18,15,P-474
11/9/23,10:41:02,Restauración,0,0,0,0,0,0,0,0,0,1,0,0,0,0,0,0,0,0,0,0,0,0,0,0,0,0,4,4,3,P-475
11/9/23,10:41:10,Restauración,0,0,0,0,0,0,0,0,0,0,0,0,0,0,0,0,0,0,0,0,0,0,0,0,1,0,23,14,10,P-476
11/9/23,10:41:35,Restauración,0,0,0,0,0,0,0,0,0,1,0,0,0,0,0,0,0,0,0,1,0,0,0,0,1,0,46,32,43,P-477
11/9/23,10:42:10,Restauración,0,0,0,0,0,0,0,0,0,0,1,0,0,0,0,0,0,0,0,0,0,0,0,0,1,0,35,23,15,P-478
11/9/23,10:42:21,Restauración,0,0,0,0,0,0,0,0,0,0,0,0,0,0,0,0,0,0,0,0,0,0,0,0,1,0,38,32,25,P-479
11/9/23,10:42:33,Restauración,0,0,0,0,0,0,0,0,0,1,0,0,0,0,0,0,0,0,0,0,0,0,0,0,1,0,32,25,14,P-480
11/9/23,10:43:04,Restauración,0,0,0,0,0,0,0,0,3,1,0,0,0,0,0,0,0,0,0,1,0,0,0,0,1,0,39,31,56,P-481
11/9/23,10:43:28,Restauración,0,0,0,0,0,0,0,0,0,2,1,0,0,0,0,0,0,0,0,0,0,0,0,0,1,0,24,20,15,P-482
11/9/23,10:44:16,Restauración,0,0,0,0,0,0,0,0,0,1,0,0,0,0,0,0,0,0,0,0,0,0,0,0,0,0,5,3,3,P-483
11/9/23,10:44:21,Restauración,0,0,0,0,0,0,0,0,0,1,0,0,0,0,0,0,0,0,0,0,0,0,0,0,0,0,2,1,2,P-484
11/9/23,10:44:38,Restauración,0,0,0,0,0,0,0,0,0,1,0,0,0,0,0,0,0,0,0,0,0,0,0,0,0,0,6,6,8,P-485
11/9/23,10:45:13,Restauración,0,0,0,0,0,0,0,0,0,6,0,0,0,0,0,0,0,0,0,1,0,0,0,0,4,0,73,46,53,P-486
11/9/23,10:45:26,Restauración,0,0,0,0,0,0,0,0,0,0,0,0,0,0,0,0,0,0,0,0,0,0,0,0,1,0,10,6,10,P-487
11/9/23,10:45:36,Restauración,0,0,0,0,0,0,0,0,0,1,0,0,0,0,0,0,0,0,0,0,0,0,0,0,1,0,14,9,14,P-488
11/9/23,10:45:42,Restauración,0,0,0,0,0,0,0,0,0,0,0,0,0,0,0,0,0,0,0,0,0,0,0,0,1,0,14,8,12,P-489
11/9/23,10:45:55,Restauración,0,0,0,0,0,0,0,0,0,0,0,0,0,0,0,0,0,0,0,1,0,0,0,0,2,0,57,40,24,P-490
11/9/23,10:46:09,Restauración,0,0,0,0,0,0,0,0,0,2,0,0,0,0,0,0,0,0,0,0,0,0,0,0,1,0,31,25,21,P-491
11/9/23,10:46:19,Restauración,0,0,0,0,0,0,0,0,0,0,0,0,0,0,0,0,0,0,0,0,0,0,0,0,2,0,23,14,8,P-492
11/9/23,10:46:54,Restauración,0,0,0,0,0,0,0,0,0,3,1,0,0,1,0,0,0,0,0,0,0,0,0,0,2,0,58,39,28,P-493
11/9/23,10:47:13,Restauración,0,0,0,0,0,0,0,0,0,1,0,0,0,0,0,0,0,0,0,0,0,0,0,0,0,0,4,5,6,P-494
11/9/23,10:47:21,Restauración,0,0,0,0,0,0,0,0,0,0,1,0,0,0,0,0,0,0,0,0,0,0,0,0,0,0,11,12,19,P-495
11/9/23,10:48:02,Restauración,0,0,0,0,0,0,0,0,2,7,0,0,0,0,0,0,0,0,0,2,0,0,0,0,0,1,96,55,66,P-496
11/9/23,10:48:28,Restauración,0,0,0,0,0,0,0,0,0,8,0,0,0,0,0,0,0,0,0,1,0,0,0,0,0,0,60,49,64,P-497
11/9/23,10:48:48,Restauración,0,0,0,0,0,0,0,0,0,6,0,0,0,0,0,0,0,0,0,0,0,0,0,0,0,0,48,42,46,P-498
11/9/23,10:50:14,Restauración,0,0,0,0,0,0,0,0,0,1,0,0,0,0,0,0,0,0,0,0,0,0,0,0,0,0,8,9,7,P-499
11/9/23,10:55:18,Restauración,0,0,0,0,1,0,0,0,0,5,0,0,0,0,0,0,0,0,0,1,0,0,0,0,4,0,146,111,100,P-500
11/9/23,10:58:37,Restauración,0,0,0,0,1,0,0,0,3,15,0,0,3,0,0,0,0,1,0,5,0,1,0,0,7,1,230,185,136,P-501
11/9/23,10:58:48,Restauración,0,0,0,0,0,0,0,0,0,0,0,0,0,0,0,0,0,0,0,0,0,0,0,0,1,0,16,11,14,P-502
11/9/23,10:58:58,Restauración,0,0,0,0,0,0,0,0,0,0,0,0,0,0,0,0,0,0,0,0,0,0,0,0,1,0,10,20,14,P-503
11/9/23,10:59:12,Restauración,0,0,0,0,0,0,0,0,0,0,0,0,0,0,0,0,0,0,0,0,0,0,0,0,1,1,59,30,23,P-504
11/9/23,10:59:38,Restauración,0,0,0,0,0,0,0,0,0,0,1,0,0,0,0,0,0,0,0,0,0,0,0,0,1,1,45,34,32,P-505
11/9/23,11:00:51,Restauración,0,0,0,0,0,0,0,0,0,1,0,0,0,0,0,0,0,1,0,1,0,0,0,0,2,1,103,92,67,P-506
11/9/23,11:01:28,Restauración,0,0,0,0,0,0,0,0,0,0,0,0,0,0,0,0,0,0,0,0,0,0,0,0,1,0,10,5,10,P-507
11/9/23,11:01:42,Restauración,0,0,0,0,0,0,0,0,0,1,0,0,0,0,0,0,0,0,0,0,0,0,0,0,0,0,11,11,18,P-508
11/9/23,11:02:09,Restauración,0,0,0,0,0,0,0,0,0,1,0,0,0,0,0,0,0,0,0,0,0,0,0,0,0,0,14,11,11,P-509
11/9/23,11:02:15,Restauración,0,0,0,0,0,0,0,0,0,1,0,0,0,0,0,0,0,0,0,0,0,0,0,0,0,0,26,23,34,P-510
11/9/23,11:03:09,Restauración,0,0,0,0,0,0,0,0,0,0,0,0,0,0,0,0,0,0,0,0,0,0,0,0,1,0,5,4,3,P-511
11/9/23,11:03:17,Restauración,0,0,0,0,0,0,0,0,0,0,1,0,0,0,0,0,0,0,0,0,0,0,0,0,0,0,12,8,8,P-512
11/9/23,11:03:27,Restauración,0,0,0,0,0,0,0,0,0,1,0,0,0,0,0,0,0,0,0,0,0,0,0,0,0,0,34,30,33,P-513
11/9/23,11:03:33,Restauración,0,0,0,0,0,0,0,0,0,0,0,0,0,0,0,0,0,0,0,1,0,0,0,0,0,0,25,22,23,P-514
11/9/23,11:03:52,Restauración,0,0,0,0,0,0,0,0,1,4,0,0,0,0,0,0,0,0,0,1,0,0,0,0,0,0,57,44,34,P-515
11/9/23,11:04:07,Restauración,0,0,0,0,0,0,0,0,1,0,0,0,0,0,0,0,0,0,0,0,0,0,0,0,2,0,47,39,27,P-516
11/9/23,11:04:18,Restauración,0,0,0,0,0,0,0,0,1,1,0,0,0,0,0,0,0,0,0,0,0,0,0,0,0,0,50,36,35,P-517
11/9/23,11:04:35,Restauración,0,0,0,0,0,0,0,0,1,0,0,0,0,0,0,0,0,0,0,1,0,0,0,0,1,0,43,27,27,P-518
11/9/23,11:04:43,Restauración,0,0,0,0,0,0,0,0,1,0,0,0,0,0,0,0,0,0,0,0,0,0,0,0,0,0,10,11,8,P-519
11/9/23,11:04:58,Restauración,0,0,0,0,0,0,0,0,0,1,0,0,0,0,0,0,0,0,0,0,0,0,0,0,0,0,8,6,10,P-520
11/9/23,11:05:39,Restauración,0,0,0,0,0,0,0,0,5,3,0,0,0,0,0,0,0,0,0,1,0,0,0,0,2,0,104,66,69,P-521
11/9/23,11:05:55,Restauración,0,0,0,0,0,0,0,0,0,0,0,0,0,0,0,0,0,0,0,0,0,0,0,0,1,0,19,11,9,P-522
11/9/23,11:06:06,Restauración,0,0,0,0,0,0,0,0,1,0,0,0,0,0,0,0,0,0,0,0,0,0,0,0,0,0,5,3,5,P-523
11/9/23,11:06:13,Restauración,0,0,0,0,0,0,0,0,0,1,0,0,0,0,0,0,0,0,0,0,0,0,0,0,0,0,15,12,26,P-524
11/9/23,11:06:38,Restauración,0,0,0,0,0,0,0,0,2,3,0,0,0,0,0,0,0,0,0,1,0,0,0,0,0,0,57,40,32,P-525
11/9/23,11:06:51,Restauración,0,0,0,0,0,0,0,0,0,1,0,0,0,0,0,0,0,0,0,0,0,0,0,0,1,0,20,10,11,P-526
11/9/23,11:06:57,Restauración,0,0,0,0,0,0,0,0,0,2,0,0,0,0,0,0,0,0,0,0,0,0,0,0,0,0,10,7,18,P-527
11/9/23,11:07:07,Restauración,0,0,0,0,0,0,0,0,0,1,0,0,0,0,0,0,0,0,0,1,0,0,0,0,0,0,28,29,25,P-528
11/9/23,11:07:24,Restauración,0,0,0,0,1,0,0,0,0,0,0,0,0,0,0,0,0,0,0,0,0,0,0,0,0,0,10,9,35,P-529
11/9/23,11:08:25,Restauración,0,0,0,0,0,0,0,0,0,8,1,0,0,0,0,0,0,0,0,1,0,0,0,0,0,0,82,64,77,P-530
11/9/23,11:09:06,Restauración,0,0,0,0,0,0,0,0,1,4,1,0,1,0,0,0,0,0,0,0,0,0,0,0,0,1,133,102,94,P-531
11/9/23,11:09:57,Restauración,0,0,0,0,0,0,0,0,0,1,0,0,0,0,0,0,0,0,0,0,0,0,0,0,0,0,4,3,2,P-532
11/9/23,11:10:02,Restauración,0,0,0,0,0,0,0,0,0,1,0,0,0,0,0,0,0,0,0,0,0,0,0,0,0,0,12,10,9,P-533
11/9/23,11:10:08,Restauración,0,0,0,0,0,0,0,0,0,1,0,0,0,0,0,0,0,0,0,0,0,0,0,0,0,0,7,7,4,P-534
11/9/23,11:10:22,Restauración,0,0,0,0,1,0,0,0,0,0,0,0,0,0,0,0,0,0,0,0,0,0,0,0,0,0,24,16,35,P-535
11/9/23,11:10:32,Restauración,0,0,0,0,0,0,0,0,0,1,0,0,0,0,0,0,0,0,0,0,0,0,0,0,0,0,15,9,17,P-536
11/9/23,11:10:40,Restauración,0,0,0,0,0,0,0,0,0,0,0,0,0,0,0,0,0,0,0,0,0,0,0,0,0,1,3,3,2,P-537
11/9/23,11:10:59,Restauración,0,0,0,0,0,0,0,0,0,1,0,0,0,0,0,0,0,0,0,0,0,0,0,0,0,0,4,4,9,P-538
11/9/23,11:11:31,Restauración,0,0,0,0,0,0,0,0,0,4,0,0,0,0,0,0,0,0,0,1,0,0,0,0,1,1,84,60,30,P-539
11/9/23,11:11:56,Restauración,0,0,0,0,0,0,0,0,2,2,2,0,0,0,0,0,0,0,0,0,0,0,0,0,1,0,74,31,33,P-540
11/9/23,11:12:14,Restauración,0,0,0,0,0,0,0,0,0,1,0,0,0,0,0,0,0,0,0,0,0,0,0,0,1,0,34,24,23,P-541
11/9/23,11:12:22,Restauración,0,0,0,0,0,0,0,0,0,0,0,0,0,0,0,0,0,0,0,0,0,0,0,0,1,0,27,24,12,P-542
11/9/23,11:12:36,Restauración,0,0,0,0,0,0,0,0,3,1,0,0,0,0,0,0,0,0,0,1,0,0,0,0,0,0,59,36,42,P-543
11/9/23,11:13:13,Restauración,0,0,0,0,0,0,0,0,0,2,0,0,0,0,0,0,0,0,0,2,0,0,0,0,2,0,90,38,66,P-544
11/9/23,11:16:05,Restauración,0,0,0,0,0,0,0,0,1,0,0,0,0,0,0,0,0,0,0,0,0,0,0,0,0,0,11,14,15,P-545
11/9/23,11:16:19,Restauración,0,0,0,0,0,0,0,0,0,0,0,0,0,0,0,0,0,0,0,0,0,0,0,0,1,1,38,22,23,P-546
11/9/23,11:17:16,Restauración,0,0,0,0,1,0,0,0,1,3,1,0,0,0,0,0,0,0,0,0,0,1,0,0,7,0,187,115,96,P-547
11/9/23,11:17:31,Restauración,0,0,0,0,0,0,0,0,2,0,0,0,0,0,0,0,0,0,0,0,0,0,0,0,0,0,19,15,19,P-548
11/9/23,11:18:23,Restauración,0,0,0,0,0,0,0,0,0,6,1,0,0,0,0,0,0,0,0,1,0,0,0,0,5,0,105,54,83,P-549
11/9/23,11:19:03,Restauración,0,0,0,0,0,0,0,0,1,4,0,0,0,0,0,0,0,0,0,1,0,0,0,0,2,0,112,82,71,P-550
11/9/23,11:19:19,Restauración,0,0,0,0,0,0,0,0,0,2,0,0,0,0,0,0,0,0,0,0,0,0,0,0,2,0,40,18,38,P-551
11/9/23,11:19:27,Restauración,0,0,0,0,0,0,0,0,0,1,0,0,0,0,0,0,0,0,0,0,0,0,0,0,0,0,7,5,22,P-552
11/9/23,11:19:35,Restauración,0,0,0,0,0,0,0,0,0,0,0,0,0,0,0,0,0,0,0,0,0,0,0,0,1,0,14,8,12,P-553
11/9/23,11:20:51,Restauración,0,0,0,0,0,0,0,0,0,1,0,0,0,0,0,0,0,0,0,0,0,0,0,0,0,0,7,8,10,P-554
11/9/23,11:21:10,Restauración,0,0,0,0,0,0,0,0,0,1,0,0,1,0,0,0,0,0,0,1,0,0,0,0,0,0,40,35,33,P-555
11/9/23,11:21:33,Restauración,0,0,0,0,0,0,0,0,0,1,0,0,0,0,0,0,0,0,0,0,0,0,0,0,0,0,4,4,3,P-556
11/9/23,11:21:47,Restauración,0,0,0,0,0,0,0,0,1,1,0,0,0,0,0,0,0,0,0,0,0,0,0,0,0,0,24,18,12,P-557
11/9/23,11:21:52,Restauración,0,0,0,0,0,0,0,0,1,0,0,0,0,0,0,0,0,0,0,0,0,0,0,0,0,0,20,20,10,P-558
11/9/23,11:22:03,Restauración,0,0,0,0,0,0,0,0,0,0,0,0,0,0,0,0,0,0,0,0,0,0,0,0,1,0,8,8,5,P-559
11/9/23,11:22:17,Restauración,0,0,0,0,0,0,0,0,1,1,0,0,0,0,0,0,0,0,0,1,0,0,0,0,0,0,52,43,35,P-560
11/9/23,11:22:30,Restauración,0,0,0,0,0,0,0,0,0,0,0,0,0,0,0,0,0,0,0,0,0,0,0,0,1,0,11,8,8,P-561
11/9/23,11:23:32,Restauración,0,0,0,0,0,0,0,0,7,7,0,0,0,0,0,0,0,0,0,1,0,0,0,0,1,1,100,84,66,P-562
11/9/23,11:24:41,Restauración,0,0,0,0,0,0,0,0,2,3,0,0,0,0,0,0,0,0,0,1,0,0,0,0,2,2,72,25,31,P-563
11/9/23,11:25:00,Restauración,0,0,0,0,0,0,0,0,0,0,0,0,0,0,0,0,0,0,0,0,0,0,0,0,1,0,4,4,5,P-564
11/9/23,11:25:20,Restauración,0,0,0,0,0,0,0,0,0,2,1,0,0,0,0,0,0,0,0,1,0,0,0,0,0,0,64,64,33,P-565
11/9/23,11:25:46,Restauración,0,0,0,0,0,0,0,0,0,1,0,0,0,0,0,0,0,0,0,0,0,1,0,0,1,0,25,25,27,P-566
11/9/23,11:26:00,Restauración,0,0,0,0,0,0,0,0,0,2,0,0,0,0,0,0,0,0,0,0,0,0,0,0,0,0,14,9,29,P-567
11/9/23,11:26:08,Restauración,0,0,0,0,0,0,0,0,0,1,0,0,0,0,0,0,0,0,0,0,0,0,0,0,0,0,12,8,6,P-568
11/9/23,11:26:16,Restauración,0,0,0,0,0,0,0,0,1,0,0,0,0,0,0,0,0,0,0,0,0,0,0,0,0,0,11,11,10,P-569
11/9/23,11:26:22,Restauración,0,0,0,0,0,0,0,0,0,0,0,0,0,0,0,0,0,0,0,0,0,0,0,0,1,0,5,3,6,P-570
11/9/23,11:26:29,Restauración,0,0,0,0,0,0,0,0,1,0,0,0,0,0,0,0,0,0,0,0,0,0,0,0,0,0,19,21,10,P-571
11/9/23,11:26:35,Restauración,0,0,0,0,0,0,0,0,1,0,0,0,0,0,0,0,0,0,0,0,0,0,0,0,0,0,11,10,9,P-572
11/9/23,11:27:39,Restauración,0,0,0,0,1,0,0,0,0,1,1,0,0,0,0,0,0,0,0,0,0,0,0,0,0,0,52,20,67,P-573
11/9/23,11:27:52,Restauración,0,0,0,0,0,0,0,0,0,1,0,0,0,0,0,0,0,0,0,0,0,0,0,0,0,0,18,18,20,P-574
11/9/23,11:28:06,Restauración,0,0,0,0,0,0,0,0,0,1,1,0,0,0,0,0,0,0,0,0,0,0,0,0,0,0,24,24,20,P-575
11/9/23,11:28:22,Restauración,0,0,0,0,0,0,0,0,1,0,1,0,0,0,0,0,0,0,0,0,0,0,0,0,0,1,45,24,34,P-576
11/9/23,11:28:30,Restauración,0,0,0,0,0,0,0,0,0,0,1,0,0,0,0,0,0,0,0,0,0,0,0,0,0,0,11,9,11,P-577
11/9/23,11:28:36,Restauración,0,0,0,0,0,0,0,0,0,0,0,0,0,0,0,0,0,0,0,0,0,0,0,0,0,1,14,8,7,P-578
11/9/23,11:29:00,Restauración,0,0,0,0,0,0,0,0,0,4,1,0,0,0,0,0,0,0,0,0,0,1,0,0,3,0,33,36,22,P-579
11/9/23,11:29:08,Restauración,0,0,0,0,0,0,0,0,0,0,0,0,0,0,0,0,0,0,0,0,0,0,0,0,1,0,12,6,6,P-580
11/9/23,11:29:21,Restauración,0,0,0,0,0,0,0,0,0,0,0,0,0,0,0,0,0,0,0,0,0,0,0,0,1,0,12,14,17,P-581
11/9/23,11:29:29,Restauración,0,0,0,0,0,0,0,0,0,0,0,0,0,0,0,0,0,0,0,0,0,0,0,0,2,0,27,18,12,P-582
11/9/23,11:29:40,Restauración,0,0,0,0,0,0,0,0,0,3,0,0,0,0,0,0,0,0,0,0,0,0,0,0,1,0,24,15,18,P-583
11/9/23,11:29:49,Restauración,0,0,0,0,0,0,0,0,0,0,1,0,0,0,0,0,0,0,0,0,0,0,0,0,0,0,11,6,9,P-584
11/9/23,11:30:21,Restauración,0,0,0,0,1,0,0,0,0,1,0,0,0,0,0,0,0,0,0,0,0,0,0,0,1,0,40,20,45,P-585
11/9/23,11:30:29,Restauración,0,0,0,0,0,0,0,0,0,1,0,0,0,0,0,0,0,0,0,0,0,0,0,0,0,0,12,9,8,P-586
11/9/23,11:30:37,Restauración,0,0,0,0,0,0,0,0,0,1,0,0,0,0,0,0,0,0,0,0,0,0,0,0,0,0,21,15,21,P-587
11/9/23,11:30:47,Restauración,0,0,0,0,0,0,0,0,0,0,1,0,0,0,0,0,0,0,0,0,0,0,0,0,0,0,9,4,5,P-588
11/9/23,11:31:14,Restauración,0,0,0,0,1,0,0,0,0,1,1,0,0,0,0,0,0,0,0,0,0,0,0,0,1,0,94,73,91,P-589
11/9/23,11:31:31,Restauración,0,0,0,0,0,0,0,0,0,4,0,0,0,0,0,0,0,0,0,0,0,0,0,0,0,0,47,36,42,P-590
11/9/23,11:31:41,Restauración,0,0,0,0,0,0,0,0,0,2,0,0,1,0,0,0,0,0,0,0,0,0,0,0,0,0,51,33,35,P-591
11/9/23,11:31:54,Restauración,0,0,0,0,0,0,0,0,0,0,1,0,0,0,0,0,0,0,0,0,0,0,0,0,0,0,36,36,33,P-592
11/9/23,11:32:06,Restauración,0,0,0,0,1,0,0,0,0,0,1,0,0,0,0,0,0,0,0,0,0,0,0,0,0,0,62,40,56,P-593
11/9/23,11:32:19,Restauración,0,0,0,0,0,0,0,0,0,1,0,0,0,0,0,0,0,0,0,0,0,0,0,0,0,0,15,10,21,P-594
11/9/23,11:32:27,Restauración,0,0,0,0,0,0,0,0,0,1,0,0,0,0,0,0,0,0,0,0,0,0,0,0,0,0,10,10,14,P-595
11/9/23,11:32:32,Restauración,0,0,0,0,0,0,0,0,0,2,0,0,0,0,0,0,0,0,0,0,0,0,0,0,0,0,10,5,11,P-596
11/9/23,11:32:41,Restauración,0,0,0,0,0,0,0,0,1,0,0,0,0,0,0,0,0,0,0,0,0,0,0,0,0,0,14,11,6,P-597
11/9/23,11:32:49,Restauración,0,0,0,0,0,0,0,0,0,0,1,0,0,0,0,0,0,0,0,0,0,0,0,0,0,0,6,3,4,P-598
11/9/23,11:32:57,Restauración,0,0,0,0,0,0,0,0,1,1,0,0,0,0,0,0,0,0,0,0,0,0,0,0,0,0,26,15,15,P-599
11/9/23,11:33:02,Restauración,0,0,0,0,0,0,0,0,1,0,0,0,0,0,0,0,0,0,0,0,0,0,0,0,0,0,4,5,5,P-600
11/9/23,11:33:15,Restauración,0,0,0,0,0,0,0,0,1,0,0,0,0,0,0,0,0,0,0,0,0,0,0,0,0,0,20,18,10,P-601
11/9/23,11:33:21,Restauración,0,0,0,0,0,0,0,0,0,1,0,0,0,0,0,0,0,0,0,0,0,0,0,0,0,0,16,12,15,P-602
11/9/23,11:33:50,Restauración,0,0,0,0,0,0,0,0,0,2,0,0,0,0,0,0,0,0,0,0,0,0,0,0,0,0,20,18,30,P-603
11/9/23,11:34:06,Restauración,0,0,0,0,1,0,0,0,0,1,0,0,0,0,0,0,0,0,0,0,0,0,0,0,0,0,37,22,52,P-604
11/9/23,11:36:31,Restauración,0,0,0,0,0,0,0,0,0,0,0,0,0,0,0,0,0,0,0,1,0,0,0,0,0,0,27,18,25,P-605
11/9/23,11:36:37,Restauración,0,0,0,0,0,0,0,0,0,1,0,0,0,0,0,0,0,0,0,0,0,0,0,0,0,0,3,3,3,P-606
11/9/23,11:36:48,Restauración,0,0,0,0,0,0,0,0,0,0,0,0,0,0,0,0,0,0,0,0,0,0,0,0,1,0,52,40,17,P-607
11/9/23,11:37:33,Restauración,0,0,0,0,1,0,0,0,3,2,0,0,0,0,0,0,0,0,0,1,0,0,0,0,3,1,120,90,70,P-608
11/9/23,11:38:00,Restauración,0,0,0,0,0,0,0,0,1,0,2,0,0,0,0,0,0,0,0,0,0,0,0,0,2,0,52,46,40,P-609
11/9/23,11:38:16,Restauración,0,0,0,0,0,0,0,0,0,1,0,0,0,0,0,0,0,0,0,0,0,0,0,0,1,0,33,21,33,P-610
11/9/23,11:38:27,Restauración,0,0,0,0,0,0,0,0,1,1,0,0,0,0,0,0,0,0,0,1,0,0,0,0,0,0,42,27,45,P-611
11/9/23,11:38:36,Restauración,0,0,0,0,0,0,0,0,0,0,0,0,0,0,0,0,0,0,0,0,0,0,0,0,0,1,19,20,20,P-612
11/9/23,11:38:46,Restauración,0,0,0,0,0,0,0,0,0,1,0,0,0,0,0,0,0,0,0,0,0,0,0,0,0,1,11,11,12,P-613
11/9/23,11:39:15,Restauración,0,0,0,0,0,0,0,0,0,3,0,0,0,0,0,0,0,0,0,1,0,0,0,0,0,0,49,49,37,P-614
11/9/23,11:39:58,Restauración,0,0,0,0,0,0,0,0,0,5,0,0,0,0,0,0,0,0,0,0,0,1,0,0,3,0,106,92,89,P-615
11/9/23,11:40:06,Restauración,0,0,0,0,0,0,0,0,0,1,0,0,0,0,0,0,0,0,0,0,0,0,0,0,0,0,4,4,14,P-616
11/9/23,11:40:23,Restauración,0,0,0,0,0,0,0,0,0,1,0,0,0,0,0,0,0,0,0,0,0,0,0,0,1,2,25,20,12,P-617
11/9/23,11:40:56,Restauración,0,0,0,0,0,0,0,0,1,0,0,0,0,0,0,0,0,0,0,1,0,0,0,0,1,0,54,45,70,P-618
11/9/23,11:41:11,Restauración,0,0,0,0,0,0,0,0,0,0,1,0,0,0,0,0,0,0,0,0,0,0,0,0,0,0,34,21,35,P-619
11/9/23,11:41:24,Restauración,0,0,0,0,0,0,0,0,0,0,0,0,0,0,0,0,0,0,0,0,0,0,0,0,1,0,31,23,20,P-620
11/9/23,11:41:28,Restauración,0,0,0,0,0,0,0,0,0,1,0,0,0,0,0,0,0,0,0,0,0,0,0,0,0,0,17,9,20,P-621
11/9/23,11:41:38,Restauración,0,0,0,0,0,0,0,0,0,0,0,0,0,0,0,0,0,0,0,0,0,0,0,0,0,1,12,12,7,P-622
11/9/23,11:42:19,Restauración,0,0,0,0,0,0,0,0,3,0,0,0,0,0,0,0,0,0,0,1,0,0,0,0,1,1,64,55,50,P-623
11/9/23,11:42:54,Restauración,0,0,0,0,0,0,0,0,1,0,0,0,0,0,0,0,0,0,0,0,0,0,0,0,1,0,41,27,17,P-624
11/9/23,11:43:10,Restauración,0,0,0,0,0,0,0,0,0,3,0,0,0,0,0,0,0,0,0,0,0,0,0,0,1,1,43,32,40,P-625
11/9/23,11:43:20,Restauración,0,0,0,0,0,0,0,0,0,1,0,0,0,0,0,0,0,0,0,0,0,0,0,0,0,0,20,12,8,P-626
11/9/23,11:43:37,Restauración,0,0,0,0,0,0,0,0,0,0,0,0,0,0,0,0,0,0,0,1,0,0,0,0,1,0,53,21,50,P-627
11/9/23,11:46:26,Restauración,0,0,0,0,0,0,0,0,3,1,0,0,0,0,0,0,0,0,0,0,0,0,0,0,4,3,160,118,103,P-628
11/9/23,11:46:56,Restauración,0,0,0,0,0,0,0,0,0,0,0,0,0,0,0,0,0,0,0,0,0,0,0,0,2,0,34,26,14,P-629
11/9/23,11:47:52,Restauración,0,0,0,0,0,0,0,0,0,0,1,0,0,0,0,0,0,0,0,0,0,0,0,0,3,0,31,23,15,P-630
11/9/23,11:48:00,Restauración,0,0,0,0,0,0,0,0,0,0,0,0,0,0,0,0,0,0,0,0,0,0,0,0,0,1,16,14,15,P-631
11/9/23,11:48:06,Restauración,0,0,0,0,0,0,0,0,0,0,0,0,0,0,0,0,0,0,0,0,0,0,0,0,0,1,12,9,9,P-632
11/9/23,11:48:16,Restauración,0,0,0,0,0,0,0,0,0,0,0,0,0,0,0,0,0,0,0,0,0,0,0,0,1,2,45,40,40,P-633
11/9/23,11:48:27,Restauración,0,0,0,0,0,0,0,0,1,1,0,0,0,0,0,0,0,0,0,0,0,0,0,0,0,0,17,14,22,P-634
11/9/23,11:48:35,Restauración,0,0,0,0,0,0,0,0,0,1,0,0,0,0,0,0,0,0,0,0,0,0,0,0,0,0,10,7,7,P-635
11/9/23,11:48:46,Restauración,0,0,0,0,0,0,0,0,1,0,0,0,0,0,0,0,0,0,0,0,0,0,0,0,1,1,55,17,25,P-636
11/9/23,11:48:59,Restauración,0,0,0,0,0,0,0,0,0,0,0,0,0,0,0,0,0,0,0,0,0,0,0,0,1,1,20,23,11,P-637
11/9/23,11:49:12,Restauración,0,0,0,0,0,0,0,0,0,1,0,0,0,0,0,0,0,0,0,0,0,0,0,0,0,0,6,5,4,P-638
11/9/23,11:49:21,Restauración,0,0,0,0,0,0,0,0,0,1,0,0,0,0,0,0,0,0,0,0,0,0,0,0,1,0,27,23,18,P-639
11/9/23,11:49:34,Restauración,0,0,0,0,0,0,0,0,0,1,0,0,0,0,0,0,0,0,0,0,0,0,0,0,1,0,36,16,34,P-640
11/9/23,11:49:50,Restauración,0,0,0,0,0,0,0,0,0,0,0,0,0,0,0,0,0,0,0,0,0,0,0,0,0,1,12,12,11,P-641
11/9/23,11:50:20,Restauración,0,0,0,0,0,0,0,0,0,3,0,0,0,0,0,0,0,0,0,1,0,0,0,0,1,0,73,46,35,P-642
11/9/23,11:50:30,Restauración,0,0,0,0,0,0,0,0,0,1,0,0,0,0,0,0,0,0,0,0,0,0,0,0,1,1,25,19,26,P-643
11/9/23,11:51:03,Restauración,0,0,0,0,0,0,0,0,0,6,0,0,0,0,0,0,0,0,0,1,0,0,0,0,0,1,68,40,27,P-644
11/9/23,11:51:17,Restauración,0,0,0,0,0,0,0,0,1,1,0,0,0,0,0,0,0,0,0,1,0,0,0,0,0,0,68,29,33,P-645
11/9/23,11:51:30,Restauración,0,0,0,0,0,0,0,0,0,1,0,0,0,0,0,0,0,0,0,0,0,0,0,0,0,0,14,10,15,P-646
11/9/23,11:51:40,Restauración,0,0,0,0,0,0,0,0,1,0,0,0,0,0,0,0,0,0,0,0,0,0,0,0,0,0,3,2,3,P-647
11/9/23,11:51:44,Restauración,0,0,0,0,0,0,0,0,0,1,0,0,0,0,0,0,0,0,0,0,0,0,0,0,0,0,6,5,6,P-648
11/9/23,11:52:16,Restauración,0,0,0,0,0,0,0,0,2,3,0,0,0,0,0,0,0,0,0,0,0,0,0,0,1,1,57,28,24,P-649
11/9/23,11:52:26,Restauración,0,0,0,0,0,0,0,0,1,0,0,0,0,0,0,0,0,0,0,0,0,0,0,0,0,0,25,15,20,P-650
11/9/23,11:52:45,Restauración,0,0,0,0,0,0,0,0,1,0,1,0,0,0,0,0,0,0,0,0,0,0,0,0,1,1,50,45,34,P-651
11/9/23,11:53:01,Restauración,0,0,0,0,0,0,0,0,1,0,0,0,0,0,0,0,0,0,0,0,0,0,0,0,0,0,16,12,14,P-652
11/9/23,11:53:09,Restauración,0,0,0,0,0,0,0,0,0,0,0,0,0,0,0,0,0,0,0,0,0,0,0,0,0,1,9,5,10,P-653
11/9/23,11:53:14,Restauración,0,0,0,0,0,0,0,0,0,0,0,0,0,0,0,0,0,0,0,0,0,0,0,0,1,0,14,6,7,P-654
11/9/23,11:53:20,Restauración,0,0,0,0,0,0,0,0,0,0,0,0,0,0,0,0,0,0,0,0,0,0,0,0,1,0,4,4,3,P-655
11/9/23,11:53:45,Restauración,0,0,0,0,0,0,0,0,2,1,0,0,0,0,0,0,0,0,0,1,0,0,0,0,0,0,83,73,70,P-656
11/9/23,11:54:11,Restauración,0,0,0,0,0,0,0,0,1,0,0,0,0,0,0,0,0,0,0,1,0,0,0,0,1,0,47,42,70,P-657
11/9/23,11:54:55,Restauración,0,0,0,0,0,0,0,0,1,1,0,0,0,0,0,0,0,0,0,0,0,0,0,0,0,1,33,23,25,P-658
11/9/23,11:55:10,Restauración,0,0,0,0,0,0,0,0,0,0,0,0,0,0,0,0,0,0,0,1,0,0,0,0,0,1,56,50,44,P-659
11/9/23,11:55:38,Restauración,0,0,0,0,0,0,0,0,1,0,0,0,0,0,0,0,0,0,0,1,0,0,0,0,1,0,73,62,76,P-660
11/9/23,11:56:02,Restauración,0,0,0,0,0,0,0,0,1,2,0,0,0,0,0,0,0,0,0,0,0,0,0,0,0,1,41,18,27,P-661
11/9/23,11:56:13,Restauración,0,0,0,0,0,0,0,0,0,0,0,0,0,0,0,0,0,0,0,0,0,0,0,0,1,1,30,23,19,P-662
11/9/23,11:56:23,Restauración,0,0,0,0,0,0,0,0,0,0,0,0,0,0,0,0,0,0,0,0,0,0,0,0,0,1,32,24,19,P-663
11/9/23,11:56:37,Restauración,0,0,0,0,0,0,0,0,0,0,0,0,0,0,0,0,0,0,0,0,0,0,0,0,1,1,51,47,27,P-664
11/9/23,11:57:04,Restauración,0,0,0,0,0,0,0,0,0,1,0,0,0,0,0,0,0,0,0,1,0,0,0,0,0,1,50,30,43,P-665
11/9/23,11:57:23,Restauración,0,0,0,0,0,0,0,0,0,0,0,0,0,0,0,0,0,0,0,1,0,0,0,0,0,0,23,20,44,P-666
11/9/23,11:57:43,Restauración,0,0,0,0,0,0,0,0,1,0,0,0,0,0,0,0,0,0,0,0,0,0,0,0,0,2,52,33,27,P-667
11/9/23,11:58:03,Restauración,0,0,0,0,0,0,0,0,0,0,0,0,0,0,0,0,0,0,0,1,0,0,0,0,0,0,30,23,42,P-668
11/9/23,11:58:18,Restauración,0,0,0,0,0,0,0,0,0,1,0,0,0,0,0,0,0,0,0,0,0,0,0,0,0,0,26,23,32,P-669
11/9/23,11:58:32,Restauración,0,0,0,0,0,0,0,0,0,0,0,0,0,0,0,0,0,0,0,1,0,0,0,0,0,0,35,30,45,P-670
11/9/23,11:58:48,Restauración,0,0,0,0,0,0,0,0,0,0,0,0,0,0,0,0,0,0,0,1,0,0,0,0,0,0,54,50,60,P-671
11/9/23,12:00:28,Restauración,0,0,0,0,0,0,0,0,1,3,1,0,0,0,0,0,0,0,0,2,0,0,0,0,2,3,204,141,143,P-672
11/9/23,12:01:13,Restauración,0,0,0,0,0,0,0,0,0,2,0,0,0,0,0,0,0,0,0,2,0,0,0,0,2,3,92,73,62,P-673
11/9/23,12:01:24,Restauración,0,0,0,0,0,0,0,0,0,0,0,0,0,0,0,0,0,0,0,0,0,0,0,0,0,1,8,4,5,P-674
11/9/23,12:01:32,Restauración,0,0,0,0,0,0,0,0,2,0,0,0,0,0,0,0,0,0,0,0,0,0,0,0,0,0,22,14,10,P-675
11/9/23,12:01:40,Restauración,0,0,0,0,0,0,0,0,1,0,0,0,0,0,0,0,0,0,0,0,0,0,0,0,0,0,23,20,17,P-676
11/9/23,12:01:46,Restauración,0,0,0,0,0,0,0,0,0,0,0,0,0,0,0,0,0,0,0,0,0,0,0,0,1,0,28,20,16,P-677
11/9/23,12:01:56,Restauración,0,0,0,0,0,0,0,0,0,0,1,0,0,0,0,0,0,0,0,0,0,0,0,0,0,0,24,14,20,P-678
11/9/23,12:02:10,Restauración,0,0,0,0,0,0,0,0,0,0,0,0,0,0,0,0,0,0,0,0,0,0,0,0,0,1,18,12,10,P-679
11/9/23,12:02:24,Restauración,0,0,0,0,0,0,0,0,1,4,0,0,0,0,0,0,0,0,0,0,0,0,0,0,1,0,40,39,27,P-680
11/9/23,12:02:59,Restauración,0,0,0,0,0,0,0,0,0,2,0,0,0,0,0,0,0,0,0,0,0,0,0,0,1,0,46,32,37,P-681
11/9/23,12:03:36,Restauración,0,0,0,0,0,0,0,0,0,1,0,0,0,0,0,0,0,0,0,0,0,0,0,0,0,0,7,7,7,P-682
11/9/23,12:04:06,Restauración,0,0,0,0,0,0,0,0,1,0,0,0,0,0,0,0,0,0,0,0,0,0,0,0,1,3,74,42,24,P-683
11/9/23,12:04:16,Restauración,0,0,0,0,0,0,0,0,0,0,0,0,0,0,0,0,0,0,0,0,0,0,0,0,0,1,18,14,14,P-684
11/9/23,12:04:38,Restauración,0,0,0,0,0,0,0,0,0,2,0,0,0,0,0,0,0,0,0,1,0,0,0,0,0,0,62,53,35,P-685
11/9/23,12:04:49,Restauración,0,0,0,0,0,0,0,0,0,1,0,0,0,0,0,0,0,0,0,0,0,0,0,0,0,0,14,14,8,P-686
11/9/23,12:04:59,Restauración,0,0,0,0,0,0,0,0,0,1,0,0,0,0,0,0,0,0,0,0,0,0,0,0,1,0,16,16,26,P-687
11/9/23,12:05:12,Restauración,0,0,0,0,0,0,0,0,0,1,0,0,0,0,0,0,0,0,0,0,0,0,0,0,0,0,12,10,30,P-688
11/9/23,12:05:24,Restauración,0,0,0,0,0,0,0,0,0,0,1,0,0,0,0,0,0,0,0,0,0,0,0,0,0,0,27,22,22,P-689
11/9/23,12:05:39,Restauración,0,0,0,0,0,0,0,0,0,2,0,0,0,0,0,0,0,0,0,1,0,0,0,0,1,0,33,24,24,P-690
11/9/23,12:06:42,Restauración,0,0,0,0,0,0,0,0,3,4,0,0,0,0,0,0,0,0,0,1,0,0,0,0,1,0,74,64,51,P-691
11/9/23,12:08:23,Restauración,0,0,0,0,0,0,0,0,1,2,0,0,0,0,0,0,0,0,0,0,0,0,0,0,0,0,36,28,23,P-692
11/9/23,12:08:54,Restauración,0,0,0,0,0,0,0,0,0,7,0,0,0,0,0,0,0,0,0,1,0,0,0,0,0,0,99,87,62,P-693
11/9/23,12:09:17,Restauración,0,0,0,0,0,0,0,0,2,2,0,0,0,0,0,0,0,0,0,0,0,0,0,0,1,1,60,29,24,P-694
11/9/23,12:09:36,Restauración,0,0,0,0,0,0,0,0,1,0,0,0,0,0,0,0,0,0,0,0,0,0,0,0,0,0,8,6,10,P-695
11/9/23,12:10:27,Restauración,0,0,0,0,0,0,0,0,7,3,0,0,0,0,0,0,0,0,0,1,0,0,0,0,1,0,94,44,53,P-696
11/9/23,12:10:44,Restauración,0,0,0,0,0,0,0,0,0,0,0,0,0,0,0,0,0,0,0,0,0,0,0,0,1,0,27,24,19,P-697
11/9/23,12:10:49,Restauración,0,0,0,0,0,0,0,0,0,0,0,0,0,0,0,0,0,0,0,0,0,0,0,0,1,0,21,14,12,P-698
11/9/23,12:11:02,Restauración,0,0,0,0,0,0,0,0,1,0,0,0,0,0,0,0,0,0,0,0,0,0,0,0,0,0,46,32,25,P-699
11/9/23,12:12:37,Restauración,0,0,0,0,0,0,0,0,7,6,0,0,0,0,0,0,0,0,0,6,0,0,0,0,0,1,172,125,89,P-700
11/9/23,12:12:48,Restauración,0,0,0,0,0,0,0,0,1,0,0,0,0,0,0,0,0,0,0,0,0,0,0,0,0,0,44,28,22,P-701
11/9/23,12:12:56,Restauración,0,0,0,0,0,0,0,0,0,1,0,0,0,0,0,0,0,0,0,0,0,0,0,0,0,0,17,10,24,P-702
11/9/23,12:13:12,Restauración,0,0,0,0,0,0,0,0,0,0,0,0,0,0,0,0,0,0,0,1,0,0,0,0,0,0,50,27,76,P-703
11/9/23,12:14:08,Restauración,0,0,0,0,0,0,0,0,1,0,1,0,0,0,0,0,0,0,0,4,0,0,0,0,0,0,108,38,70,P-704
11/9/23,12:14:37,Restauración,0,0,0,0,0,0,0,0,1,2,1,0,0,0,0,0,0,0,0,1,0,0,0,0,0,1,70,35,40,P-705
11/9/23,12:14:48,Restauración,0,0,0,0,0,0,0,0,1,0,0,0,0,0,0,0,0,0,0,0,0,0,0,0,1,0,37,30,26,P-706
11/9/23,12:15:07,Restauración,0,0,0,0,0,0,0,0,1,1,0,0,0,0,0,0,0,0,0,0,0,0,0,0,0,1,37,20,28,P-707
11/9/23,12:15:36,Restauración,0,0,0,0,0,0,0,0,2,5,1,0,0,0,0,0,0,0,0,0,0,0,0,0,5,0,60,54,38,P-708
11/9/23,12:16:01,Restauración,0,0,0,0,0,0,0,0,0,1,0,0,0,0,0,0,0,0,0,0,0,0,0,0,2,0,32,30,20,P-709
11/9/23,12:16:15,Restauración,0,0,0,0,0,0,0,0,1,1,0,0,0,0,0,0,0,0,0,0,0,0,0,0,0,0,27,18,22,P-710
11/9/23,12:16:28,Restauración,0,0,0,0,0,0,0,0,0,0,0,0,0,0,0,0,0,0,0,2,0,0,0,0,0,0,43,33,28,P-711
11/9/23,12:16:39,Restauración,0,0,0,0,0,0,0,0,1,0,0,0,0,0,0,0,0,0,0,0,0,0,0,0,0,0,5,3,4,P-712
11/9/23,12:16:49,Restauración,0,0,0,0,0,0,0,0,0,1,0,0,0,0,0,0,0,0,0,0,0,0,0,0,1,0,14,10,10,P-713
11/9/23,12:16:55,Restauración,0,0,0,0,0,0,0,0,1,0,0,0,0,0,0,0,0,0,0,0,0,0,0,0,0,0,29,26,26,P-714
11/9/23,12:17:08,Restauración,0,0,0,0,0,0,0,0,1,1,0,0,0,0,0,0,0,0,0,0,0,0,0,0,0,0,10,14,21,P-715
11/9/23,12:17:19,Restauración,0,0,0,0,0,0,0,0,0,1,0,0,0,0,0,0,0,0,0,0,0,0,0,0,0,0,12,8,11,P-716
11/9/23,12:17:38,Restauración,0,0,0,0,0,0,0,0,1,2,0,0,0,0,0,0,0,0,0,0,0,0,0,0,1,0,48,32,26,P-717
11/9/23,12:17:51,Restauración,0,0,0,0,0,0,0,0,0,1,0,0,0,0,0,0,0,0,0,0,0,0,0,0,1,0,11,15,23,P-718
11/9/23,12:18:16,Restauración,0,0,0,0,0,0,0,0,1,4,0,0,0,0,0,0,0,0,0,1,0,0,0,0,0,0,69,36,31,P-719
11/9/23,12:18:28,Restauración,0,0,0,0,0,0,0,0,0,1,0,0,0,0,0,0,0,0,0,0,0,0,0,0,0,0,4,3,2,P-720
11/9/23,12:18:39,Restauración,0,0,0,0,0,0,0,0,1,0,0,0,0,0,0,0,0,0,0,1,0,0,0,0,0,0,26,20,25,P-721
11/9/23,12:19:33,Restauración,0,0,0,0,0,0,0,0,2,3,0,0,0,0,0,0,0,0,0,1,0,0,0,0,0,3,3,84,81,P-722
11/9/23,12:19:55,Restauración,0,0,0,0,0,0,0,0,0,1,0,0,0,0,0,0,0,0,0,1,0,0,0,0,0,0,58,35,54,P-723
11/9/23,12:20:35,Restauración,0,0,0,0,0,0,0,0,2,2,0,0,0,0,0,0,0,0,0,0,0,0,0,0,1,1,54,30,26,P-724
11/9/23,12:20:43,Restauración,0,0,0,0,0,0,0,0,0,0,0,0,0,0,0,0,0,0,0,0,0,0,0,0,1,0,8,4,9,P-725
11/9/23,12:21:00,Restauración,0,0,0,0,0,0,0,0,1,0,0,0,0,0,0,0,0,0,0,1,0,0,0,0,0,0,30,21,15,P-726
11/9/23,12:21:08,Restauración,0,0,0,0,0,0,0,0,0,0,0,0,0,0,0,0,0,0,0,0,0,0,0,0,0,1,15,10,8,P-727
11/9/23,12:21:18,Restauración,0,0,0,0,0,0,0,0,0,1,0,0,0,0,0,0,0,0,0,0,0,0,0,0,0,0,22,15,30,P-728
11/9/23,12:21:34,Restauración,0,0,0,0,0,0,0,0,0,0,0,0,0,0,0,0,0,0,0,0,0,0,0,0,0,1,15,10,6,P-729
11/9/23,12:21:42,Restauración,0,0,0,0,0,0,0,0,0,0,0,0,0,0,0,0,0,0,0,1,0,0,0,0,0,0,20,15,23,P-730
11/9/23,12:21:51,Restauración,0,0,0,0,0,0,0,0,1,0,0,0,0,0,0,0,0,0,0,0,0,0,0,0,0,1,15,8,5,P-731
11/9/23,12:22:41,Restauración,0,0,0,0,0,0,0,0,3,3,0,0,0,0,0,0,0,0,0,1,1,0,0,0,2,2,100,73,51,P-732
11/9/23,12:31:45,Restauración,0,0,0,0,0,0,0,0,1,1,0,0,0,0,0,0,0,0,0,0,0,1,0,0,1,2,98,42,40,P-733
11/9/23,12:32:01,Restauración,0,0,0,0,0,0,0,0,0,1,0,0,0,0,0,0,0,0,0,0,0,0,0,0,0,0,32,17,40,P-734
11/9/23,12:32:19,Restauración,0,0,0,0,0,0,0,0,0,0,0,0,0,1,0,0,0,0,0,0,0,0,0,0,0,1,23,14,35,P-735
11/9/23,12:33:43,Restauración,0,0,0,0,0,0,0,0,1,0,0,0,0,1,0,0,0,0,0,1,0,2,0,0,3,1,111,64,53,P-736
11/9/23,12:34:00,Restauración,0,0,0,0,0,0,0,0,0,0,0,0,0,0,0,0,0,0,0,0,0,0,0,0,1,0,7,4,7,P-737
11/9/23,12:34:26,Restauración,0,0,0,0,0,0,0,0,1,0,1,0,0,0,0,0,0,0,0,0,0,0,0,0,0,0,55,39,33,P-738
11/9/23,12:34:53,Restauración,0,0,0,0,0,0,0,0,0,0,0,0,0,0,0,0,0,0,0,1,0,1,0,0,2,0,76,57,79,P-739
11/9/23,12:35:06,Restauración,0,0,0,0,0,0,0,0,1,0,0,0,0,0,0,0,0,0,0,0,0,0,0,0,0,0,12,10,8,P-740
11/9/23,12:35:12,Restauración,0,0,0,0,0,0,0,0,0,0,0,0,0,0,0,0,0,0,0,0,0,0,0,0,1,0,8,6,6,P-741
11/9/23,12:35:17,Restauración,0,0,0,0,0,0,0,0,0,1,0,0,0,0,0,0,0,0,0,0,0,0,0,0,0,0,6,5,3,P-742
11/9/23,12:35:36,Restauración,0,0,0,0,0,0,0,0,0,0,0,0,0,0,0,0,0,0,0,1,0,0,0,0,0,1,94,50,85,P-743
11/9/23,12:35:44,Restauración,0,0,0,0,0,0,0,0,0,0,0,0,0,0,0,0,0,0,0,0,0,0,0,0,1,0,4,4,10,P-744
11/9/23,12:35:52,Restauración,0,0,0,0,0,0,0,0,0,0,0,0,0,0,0,0,0,0,0,0,0,0,0,0,1,0,14,11,15,P-745
11/9/23,12:36:06,Restauración,0,0,0,0,0,0,0,0,0,0,0,0,0,0,0,0,0,0,0,2,0,0,0,0,2,0,48,22,24,P-746
11/9/23,12:36:51,Restauración,0,0,0,0,0,0,0,0,0,1,0,0,0,0,0,0,0,0,0,1,0,0,0,0,7,0,57,28,21,P-747
11/9/23,12:37:05,Restauración,0,0,0,0,0,0,0,0,0,0,0,0,0,0,0,0,0,0,0,0,0,0,0,0,1,1,48,40,33,P-748
11/9/23,12:37:32,Restauración,0,0,0,0,0,0,0,0,0,1,0,0,0,0,0,0,0,0,0,0,0,0,0,0,0,0,43,41,40,P-749
11/9/23,12:38:12,Restauración,0,0,0,0,1,0,0,0,0,0,0,0,0,0,0,0,0,0,0,0,0,0,0,0,3,1,135,110,70,P-750
11/9/23,12:38:42,Restauración,0,0,0,0,0,0,0,0,0,0,1,0,0,0,0,0,0,0,0,1,0,0,0,0,1,0,100,71,74,P-751
11/9/23,12:39:17,Restauración,0,0,0,0,0,0,0,0,0,0,0,0,0,0,0,0,0,0,0,1,0,0,0,0,2,0,60,54,43,P-752
11/9/23,12:39:40,Restauración,0,0,0,0,0,0,0,0,0,1,1,0,0,2,0,0,0,0,0,0,0,0,0,0,1,0,79,79,94,P-753
11/9/23,12:40:18,Restauración,0,0,0,0,0,0,0,0,0,3,0,0,0,0,0,0,0,0,0,0,0,0,0,0,1,0,52,34,30,P-754
11/9/23,12:40:30,Restauración,0,0,0,0,0,0,0,0,0,2,0,0,0,0,0,0,0,0,0,1,0,0,0,0,0,0,46,40,44,P-755
11/9/23,12:40:43,Restauración,0,0,0,0,0,0,0,0,0,2,0,0,0,0,0,0,0,0,0,0,0,0,0,0,0,0,42,20,40,P-756
11/9/23,12:40:56,Restauración,0,0,0,0,0,0,0,0,0,2,0,0,0,0,0,0,0,0,0,1,0,0,0,0,0,0,70,46,52,P-757
11/9/23,12:41:33,Restauración,0,0,0,0,0,0,0,0,0,1,0,0,0,0,0,0,0,0,0,1,0,0,0,0,1,1,88,40,40,P-758
11/9/23,12:42:09,Restauración,0,0,0,0,0,0,0,0,0,1,0,0,0,0,0,0,0,0,0,3,0,0,0,0,1,1,180,102,74,P-759
11/9/23,12:42:44,Restauración,0,0,0,0,0,0,0,0,0,1,0,0,0,0,0,0,0,0,0,1,0,0,0,0,5,1,125,110,80,P-760
11/9/23,12:42:59,Restauración,0,0,0,0,0,0,0,0,0,0,0,0,0,0,0,0,0,0,0,0,0,0,0,0,2,0,35,20,25,P-761
11/9/23,12:43:10,Restauración,0,0,0,0,0,0,0,0,0,0,0,0,0,0,0,0,0,0,0,0,0,0,0,0,1,0,50,40,32,P-762
11/9/23,12:43:30,Restauración,0,0,0,0,0,0,0,0,0,0,0,0,0,0,0,0,0,0,0,1,0,0,0,0,3,1,110,65,81,P-763
11/9/23,12:43:46,Restauración,0,0,0,0,0,0,0,0,0,0,1,0,0,0,0,0,0,0,0,0,0,0,0,0,1,0,54,26,38,P-764
11/9/23,12:43:54,Restauración,0,0,0,0,0,0,0,0,0,0,0,0,0,0,0,0,0,0,0,0,0,0,0,0,0,1,10,7,5,P-765
11/9/23,12:44:23,Restauración,0,0,0,0,0,0,0,0,0,1,0,0,0,0,0,0,0,0,0,0,0,0,0,0,0,0,25,17,25,P-766
11/9/23,12:44:42,Restauración,0,0,0,0,0,0,0,0,0,3,0,0,0,0,0,0,0,0,0,0,0,0,0,0,2,1,67,47,40,P-767
11/9/23,12:45:36,Restauración,0,0,0,0,0,0,0,0,0,0,0,0,0,0,0,0,0,0,0,2,0,1,0,0,4,2,168,147,87,P-768
11/9/23,12:46:03,Restauración,0,0,0,0,0,0,0,0,0,2,0,0,0,0,0,0,0,0,0,1,0,0,0,0,1,0,100,82,83,P-769
11/9/23,12:46:27,Restauración,0,0,0,0,0,0,0,0,0,1,0,0,0,0,0,0,0,0,0,0,0,0,0,0,1,0,20,12,14,P-770
11/9/23,12:46:30,Restauración,0,0,0,0,0,0,0,0,0,0,0,0,0,0,0,0,0,0,0,0,0,0,0,0,1,0,10,7,7,P-771
11/9/23,12:47:47,Restauración,0,0,0,0,1,0,0,0,1,0,1,0,0,0,0,0,0,0,0,4,0,0,0,0,6,2,270,169,72,P-772
11/9/23,12:49:22,Restauración,0,0,0,0,0,0,0,0,4,3,0,0,0,0,0,0,0,0,0,4,0,0,0,0,6,2,240,232,116,P-773
11/9/23,12:49:48,Restauración,0,0,0,0,0,0,0,0,0,1,0,0,0,0,0,0,0,0,0,0,0,0,0,0,1,0,21,15,18,P-774
11/9/23,12:49:52,Restauración,0,0,0,0,0,0,0,0,0,0,0,0,0,0,0,0,0,0,0,1,0,0,0,0,0,0,4,3,3,P-775
11/9/23,12:50:02,Restauración,0,0,0,0,0,0,0,0,0,0,0,0,0,0,0,0,0,0,0,0,0,0,0,0,1,0,12,7,7,P-776
11/9/23,12:51:12,Restauración,0,0,0,0,0,0,0,0,0,0,0,0,0,1,0,0,0,0,0,0,0,0,0,0,0,0,30,25,31,P-777
11/9/23,12:51:22,Restauración,0,0,0,0,0,0,0,0,1,0,0,0,0,0,0,0,0,0,0,1,0,0,0,0,1,0,20,20,12,P-778
11/9/23,12:51:28,Restauración,0,0,0,0,0,0,0,0,0,0,0,0,0,0,0,0,0,0,0,0,0,0,0,0,1,0,5,5,6,P-779
11/9/23,12:52:11,Restauración,0,0,0,0,1,0,0,0,0,2,0,0,0,0,0,0,0,0,0,0,0,0,0,0,1,0,130,70,78,P-780
11/9/23,12:52:22,Restauración,0,0,0,0,0,0,0,0,0,0,0,0,0,0,0,0,0,0,0,0,0,0,0,0,2,0,44,40,28,P-781
11/9/23,12:52:41,Restauración,0,0,0,0,1,0,0,0,0,0,0,0,0,0,0,0,0,0,0,0,0,0,0,0,3,0,70,45,60,P-782
11/9/23,12:52:49,Restauración,0,0,0,0,0,0,0,0,0,0,0,0,0,0,0,0,0,0,0,0,0,0,0,0,1,0,40,30,15,P-783
11/9/23,12:53:00,Restauración,0,0,0,0,0,0,0,0,0,0,1,0,0,0,0,0,0,0,0,0,0,0,0,0,0,0,30,21,28,P-784
11/9/23,12:53:16,Restauración,0,0,0,0,0,0,0,0,0,0,0,0,0,0,0,0,0,0,0,0,0,0,0,0,1,0,10,10,7,P-785
11/9/23,12:53:43,Restauración,0,0,0,0,0,0,0,0,0,1,0,0,0,0,0,0,0,0,0,0,0,0,0,0,3,0,48,20,44,P-786
11/9/23,12:54:15,Restauración,0,0,0,0,0,0,0,0,0,1,0,0,0,0,0,0,0,0,0,0,0,0,0,0,2,0,120,67,73,P-787
11/9/23,12:54:25,Restauración,0,0,0,0,0,0,0,0,0,0,0,0,0,0,0,0,0,0,0,0,0,0,0,0,1,0,43,30,15,P-788
11/9/23,12:55:33,Restauración,0,0,0,0,0,0,0,0,0,0,0,0,0,1,0,0,0,0,0,0,0,0,0,0,0,0,40,26,42,P-789
11/9/23,12:56:00,Restauración,0,0,0,0,0,0,0,0,0,0,0,0,0,0,0,0,0,0,0,1,0,0,0,0,1,0,38,35,42,P-790
11/9/23,12:57:07,Restauración,0,0,0,0,0,0,0,0,0,1,0,0,0,0,0,0,0,0,0,2,0,0,0,0,3,2,174,144,112,P-791
11/9/23,12:57:37,Restauración,0,0,0,0,0,0,0,0,0,2,0,0,0,0,0,0,0,0,0,1,0,0,0,0,2,0,92,90,85,P-792
11/9/23,12:57:47,Restauración,0,0,0,0,0,0,0,0,0,0,0,0,0,0,0,0,0,0,0,0,0,0,0,0,1,0,35,27,18,P-793
11/9/23,12:58:04,Restauración,0,0,0,0,0,0,0,0,0,0,0,0,0,0,0,0,0,0,0,1,0,0,0,0,1,0,70,77,58,P-794
11/9/23,12:58:38,Restauración,0,0,0,0,0,0,0,0,0,0,0,0,0,0,0,0,0,0,0,2,0,0,0,0,0,0,112,80,90,P-795
11/9/23,12:58:52,Restauración,0,0,0,0,0,0,0,0,0,1,0,0,0,0,0,0,0,0,0,0,0,0,0,0,0,0,3,4,41,P-796
11/9/23,12:59:14,Restauración,0,0,0,0,0,0,0,0,0,1,0,0,0,0,0,0,0,0,0,1,0,0,0,0,1,0,114,90,70,P-797
11/9/23,12:59:40,Restauración,0,0,0,0,0,0,0,0,0,1,0,0,0,0,0,0,0,0,0,1,0,0,0,0,1,0,53,40,64,P-798
11/9/23,12:59:57,Restauración,0,0,0,0,0,0,0,0,0,0,0,0,0,0,0,0,0,0,0,0,0,0,0,0,1,0,7,8,6,P-799
11/9/23,13:00:20,Restauración,0,0,0,0,0,0,0,0,0,0,1,0,0,0,0,0,0,0,0,2,0,0,0,0,4,0,112,69,90,P-800
11/9/23,13:01:04,Restauración,0,0,0,0,0,0,0,0,0,0,0,0,0,0,0,0,0,0,0,0,0,1,0,0,2,0,147,102,95,P-801
11/9/23,13:01:20,Restauración,0,0,0,0,0,0,0,0,0,0,0,0,0,0,0,0,0,0,0,0,0,0,0,0,1,0,8,9,10,P-802
11/9/23,13:01:30,Restauración,0,0,0,0,0,0,0,0,0,0,1,0,0,0,0,0,0,0,0,0,0,0,0,0,0,0,20,17,11,P-803
11/9/23,13:02:19,Restauración,0,0,0,0,0,0,0,0,0,0,0,0,0,0,0,0,0,0,0,0,0,0,0,0,1,0,11,12,11,P-804
11/9/23,13:02:25,Restauración,0,0,0,0,0,0,0,0,0,0,0,0,0,0,0,0,0,0,0,0,0,0,0,0,1,0,32,24,14,P-805
11/9/23,13:02:51,Restauración,0,0,0,0,0,0,0,0,0,1,0,0,0,0,0,0,0,0,0,2,0,0,0,0,2,0,104,81,66,P-806
11/9/23,13:03:13,Restauración,0,0,0,0,0,0,0,0,0,0,0,0,0,0,0,0,0,0,0,1,0,0,0,0,0,0,94,80,80,P-807
11/9/23,13:03:21,Restauración,0,0,0,0,0,0,0,0,0,0,0,0,0,0,0,0,0,0,0,0,0,0,0,0,1,0,30,22,16,P-808
11/9/23,13:03:29,Restauración,0,0,0,0,0,0,0,0,0,0,0,0,0,0,0,0,0,0,0,1,0,0,0,0,0,0,15,14,14,P-809
11/9/23,13:03:35,Restauración,0,0,0,0,0,0,0,0,0,0,0,0,0,0,0,0,0,0,0,0,0,0,0,0,1,0,18,12,14,P-810
11/9/23,13:04:18,Restauración,0,0,0,0,0,0,0,0,1,2,0,0,0,0,0,0,0,0,0,2,0,0,0,0,0,0,170,122,134,P-811
11/9/23,13:04:38,Restauración,0,0,0,0,0,0,0,0,0,0,0,0,0,0,0,0,0,0,0,1,0,0,0,0,0,0,64,52,60,P-812
11/9/23,13:04:52,Restauración,0,0,0,0,0,0,0,0,0,0,0,0,0,0,0,0,0,0,0,1,0,0,0,0,1,0,59,45,57,P-813
11/9/23,13:05:08,Restauración,0,0,0,0,0,0,0,0,0,0,0,0,0,1,0,0,0,0,0,0,0,0,0,0,0,0,38,28,44,P-814
11/9/23,13:05:17,Restauración,0,0,0,0,0,0,0,0,0,0,0,0,1,0,0,0,0,0,0,0,0,0,0,0,0,0,3,3,1,P-815
11/9/23,13:05:35,Restauración,0,0,0,0,0,0,0,0,0,0,0,0,0,0,0,0,0,0,0,1,0,0,0,0,1,0,96,72,122,P-816
11/9/23,13:06:02,Restauración,0,0,0,0,0,0,0,0,0,0,0,0,0,0,0,0,0,0,0,1,0,0,0,0,1,0,65,61,115,P-817
11/9/23,13:06:26,Restauración,0,0,0,0,0,0,0,0,0,0,0,0,0,0,0,0,0,0,0,1,0,0,0,0,1,0,110,64,93,P-818
11/9/23,13:06:45,Restauración,0,0,0,0,0,0,0,0,0,1,0,0,0,0,0,0,0,0,0,1,0,0,0,0,1,0,90,45,70,P-819
11/9/23,13:07:20,Restauración,0,0,0,0,0,0,0,0,1,0,1,0,0,0,0,0,0,0,0,2,0,0,0,0,2,0,123,97,60,P-820
11/9/23,13:08:22,Restauración,0,0,0,0,0,0,0,0,0,0,1,0,0,0,0,0,0,0,0,1,0,0,0,0,0,0,24,24,25,P-821
11/9/23,13:08:40,Restauración,0,0,0,0,0,0,0,0,0,0,0,0,0,0,0,0,0,0,0,0,0,0,0,0,1,0,15,12,12,P-822
11/9/23,13:09:19,Restauración,0,0,0,0,0,0,0,0,0,0,0,0,0,0,0,0,0,0,0,2,0,0,0,0,2,0,152,81,104,P-823
11/9/23,13:09:45,Restauración,0,0,0,0,0,0,0,0,0,0,0,0,0,0,0,0,0,0,0,1,0,0,0,0,0,1,86,60,84,P-824
11/9/23,13:10:09,Restauración,0,0,0,0,0,0,0,0,0,0,1,0,0,0,0,0,0,0,0,1,0,0,0,0,1,0,103,42,78,P-825
11/9/23,13:10:34,Restauración,0,0,0,0,0,0,0,0,0,0,0,0,0,0,0,0,0,0,0,1,0,0,0,0,1,0,90,80,83,P-826
11/9/23,13:11:03,Restauración,0,0,0,0,0,0,0,0,0,0,0,0,0,0,0,0,0,0,0,1,0,0,0,0,0,0,82,55,50,P-827
11/9/23,13:11:44,Restauración,0,0,0,0,0,0,0,0,0,0,0,0,0,0,0,0,0,0,0,1,0,0,0,0,2,0,96,90,56,P-828
11/9/23,13:12:13,Restauración,0,0,0,0,0,0,0,0,0,0,0,0,0,0,0,0,0,0,0,1,0,0,0,0,1,0,69,54,75,P-829
11/9/23,13:12:26,Restauración,0,0,0,0,0,0,0,0,0,0,0,0,0,0,0,0,0,0,0,0,0,0,0,0,1,0,44,28,21,P-830
11/9/23,13:12:40,Restauración,0,0,0,0,0,0,0,0,0,0,0,0,0,0,0,0,0,0,0,1,0,0,0,0,0,1,74,45,90,P-831
11/9/23,13:13:15,Restauración,0,0,0,0,0,0,0,0,0,0,0,0,0,0,0,0,0,0,0,2,0,0,0,0,3,1,169,148,109,P-832
11/9/23,13:13:50,Restauración,0,0,0,0,0,0,0,0,0,1,0,0,0,0,0,0,0,0,0,0,0,0,0,0,3,0,74,34,33,P-833
11/9/23,13:15:10,Restauración,0,0,0,0,0,0,0,0,0,0,0,0,0,0,0,0,0,0,0,1,0,0,0,0,0,0,90,59,106,P-834
11/9/23,13:15:27,Restauración,0,0,0,0,0,0,0,0,0,0,0,0,0,0,0,0,0,0,0,0,0,0,0,0,1,0,30,28,25,P-835
11/9/23,13:15:35,Restauración,0,0,0,0,0,0,0,0,0,0,0,0,0,0,0,0,0,0,0,0,0,0,0,0,1,0,15,16,16,P-836
11/9/23,13:15:45,Restauración,0,0,0,0,0,0,0,0,0,0,1,0,0,0,0,0,0,0,0,0,0,0,0,0,0,0,20,14,28,P-837
11/9/23,13:16:13,Restauración,0,0,0,0,0,0,0,0,0,0,0,0,0,0,0,0,0,0,0,1,0,0,0,0,1,0,92,60,70,P-838
11/9/23,13:16:32,Restauración,0,0,0,0,0,0,0,0,0,0,0,0,0,0,0,0,0,0,0,1,0,0,0,0,1,0,95,42,40,P-839
11/9/23,13:16:50,Restauración,0,0,0,0,0,0,0,0,0,0,0,0,0,0,0,0,0,0,0,1,0,0,0,0,1,0,60,34,65,P-840
11/9/23,13:17:31,Restauración,0,0,0,0,0,0,0,0,1,0,1,0,0,0,0,0,0,0,0,1,0,0,0,0,1,0,67,66,87,P-841
11/9/23,13:17:52,Restauración,0,0,0,0,0,0,0,0,0,0,0,0,0,0,0,0,0,0,0,0,0,0,0,0,1,0,7,6,6,P-842
11/9/23,13:18:06,Restauración,0,0,0,0,0,0,0,0,0,0,0,0,0,0,0,0,0,0,0,0,0,0,0,0,1,1,50,46,20,P-843
11/9/23,13:18:43,Restauración,0,0,0,0,0,0,0,0,0,0,0,0,0,0,0,0,0,0,0,1,0,0,0,0,1,0,46,42,22,P-844
11/9/23,13:19:40,Restauración,0,0,0,0,1,0,0,0,3,0,1,0,0,0,0,0,0,0,0,1,0,0,0,0,1,1,144,85,97,P-845
11/9/23,13:22:15,Restauración,0,0,0,0,1,0,0,0,0,0,1,0,0,0,0,0,0,0,0,1,0,0,0,0,0,0,132,121,117,P-846
11/9/23,13:25:21,Restauración,0,0,0,0,1,0,0,0,0,0,0,0,0,0,0,0,0,0,0,1,0,0,0,0,1,1,190,183,125,P-847
11/9/23,13:25:53,Restauración,0,0,0,0,0,0,0,0,0,0,0,0,0,0,0,0,0,0,0,2,0,0,0,0,1,0,114,64,100,P-848
11/9/23,13:26:18,Restauración,0,0,0,0,0,0,0,0,0,0,0,0,0,0,0,0,0,0,0,0,0,0,0,0,1,0,20,20,20,P-849
11/9/23,13:26:23,Restauración,0,0,0,0,0,0,0,0,0,0,0,0,0,0,0,0,0,0,0,0,0,0,0,0,1,0,40,47,23,P-850
11/9/23,13:26:48,Restauración,0,0,0,0,0,0,0,0,0,0,0,0,0,0,0,0,0,0,0,1,0,0,0,0,0,2,60,55,82,P-851
11/9/23,13:27:12,Restauración,0,0,0,0,0,0,0,0,0,0,0,0,0,0,0,0,0,0,0,1,0,0,0,0,0,2,90,57,116,P-852
11/9/23,13:28:02,Restauración,0,0,0,0,0,0,0,0,0,0,0,0,0,0,0,0,0,0,0,1,0,0,0,0,1,0,20,20,17,P-853
11/9/23,13:28:10,Restauración,0,0,0,0,0,0,0,0,0,0,0,0,0,0,0,0,0,0,0,0,0,0,0,0,1,0,12,16,12,P-854
11/9/23,13:28:24,Restauración,0,0,0,0,0,0,0,0,0,0,0,0,0,0,0,0,0,0,0,0,0,0,0,0,1,0,7,5,6,P-855
11/9/23,13:29:12,Restauración,0,0,0,0,0,0,0,0,0,0,0,0,0,0,0,0,0,0,0,1,0,0,0,0,7,2,110,80,118,P-856
11/9/23,13:29:21,Restauración,0,0,0,0,0,0,0,0,0,0,0,0,0,0,0,0,0,0,0,0,1,0,0,0,1,0,23,20,16,P-857
11/9/23,13:29:32,Restauración,0,0,0,0,0,0,0,0,0,0,1,0,0,0,0,0,0,0,0,0,0,0,0,0,2,0,18,15,24,P-858
11/9/23,13:29:39,Restauración,0,0,0,0,0,0,0,0,0,0,0,0,0,0,0,0,0,0,0,1,0,0,0,0,0,0,6,4,9,P-859
11/9/23,13:29:58,Restauración,0,0,0,0,0,0,0,0,0,0,0,0,0,0,0,0,0,0,0,1,0,0,0,0,3,0,72,57,39,P-860
11/9/23,13:30:35,Restauración,0,0,0,0,1,0,0,0,0,0,1,0,0,0,0,0,0,0,0,0,0,0,0,0,3,0,66,30,70,P-861
11/9/23,13:30:55,Restauración,0,0,0,0,0,0,0,0,0,1,0,0,0,0,0,0,0,0,0,0,0,0,0,0,2,0,60,25,36,P-862
11/9/23,13:31:05,Restauración,0,0,0,0,0,0,0,0,0,0,0,0,0,0,0,0,0,0,0,0,0,0,0,0,2,0,70,27,31,P-863
11/9/23,13:31:27,Restauración,0,0,0,0,0,0,0,0,0,1,0,0,0,0,0,0,0,0,0,0,0,0,0,0,2,1,58,20,24,P-864
11/9/23,13:31:38,Restauración,0,0,0,0,0,0,0,0,0,0,0,0,0,0,0,0,0,0,0,0,0,0,0,0,1,0,20,12,10,P-865
11/9/23,13:31:56,Restauración,0,0,0,0,0,0,0,0,0,2,0,0,0,0,0,0,0,0,0,1,0,0,0,0,1,0,70,46,55,P-866
11/9/23,13:32:07,Restauración,0,0,0,0,0,0,0,0,0,0,0,0,0,0,0,0,0,0,0,0,0,0,0,0,1,0,23,14,14,P-867
11/9/23,13:32:20,Restauración,0,0,0,0,0,0,0,0,0,0,0,0,0,0,0,0,0,0,0,0,0,0,0,0,1,0,4,5,8,P-868
11/9/23,13:32:28,Restauración,0,0,0,0,0,0,0,0,0,0,0,0,0,0,0,0,0,0,0,0,0,0,0,0,0,1,27,22,15,P-869
11/9/23,13:33:06,Restauración,0,0,0,0,0,0,0,0,0,3,0,0,0,0,0,0,0,1,0,0,0,0,0,0,5,0,92,74,46,P-870
11/9/23,13:33:33,Restauración,0,0,0,0,1,0,0,0,0,2,0,0,0,0,0,0,0,0,0,1,0,0,0,0,0,0,94,86,95,P-871
11/9/23,13:34:00,Restauración,0,0,0,0,0,0,0,0,0,1,0,0,0,0,0,0,0,0,0,1,0,0,0,0,1,0,84,76,89,P-872
11/9/23,13:34:24,Restauración,0,0,0,0,1,0,0,0,0,0,0,0,0,0,0,0,0,0,0,0,0,0,0,0,4,1,62,40,63,P-873
11/9/23,13:34:43,Restauración,0,0,0,0,0,0,0,0,0,0,0,0,0,0,0,0,0,0,0,0,0,0,0,0,2,1,30,23,42,P-874
11/9/23,13:34:54,Restauración,0,0,0,0,0,0,0,0,0,0,0,0,0,0,0,0,0,0,0,0,0,0,0,0,1,0,4,5,6,P-875
11/9/23,13:35:04,Restauración,0,0,0,0,0,0,0,0,0,0,0,0,0,0,0,0,0,0,0,0,0,0,0,0,1,0,26,15,12,P-876
11/9/23,13:35:10,Restauración,0,0,0,0,0,0,0,0,0,0,0,0,0,0,0,0,0,0,0,0,0,0,0,0,0,1,6,6,8,P-877
11/9/23,13:35:29,Restauración,0,0,0,0,0,0,0,0,1,1,0,0,0,0,0,0,0,0,0,0,0,0,0,0,1,0,69,35,28,P-878
11/9/23,13:35:48,Restauración,0,0,0,0,0,0,0,0,0,0,0,0,0,0,0,0,0,0,0,1,0,0,0,0,1,0,96,56,80,P-879
11/9/23,13:41:54,Restauración,0,0,0,0,0,0,0,0,0,0,0,0,0,0,0,0,0,0,0,1,0,0,0,0,0,0,25,20,53,P-880
11/9/23,13:42:12,Restauración,0,0,0,0,0,0,0,0,0,0,0,0,0,0,0,0,0,0,0,1,0,0,0,0,1,0,66,34,72,P-881
11/9/23,13:42:23,Restauración,0,0,0,0,0,0,0,0,0,0,0,0,0,0,0,0,0,0,0,0,0,0,0,0,1,0,40,34,27,P-882
11/9/23,13:42:33,Restauración,0,0,0,0,0,0,0,0,0,0,0,0,0,0,0,0,0,0,0,0,0,0,0,0,1,0,54,52,29,P-883
11/9/23,13:43:33,Restauración,0,0,0,0,0,0,0,0,0,0,1,0,0,0,0,0,0,0,0,1,0,0,0,0,10,2,265,144,145,P-884
11/9/23,13:43:46,Restauración,0,0,0,0,0,0,0,0,0,0,0,0,0,0,0,0,0,0,0,0,0,0,0,0,1,0,50,32,27,P-885
11/9/23,13:44:13,Restauración,0,0,0,0,0,0,0,0,0,0,0,0,0,0,0,0,0,0,0,2,0,0,0,0,2,0,98,89,91,P-886
11/9/23,13:44:21,Restauración,0,0,0,0,0,0,0,0,0,0,0,0,0,0,0,0,0,0,0,0,0,0,0,0,1,0,45,36,21,P-887
11/9/23,13:44:30,Restauración,0,0,0,0,0,0,0,0,0,0,0,0,0,0,0,0,0,0,0,0,0,0,0,0,2,0,42,23,23,P-888
11/9/23,13:44:51,Restauración,0,0,0,0,0,0,0,0,0,1,0,0,0,0,0,0,0,0,0,0,0,0,0,0,1,1,67,28,29,P-889
11/9/23,13:45:36,Restauración,0,0,0,0,0,0,0,0,0,0,0,0,0,0,0,0,0,0,0,1,0,0,0,0,1,0,132,90,71,P-890
11/9/23,13:46:14,Restauración,0,0,0,0,0,0,0,0,0,0,0,0,0,0,0,0,0,0,0,1,0,0,0,0,2,1,136,92,96,P-891
11/9/23,13:46:39,Restauración,0,0,0,0,0,0,0,0,0,0,0,0,0,0,0,0,0,0,0,1,0,0,0,0,2,0,146,115,117,P-892
11/9/23,13:47:21,Restauración,0,0,0,0,0,0,0,0,0,0,1,0,0,0,0,0,0,0,0,2,0,0,0,0,1,0,95,78,93,P-893
11/9/23,13:47:43,Restauración,0,0,0,0,0,0,0,0,0,0,0,0,0,0,0,0,0,0,0,1,0,0,0,0,2,1,98,76,69,P-894
11/9/23,13:48:26,Restauración,0,0,0,0,0,0,0,0,0,1,0,0,0,0,0,0,0,0,0,3,0,0,0,0,2,1,123,94,90,P-895
11/9/23,13:48:45,Restauración,0,0,0,0,0,0,0,0,0,0,0,0,0,0,0,0,0,0,0,1,0,0,0,0,0,0,37,28,40,P-896
11/9/23,13:49:39,Restauración,0,0,0,0,0,0,0,0,0,0,0,0,0,0,0,0,0,0,0,2,0,0,0,0,4,1,205,157,147,P-897
11/9/23,13:49:55,Restauración,0,0,0,0,0,0,0,0,0,0,0,0,0,0,0,0,0,0,0,0,0,0,0,0,1,0,50,29,27,P-898
11/9/23,13:50:41,Restauración,0,0,0,0,0,0,0,0,0,0,0,0,0,0,0,0,0,0,0,3,0,0,0,0,3,0,192,182,103,P-899
11/9/23,13:50:59,Restauración,0,0,0,0,0,0,0,0,0,0,0,0,0,0,0,0,0,0,0,0,0,0,0,0,1,0,32,20,18,P-900
11/9/23,13:51:05,Restauración,0,0,0,0,0,0,0,0,0,0,0,0,0,0,0,0,0,0,0,0,0,0,0,0,0,1,12,8,15,P-901
11/9/23,13:51:37,Restauración,0,0,0,0,2,0,0,0,0,0,0,0,0,0,0,0,0,0,0,0,0,0,0,0,11,0,190,72,70,P-902
11/9/23,13:51:59,Restauración,0,0,0,0,0,0,0,0,0,0,0,0,0,0,0,0,0,0,0,1,0,0,0,0,1,0,48,32,38,P-903
11/9/23,13:52:09,Restauración,0,0,0,0,0,0,0,0,0,0,0,0,0,0,0,0,0,0,0,0,0,0,0,0,1,0,20,12,14,P-904
11/9/23,13:52:14,Restauración,0,0,0,0,0,0,0,0,0,0,0,0,0,0,0,0,0,0,0,0,0,0,0,0,1,0,12,8,15,P-905
11/9/23,13:52:23,Restauración,0,0,0,0,0,0,0,0,0,0,0,0,0,0,0,0,0,0,0,0,0,0,0,0,1,1,52,42,26,P-906
11/9/23,13:52:41,Restauración,0,0,0,0,0,0,0,0,0,0,0,0,0,0,0,0,0,0,0,0,0,0,0,0,1,0,60,43,29,P-907
11/9/23,13:52:50,Restauración,0,0,0,0,0,0,0,0,0,0,0,0,0,0,0,0,0,0,0,0,0,0,0,0,1,0,27,23,15,P-908
11/9/23,13:53:01,Restauración,0,0,0,0,0,0,0,0,0,0,0,0,0,0,0,0,0,0,0,1,0,0,0,0,2,0,44,42,41,P-909
11/9/23,13:53:11,Restauración,0,0,0,0,0,0,0,0,0,0,0,0,0,0,0,0,0,0,0,0,0,0,0,0,0,1,18,12,15,P-910
11/9/23,13:53:19,Restauración,0,0,0,0,0,0,0,0,0,0,0,0,0,0,0,0,0,0,0,1,0,0,0,0,1,0,35,23,54,P-911
11/9/23,13:53:28,Restauración,0,0,0,0,0,0,0,0,0,0,0,0,0,0,0,0,0,0,0,0,0,0,0,0,1,0,14,16,10,P-912
11/9/23,13:53:54,Restauración,0,0,0,0,0,0,0,0,0,0,0,0,0,0,0,0,0,0,0,0,0,0,0,0,1,0,38,39,25,P-913
11/9/23,13:54:38,Restauración,0,0,0,0,0,0,0,0,0,0,1,0,0,0,0,0,0,0,0,1,0,0,0,0,2,1,57,52,39,P-914
11/9/23,13:54:48,Restauración,0,0,0,0,0,0,0,0,0,0,0,0,0,0,0,0,0,0,0,0,0,0,0,0,1,0,6,3,7,P-915
11/9/23,13:54:58,Restauración,0,0,0,0,0,0,0,0,0,0,1,0,0,0,0,0,0,0,0,0,0,0,0,0,1,0,31,19,18,P-916
11/9/23,13:55:10,Restauración,0,0,0,0,0,0,0,0,0,0,0,0,0,0,0,0,0,0,0,0,0,0,0,0,1,1,55,43,23,P-917
11/9/23,13:55:23,Restauración,0,0,0,0,0,0,0,0,0,0,0,0,0,0,0,0,0,0,0,0,0,0,0,0,1,1,59,44,22,P-918
11/9/23,13:56:28,Restauración,0,0,0,0,0,0,0,0,0,0,1,0,0,0,0,0,0,0,0,2,0,0,0,0,2,2,160,136,93,P-919
11/8/23,09:02:47,Restauración,0,0,0,0,0,0,0,0,0,0,0,0,0,0,0,1,0,0,0,0,0,0,0,0,1,0,49,46,24,P-920
11/8/23,09:03:28,Restauración,0,0,0,0,0,0,0,0,0,0,1,0,0,0,0,0,0,0,0,1,0,0,0,0,1,0,94,94,48,P-921
11/8/23,09:03:41,Restauración,0,0,0,0,0,0,0,0,0,0,1,0,0,0,0,0,0,0,0,0,0,0,0,0,0,0,7,2,8,P-922
11/8/23,09:03:50,Restauración,0,0,0,0,0,0,0,0,0,0,1,0,0,0,0,0,0,0,0,0,0,0,0,0,0,0,10,10,9,P-923
11/8/23,09:04:03,Restauración,0,0,0,0,0,0,0,0,0,0,0,0,0,0,0,0,0,0,0,0,0,0,0,0,1,0,15,12,25,P-924
11/8/23,09:04:22,Restauración,0,0,0,0,0,0,0,0,0,0,0,0,0,0,0,1,0,0,0,0,0,0,0,0,1,0,16,14,12,P-925
11/8/23,09:04:43,Restauración,0,0,0,0,0,0,0,0,0,0,1,0,0,0,0,1,0,0,0,0,0,0,0,0,1,0,35,25,27,P-926
11/8/23,09:04:51,Restauración,0,0,0,0,0,0,0,0,0,0,0,0,0,0,0,0,0,0,0,0,0,0,0,0,1,0,8,6,8,P-927
11/8/23,09:05:21,Restauración,0,0,0,0,0,0,0,0,0,0,1,0,0,0,0,2,0,0,0,0,0,0,0,0,1,0,49,29,10,P-928
11/8/23,09:05:42,Restauración,0,0,0,0,0,0,0,0,0,0,0,0,0,0,0,1,0,0,0,0,0,0,0,0,1,0,33,42,26,P-929
11/8/23,09:05:56,Restauración,0,0,0,0,0,0,0,0,0,0,1,0,0,0,0,0,0,0,0,0,0,0,0,0,0,0,20,1825,,P-930
11/8/23,09:06:17,Restauración,0,0,0,0,0,0,0,0,0,0,0,0,0,0,0,0,0,0,0,0,0,0,0,0,1,0,32,15,20,P-931
11/8/23,09:06:53,Restauración,0,0,0,0,0,0,0,0,0,0,0,0,0,0,0,2,0,0,0,1,0,0,0,0,0,0,82,77,62,P-932
11/8/23,09:07:11,Restauración,0,0,0,0,0,0,0,0,0,0,1,0,0,0,0,0,0,0,0,0,0,0,0,0,0,0,22,15,33,P-933
11/8/23,09:07:27,Restauración,0,0,0,0,0,0,0,0,0,0,1,0,0,0,0,1,0,0,0,0,0,0,0,0,0,0,24,23,35,P-934
11/8/23,09:08:05,Restauración,0,0,0,0,0,0,0,0,0,0,0,0,0,0,0,1,0,0,0,0,0,0,0,0,1,0,37,35,18,P-935
11/8/23,09:08:32,Restauración,0,0,0,0,0,0,0,0,0,0,0,0,0,0,0,2,0,0,0,0,0,0,0,0,2,0,61,51,20,P-936
11/8/23,09:08:54,Restauración,0,0,0,0,0,0,0,0,0,0,0,0,0,0,0,4,0,0,0,0,0,0,0,0,1,0,48,40,31,P-937
11/8/23,09:09:39,Restauración,0,0,0,0,0,0,0,0,0,0,0,0,0,0,0,3,0,0,0,0,0,0,0,0,1,0,72,60,28,P-938
11/8/23,09:10:11,Restauración,0,0,0,0,0,0,0,0,0,0,1,0,0,0,0,4,0,0,0,0,0,0,0,0,2,0,51,64,30,P-939
11/8/23,09:10:30,Restauración,0,0,0,0,0,0,0,0,0,1,0,0,0,0,0,0,0,0,0,0,0,0,0,0,1,0,18,20,24,P-940
11/8/23,09:10:38,Restauración,0,0,0,0,0,0,0,0,0,0,0,0,0,0,0,0,0,0,0,0,0,0,0,0,1,0,11,108,,P-941
11/8/23,09:11:19,Restauración,0,0,0,0,0,0,0,0,0,1,0,0,0,0,0,0,0,0,0,0,0,0,0,0,2,0,79,40,23,P-942
11/8/23,09:11:59,Restauración,0,0,0,0,0,0,0,0,0,0,0,0,0,0,0,2,0,0,0,1,0,0,0,0,1,0,67,47,42,P-943
11/8/23,09:12:13,Restauración,0,0,0,0,0,0,0,0,0,0,0,0,0,0,0,1,0,0,0,0,0,0,0,0,1,0,27,14,15,P-944
11/8/23,09:12:47,Restauración,0,0,0,0,0,0,0,0,0,0,0,0,0,0,0,2,0,0,0,0,0,0,0,0,1,0,49,42,34,P-945
11/8/23,09:13:09,Restauración,0,0,0,0,0,0,0,0,0,0,0,0,0,0,0,2,0,0,0,0,0,0,0,0,2,0,42,29,29,P-946
11/8/23,09:13:33,Restauración,0,0,0,0,0,0,0,0,0,0,0,0,0,0,0,0,0,0,0,0,0,0,0,0,1,0,6,9,7,P-947
11/8/23,09:13:47,Restauración,0,0,0,0,0,0,0,0,0,0,0,0,0,0,0,0,0,0,0,0,0,0,0,0,1,0,37,34,22,P-948
11/8/23,09:14:24,Restauración,0,0,0,0,0,0,0,0,0,1,0,0,0,0,0,0,0,0,0,0,0,0,0,0,0,0,77,82,66,P-949
11/8/23,09:14:56,Restauración,0,0,0,0,0,0,0,0,0,0,0,0,0,0,0,0,0,0,0,0,0,0,0,0,1,0,34,35,27,P-950
11/8/23,09:16:14,Restauración,0,0,0,0,0,0,0,0,0,0,1,0,0,0,0,0,0,0,0,0,1,0,0,0,0,0,45,38,34,P-951
11/8/23,09:16:47,Restauración,0,0,0,0,0,0,0,0,0,0,0,0,0,0,0,0,0,0,0,0,0,0,0,0,1,0,41,30,28,P-952
11/8/23,09:17:05,Restauración,0,0,0,0,0,0,0,0,0,0,0,0,0,0,0,0,0,0,0,0,0,0,0,0,1,0,1,1,1,P-953
11/8/23,09:18:10,Restauración,0,0,0,0,0,0,1,0,0,0,0,0,0,0,0,0,0,0,0,0,0,0,0,0,3,0,68,48,22,P-954
11/8/23,09:18:58,Restauración,0,0,0,0,0,0,0,0,0,1,0,0,0,0,0,0,0,0,0,0,0,1,0,0,1,0,12,13,10,P-955
11/8/23,09:19:20,Restauración,0,0,0,0,0,0,0,0,0,0,0,0,0,0,0,0,0,0,0,0,0,0,0,0,3,0,64,63,23,P-956
11/8/23,09:19:33,Restauración,0,0,0,0,0,0,0,0,0,0,0,0,0,0,0,0,0,0,0,0,0,0,0,0,1,0,9,8,5,P-957
11/8/23,09:19:47,Restauración,0,0,0,0,0,0,0,0,0,1,0,0,0,0,0,0,0,0,0,0,0,0,0,0,0,0,16,16,29,P-958
11/8/23,09:20:16,Restauración,0,0,0,0,0,0,0,0,0,0,0,0,0,0,0,0,0,0,0,1,0,0,0,0,2,0,72,66,82,P-959
11/8/23,09:20:38,Restauración,0,0,0,0,0,0,0,0,0,0,0,0,0,0,0,0,0,0,0,2,0,0,0,0,0,0,51,47,43,P-960
11/8/23,09:20:49,Restauración,0,0,0,0,0,0,0,0,0,1,0,0,0,0,0,0,0,0,0,0,0,0,0,0,0,0,4,3,4,P-961
11/8/23,09:22:53,Restauración,0,0,0,0,0,0,0,0,0,0,1,0,0,0,0,4,0,0,0,0,0,0,0,0,9,0,154,73,35,P-962
11/8/23,09:23:17,Restauración,0,0,0,0,0,0,0,0,0,0,0,0,0,0,0,0,0,0,0,0,0,0,0,0,1,0,15,17,18,P-963
11/8/23,09:23:30,Restauración,0,0,0,0,0,0,0,0,0,0,0,0,0,0,0,1,0,0,0,0,0,0,0,0,1,0,18,11,15,P-964
11/8/23,09:23:40,Restauración,0,0,0,0,0,0,0,0,0,0,1,0,0,0,0,1,0,0,0,0,0,0,0,0,0,0,26,25,25,P-965
11/8/23,09:24:05,Restauración,0,0,0,0,0,0,0,0,0,0,0,0,0,0,0,0,0,0,0,0,0,0,0,0,1,0,24,24,19,P-966
11/8/23,09:24:24,Restauración,0,0,0,0,0,0,0,0,0,0,0,0,0,0,0,0,0,0,0,0,0,0,0,0,2,0,53,35,30,P-967
11/8/23,09:24:54,Restauración,0,0,0,0,0,0,0,0,0,0,1,0,0,0,0,0,0,0,0,0,0,0,0,0,0,0,21,22,27,P-968
11/8/23,09:25:20,Restauración,0,0,0,0,0,0,0,0,0,0,1,0,0,0,0,0,0,0,0,1,0,0,0,0,0,0,104,80,65,P-969
11/8/23,09:25:33,Restauración,0,0,0,0,0,0,0,0,0,0,0,0,0,0,0,0,0,0,0,0,0,0,0,0,1,0,42,33,24,P-970
11/8/23,09:25:53,Restauración,0,0,0,0,0,0,0,0,0,1,0,0,0,0,0,0,0,0,0,0,0,0,0,0,0,0,21,17,46,P-971
11/8/23,09:26:09,Restauración,0,0,0,0,0,0,0,0,0,1,0,0,0,0,0,0,0,0,0,0,0,0,0,0,0,0,13,14,16,P-972
11/8/23,09:26:27,Restauración,0,0,0,0,0,0,0,0,0,1,0,0,0,0,0,0,0,0,0,0,0,0,0,0,0,0,34,32,44,P-973
11/8/23,09:27:08,Restauración,0,0,0,0,0,0,0,0,0,1,1,0,0,0,0,1,0,0,0,1,0,0,0,0,1,0,93,75,72,P-974
11/8/23,09:27:38,Restauración,0,0,0,0,0,0,0,0,0,1,1,0,0,0,0,0,0,0,0,0,0,0,0,0,0,0,38,22,33,P-975
11/8/23,09:28:07,Restauración,0,0,0,0,0,0,0,0,0,1,0,0,0,0,0,0,0,0,0,0,0,0,0,0,0,0,20,19,37,P-976
11/8/23,09:28:18,Restauración,0,0,0,0,0,0,0,0,0,0,1,0,0,0,0,0,0,0,0,0,0,0,0,0,0,0,20,16,17,P-977
11/8/23,09:28:31,Restauración,0,0,0,0,0,0,0,0,0,0,1,0,0,0,0,0,0,0,0,0,0,0,0,0,0,0,24,18,28,P-978
11/8/23,09:30:43,Restauración,0,0,0,0,0,0,0,0,0,0,1,0,0,0,0,2,0,0,0,3,0,0,0,0,2,0,237,154,70,P-979
11/8/23,09:31:24,Restauración,0,0,0,0,0,0,0,0,0,0,1,0,0,0,0,1,0,0,0,0,0,0,0,0,1,0,59,46,28,P-980
11/8/23,09:31:45,Restauración,0,0,0,0,0,0,0,0,0,0,1,0,0,0,0,0,0,0,0,0,0,0,0,0,0,0,6,6,12,P-981
11/8/23,09:32:36,Restauración,0,0,0,0,0,0,0,0,0,1,3,0,0,0,0,1,0,0,0,1,0,0,0,0,0,0,101,101,54,P-982
11/8/23,09:33:22,Restauración,0,0,0,0,0,0,0,0,0,1,0,0,0,0,0,1,0,0,0,0,0,0,0,0,1,0,38,30,19,P-983
11/8/23,09:33:30,Restauración,0,0,0,0,0,0,0,0,0,0,0,0,0,0,0,0,0,0,0,0,0,0,0,0,1,0,45,28,15,P-984
11/8/23,09:33:43,Restauración,0,0,0,0,0,0,0,0,0,0,0,0,0,0,0,0,0,0,0,0,0,0,0,0,1,0,11,10,7,P-985
11/8/23,09:34:42,Restauración,0,0,0,0,0,0,0,0,1,0,1,0,0,0,0,0,0,0,0,1,0,0,0,0,2,0,110,98,50,P-986
11/8/23,09:35:07,Restauración,0,0,0,0,0,0,0,0,0,0,1,0,0,0,0,1,0,0,0,0,0,0,0,0,0,0,19,12,14,P-987
11/8/23,09:35:25,Restauración,0,0,0,0,0,0,0,0,0,0,0,0,0,0,0,0,0,0,0,0,0,0,0,0,1,0,40,39,27,P-988
11/8/23,09:36:38,Restauración,0,0,0,0,0,1,0,0,0,0,0,0,0,0,0,0,0,0,0,0,0,0,0,0,1,0,39,30,29,P-989
11/8/23,09:36:54,Restauración,0,0,0,0,0,0,0,0,2,1,0,0,0,0,0,0,0,0,0,0,0,0,0,0,1,0,17,16,14,P-990
11/8/23,09:37:21,Restauración,0,0,0,0,0,0,0,0,0,1,1,0,0,0,0,0,0,0,0,0,0,0,0,0,1,0,24,24,17,P-991
11/8/23,09:37:46,Restauración,0,0,0,0,0,0,0,0,0,0,2,0,0,0,0,0,0,0,0,0,0,0,0,0,0,0,45,39,40,P-992
11/8/23,09:38:34,Restauración,0,0,0,0,0,0,0,0,0,0,1,0,0,0,0,0,0,0,0,1,0,0,0,0,0,0,112,96,100,P-993
11/8/23,09:39:25,Restauración,0,0,0,0,0,0,0,0,0,0,1,0,0,0,0,0,0,0,0,0,0,0,0,0,0,0,38,24,30,P-994
11/8/23,09:39:40,Restauración,0,0,0,0,0,0,0,0,0,1,0,0,0,0,0,0,0,0,0,0,0,0,0,0,0,0,17,20,53,P-995
11/8/23,09:40:10,Restauración,0,0,0,0,0,0,0,0,0,1,0,0,0,0,0,0,0,0,0,0,0,0,0,0,0,0,18,18,22,P-996
11/8/23,09:40:18,Restauración,0,0,0,0,0,0,0,0,0,0,0,0,0,0,0,0,0,0,0,0,0,0,0,0,1,0,16,17,12,P-997
11/8/23,09:40:30,Restauración,0,0,0,0,0,0,0,0,0,1,0,0,0,0,0,0,0,0,0,0,0,0,0,0,0,0,32,22,36,P-998
11/8/23,09:40:43,Restauración,0,0,0,0,0,0,0,0,0,0,0,0,0,0,0,0,0,0,0,0,0,0,0,0,1,0,1,1,1,P-999
11/8/23,09:41:01,Restauración,0,0,0,0,0,0,0,0,0,1,0,0,0,0,0,0,0,0,0,0,0,0,0,0,2,0,45,37,37,P-1000
11/8/23,09:41:18,Restauración,0,0,0,0,0,0,0,0,0,0,0,0,0,0,0,0,0,0,0,0,0,0,0,0,1,0,8,9,8,P-1001
11/8/23,09:41:45,Restauración,0,0,0,0,0,0,0,0,0,0,0,0,0,0,0,0,0,0,0,0,0,0,0,0,1,0,80,50,20,P-1002
11/8/23,09:42:08,Restauración,0,0,0,0,0,0,0,0,0,0,0,0,0,0,0,0,0,0,0,0,0,0,0,0,1,0,17,14,14,P-1003
11/8/23,09:42:36,Restauración,0,0,0,0,0,0,0,0,0,0,0,0,0,0,0,2,0,0,0,0,0,0,0,0,2,0,27,29,11,P-1004
11/8/23,09:42:49,Restauración,0,0,0,0,0,0,0,0,0,0,0,0,0,0,0,1,0,0,0,0,0,0,0,0,1,0,33,32,7,P-1005
11/8/23,09:42:54,Restauración,0,0,0,0,0,0,0,0,0,0,1,0,0,0,0,0,0,0,0,0,0,0,0,0,0,0,10,6,9,P-1006
11/8/23,09:43:14,Restauración,0,0,0,0,0,0,0,0,0,0,0,0,0,0,0,1,0,0,0,0,0,0,0,0,1,0,13,10,11,P-1007
11/8/23,09:43:27,Restauración,0,0,0,0,0,0,0,0,0,1,0,0,0,0,0,0,0,0,0,0,0,0,0,0,1,0,19,14,22,P-1008
11/8/23,09:44:01,Restauración,0,0,0,0,0,0,0,0,0,1,0,0,0,0,0,0,0,0,0,0,0,0,0,0,1,0,37,40,49,P-1009
11/8/23,09:44:12,Restauración,0,0,0,0,0,0,0,0,0,1,0,0,0,0,0,0,0,0,0,0,0,0,0,0,0,0,4,4,4,P-1010
11/8/23,09:44:48,Restauración,0,0,0,0,0,0,0,0,0,0,1,0,0,0,0,0,0,0,0,1,0,0,0,0,0,0,95,75,67,P-1011
11/8/23,09:45:12,Restauración,0,0,0,0,0,0,0,0,0,0,1,0,0,0,0,0,0,0,0,1,0,0,0,0,0,0,102,100,100,P-1012
11/8/23,09:45:41,Restauración,0,0,0,0,0,0,0,0,0,0,0,0,0,0,0,0,0,0,0,0,0,0,0,0,1,0,36,35,20,P-1013
11/8/23,09:46:05,Restauración,0,0,0,0,0,0,0,0,0,0,0,0,0,0,0,0,0,0,0,0,0,0,0,0,1,0,28,40,14,P-1014
11/8/23,09:46:22,Restauración,0,0,0,0,0,0,0,0,0,0,1,0,0,0,0,0,0,0,0,0,0,0,0,0,0,0,28,26,29,P-1015
11/8/23,09:46:49,Restauración,0,0,0,0,0,0,0,0,0,0,1,0,0,0,0,1,0,0,0,0,0,0,0,0,1,0,19,18,15,P-1016
11/8/23,09:47:48,Restauración,0,0,0,0,0,1,0,0,0,0,1,0,0,0,0,2,0,0,0,0,0,0,0,0,1,0,62,59,51,P-1017
11/8/23,09:48:33,Restauración,0,0,0,0,0,0,0,0,0,0,2,0,0,0,0,0,0,0,0,0,0,0,0,0,0,0,14,11,17,P-1018
11/8/23,09:48:49,Restauración,0,0,0,0,0,0,0,0,0,0,1,0,0,0,0,2,0,0,0,0,0,0,0,0,1,0,39,22,25,P-1019
11/8/23,09:49:03,Restauración,0,0,0,0,0,0,0,0,0,0,0,0,0,0,0,1,0,0,0,0,0,0,0,0,1,0,17,17,9,P-1020
11/8/23,09:49:17,Restauración,0,0,0,0,0,0,0,0,0,0,0,0,0,0,0,1,0,0,0,0,0,0,0,0,1,0,30,18,20,P-1021
11/8/23,09:49:37,Restauración,0,0,0,0,0,0,0,0,0,0,0,0,0,0,0,1,0,0,0,0,0,0,0,0,1,0,24,24,30,P-1022
11/8/23,09:50:07,Restauración,0,0,0,0,0,0,0,0,0,0,1,0,0,0,0,1,0,0,0,0,0,0,0,0,2,0,54,36,25,P-1023
11/8/23,09:50:35,Restauración,0,0,0,0,0,0,0,0,0,0,0,0,0,0,0,0,0,0,0,0,0,0,0,0,1,0,40,38,27,P-1024
11/8/23,09:51:01,Restauración,0,0,0,0,0,0,0,0,0,0,0,0,0,0,0,0,0,0,0,0,0,0,0,0,1,0,23,20,24,P-1025
11/8/23,09:51:36,Restauración,0,0,0,0,0,0,0,0,0,0,0,0,0,0,0,0,0,0,0,0,0,0,0,0,1,0,47,37,25,P-1026
11/8/23,09:51:50,Restauración,0,0,0,0,0,0,0,0,0,0,0,0,0,0,0,0,0,0,0,0,0,0,0,0,1,0,40,30,29,P-1027
11/8/23,09:52:25,Restauración,0,0,0,0,0,0,0,0,0,0,0,0,0,0,0,0,0,0,0,0,0,0,0,0,1,0,54,54,27,P-1028
11/8/23,09:52:57,Restauración,0,0,0,0,0,0,0,0,0,0,0,0,0,0,0,0,0,0,0,0,0,1,0,0,0,0,27,24,10,P-1029
11/8/23,09:55:54,Restauración,0,0,0,0,0,0,0,0,0,0,0,0,0,0,0,0,0,0,0,1,0,0,0,0,3,0,122,90,67,P-1030
11/8/23,09:56:07,Restauración,0,0,0,0,0,0,0,0,0,0,0,0,0,0,0,0,0,0,0,0,0,0,0,0,1,0,40,37,33,P-1031
11/8/23,09:56:51,Restauración,0,0,0,0,0,0,0,0,0,0,0,0,0,0,0,0,0,0,0,1,0,0,0,0,5,0,113,127,100,P-1032
11/8/23,09:57:53,Restauración,0,0,0,0,0,0,0,0,0,0,0,0,0,0,0,0,0,0,0,1,0,0,0,0,2,0,138,140,76,P-1033
11/8/23,09:58:08,Restauración,0,0,0,0,0,0,0,0,0,0,1,0,0,0,0,0,0,0,0,0,0,0,0,0,1,0,53,16,18,P-1034
11/8/23,09:58:20,Restauración,0,0,0,0,0,0,0,0,0,0,0,0,0,0,0,0,0,0,0,0,0,0,0,0,2,0,37,38,28,P-1035
11/8/23,09:58:30,Restauración,0,0,0,0,0,0,0,0,0,0,0,0,0,0,0,0,0,0,0,0,0,0,0,0,1,0,21,17,7,P-1036
11/8/23,09:58:38,Restauración,0,0,0,0,0,0,0,0,0,0,0,0,0,0,0,0,0,0,0,0,0,0,0,0,1,0,29,24,16,P-1037
11/8/23,09:58:58,Restauración,0,0,0,0,0,0,0,0,0,0,0,0,0,0,0,1,0,0,0,0,0,0,0,0,1,0,34,20,21,P-1038
11/8/23,09:59:32,Restauración,0,0,0,0,0,0,0,0,0,0,1,0,0,0,0,2,0,0,0,0,0,0,0,0,1,0,44,40,48,P-1039
11/8/23,09:59:51,Restauración,0,0,0,0,0,0,0,0,0,0,1,0,0,0,0,1,0,0,0,0,0,0,0,0,1,0,36,34,30,P-1040
11/8/23,10:00:21,Restauración,0,0,0,0,0,0,0,0,0,0,1,0,0,0,0,1,0,0,0,0,0,0,0,0,1,0,45,58,32,P-1041
11/8/23,10:04:22,Restauración,0,0,0,0,0,0,0,0,0,2,0,0,1,0,0,1,0,0,0,0,0,0,0,0,7,0,169,111,40,P-1042
11/8/23,10:05:03,Restauración,0,0,0,0,0,0,0,0,0,0,1,0,0,0,0,0,0,0,0,0,0,0,0,0,0,0,17,17,18,P-1043
11/8/23,10:05:41,Restauración,0,0,0,0,0,0,0,0,0,2,0,0,0,0,0,0,0,0,0,0,0,0,0,0,1,0,84,97,43,P-1044
11/8/23,10:06:00,Restauración,0,0,0,0,0,0,0,0,0,0,0,0,0,0,0,0,0,0,0,0,0,0,0,0,1,0,28,40,20,P-1045
11/8/23,10:06:08,Restauración,0,0,0,0,0,0,0,0,0,0,0,0,0,0,0,0,0,0,0,0,0,0,0,0,1,0,10,10,10,P-1046
11/8/23,10:07:09,Restauración,0,0,0,0,0,0,0,0,0,3,1,0,0,0,0,0,0,0,0,0,0,0,0,0,3,0,121,67,35,P-1047
11/8/23,10:07:37,Restauración,0,0,0,0,0,0,0,0,0,0,0,0,0,0,0,0,0,0,0,0,0,0,0,0,3,0,132,67,24,P-1048
11/8/23,10:16:21,Restauración,0,1,0,0,0,0,0,0,0,1,1,0,0,0,0,0,0,0,0,0,0,0,0,0,2,0,115,107,55,P-1049
11/9/23,08:50:58,Restauración,0,0,0,0,0,0,0,0,0,2,1,0,0,0,0,0,0,0,0,1,0,0,0,0,8,0,192,170,90,P-1050
11/9/23,08:51:06,Restauración,0,0,0,0,0,0,0,0,0,0,0,0,0,0,0,0,0,0,0,0,0,0,0,0,1,0,21,21,20,P-1051
11/9/23,08:51:19,Restauración,0,0,0,0,0,0,0,0,0,0,0,0,0,0,0,0,0,0,0,0,0,0,0,0,2,0,40,25,21,P-1052
11/9/23,08:51:38,Restauración,0,0,0,0,0,0,0,0,0,0,0,0,0,0,0,0,0,0,0,1,0,0,0,0,3,0,54,42,78,P-1053
11/9/23,08:52:21,Restauración,0,0,0,0,0,0,0,0,0,0,0,0,0,0,0,0,0,0,0,1,0,0,0,0,7,0,119,94,75,P-1054
11/9/23,08:53:07,Restauración,0,0,0,0,0,0,0,0,0,0,0,0,0,0,0,0,0,0,0,1,0,0,0,0,9,0,178,106,70,P-1055
11/9/23,08:53:26,Restauración,0,0,0,0,0,0,0,0,0,1,0,0,0,0,0,0,0,0,0,0,0,0,0,0,1,0,47,37,22,P-1056
11/9/23,08:53:37,Restauración,0,0,0,0,0,0,0,0,0,0,0,0,0,0,0,0,0,0,0,0,0,0,0,0,1,0,47,47,46,P-1057
11/9/23,08:53:58,Restauración,0,0,0,0,0,0,0,0,0,0,0,0,0,0,0,0,0,0,0,1,0,0,0,0,1,0,37,37,48,P-1058
11/9/23,08:54:35,Restauración,0,0,0,0,0,0,0,0,0,0,0,0,0,0,0,0,0,0,0,1,0,0,0,0,2,0,79,58,59,P-1059
11/9/23,08:55:22,Restauración,0,0,0,0,0,0,0,0,0,1,1,0,0,0,0,0,0,0,0,0,0,0,0,0,2,0,107,67,40,P-1060
11/9/23,08:55:53,Restauración,0,0,0,0,0,0,0,0,0,0,0,0,0,0,0,0,0,0,0,0,0,0,0,0,1,0,80,65,42,P-1061
11/9/23,08:56:36,Restauración,0,0,0,0,0,0,0,0,0,1,1,0,0,0,0,0,0,0,0,2,0,0,0,0,3,0,150,100,60,P-1062
11/9/23,08:57:06,Restauración,0,0,0,0,0,0,0,0,0,0,0,0,0,0,0,0,0,0,0,0,0,0,0,0,1,0,54,41,30,P-1063
11/9/23,08:57:46,Restauración,0,0,0,0,0,0,0,0,0,0,0,0,0,0,0,1,0,0,0,0,0,1,0,0,1,0,37,37,21,P-1064
11/9/23,08:58:19,Restauración,0,1,0,0,0,0,0,0,0,1,1,0,0,0,0,0,0,0,0,0,0,0,0,0,1,0,50,35,38,P-1065
11/9/23,08:58:49,Restauración,0,0,0,0,0,0,0,0,0,0,0,0,0,0,0,0,0,0,0,0,0,0,0,0,1,0,30,32,18,P-1066
11/9/23,08:59:18,Restauración,0,0,0,0,0,0,0,0,0,0,1,0,0,0,0,0,0,0,0,0,0,0,0,0,3,0,79,60,25,P-1067
11/9/23,08:59:34,Restauración,0,0,0,0,0,0,0,0,0,1,0,0,0,0,0,0,0,0,0,0,0,0,0,0,1,0,32,22,20,P-1068
11/9/23,09:00:19,Restauración,0,1,0,0,0,0,0,0,0,0,1,0,0,0,0,0,0,0,0,0,0,0,0,0,4,0,85,74,30,P-1069
11/9/23,09:01:11,Restauración,0,0,0,0,0,0,0,0,0,0,0,0,0,0,0,0,0,0,0,0,0,0,0,0,3,0,59,40,20,P-1070
11/9/23,09:01:59,Restauración,0,0,0,0,0,0,0,0,0,2,1,0,0,0,0,0,0,0,0,0,0,0,0,0,2,0,35,27,35,P-1071
11/9/23,09:02:29,Restauración,0,0,0,0,0,0,0,0,0,1,0,0,0,0,0,0,0,0,0,0,0,0,0,0,2,0,28,64,45,P-1072
11/9/23,09:02:58,Restauración,0,0,0,0,0,0,0,0,0,0,0,0,0,0,0,0,0,0,0,1,0,0,0,0,0,0,70,80,97,P-1073
11/9/23,09:03:49,Restauración,0,0,0,0,0,0,0,0,0,0,2,0,0,0,0,0,0,0,0,1,0,0,0,0,3,0,127,97,73,P-1074
11/9/23,09:04:00,Restauración,0,0,0,0,0,0,0,0,1,0,0,0,0,0,0,0,0,0,0,0,0,0,0,0,0,0,2,2,4,P-1075
11/9/23,09:04:03,Restauración,0,0,0,0,0,0,0,0,1,0,0,0,0,0,0,0,0,0,0,0,0,0,0,0,0,0,1,1,2,P-1076
11/9/23,09:04:32,Restauración,0,0,0,0,0,0,0,0,0,0,0,0,0,0,0,1,0,0,0,0,0,0,0,0,1,0,20,19,13,P-1077
11/9/23,09:05:15,Restauración,0,0,0,1,0,0,0,0,0,0,0,0,0,0,0,1,0,0,0,0,0,0,0,0,4,0,88,74,18,P-1078
11/9/23,09:05:39,Restauración,0,0,0,0,0,0,0,0,0,1,0,0,0,0,0,0,0,0,0,0,0,0,0,0,0,0,2,1,2,P-1079
11/9/23,09:06:17,Restauración,0,0,0,0,0,0,0,0,0,6,0,0,0,0,0,0,0,0,0,0,0,0,0,0,0,0,53,70,42,P-1080
11/9/23,09:06:39,Restauración,0,0,0,0,0,0,0,0,0,1,0,0,0,0,0,0,0,0,0,0,0,0,0,0,0,0,37,40,37,P-1081
11/9/23,09:07:43,Restauración,0,0,0,0,0,0,0,0,2,0,0,0,0,0,0,0,0,0,0,2,0,1,0,0,0,0,160,97,80,P-1082
11/9/23,09:08:02,Restauración,0,0,0,0,0,0,0,0,0,0,0,0,0,0,0,0,0,0,0,1,0,0,0,0,0,0,17,24,26,P-1083
11/9/23,09:08:11,Restauración,0,0,0,0,0,0,0,0,0,0,0,0,0,0,0,0,0,0,0,1,0,0,0,0,1,0,28,24,28,P-1084
11/9/23,09:08:46,Restauración,0,0,0,0,0,0,0,0,0,0,2,0,0,1,0,0,0,0,0,0,0,0,0,0,0,0,80,55,57,P-1085
11/9/23,09:09:20,Restauración,0,0,0,0,0,0,0,0,0,0,0,0,0,0,0,0,0,0,0,1,0,0,0,0,0,0,65,60,70,P-1086
11/9/23,09:09:37,Restauración,0,0,0,0,0,0,0,0,0,1,0,0,0,0,0,0,0,0,0,0,0,0,0,0,1,0,13,15,18,P-1087
11/9/23,09:10:06,Restauración,0,0,0,0,0,0,0,0,1,0,0,0,0,0,0,0,0,0,0,1,0,1,0,0,0,0,108,65,73,P-1088
11/9/23,09:10:51,Restauración,0,0,0,0,0,0,0,0,0,0,0,0,0,0,0,0,0,0,0,1,0,0,0,0,0,0,119,100,73,P-1089
11/9/23,09:11:32,Restauración,0,0,0,0,0,0,0,0,0,1,1,0,0,0,0,0,0,0,0,1,0,0,0,0,1,0,110,100,67,P-1090
11/9/23,09:12:10,Restauración,0,0,0,0,0,0,0,0,1,0,0,0,0,0,0,0,0,0,0,0,0,0,0,0,0,0,26,22,25,P-1091
11/9/23,09:12:23,Restauración,0,0,0,0,0,0,0,0,0,1,0,0,0,0,0,0,0,0,0,0,0,0,0,0,0,0,10,9,12,P-1092
11/9/23,09:12:31,Restauración,0,0,0,0,0,0,0,0,0,1,0,0,0,0,0,0,0,0,0,0,0,0,0,0,0,0,12,15,17,P-1093
11/9/23,09:13:38,Restauración,0,0,0,0,0,0,0,0,0,0,1,0,0,0,0,0,0,0,0,3,0,0,0,0,4,0,155,80,73,P-1094
11/9/23,09:14:06,Restauración,0,0,0,0,0,0,0,0,2,1,0,0,0,0,0,0,0,0,0,0,0,0,0,0,1,0,34,33,20,P-1095
11/9/23,09:14:19,Restauración,0,0,0,0,0,0,0,0,0,1,0,0,0,0,0,0,0,0,0,0,0,0,0,0,0,0,25,20,55,P-1096
11/9/23,09:14:27,Restauración,0,0,0,0,0,0,0,0,0,1,0,0,0,0,0,0,0,0,0,0,0,0,0,0,0,0,3,1,3,P-1097
11/9/23,09:15:12,Restauración,0,0,0,0,0,0,0,0,0,0,0,0,0,0,0,0,0,0,0,0,0,0,0,0,1,0,25,20,20,P-1098
11/9/23,09:15:21,Restauración,0,0,0,0,0,0,0,0,0,1,0,0,0,0,0,0,0,0,0,0,0,0,0,0,0,0,42,34,40,P-1099
11/9/23,09:15:39,Restauración,0,0,0,0,0,0,0,0,0,0,0,0,0,0,0,0,0,0,0,1,0,0,0,0,3,0,32,15,15,P-1100
11/9/23,09:15:50,Restauración,0,0,0,0,0,0,0,0,0,0,0,0,0,0,0,0,0,0,0,0,0,0,0,0,1,0,20,20,17,P-1101
11/9/23,09:16:14,Restauración,0,0,0,0,0,0,0,0,0,0,0,0,0,0,0,0,0,0,0,0,0,0,0,0,1,0,40,40,12,P-1102
11/9/23,09:16:31,Restauración,0,0,0,0,0,0,0,0,1,0,1,0,0,0,0,0,0,0,0,0,0,0,0,0,0,0,34,23,20,P-1103
11/9/23,09:17:16,Restauración,0,0,0,0,0,0,0,0,0,0,0,0,0,0,0,0,0,0,0,0,0,0,0,0,2,0,40,24,11,P-1104
11/9/23,09:18:10,Restauración,0,1,0,0,0,0,0,0,0,2,0,0,0,0,0,0,0,0,0,3,0,0,0,0,0,0,90,60,60,P-1105
11/9/23,09:18:32,Restauración,0,0,0,0,0,0,0,0,1,3,0,0,0,0,0,0,0,0,0,0,0,0,0,0,1,0,25,20,20,P-1106
11/9/23,09:18:56,Restauración,0,0,0,0,0,0,0,0,7,0,1,0,0,0,0,0,0,0,0,0,0,0,0,0,0,0,45,38,40,P-1107
11/9/23,09:19:39,Restauración,0,0,0,0,0,0,0,0,0,0,0,0,0,0,0,0,0,0,0,1,0,0,0,0,1,0,58,50,40,P-1108
11/9/23,09:21:56,Restauración,0,0,0,0,0,0,0,0,2,1,0,0,0,0,0,0,0,0,0,0,0,0,0,0,1,0,34,20,18,P-1109
11/9/23,09:22:09,Restauración,0,0,0,0,0,0,0,0,0,1,0,0,0,0,0,0,0,0,0,1,0,0,0,0,0,0,16,17,29,P-1110
11/9/23,09:23:05,Restauración,0,0,0,0,0,0,0,0,0,0,0,0,0,0,0,0,0,0,0,1,0,0,0,0,0,0,57,60,60,P-1111
11/9/23,09:24:00,Restauración,0,0,0,0,0,0,0,0,0,0,0,0,0,0,0,0,0,0,0,1,0,0,0,0,0,0,30,31,15,P-1112
11/9/23,09:24:10,Restauración,0,0,0,0,0,0,0,0,0,1,0,0,0,0,0,0,0,0,0,0,0,0,0,0,1,0,7,6,5,P-1113
11/9/23,09:24:32,Restauración,0,0,0,0,0,0,0,0,0,0,0,0,0,0,0,0,0,0,0,0,0,1,0,0,1,0,35,39,27,P-1114
11/9/23,09:25:04,Restauración,0,0,0,0,0,0,0,0,0,0,0,0,0,0,0,0,0,0,0,0,0,1,0,0,3,0,87,79,76,P-1115
11/9/23,09:25:31,Restauración,0,0,0,0,0,0,0,0,0,0,1,0,0,0,0,0,0,0,0,0,0,0,0,0,0,0,40,37,60,P-1116
11/9/23,09:26:35,Restauración,0,0,0,0,0,0,0,0,0,0,0,0,0,0,0,0,0,0,0,1,0,0,0,0,0,0,107,90,100,P-1117
11/9/23,09:27:00,Restauración,0,0,0,0,0,0,0,0,0,1,0,0,0,0,0,0,0,0,0,0,0,0,0,0,0,0,40,44,30,P-1118
11/9/23,09:27:11,Restauración,0,0,0,0,0,0,0,0,0,1,1,0,0,0,0,0,0,0,0,0,0,0,0,0,1,0,40,30,20,P-1119
11/9/23,09:27:54,Restauración,0,0,0,0,0,0,0,0,0,1,0,0,0,0,0,0,0,0,0,0,0,1,0,0,0,0,123,102,83,P-1120
11/9/23,09:28:31,Restauración,0,0,0,0,0,0,0,0,0,0,1,0,0,0,0,0,0,0,0,0,0,0,0,0,0,0,34,30,34,P-1121
11/9/23,09:28:53,Restauración,0,0,0,0,0,0,0,0,1,0,1,0,0,0,0,0,0,0,0,0,0,0,0,0,0,0,19,12,12,P-1122
11/9/23,09:29:12,Restauración,0,0,0,0,0,0,0,0,0,1,0,0,0,0,0,0,0,0,0,0,0,1,0,0,0,0,40,38,35,P-1123
11/9/23,09:29:22,Restauración,0,0,0,0,0,0,0,0,0,0,0,0,0,0,0,0,0,0,0,1,0,0,0,0,0,0,20,20,20,P-1124
11/9/23,09:30:03,Restauración,0,0,0,0,0,0,0,0,0,2,0,0,0,0,0,0,0,0,0,0,0,0,0,0,0,0,12,12,10,P-1125
11/9/23,09:30:32,Restauración,0,0,0,0,0,0,0,0,0,1,0,0,0,0,0,0,0,0,0,0,0,0,0,0,0,0,13,13,12,P-1126
11/9/23,09:30:40,Restauración,0,0,0,0,0,0,0,0,0,1,0,0,0,0,0,0,0,0,0,0,0,0,0,0,0,0,4,3,5,P-1127
11/9/23,09:30:46,Restauración,0,0,0,0,0,0,0,0,0,0,0,0,0,0,0,0,0,0,0,0,0,0,0,0,1,0,9,7,5,P-1128
11/9/23,09:30:54,Restauración,0,0,0,0,0,0,0,0,0,2,0,0,0,0,0,0,0,0,0,0,0,0,0,0,0,0,5,5,7,P-1129
11/9/23,09:31:07,Restauración,0,0,0,0,0,0,0,0,0,0,0,0,0,0,0,0,0,0,0,0,0,0,0,0,1,0,10,10,6,P-1130
11/9/23,09:31:15,Restauración,0,0,0,0,0,0,0,0,0,2,0,0,0,0,0,0,0,0,0,0,0,0,0,0,0,0,19,16,40,P-1131
11/9/23,09:31:26,Restauración,0,0,0,0,0,0,0,0,1,0,0,0,0,0,0,0,0,0,0,0,0,0,0,0,0,0,3,3,3,P-1132
11/9/23,09:32:11,Restauración,0,0,0,0,0,0,0,0,2,1,0,0,0,0,0,0,0,0,0,0,0,0,0,0,0,0,36,29,30,P-1133
11/9/23,09:32:19,Restauración,0,0,0,0,0,0,0,0,0,2,0,0,0,0,0,0,0,0,0,0,0,0,0,0,0,0,20,16,30,P-1134
11/9/23,09:32:36,Restauración,0,0,0,0,0,0,0,0,0,1,0,0,0,0,0,0,0,0,0,0,0,0,0,0,0,0,3,3,7,P-1135
11/9/23,09:32:47,Restauración,0,0,0,0,0,0,0,0,2,0,0,0,0,0,0,0,0,0,0,0,0,0,0,0,0,0,34,27,19,P-1136
11/9/23,09:33:08,Restauración,0,0,0,0,0,0,0,0,0,0,1,0,0,0,0,0,0,0,0,0,0,0,0,0,0,0,1815,27,,P-1137
11/9/23,09:33:38,Restauración,0,0,0,0,0,0,0,0,0,0,0,0,0,0,0,0,0,0,0,0,0,1,0,0,0,0,96,78,118,P-1138
11/9/23,09:34:26,Restauración,0,0,0,0,0,0,0,0,0,0,0,0,0,0,0,0,0,0,0,1,0,0,0,0,0,0,77,56,73,P-1139
11/9/23,09:34:45,Restauración,0,0,0,0,0,0,0,0,0,0,0,0,0,0,0,0,0,0,0,0,0,0,0,0,1,0,11,11,7,P-1140
11/9/23,09:35:07,Restauración,0,0,0,0,0,0,0,0,1,0,0,0,0,0,0,0,0,0,0,0,0,0,0,0,0,0,47,40,14,P-1141
11/9/23,09:35:31,Restauración,0,0,0,0,0,0,0,0,3,0,0,0,0,0,0,0,0,0,0,0,0,0,0,0,0,0,73,30,16,P-1142
11/9/23,09:36:06,Restauración,0,0,0,0,0,0,0,0,1,0,0,0,0,0,0,0,0,0,0,0,0,0,0,0,0,0,30,30,17,P-1143
11/9/23,09:36:16,Restauración,0,0,0,0,0,0,0,0,0,1,0,0,0,0,0,0,0,0,0,0,0,0,0,0,0,0,20,20,9,P-1144
11/9/23,09:36:56,Restauración,0,0,0,0,0,0,0,0,0,1,0,0,0,0,0,0,0,0,0,1,0,2,0,0,0,0,119,80,102,P-1145
11/9/23,09:44:28,Restauración,0,0,0,0,0,0,0,0,0,2,1,0,0,0,0,0,0,0,0,0,0,1,0,0,0,0,53,37,49,P-1146
11/9/23,09:44:42,Restauración,0,0,0,0,0,0,0,0,0,1,0,0,0,0,0,0,0,0,0,0,0,0,0,0,0,0,27,22,17,P-1147
11/9/23,09:45:17,Restauración,0,0,0,0,0,0,0,0,0,2,1,0,0,0,0,0,0,0,0,0,0,0,0,0,1,0,70,70,47,P-1148
11/9/23,09:48:39,Restauración,0,0,0,0,0,0,0,0,2,0,0,0,0,0,0,0,0,0,0,0,0,0,0,0,0,0,20,20,11,P-1149
11/9/23,09:49:14,Restauración,0,0,0,0,0,0,0,0,0,2,1,0,0,0,0,0,0,0,0,0,0,0,0,0,2,0,97,32,16,P-1150
11/9/23,09:49:38,Restauración,0,0,0,0,0,0,0,0,0,4,0,0,0,0,0,0,0,0,0,1,0,0,0,0,1,0,49,48,40,P-1151
11/9/23,09:50:21,Restauración,0,0,0,0,0,0,0,0,3,1,0,0,0,0,0,0,0,0,0,0,0,0,0,0,1,0,30,17,15,P-1152
11/9/23,09:50:37,Restauración,0,0,0,0,0,0,0,0,1,0,0,0,0,0,0,0,0,0,0,0,0,0,0,0,0,0,16,13,12,P-1153
11/9/23,09:51:47,Restauración,0,0,0,0,0,0,0,0,0,3,0,0,0,1,0,0,0,0,0,0,0,1,0,0,0,0,109,104,93,P-1154
11/9/23,09:52:03,Restauración,0,0,0,0,0,0,0,0,0,1,0,0,0,0,0,0,0,0,0,0,0,0,0,0,0,0,30,36,40,P-1155
11/9/23,09:52:54,Restauración,0,0,0,0,0,0,0,0,1,1,0,0,0,0,0,0,0,0,0,1,0,3,0,0,1,0,150,107,94,P-1156
11/9/23,09:53:11,Restauración,0,0,0,0,0,0,0,0,0,0,0,0,0,0,0,0,0,0,0,0,0,0,0,0,1,0,5,5,7,P-1157
11/9/23,09:53:19,Restauración,0,0,0,0,0,0,0,0,0,0,0,0,0,0,0,0,0,0,0,0,0,0,0,0,1,0,13,13,10,P-1158
11/9/23,09:53:26,Restauración,0,0,0,0,0,0,0,0,0,0,0,0,0,0,0,0,0,0,0,0,0,0,0,0,1,0,19,17,14,P-1159
11/9/23,09:53:32,Restauración,0,0,0,0,0,0,0,0,0,0,0,0,0,0,0,0,0,0,0,0,0,0,0,0,1,0,3,2,2,P-1160
11/9/23,09:53:43,Restauración,0,0,0,0,0,0,0,0,0,1,0,0,0,0,0,0,0,0,0,0,0,0,0,0,0,0,2,2,3,P-1161
11/9/23,09:54:01,Restauración,0,0,0,0,0,0,0,0,0,1,0,0,0,0,0,0,0,0,0,0,0,0,0,0,0,0,4,3,4,P-1162
11/9/23,09:54:26,Restauración,0,0,0,0,0,0,0,0,0,2,0,0,0,0,0,0,0,0,0,1,0,0,0,0,0,0,20,13,20,P-1163
11/9/23,09:54:34,Restauración,0,0,0,0,0,0,0,0,0,1,0,0,0,0,0,0,0,0,0,0,0,0,0,0,0,0,6,6,10,P-1164
11/9/23,09:54:47,Restauración,0,0,0,0,0,0,0,0,1,1,0,0,0,0,0,0,0,0,0,0,0,0,0,0,1,0,30,29,40,P-1165
11/9/23,09:55:17,Restauración,0,0,0,0,0,0,0,0,1,4,0,0,0,0,0,0,0,0,0,0,0,0,0,0,2,0,40,27,20,P-1166
11/9/23,09:55:44,Restauración,0,0,0,0,0,0,0,0,1,3,0,0,0,0,0,0,0,0,0,0,0,0,0,0,1,0,20,17,18,P-1167
11/9/23,09:55:52,Restauración,0,0,0,0,0,0,0,0,1,1,0,0,0,0,0,0,0,0,0,0,0,0,0,0,0,0,23,18,22,P-1168
11/9/23,09:56:19,Restauración,0,0,0,0,0,0,0,0,0,0,0,0,0,0,0,0,0,0,0,0,0,0,0,0,1,0,22,22,27,P-1169
11/9/23,09:56:27,Restauración,0,0,0,0,0,0,0,0,0,1,0,0,0,0,0,0,0,0,0,0,0,0,0,0,0,0,24,13,35,P-1170
11/9/23,09:56:35,Restauración,0,0,0,0,0,0,0,0,0,1,0,0,0,0,0,0,0,0,0,0,0,0,0,0,0,0,22,13,40,P-1171
11/9/23,09:57:09,Restauración,0,0,0,0,0,0,0,0,0,1,0,0,0,0,0,0,0,0,0,0,0,0,0,0,0,0,30,20,20,P-1172
11/9/23,09:57:39,Restauración,0,0,0,0,0,0,0,0,1,1,1,0,0,0,0,0,0,0,0,0,0,0,0,0,2,0,78,46,26,P-1173
11/9/23,09:58:11,Restauración,0,0,0,0,0,0,0,0,0,1,0,0,0,0,0,1,0,0,0,0,0,0,0,0,0,0,22,24,17,P-1174
11/9/23,09:58:19,Restauración,0,0,0,0,0,0,0,0,0,1,0,0,0,0,0,0,0,0,0,0,0,0,0,0,0,0,11,12,14,P-1175
11/9/23,09:58:27,Restauración,0,0,0,0,0,0,0,0,1,0,0,0,0,0,0,0,0,0,0,0,0,0,0,0,0,0,22,16,10,P-1176
11/9/23,09:58:33,Restauración,0,0,0,0,0,0,0,0,0,1,0,0,0,0,0,0,0,0,0,0,0,0,0,0,0,0,7,7,5,P-1177
11/9/23,09:58:41,Restauración,0,0,0,0,0,0,0,0,0,1,0,0,0,0,0,0,0,0,0,0,0,0,0,0,0,0,9,9,17,P-1178
11/9/23,09:58:51,Restauración,0,0,0,0,0,0,0,0,0,1,0,0,0,0,0,0,0,0,0,0,0,0,0,0,0,0,21,17,20,P-1179
11/9/23,09:58:55,Restauración,0,0,0,0,0,0,0,0,0,1,0,0,0,0,0,0,0,0,0,0,0,0,0,0,0,0,5,5,8,P-1180
11/9/23,09:59:03,Restauración,0,0,0,0,0,0,0,0,0,1,0,0,0,0,0,0,0,0,0,0,0,0,0,0,0,0,8,7,11,P-1181
11/9/23,09:59:08,Restauración,0,0,0,0,0,0,0,0,0,0,0,0,0,0,0,0,0,0,0,0,0,0,0,0,1,0,3,2,4,P-1182
11/9/23,09:59:26,Restauración,0,0,0,0,0,0,0,0,0,0,1,0,0,0,0,1,0,0,0,0,0,0,0,0,0,0,38,37,26,P-1183
11/9/23,10:00:12,Restauración,0,0,0,0,0,0,0,0,3,0,0,0,0,0,0,0,0,0,0,0,0,0,0,0,0,0,50,30,14,P-1184
11/9/23,10:00:29,Restauración,0,0,0,0,0,0,0,0,1,1,2,0,0,0,0,0,0,0,0,0,0,0,0,0,0,0,37,32,36,P-1185
11/9/23,10:00:45,Restauración,0,0,0,0,0,0,0,0,1,1,0,0,0,0,0,0,0,0,0,0,0,0,0,0,0,0,26,28,18,P-1186
11/9/23,10:01:06,Restauración,0,0,0,0,0,0,0,0,1,0,0,0,0,0,0,0,0,0,0,0,0,0,0,0,0,0,21,22,10,P-1187
11/9/23,10:01:22,Restauración,0,0,0,0,0,0,0,0,0,0,0,0,0,0,0,0,0,0,0,0,0,0,0,0,1,0,7,3,2,P-1188
11/9/23,10:01:30,Restauración,0,0,0,0,0,0,0,0,0,1,0,0,0,0,0,0,0,0,0,0,0,0,0,0,0,0,16,10,11,P-1189
11/9/23,10:01:36,Restauración,0,0,0,0,0,0,0,0,0,1,0,0,0,0,0,0,0,0,0,0,0,0,0,0,0,0,11,11,19,P-1190
11/9/23,10:01:57,Restauración,0,0,0,0,0,0,0,0,0,2,1,0,0,0,0,0,0,0,0,0,1,0,0,0,0,0,37,30,29,P-1191
11/9/23,10:02:35,Restauración,0,0,0,0,0,0,0,0,3,1,1,0,0,0,0,0,0,0,0,0,0,0,0,0,0,0,42,30,39,P-1192
11/9/23,10:03:15,Restauración,0,0,0,0,0,0,0,0,1,1,0,0,0,0,0,0,0,0,0,1,0,0,0,0,0,0,107,97,86,P-1193
11/9/23,10:03:48,Restauración,0,0,0,0,0,0,0,0,0,2,0,0,0,0,0,0,0,0,0,0,0,1,0,0,0,0,84,85,45,P-1194
11/9/23,10:04:17,Restauración,0,0,0,0,0,0,0,0,2,0,1,0,0,0,0,0,0,0,0,0,0,0,0,0,1,0,28,28,29,P-1195
11/9/23,10:04:47,Restauración,0,0,0,0,0,0,0,0,0,1,0,0,0,0,0,0,0,0,0,0,0,0,0,0,1,0,26,26,23,P-1196
11/9/23,10:04:57,Restauración,0,0,0,0,0,0,0,0,0,1,0,0,0,0,0,1,0,0,0,0,0,0,0,0,0,0,23,25,28,P-1197
11/9/23,10:05:08,Restauración,0,0,0,0,0,0,0,0,1,2,0,0,0,0,0,0,0,0,0,0,0,0,0,0,1,0,17,14,10,P-1198
11/9/23,10:05:14,Restauración,0,0,0,0,0,0,0,0,0,1,0,0,0,0,0,0,0,0,0,0,0,0,0,0,0,0,12,12,17,P-1199
11/9/23,10:05:21,Restauración,0,0,0,0,0,0,0,0,0,1,0,0,0,0,0,0,0,0,0,0,0,0,0,0,0,0,3,3,9,P-1200
11/9/23,10:05:27,Restauración,0,0,0,0,0,0,0,0,0,1,0,0,0,0,0,0,0,0,0,0,0,0,0,0,0,0,5,5,10,P-1201
11/9/23,10:05:43,Restauración,0,0,0,0,0,0,0,0,1,1,0,0,0,0,0,0,0,0,0,0,0,0,0,0,0,0,16,17,13,P-1202
11/9/23,10:06:23,Restauración,0,0,0,0,0,0,0,0,0,0,1,0,0,0,0,0,0,0,0,0,0,0,0,0,0,0,14,14,30,P-1203
11/9/23,10:06:32,Restauración,0,0,0,1,0,0,0,0,0,0,0,0,0,0,0,0,0,0,0,0,0,0,0,0,0,0,7,0.5,2,P-1204
11/9/23,10:06:51,Restauración,0,0,0,0,0,0,0,0,0,0,0,0,0,0,0,0,0,0,0,0,0,0,0,0,1,0,13,13,13,P-1205
11/9/23,10:06:59,Restauración,0,0,0,0,0,0,0,0,1,0,0,0,0,0,0,0,0,0,0,0,0,0,0,0,1,0,24,22,13,P-1206
11/9/23,10:07:10,Restauración,0,0,0,0,0,0,0,0,0,1,0,0,0,0,0,0,0,0,0,0,0,0,0,0,0,0,9,10,18,P-1207
11/9/23,10:07:28,Restauración,0,0,0,0,0,0,0,0,0,0,1,0,0,0,0,0,0,0,0,0,0,0,0,0,1,0,29,25,23,P-1208
11/9/23,10:08:11,Restauración,0,0,0,0,0,0,0,0,2,1,0,0,0,0,0,0,0,0,0,0,0,0,0,0,2,0,70,47,28,P-1209
11/9/23,10:08:30,Restauración,0,0,0,0,0,0,0,0,0,1,0,0,0,0,0,0,0,0,0,0,0,0,0,0,0,0,7,13,20,P-1210
11/9/23,10:09:11,Restauración,0,0,0,0,0,0,0,0,3,1,1,0,0,0,0,0,0,0,0,0,0,1,0,0,1,0,50,40,34,P-1211
11/9/23,10:09:37,Restauración,0,0,0,0,0,0,0,0,0,3,1,0,0,0,0,0,0,0,0,0,0,0,0,0,0,0,33,31,40,P-1212
11/9/23,10:10:18,Restauración,0,0,0,0,0,0,0,0,0,1,0,0,0,0,0,0,0,0,0,0,0,0,0,0,1,0,15,17,30,P-1213
11/9/23,10:10:42,Restauración,0,0,0,0,0,0,0,0,0,5,0,0,0,0,0,0,0,0,0,0,0,0,0,0,1,0,32,27,17,P-1214
11/9/23,10:11:27,Restauración,0,0,0,0,0,0,0,0,0,4,0,0,0,0,0,0,0,0,0,0,1,0,0,0,0,0,27,28,30,P-1215
11/9/23,10:11:33,Restauración,0,0,0,0,0,0,0,0,1,0,0,0,0,0,0,0,0,0,0,0,0,0,0,0,0,0,9,8,6,P-1216
11/9/23,10:11:44,Restauración,0,0,0,0,0,0,0,0,1,0,0,0,0,0,0,0,0,0,0,0,0,0,0,0,0,0,2,1,3,P-1217
11/9/23,10:11:55,Restauración,0,0,0,0,0,0,0,0,0,1,0,0,0,0,0,0,0,0,0,0,0,0,0,0,0,0,23,22,26,P-1218
11/9/23,10:12:27,Restauración,0,0,0,0,0,0,0,0,1,2,1,0,0,0,0,0,0,0,0,0,0,0,0,0,0,0,50,24,37,P-1219
11/9/23,10:12:43,Restauración,0,0,0,0,0,0,0,0,1,0,0,0,0,0,0,0,0,0,0,0,0,0,0,0,0,0,14,12,12,P-1220
11/9/23,10:12:51,Restauración,0,0,0,0,0,0,0,0,0,1,0,0,0,0,0,0,0,0,0,0,0,0,0,0,0,0,17,12,18,P-1221
11/9/23,10:13:29,Restauración,0,0,0,0,0,0,0,0,0,0,1,0,0,0,0,0,0,0,0,0,0,0,0,0,3,0,37,30,27,P-1222
11/9/23,10:13:47,Restauración,0,0,0,0,0,0,0,0,0,0,1,0,0,0,0,0,0,0,0,0,0,0,0,0,4,0,25,26,27,P-1223
11/9/23,10:28:22,Restauración,0,0,0,0,0,0,0,0,0,0,0,0,0,0,0,0,0,0,0,0,0,0,0,0,1,0,4,4,4,P-1224
11/9/23,10:28:35,Restauración,0,0,0,0,0,0,0,0,0,0,0,0,0,0,0,0,0,0,0,0,0,0,0,0,3,0,16,16,14,P-1225
11/9/23,10:28:53,Restauración,0,0,0,0,0,0,0,0,1,0,1,0,0,0,0,0,0,0,0,0,0,0,0,0,2,0,26,23,18,P-1226
11/9/23,10:29:09,Restauración,0,0,0,0,0,0,0,0,0,0,0,0,0,0,0,0,0,0,0,0,0,0,0,0,1,0,10,10,10,P-1227
11/9/23,10:29:29,Restauración,0,0,0,0,0,0,0,0,0,0,0,0,0,0,0,1,0,0,0,0,0,0,0,0,2,0,28,28,12,P-1228
11/9/23,10:29:47,Restauración,0,0,0,0,0,0,0,0,0,1,0,0,0,0,0,0,0,0,0,0,0,0,0,0,2,0,17,17,24,P-1229
11/9/23,10:30:06,Restauración,0,0,0,0,0,0,0,0,0,2,0,0,0,0,0,0,0,0,0,0,0,0,0,0,1,0,45,28,20,P-1230
11/9/23,10:30:49,Restauración,0,0,0,0,0,0,0,0,0,4,0,0,0,0,0,0,0,0,0,1,0,1,0,0,3,0,38,37,28,P-1231
11/9/23,10:31:08,Restauración,0,0,0,0,0,0,0,0,0,1,0,0,0,0,0,0,0,0,0,0,0,0,0,0,0,0,8,6,24,P-1232
11/9/23,10:31:30,Restauración,0,0,0,0,0,0,0,0,0,5,0,0,0,0,0,0,0,0,0,0,0,0,0,0,2,0,40,40,27,P-1233
11/9/23,10:33:12,Restauración,0,0,0,0,0,0,0,0,0,3,0,0,0,0,0,0,0,0,0,2,0,0,0,0,0,0,115,86,61,P-1234
11/9/23,10:33:44,Restauración,0,0,0,0,0,0,0,0,0,1,0,0,0,0,0,0,0,0,0,0,0,0,0,0,0,0,3,3,2,P-1235
11/9/23,10:33:49,Restauración,0,0,0,0,0,0,0,0,0,0,1,0,0,0,0,0,0,0,0,0,0,0,0,0,0,0,20,15,28,P-1236
11/9/23,10:34:00,Restauración,0,0,0,0,0,0,0,0,0,0,1,0,0,0,0,0,0,0,0,0,0,0,0,0,0,0,14,7,20,P-1237
11/9/23,10:34:46,Restauración,0,0,0,0,0,0,0,0,2,3,1,0,0,0,0,0,0,0,0,1,0,0,0,0,2,0,113,101,95,P-1238
11/9/23,10:35:26,Restauración,0,0,0,0,0,0,0,0,0,1,0,0,0,0,0,0,0,0,0,1,0,0,0,0,3,0,130,103,70,P-1239
11/9/23,10:36:25,Restauración,0,0,0,0,0,0,0,0,0,0,0,0,0,0,0,0,0,0,0,0,0,0,0,0,1,0,3,3,5,P-1240
11/9/23,10:36:52,Restauración,0,0,0,0,0,0,0,0,0,0,2,0,0,0,0,0,0,0,0,0,0,0,0,0,9,0,34,34,43,P-1241
11/9/23,10:37:00,Restauración,0,0,0,0,0,0,0,0,0,0,0,0,0,0,0,0,0,0,0,0,0,0,0,0,1,0,13,5,4,P-1242
11/9/23,10:37:16,Restauración,0,0,0,0,0,0,0,0,0,1,0,0,0,0,0,0,0,0,0,0,0,0,0,0,2,0,20,10,9,P-1243
11/9/23,10:37:44,Restauración,0,0,0,0,0,0,0,0,0,0,0,0,0,0,0,0,0,0,0,0,0,0,0,0,1,0,12,12,9,P-1244
11/9/23,10:37:51,Restauración,0,0,0,0,0,0,0,0,0,0,0,0,0,0,0,0,0,0,0,0,0,0,0,0,1,0,11,9,7,P-1245
11/9/23,10:37:57,Restauración,0,0,0,0,0,0,0,0,0,0,0,0,0,0,0,0,0,0,0,0,0,0,0,0,1,0,7,8,9,P-1246
11/9/23,10:38:53,Restauración,0,0,0,0,0,0,0,0,0,0,0,0,0,0,0,0,0,0,0,0,0,0,0,0,1,0,4,4,4,P-1247
11/9/23,10:39:29,Restauración,0,0,0,0,0,0,0,0,0,0,0,0,0,0,0,0,0,0,0,0,0,0,0,0,2,0,26,22,18,P-1248
11/9/23,10:39:36,Restauración,0,0,0,0,0,0,0,0,0,0,0,0,0,0,0,0,0,0,0,0,0,0,0,0,1,0,10,10,8,P-1249
11/9/23,10:39:45,Restauración,0,0,0,0,0,0,0,0,0,0,0,0,0,0,0,0,0,0,0,0,0,0,0,0,2,0,11,9,10,P-1250
11/9/23,10:39:56,Restauración,0,0,0,0,0,0,0,0,0,1,0,0,0,0,0,0,0,0,0,0,0,0,0,0,1,0,9,7,13,P-1251
11/9/23,10:40:09,Restauración,0,0,0,0,0,0,0,0,0,1,0,0,0,0,0,0,0,0,0,0,0,0,0,0,0,0,9,9,10,P-1252
11/9/23,10:40:14,Restauración,0,0,0,0,0,0,0,0,0,1,0,0,0,0,0,0,0,0,0,0,0,0,0,0,0,0,5,5,10,P-1253
11/9/23,10:40:24,Restauración,0,0,0,0,0,0,0,0,0,1,0,0,0,0,0,0,0,0,0,0,0,0,0,0,1,0,10,10,7,P-1254
11/9/23,10:40:33,Restauración,0,0,0,0,0,0,0,0,0,1,0,0,0,0,0,0,0,0,0,0,0,0,0,0,0,0,6,6,6,P-1255
11/9/23,10:40:46,Restauración,0,0,0,0,0,0,0,0,0,1,0,0,0,0,0,0,0,0,0,0,0,0,0,0,0,0,3,2,4,P-1256
11/9/23,10:40:52,Restauración,0,0,0,0,0,0,0,0,0,0,0,0,0,0,0,0,0,0,0,0,0,0,0,0,1,0,3,3,2,P-1257
11/9/23,10:41:16,Restauración,0,0,0,0,0,0,0,0,0,4,0,0,0,0,0,0,0,0,0,1,0,0,0,0,0,0,36,23,18,P-1258
11/9/23,10:41:24,Restauración,0,0,0,0,0,0,0,0,0,0,0,0,0,0,0,0,0,0,0,1,0,0,0,0,0,0,10,7,12,P-1259
11/9/23,10:41:43,Restauración,0,0,0,0,0,0,0,0,0,0,0,0,0,0,0,0,0,0,0,1,0,0,0,0,1,0,12,7,10,P-1260
11/9/23,10:41:54,Restauración,0,0,0,0,0,0,0,0,0,0,0,0,0,0,0,0,0,0,0,0,0,0,0,0,2,0,16,15,16,P-1261
11/9/23,10:42:10,Restauración,0,0,0,0,0,0,0,0,0,1,0,0,0,0,0,0,0,0,0,0,0,0,0,0,1,0,13,14,10,P-1262
11/9/23,10:43:20,Restauración,0,0,0,0,0,0,0,0,0,0,1,0,0,0,0,0,0,0,0,1,0,0,0,0,2,0,150,143,96,P-1263
11/9/23,10:43:57,Restauración,0,0,0,0,0,0,0,0,0,3,0,0,0,0,0,0,0,0,0,1,0,0,0,0,2,0,136,114,91,P-1264
11/9/23,10:45:05,Restauración,0,0,0,0,0,0,0,0,0,1,1,0,0,0,0,0,0,0,0,0,0,0,0,0,0,0,12,14,20,P-1265
11/9/23,10:45:18,Restauración,0,0,0,0,0,0,0,0,0,2,0,0,0,0,0,0,0,0,0,0,0,0,0,0,1,0,30,26,20,P-1266
11/9/23,10:45:34,Restauración,0,0,0,0,0,0,0,0,0,1,0,0,0,0,0,0,0,0,0,0,0,0,0,0,1,0,16,17,12,P-1267
11/9/23,10:45:50,Restauración,0,0,0,0,0,0,0,0,0,0,0,0,0,0,0,0,0,0,0,0,0,0,0,0,1,0,40,40,24,P-1268
11/9/23,10:46:09,Restauración,0,0,0,0,0,0,0,0,0,1,0,0,0,0,0,0,0,0,0,0,0,0,0,0,0,0,4,4,3,P-1269
11/9/23,10:46:42,Restauración,0,0,0,0,0,0,0,0,0,1,1,0,0,0,0,0,0,0,0,0,0,1,0,0,3,0,76,77,60,P-1270
11/9/23,10:47:03,Restauración,0,0,0,0,0,0,0,0,0,0,1,0,0,0,0,0,0,0,0,0,0,0,0,0,1,0,62,48,47,P-1271
11/9/23,10:47:29,Restauración,0,0,0,0,0,0,0,0,0,0,0,0,0,0,0,0,0,0,0,0,0,0,0,0,2,0,50,38,19,P-1272
11/9/23,10:48:00,Restauración,0,0,0,0,0,0,0,0,0,0,3,0,0,0,0,0,0,0,0,0,0,0,0,0,2,0,70,70,45,P-1273
11/9/23,10:49:17,Restauración,0,0,0,0,0,0,0,0,0,0,0,0,0,0,0,0,0,0,0,0,0,1,0,1,3,0,65,44,22,P-1274
11/9/23,10:49:28,Restauración,0,0,0,0,0,0,0,0,0,0,0,0,0,0,0,0,0,0,0,0,0,0,0,0,1,0,18,11,12,P-1275
11/9/23,10:49:36,Restauración,0,0,0,0,0,0,0,0,0,0,1,0,0,0,0,0,0,0,0,0,0,0,0,0,1,0,17,16,17,P-1276
11/9/23,10:50:01,Restauración,0,0,0,0,0,0,0,0,0,0,0,0,0,0,0,0,0,0,0,0,0,0,0,0,1,0,3,3,3,P-1277
11/9/23,10:50:24,Restauración,0,0,0,0,0,0,0,0,0,0,1,0,0,0,0,0,0,0,0,0,0,0,0,0,2,0,60,68,35,P-1278
11/9/23,10:51:16,Restauración,0,0,0,0,0,0,0,0,0,3,0,0,0,0,0,0,0,0,0,0,0,1,0,0,0,0,48,42,44,P-1279
11/9/23,10:51:31,Restauración,0,0,0,0,0,0,0,0,0,0,0,0,0,0,0,0,0,0,0,0,0,0,0,0,1,0,29,24,24,P-1280
11/9/23,10:51:42,Restauración,0,0,0,0,0,0,0,0,0,1,0,0,0,0,0,0,0,0,0,0,0,0,0,0,1,0,50,45,16,P-1281
11/9/23,10:51:53,Restauración,0,0,0,0,0,0,0,0,0,1,0,0,0,0,0,0,0,0,0,0,0,0,0,0,1,0,20,20,10,P-1282
11/9/23,10:52:09,Restauración,0,0,0,0,0,0,0,0,0,0,0,0,0,0,0,0,0,0,0,1,0,0,0,0,2,0,33,32,40,P-1283
11/9/23,10:52:47,Restauración,0,0,0,0,0,0,0,0,0,0,0,0,0,0,0,0,0,0,0,1,0,0,0,0,1,0,96,84,81,P-1284
11/9/23,10:53:17,Restauración,0,0,0,0,0,0,0,0,0,0,0,0,0,0,0,0,0,0,0,1,0,0,0,0,1,0,60,64,49,P-1285
11/9/23,10:53:35,Restauración,0,0,0,0,0,0,0,0,0,0,0,0,0,0,0,0,0,0,0,1,0,0,0,0,0,0,74,64,67,P-1286
11/9/23,10:53:57,Restauración,0,0,0,0,0,0,0,0,0,1,0,0,0,0,0,0,0,0,0,1,0,0,0,0,2,0,82,86,70,P-1287
11/9/23,10:54:45,Restauración,0,0,0,0,0,0,0,0,0,3,0,0,0,0,0,0,0,0,0,0,0,0,0,0,1,0,53,57,23,P-1288
11/9/23,10:55:34,Restauración,0,0,0,0,0,0,0,0,0,0,0,0,0,0,0,0,0,0,0,0,0,0,0,0,1,0,17,16,14,P-1289
11/9/23,10:56:12,Restauración,0,0,0,0,0,0,0,0,1,0,0,0,0,0,0,0,0,0,0,0,0,1,0,0,3,0,110,59,30,P-1290
11/9/23,10:56:44,Restauración,0,0,0,0,0,0,0,0,0,0,1,0,0,0,0,0,0,0,0,0,0,0,0,0,2,0,29,53,37,P-1291
11/9/23,10:57:40,Restauración,0,0,0,0,0,0,0,0,0,0,0,0,0,0,0,0,0,0,0,0,0,1,0,0,9,0,107,46,70,P-1292
11/9/23,10:58:13,Restauración,0,0,0,0,0,0,0,0,0,0,0,0,0,0,0,0,0,0,0,1,0,0,0,0,1,0,78,65,53,P-1293
11/9/23,10:58:52,Restauración,0,0,0,0,0,0,0,0,0,0,0,0,0,0,0,0,0,0,0,0,0,0,0,0,1,0,14,9,10,P-1294
11/9/23,10:59:11,Restauración,0,0,0,0,0,0,0,0,0,0,0,0,0,0,0,0,0,0,0,0,0,0,0,0,1,0,22,13,14,P-1295
11/9/23,10:59:38,Restauración,0,0,0,0,0,0,0,0,0,2,1,0,0,0,0,0,0,0,0,0,0,0,0,0,1,0,70,20,18,P-1296
11/9/23,11:00:03,Restauración,0,0,0,0,0,0,0,0,0,0,0,0,0,0,0,0,0,0,0,0,0,0,0,0,1,0,29,29,14,P-1297
11/9/23,11:00:24,Restauración,0,0,0,0,0,0,0,0,0,1,0,0,0,0,0,0,0,0,0,0,0,0,0,0,2,0,60,30,18,P-1298
11/9/23,11:00:56,Restauración,0,0,0,0,0,0,0,0,0,1,0,0,0,0,0,0,0,0,0,0,0,0,0,0,1,0,47,40,16,P-1299
11/9/23,11:01:20,Restauración,0,0,0,0,0,0,0,0,0,0,0,0,0,0,0,0,0,0,0,0,0,0,0,0,1,0,29,24,10,P-1300
11/9/23,11:01:31,Restauración,0,0,0,0,0,0,0,0,0,0,0,0,0,0,0,0,0,0,0,0,0,0,0,0,1,0,20,18,17,P-1301
11/9/23,11:02:03,Restauración,0,0,0,0,0,0,0,0,0,0,0,0,0,0,0,0,0,0,0,0,0,1,0,0,5,1,90,66,70,P-1302
11/9/23,11:02:41,Restauración,0,0,0,0,0,0,0,0,0,0,1,0,0,0,0,0,0,0,0,0,0,0,0,0,1,0,33,28,29,P-1303
11/9/23,11:02:58,Restauración,0,0,0,0,0,0,0,0,0,0,0,0,0,0,0,0,0,0,0,0,0,0,0,0,3,0,29,28,20,P-1304
11/9/23,11:03:16,Restauración,0,0,0,0,0,0,0,0,0,0,0,0,0,0,0,0,0,0,0,0,0,0,0,0,2,0,47,32,40,P-1305
11/9/23,11:03:27,Restauración,0,0,0,0,0,0,0,0,0,0,0,0,0,0,0,0,0,0,0,0,0,0,0,0,1,0,16,12,12,P-1306
11/9/23,11:03:57,Restauración,0,0,0,0,0,0,0,0,0,0,1,0,0,0,0,0,0,0,0,0,0,0,0,0,1,0,25,21,31,P-1307
11/9/23,11:04:40,Restauración,0,0,0,0,0,0,0,0,1,0,0,0,0,0,0,0,0,0,0,0,0,2,0,0,3,0,128,60,107,P-1308
11/9/23,11:05:28,Restauración,0,0,0,0,0,0,0,0,0,1,0,0,0,0,0,0,0,0,0,1,0,0,0,0,1,0,83,85,67,P-1309
11/9/23,11:06:06,Restauración,0,0,0,0,0,0,0,0,0,0,0,0,0,0,0,0,0,0,0,0,0,0,0,0,1,0,30,17,7,P-1310
11/9/23,11:06:32,Restauración,0,0,0,0,0,0,0,0,0,0,1,0,0,0,0,0,0,0,0,0,0,0,0,0,1,0,62,5,37,P-1311
11/9/23,11:06:52,Restauración,0,0,0,0,0,0,0,0,0,1,0,0,0,0,0,0,0,0,0,0,0,0,0,0,1,0,48,15,32,P-1312
11/9/23,11:07:13,Restauración,0,0,0,0,0,0,0,0,0,0,0,0,0,0,0,0,0,0,0,1,0,0,0,0,1,0,30,30,54,P-1313
11/9/23,11:07:35,Restauración,0,0,0,0,0,0,0,0,0,0,1,0,0,0,0,0,0,0,0,1,0,0,0,0,0,0,70,52,50,P-1314
11/9/23,11:07:59,Restauración,0,0,0,0,0,0,0,0,0,0,0,0,0,0,0,0,0,0,0,0,0,0,0,0,1,0,12,12,7,P-1315
11/9/23,11:08:07,Restauración,0,0,0,0,0,0,0,0,0,0,0,0,0,0,0,0,0,0,0,0,0,0,0,0,1,0,14,14,11,P-1316
11/9/23,11:08:58,Restauración,0,0,0,0,0,0,0,0,0,1,1,0,0,0,0,0,0,0,0,2,0,0,0,0,0,0,124,115,106,P-1317
11/9/23,11:47:06,Restauración,0,0,0,0,0,0,0,0,1,1,0,0,0,0,0,0,0,0,0,0,0,0,0,0,0,0,25,39,40,P-1318
11/9/23,11:47:25,Restauración,0,0,0,0,0,0,0,0,0,0,0,0,0,0,0,0,0,0,0,1,0,0,0,0,0,0,10,10,10,P-1319
11/9/23,11:47:36,Restauración,0,0,0,0,0,0,0,0,0,1,0,0,0,0,0,0,0,0,0,0,0,0,0,0,0,0,10,7,10,P-1320
11/9/23,11:47:47,Restauración,0,0,0,0,0,0,0,0,0,0,0,0,0,0,0,0,0,0,0,0,0,0,0,0,1,0,27,27,12,P-1321
11/9/23,11:47:57,Restauración,0,0,0,0,0,0,0,0,0,0,0,0,0,0,0,0,0,0,0,0,0,0,0,0,1,0,11,11,15,P-1322
11/9/23,11:48:05,Restauración,0,0,0,0,0,0,0,0,0,0,0,0,0,0,0,0,0,0,0,0,0,0,0,0,1,0,6,6,4,P-1323
11/9/23,11:48:21,Restauración,0,0,0,0,0,0,0,0,2,0,0,0,0,0,0,0,0,0,0,1,0,0,0,0,1,0,48,40,44,P-1324
11/9/23,11:48:38,Restauración,0,0,0,0,0,0,0,0,0,1,0,0,0,0,0,0,0,0,0,0,0,0,0,0,0,1,20,20,18,P-1325
11/9/23,11:48:46,Restauración,0,0,0,0,0,0,0,0,0,0,0,0,0,0,0,0,0,0,0,0,0,0,0,0,1,0,6,7,3,P-1326
11/9/23,11:48:59,Restauración,0,0,0,0,0,0,0,0,0,0,0,0,0,0,0,0,0,0,0,1,0,0,0,0,1,0,20,18,13,P-1327
11/9/23,11:49:13,Restauración,0,0,0,0,0,0,0,0,1,0,0,0,0,0,0,0,0,0,0,0,0,0,0,0,2,1,22,11,6,P-1328
11/9/23,11:49:45,Restauración,0,0,0,0,0,0,0,0,0,0,0,0,0,0,0,0,0,0,0,1,0,0,0,0,2,0,35,35,44,P-1329
11/9/23,11:49:53,Restauración,0,0,0,0,0,0,0,0,0,0,0,0,0,0,0,0,0,0,0,0,0,0,0,0,1,0,6,2,6,P-1330
11/9/23,11:50:04,Restauración,0,0,0,0,0,0,0,0,0,0,0,0,0,0,0,0,0,0,0,0,0,0,0,0,1,0,6,3,3,P-1331
11/9/23,11:50:09,Restauración,0,0,0,0,0,0,0,0,0,0,0,0,0,0,0,0,0,0,0,0,0,0,0,0,1,0,4,2,4,P-1332
11/9/23,11:50:20,Restauración,0,0,0,0,0,0,0,0,0,0,0,0,0,0,0,0,0,0,0,1,0,0,0,0,0,0,20,20,20,P-1333
11/9/23,11:50:33,Restauración,0,0,0,0,0,0,0,0,0,0,0,0,0,0,0,0,0,0,0,1,0,0,0,0,1,0,27,24,15,P-1334
11/9/23,11:51:43,Restauración,0,0,0,0,0,0,0,0,4,2,0,0,0,0,0,0,0,0,0,1,0,1,0,0,5,1,150,170,70,P-1335
11/9/23,11:52:10,Restauración,0,0,0,0,0,0,0,0,1,0,0,0,0,0,0,0,0,0,0,1,0,0,0,0,1,0,46,40,22,P-1336
11/9/23,11:52:53,Restauración,0,0,0,0,0,0,0,0,0,3,0,0,0,0,0,0,0,0,0,2,0,0,0,0,2,0,125,84,80,P-1337
11/9/23,11:54:14,Restauración,0,0,0,0,0,0,0,0,2,2,0,0,0,1,0,0,0,0,0,0,0,1,0,0,11,1,117,57,80,P-1338
11/9/23,11:54:30,Restauración,0,0,0,0,0,0,0,0,0,1,0,0,0,0,0,0,0,0,0,0,0,0,0,0,0,0,31,31,46,P-1339
11/9/23,11:54:36,Restauración,0,0,0,0,0,0,0,0,0,0,0,0,0,0,0,0,0,0,0,0,0,0,0,0,1,0,25,15,7,P-1340
11/9/23,11:54:49,Restauración,0,0,0,0,0,0,0,0,1,3,0,0,0,0,0,0,0,0,0,0,0,0,0,0,0,0,36,28,31,P-1341
11/9/23,11:55:08,Restauración,0,0,0,0,0,0,0,0,0,1,0,0,0,0,0,0,0,0,0,0,0,0,0,0,1,0,11,10,10,P-1342
11/9/23,11:55:16,Restauración,0,0,0,0,0,0,0,0,0,0,0,0,0,0,0,0,0,0,0,0,0,0,0,0,1,0,5,4,3,P-1343
11/9/23,11:55:35,Restauración,0,0,0,0,0,0,0,0,0,0,0,0,0,0,0,0,0,0,0,1,0,1,0,0,0,0,47,34,60,P-1344
11/9/23,11:56:58,Restauración,0,0,0,0,0,0,0,0,1,10,0,0,0,0,0,0,0,0,0,3,0,2,0,0,3,1,160,94,80,P-1345
11/9/23,11:57:38,Restauración,0,0,0,0,0,0,0,0,0,4,0,0,0,0,0,0,0,0,0,0,0,0,0,0,1,0,19,18,10,P-1346
11/9/23,11:57:43,Restauración,0,0,0,0,0,0,0,0,0,1,0,0,0,0,0,0,0,0,0,0,0,0,0,0,0,0,4,4,4,P-1347
11/9/23,11:57:54,Restauración,0,0,0,0,0,0,0,0,0,0,0,0,0,0,0,0,0,0,0,0,0,0,0,0,1,0,17,15,13,P-1348
11/9/23,11:58:16,Restauración,0,0,0,0,0,0,0,0,0,2,0,0,0,0,0,0,0,0,0,0,0,0,0,0,1,0,16,16,8,P-1349
11/9/23,11:58:24,Restauración,0,0,0,0,0,0,0,0,0,0,0,0,0,0,0,0,0,0,0,0,0,0,0,0,1,0,5,2,3,P-1350
11/9/23,11:59:15,Restauración,0,0,0,0,0,0,0,0,1,3,0,0,0,0,0,0,0,0,0,3,0,0,0,0,0,2,90,80,7,P-1351
11/9/23,11:59:23,Restauración,0,0,0,0,0,0,0,0,0,1,0,0,0,0,0,0,0,0,0,0,0,0,0,0,0,0,7,4,5,P-1352
11/9/23,12:01:02,Restauración,0,0,0,0,0,0,0,0,1,1,0,0,0,0,0,0,0,0,0,0,0,0,0,0,0,0,4,3,2,P-1353
11/9/23,12:01:10,Restauración,0,0,0,0,0,0,0,0,1,0,0,0,0,0,0,0,0,0,0,0,0,0,0,0,0,0,4,4,4,P-1354
11/9/23,12:01:22,Restauración,0,0,0,0,0,0,0,0,0,2,0,0,0,0,0,0,0,0,0,0,0,0,0,0,1,0,18,9,6,P-1355
11/9/23,12:02:55,Restauración,0,0,0,0,0,0,0,0,8,3,0,0,0,0,0,0,0,0,0,2,0,0,0,0,3,1,178,143,80,P-1356
11/9/23,12:06:15,Restauración,0,0,0,0,0,0,0,0,0,2,0,0,0,0,0,0,0,0,0,4,0,0,0,0,15,2,300,340,165,P-1357
11/9/23,12:07:54,Restauración,0,0,0,0,0,0,0,0,1,0,0,0,0,0,0,0,0,0,0,0,0,0,0,0,0,0,10,8,14,P-1358
11/9/23,12:08:10,Restauración,0,0,0,0,0,0,0,0,0,0,0,0,0,0,0,0,0,0,0,0,0,0,0,0,0,1,30,30,26,P-1359
11/9/23,12:08:18,Restauración,0,0,0,0,0,0,0,0,0,0,0,0,0,0,0,0,0,0,0,0,0,0,0,0,1,0,7,6,8,P-1360
11/9/23,12:08:24,Restauración,0,0,0,0,0,0,0,0,0,0,0,0,0,0,0,0,0,0,0,0,0,0,0,0,1,0,4,4,6,P-1361
11/9/23,12:09:34,Restauración,0,0,0,0,0,0,0,0,0,1,0,0,0,0,0,0,0,0,0,2,0,0,0,0,4,4,117,63,40,P-1362
11/9/23,12:10:01,Restauración,0,0,0,0,0,0,0,0,0,0,0,0,0,0,0,0,0,0,0,0,0,0,0,0,1,0,18,14,16,P-1363
11/9/23,12:10:17,Restauración,0,0,0,0,0,0,0,0,0,0,0,0,0,0,0,0,0,0,0,0,0,0,0,0,1,0,24,24,24,P-1364
11/9/23,12:10:39,Restauración,0,0,0,0,0,0,0,0,0,0,0,0,0,0,0,0,0,0,0,0,0,0,0,0,1,0,30,28,14,P-1365
11/9/23,12:11:21,Restauración,0,0,0,0,0,0,0,0,0,0,0,0,0,0,0,0,0,0,0,0,0,0,0,0,1,0,3,3,5,P-1366
11/9/23,12:11:27,Restauración,0,0,0,0,0,0,0,0,0,0,0,0,0,0,0,0,0,0,0,0,0,0,0,0,1,0,5,2,8,P-1367
11/9/23,12:12:12,Restauración,0,0,0,0,0,0,0,0,0,0,0,0,0,0,0,0,0,0,0,1,0,0,0,0,1,0,88,84,70,P-1368
11/9/23,12:12:34,Restauración,0,0,0,0,0,0,0,0,0,0,0,0,0,0,0,0,0,0,0,0,0,0,0,0,1,0,20,14,6,P-1369
11/9/23,12:13:00,Restauración,0,0,0,0,0,0,0,0,0,0,0,0,0,0,0,0,0,0,0,1,0,0,0,0,3,0,56,52,47,P-1370
11/9/23,12:15:10,Restauración,0,0,0,0,0,0,0,0,1,0,0,0,0,0,0,0,0,0,0,2,0,0,0,0,13,3,168,142,123,P-1371
11/9/23,12:15:23,Restauración,0,0,0,0,0,0,0,0,0,0,0,0,0,0,0,0,0,0,0,1,0,0,0,0,2,0,19,20,36,P-1372
11/9/23,12:15:32,Restauración,0,0,0,0,0,0,0,0,0,0,0,0,0,0,0,0,0,0,0,0,0,0,0,0,1,0,10,8,10,P-1373
11/9/23,12:16:12,Restauración,0,0,0,0,0,0,0,0,2,0,0,0,0,0,0,0,0,0,0,3,0,0,0,0,1,2,124,80,55,P-1374
11/9/23,12:16:54,Restauración,0,0,0,0,0,0,0,0,0,0,0,0,0,0,0,0,0,0,0,1,0,0,0,0,1,0,80,56,52,P-1375
11/9/23,12:17:59,Restauración,0,0,0,0,0,0,0,0,4,1,0,0,0,0,0,0,0,0,0,1,0,0,0,0,12,0,127,100,100,P-1376
11/9/23,12:18:42,Restauración,0,0,0,0,0,0,0,0,0,0,0,0,0,0,0,0,0,0,0,2,0,0,0,0,7,1,83,65,117,P-1377
11/9/23,12:18:53,Restauración,0,0,0,0,0,0,0,0,0,0,0,0,0,0,0,0,0,0,0,0,0,0,0,0,2,0,16,10,8,P-1378
11/9/23,12:19:23,Restauración,0,0,0,0,0,0,0,0,3,0,0,0,0,0,0,0,0,0,0,0,0,0,0,0,0,0,42,42,25,P-1379
11/9/23,12:19:41,Restauración,0,0,0,0,0,0,0,0,1,0,0,0,0,0,0,0,0,0,0,0,0,0,0,0,0,1,50,27,72,P-1380
11/9/23,12:22:23,Restauración,0,0,0,0,0,0,0,0,0,4,0,0,0,0,0,0,0,0,0,5,0,0,0,0,4,1,166,127,68,P-1381
11/9/23,12:22:36,Restauración,0,0,0,0,0,0,0,0,1,0,0,0,0,0,0,0,0,0,0,0,0,0,0,0,0,0,9,5,4,P-1382
11/9/23,12:23:19,Restauración,0,0,0,0,0,0,0,0,3,1,0,0,0,0,0,0,0,0,0,4,0,0,0,0,1,0,90,48,69,P-1383
11/9/23,12:23:35,Restauración,0,0,0,0,0,0,0,0,0,0,0,0,0,0,0,0,0,0,0,1,0,0,0,0,0,0,30,25,30,P-1384
11/9/23,12:24:08,Restauración,0,0,0,0,0,0,0,0,0,2,0,0,0,0,0,0,0,0,0,1,0,0,0,0,1,0,44,44,62,P-1385
11/9/23,12:24:16,Restauración,0,0,0,0,0,0,0,0,1,0,0,0,0,0,0,0,0,0,0,0,0,0,0,0,0,0,12,6,8,P-1386
11/9/23,12:25:33,Restauración,0,0,0,0,0,0,0,0,0,2,0,0,0,0,0,0,0,0,0,4,0,0,0,0,3,3,166,64,90,P-1387
11/9/23,12:26:30,Restauración,0,0,0,0,0,0,0,0,0,0,0,0,0,0,0,0,0,0,0,2,0,0,0,0,2,3,89,53,70,P-1388
11/9/23,12:27:08,Restauración,0,0,0,0,0,0,0,0,0,1,0,0,0,0,0,0,0,0,0,0,0,0,0,0,1,3,51,50,35,P-1389
11/9/23,12:27:53,Restauración,0,0,0,0,0,0,0,0,0,0,0,0,0,0,0,0,0,0,0,1,0,0,0,0,2,1,97,73,68,P-1390
11/9/23,12:28:34,Restauración,0,0,0,0,0,0,0,0,0,0,0,0,0,0,0,0,0,0,0,1,0,0,0,0,1,0,34,33,26,P-1391
11/9/23,12:28:50,Restauración,0,0,0,0,0,0,0,0,0,0,0,0,0,0,0,0,0,0,0,0,0,0,0,0,1,0,12,9,7,P-1392
11/9/23,12:29:03,Restauración,0,0,0,0,0,0,0,0,0,0,0,0,0,0,0,0,0,0,0,0,0,0,0,0,1,0,7,6,5,P-1393
11/9/23,12:30:05,Restauración,0,0,0,0,0,0,0,0,0,0,0,0,0,0,0,0,0,0,0,1,0,0,0,0,1,1,30,25,28,P-1394
11/9/23,12:30:48,Restauración,0,0,0,0,0,0,0,0,0,0,0,0,0,0,0,0,0,0,0,3,0,0,0,0,1,0,80,72,67,P-1395
11/9/23,12:31:23,Restauración,0,0,0,0,0,0,0,0,3,0,0,0,0,0,0,0,0,0,0,0,0,0,0,0,0,0,28,12,14,P-1396
11/9/23,12:31:40,Restauración,0,0,0,0,0,0,0,0,0,0,0,0,0,0,0,0,0,0,0,0,0,0,0,0,0,1,19,20,7,P-1397
11/9/23,12:32:31,Restauración,0,0,0,0,0,0,0,0,2,1,0,0,0,0,0,0,0,0,0,0,0,0,0,0,1,0,12,9,6,P-1398
11/9/23,12:32:44,Restauración,0,0,0,0,0,0,0,0,1,0,0,0,0,0,0,0,0,0,0,0,0,0,0,0,0,0,9,9,5,P-1399
11/9/23,12:35:49,Restauración,0,0,0,0,0,0,0,0,8,0,1,0,0,0,0,0,0,0,0,4,0,1,0,0,6,2,269,181,110,P-1400
11/9/23,12:39:09,Restauración,0,0,0,0,0,0,0,0,3,3,1,0,0,0,0,0,0,0,0,5,0,0,0,0,4,1,178,140,75,P-1401
11/9/23,12:39:54,Restauración,0,0,0,0,0,0,0,0,0,1,1,0,0,0,0,0,0,0,0,0,0,0,0,0,1,0,43,26,20,P-1402
11/9/23,12:40:10,Restauración,0,0,0,0,0,0,0,0,0,0,1,0,0,0,0,0,0,0,0,0,0,0,0,0,0,0,23,25,24,P-1403
11/9/23,12:40:22,Restauración,0,0,0,0,0,0,0,0,0,0,0,0,0,0,0,0,0,0,0,0,0,0,0,0,1,0,12,12,10,P-1404
11/9/23,12:41:13,Restauración,0,0,0,0,0,0,0,0,0,1,0,0,0,1,0,0,0,0,0,2,0,0,0,0,5,0,72,82,52,P-1405
11/9/23,12:42:30,Restauración,0,0,0,0,0,0,0,0,1,0,0,0,0,0,0,0,0,0,0,1,0,0,0,0,1,1,74,65,92,P-1406
11/9/23,12:44:21,Restauración,0,0,0,0,0,0,0,0,3,0,0,0,0,0,0,0,0,0,0,2,0,0,0,0,4,1,180,76,115,P-1407
11/9/23,12:45:00,Restauración,0,0,0,0,0,0,0,0,0,2,0,0,0,0,0,0,0,0,0,1,0,0,0,0,2,0,67,50,76,P-1408
11/9/23,12:47:23,Restauración,0,0,0,0,0,0,0,0,2,5,0,0,0,0,0,0,0,0,0,3,0,0,0,0,8,2,220,160,148,P-1409
11/9/23,12:48:09,Restauración,0,0,0,0,0,0,0,0,0,1,0,0,0,0,0,0,0,0,0,1,0,0,0,0,3,1,50,54,50,P-1410
11/9/23,12:48:54,Restauración,0,0,0,0,0,0,0,0,4,1,0,0,0,0,0,0,0,0,0,2,0,0,0,0,0,0,78,34,40,P-1411
11/9/23,12:49:21,Restauración,0,0,0,0,0,0,0,0,0,0,0,0,0,0,0,0,0,0,0,1,0,0,0,0,0,0,22,22,9,P-1412
11/9/23,12:49:41,Restauración,0,0,0,0,0,0,0,0,0,1,0,0,0,0,0,0,0,0,0,1,0,0,0,0,2,0,57,46,25,P-1413
11/9/23,12:50:18,Restauración,0,0,0,0,0,0,0,0,0,2,0,0,0,0,0,0,0,0,0,0,0,0,0,0,2,0,40,53,25,P-1414
11/9/23,12:50:47,Restauración,0,0,0,0,0,0,0,0,6,1,0,0,0,0,0,0,0,0,0,0,0,0,0,0,2,0,36,25,14,P-1415
11/9/23,12:51:52,Restauración,0,0,0,0,0,0,0,0,2,2,1,0,0,0,0,0,0,0,0,3,0,1,0,0,2,1,155,87,89,P-1416
11/9/23,12:52:43,Restauración,0,0,0,0,0,0,0,0,0,0,0,0,0,0,0,0,0,0,0,1,0,0,0,0,3,0,64,60,49,P-1417
11/9/23,12:53:29,Restauración,0,0,0,0,0,0,0,0,2,1,0,0,0,0,0,0,0,0,0,3,0,0,0,0,1,0,133,60,60,P-1418
11/9/23,12:54:12,Restauración,0,0,0,0,0,0,0,0,0,1,0,0,0,0,0,0,0,0,0,0,0,0,0,0,1,1,15,13,12,P-1419
11/9/23,12:54:39,Restauración,0,0,0,0,0,0,0,0,0,0,0,0,0,0,0,0,0,0,0,0,0,0,0,0,2,2,55,23,21,P-1420
11/9/23,12:55:03,Restauración,0,0,0,0,0,0,0,0,1,0,0,0,0,0,0,0,0,0,0,0,0,0,0,0,0,0,15,13,8,P-1421
11/9/23,12:55:38,Restauración,0,0,0,0,0,0,0,0,0,2,0,0,0,0,0,0,0,0,0,2,0,0,0,0,0,0,70,28,32,P-1422
11/9/23,12:56:24,Restauración,0,0,0,0,0,0,0,0,2,0,0,0,0,0,0,0,0,0,0,1,0,0,0,0,0,0,24,24,5,P-1423
11/9/23,12:56:45,Restauración,0,0,0,0,0,0,0,0,1,0,0,0,0,0,0,0,0,0,0,2,0,0,0,0,2,0,50,35,70,P-1424
11/9/23,12:57:40,Restauración,0,0,0,0,0,0,0,0,1,1,0,0,0,0,0,0,0,0,0,0,0,0,0,0,0,0,7,4,7,P-1425
11/9/23,12:57:45,Restauración,0,0,0,0,0,0,0,0,0,0,0,0,0,0,0,0,0,0,0,0,0,0,0,0,1,0,5,5,3,P-1426
11/9/23,12:57:53,Restauración,0,0,0,0,0,0,0,0,0,0,0,0,0,0,0,0,0,0,0,1,0,0,0,0,0,0,12,12,10,P-1427
11/9/23,12:58:52,Restauración,0,0,0,0,0,0,0,0,2,3,1,0,0,0,0,0,0,0,0,1,0,0,0,0,2,0,120,68,50,P-1428
11/9/23,12:59:43,Restauración,0,0,0,0,0,0,0,0,0,1,0,0,0,0,0,0,0,0,0,1,0,0,0,0,0,0,23,20,24,P-1429
11/9/23,12:59:51,Restauración,0,0,0,0,0,0,0,0,0,0,0,0,0,0,0,0,0,0,0,1,0,0,0,0,0,0,8,7,4,P-1430
11/9/23,12:59:59,Restauración,0,0,0,0,0,0,0,0,0,0,0,0,0,0,0,0,0,0,0,0,0,0,0,0,1,0,11,8,8,P-1431
11/9/23,13:00:21,Restauración,0,0,0,0,0,0,0,0,0,0,1,0,0,0,0,0,0,0,0,0,0,0,0,0,1,0,31,30,35,P-1432
11/9/23,13:00:40,Restauración,0,0,0,0,0,0,0,0,0,0,0,0,0,0,0,0,0,0,0,1,0,0,0,0,2,1,67,50,40,P-1433
11/9/23,13:01:11,Restauración,0,0,0,0,0,0,0,0,0,0,0,0,0,0,0,0,0,0,0,1,0,0,0,0,0,0,23,25,40,P-1434
11/9/23,13:01:25,Restauración,0,0,0,0,0,0,0,0,0,0,0,0,0,0,0,0,0,0,0,0,0,0,0,0,1,0,8,10,8,P-1435
11/9/23,13:02:43,Restauración,0,0,0,0,0,0,0,0,0,3,0,0,0,0,0,0,0,0,0,5,0,0,0,0,4,3,160,85,87,P-1436
11/9/23,13:02:56,Restauración,0,0,0,0,0,0,0,0,0,0,0,0,0,0,0,0,0,0,0,0,0,0,0,0,1,0,14,9,10,P-1437
11/9/23,13:03:07,Restauración,0,0,0,0,0,0,0,0,0,0,0,0,0,0,0,0,0,0,0,0,0,0,0,0,1,0,8,10,10,P-1438
11/9/23,13:03:13,Restauración,0,0,0,0,0,0,0,0,0,0,0,0,0,0,0,0,0,0,0,0,0,0,0,0,0,1,13,6,20,P-1439
11/9/23,13:03:29,Restauración,0,0,0,0,0,0,0,0,0,1,0,0,0,0,0,0,0,0,0,0,0,0,0,0,1,1,38,27,33,P-1440
11/9/23,13:03:40,Restauración,0,0,0,0,0,0,0,0,0,0,0,0,0,0,0,0,0,0,0,0,0,0,0,0,1,0,24,20,10,P-1441
11/9/23,13:05:52,Restauración,0,0,0,0,0,0,0,0,0,5,0,0,0,0,0,0,0,0,0,7,0,0,0,0,1,0,170,104,90,P-1442
11/9/23,13:06:15,Restauración,0,0,0,0,0,0,0,0,0,1,0,0,0,0,0,0,0,0,0,0,0,0,0,0,1,0,5,7,5,P-1443
11/9/23,13:06:23,Restauración,0,0,0,0,0,0,0,0,0,1,0,0,0,0,0,0,0,0,0,0,0,0,0,0,0,0,4,3,2,P-1444
11/9/23,13:06:35,Restauración,0,0,0,0,0,0,0,0,0,1,0,0,0,0,0,0,0,0,0,0,0,0,0,0,0,0,4,3,2,P-1445
11/9/23,13:06:59,Restauración,0,0,0,0,0,0,0,0,0,0,1,0,0,0,0,0,0,0,0,1,0,0,0,0,0,0,55,49,33,P-1446
11/9/23,13:07:07,Restauración,0,0,0,0,0,0,0,0,0,0,0,0,0,0,0,0,0,0,0,0,0,0,0,0,1,0,22,27,10,P-1447
11/9/23,13:07:12,Restauración,0,0,0,0,0,0,0,0,0,0,0,0,0,0,0,0,0,0,0,0,0,0,0,0,1,0,20,13,12,P-1448
11/9/23,13:07:23,Restauración,0,0,0,0,0,0,0,0,0,0,0,0,0,0,0,0,0,0,0,0,0,0,0,0,1,0,12,10,12,P-1449
11/9/23,13:07:31,Restauración,0,0,0,0,0,0,0,0,0,0,0,0,0,0,0,0,0,0,0,0,0,0,0,0,1,0,7,6,6,P-1450
11/9/23,13:07:39,Restauración,0,0,0,0,0,0,0,0,0,0,0,0,0,0,0,0,0,0,0,1,0,0,0,0,0,0,22,20,18,P-1451
11/9/23,13:08:35,Restauración,0,0,0,0,0,0,0,0,1,0,2,0,0,0,0,0,0,0,0,4,0,0,0,0,2,0,126,110,76,P-1452
11/9/23,13:09:07,Restauración,0,0,0,0,0,0,0,0,0,0,0,0,0,0,0,0,0,0,0,0,0,1,0,0,1,2,80,45,50,P-1453
11/9/23,13:19:07,Restauración,0,0,0,0,0,0,0,0,0,0,0,0,0,0,0,0,0,0,0,0,0,0,0,0,0,1,13,14,37,P-1454
11/9/23,13:19:29,Restauración,0,0,0,0,0,0,0,0,0,0,0,0,0,0,0,0,0,0,0,1,0,0,0,0,4,0,80,79,57,P-1455
11/9/23,13:19:45,Restauración,0,0,0,0,0,0,0,0,0,1,0,0,0,0,0,0,0,0,0,1,0,0,0,0,0,0,25,22,22,P-1456
11/9/23,13:19:58,Restauración,0,0,0,0,0,0,0,0,0,0,0,0,0,0,0,0,0,0,0,0,0,0,0,0,1,0,9,9,9,P-1457
11/9/23,13:20:09,Restauración,0,0,0,0,0,0,0,0,0,0,0,0,0,0,0,0,0,0,0,0,0,0,0,0,1,0,22,22,12,P-1458
11/9/23,13:20:20,Restauración,0,0,0,0,0,0,0,0,0,1,0,0,0,0,0,0,0,0,0,0,0,0,0,0,3,0,34,19,12,P-1459
11/9/23,13:21:43,Restauración,0,0,0,0,0,0,0,0,0,1,0,0,0,0,0,0,0,0,0,1,0,0,0,0,0,0,80,80,63,P-1460
11/9/23,13:21:59,Restauración,0,0,0,0,0,0,0,0,0,1,0,0,0,0,0,0,0,0,0,0,0,0,0,0,1,0,29,26,16,P-1461
11/9/23,13:22:18,Restauración,0,0,0,0,0,0,0,0,0,0,1,0,0,0,0,0,0,0,0,0,0,0,0,0,3,0,42,36,15,P-1462
11/9/23,13:22:34,Restauración,0,0,0,0,0,0,0,0,0,0,0,0,0,0,0,0,0,0,0,0,0,0,0,0,1,0,10,8,7,P-1463
11/9/23,13:23:42,Restauración,0,0,0,0,0,0,0,0,1,1,1,0,0,0,0,0,0,0,0,2,0,0,0,0,5,0,170,66,77,P-1464
11/9/23,13:24:54,Restauración,0,0,0,0,0,0,0,0,0,1,0,0,0,0,0,0,0,0,0,2,0,1,0,0,1,0,104,65,70,P-1465
11/9/23,13:25:59,Restauración,0,0,0,0,0,0,0,0,0,1,0,0,0,0,0,0,0,0,0,1,0,0,0,0,2,0,65,37,45,P-1466
11/9/23,13:26:21,Restauración,0,0,0,0,0,0,0,0,1,0,0,0,0,0,0,0,0,0,0,0,0,0,0,0,2,0,36,28,12,P-1467
11/9/23,13:26:48,Restauración,0,0,0,0,0,0,0,0,1,0,1,0,0,0,0,0,0,0,0,0,0,0,0,0,0,0,25,21,30,P-1468
11/9/23,13:27:54,Restauración,0,0,0,0,0,0,0,0,0,2,0,0,0,0,0,0,0,0,0,2,0,1,0,0,1,1,196,90,30,P-1469
11/9/23,13:28:14,Restauración,0,0,0,0,0,0,0,0,0,0,0,0,0,0,0,0,0,0,0,1,0,0,0,0,1,0,35,40,60,P-1470
11/9/23,13:28:43,Restauración,0,0,0,0,0,0,0,0,0,0,0,0,0,0,0,0,0,0,0,1,0,0,0,0,0,0,44,70,89,P-1471
11/9/23,13:29:37,Restauración,0,0,0,0,0,0,0,0,0,0,0,0,0,0,0,0,0,0,0,2,0,0,0,0,1,0,125,102,130,P-1472
11/9/23,13:30:14,Restauración,1,0,0,0,0,0,0,0,0,0,0,0,0,0,0,0,0,0,0,1,0,0,0,0,1,0,70,52,50,P-1473
11/9/23,13:31:05,Restauración,0,0,0,0,0,0,0,0,0,1,0,0,0,0,0,0,0,0,0,3,0,0,0,0,1,0,133,97,86,P-1474
11/9/23,13:31:22,Restauración,0,0,0,0,0,0,0,0,0,0,0,0,0,0,0,0,0,0,0,0,0,0,0,0,1,0,22,32,27,P-1475
11/9/23,13:31:38,Restauración,0,0,0,0,0,0,0,0,0,0,0,0,0,0,0,0,0,0,0,0,0,0,0,0,1,0,22,17,18,P-1476
11/9/23,13:32:07,Restauración,0,0,0,0,0,0,0,0,0,0,0,0,0,0,0,0,0,0,0,1,0,0,0,0,2,0,60,50,90,P-1477
11/9/23,13:32:23,Restauración,0,0,0,0,0,0,0,0,0,0,0,0,0,0,0,0,0,0,0,0,0,0,0,0,1,0,37,29,20,P-1478
11/9/23,13:32:37,Restauración,0,0,0,0,0,0,0,0,0,0,0,0,0,0,0,0,0,0,0,0,0,0,0,0,1,0,20,20,15,P-1479
11/9/23,13:32:42,Restauración,0,0,0,0,0,0,0,0,0,0,0,0,0,0,0,0,0,0,0,0,0,0,0,0,1,0,33,24,13,P-1480
11/9/23,13:33:39,Restauración,0,0,0,0,0,0,0,0,8,1,2,0,0,0,0,0,0,0,0,2,0,1,0,0,4,0,163,66,60,P-1481
11/9/23,13:34:01,Restauración,0,0,0,0,0,0,0,0,0,1,1,0,0,0,0,0,0,0,0,0,0,0,0,0,1,0,40,24,23,P-1482
11/9/23,13:34:16,Restauración,0,0,0,0,0,0,0,0,0,0,1,0,0,0,0,0,0,0,0,1,0,0,0,0,1,0,45,30,30,P-1483
11/9/23,13:34:25,Restauración,0,0,0,0,0,0,0,0,0,0,0,0,0,0,0,0,0,0,0,0,0,0,0,0,1,0,30,29,20,P-1484
11/9/23,13:34:33,Restauración,0,0,0,0,0,0,0,0,0,0,0,0,0,0,0,0,0,0,0,1,0,0,0,0,0,0,3,5,10,P-1485
11/9/23,13:35:42,Restauración,0,0,0,0,0,0,0,0,0,0,2,0,0,0,0,0,0,0,0,0,0,0,0,0,1,1,54,53,30,P-1486
11/9/23,13:35:59,Restauración,0,0,0,0,0,0,0,0,0,1,0,0,0,0,0,0,0,0,0,0,0,0,0,0,2,0,40,26,15,P-1487
11/9/23,13:36:34,Restauración,0,0,0,0,0,0,0,0,0,0,0,0,0,0,0,0,0,0,0,1,0,0,0,0,1,1,22,28,13,P-1488
11/9/23,13:37:06,Restauración,0,0,0,0,0,0,0,0,0,2,0,0,0,0,0,0,0,0,0,1,0,0,0,0,1,0,62,60,62,P-1489
11/9/23,13:38:07,Restauración,0,0,0,0,0,0,0,0,0,0,0,0,0,0,0,0,0,0,0,0,0,0,0,0,1,0,18,17,10,P-1490
11/9/23,13:38:45,Restauración,0,0,0,0,0,0,0,0,0,3,0,0,0,0,0,0,0,0,0,0,0,0,0,0,1,0,20,20,13,P-1491
11/9/23,13:39:01,Restauración,0,0,0,0,0,0,0,0,0,0,0,0,0,0,0,0,0,0,0,0,0,0,0,0,2,0,27,15,12,P-1492
11/9/23,13:39:12,Restauración,0,0,0,0,0,0,0,0,0,0,1,0,0,0,0,0,0,0,0,0,0,0,0,0,0,0,13,10,7,P-1493
11/9/23,13:39:20,Restauración,0,0,0,0,0,0,0,0,0,0,0,0,0,0,0,0,0,0,0,1,0,0,0,0,0,0,15,14,13,P-1494
11/9/23,13:39:31,Restauración,0,0,0,0,0,0,0,0,0,0,0,0,0,0,0,0,0,0,0,0,0,0,0,0,1,0,10,10,5,P-1495
11/9/23,13:39:37,Restauración,0,0,0,0,0,0,0,0,0,1,0,0,0,0,0,0,0,0,0,0,0,0,0,0,0,0,7,7,10,P-1496
11/9/23,13:41:10,Restauración,0,0,0,0,0,0,0,0,0,0,0,0,0,0,0,0,0,0,0,1,0,0,0,0,1,0,88,96,70,P-1497
11/9/23,13:41:51,Restauración,0,0,0,0,0,0,0,0,0,1,0,0,0,0,0,0,0,0,0,2,0,1,0,0,1,1,101,81,77,P-1498
11/9/23,13:42:23,Restauración,0,0,0,0,0,0,0,0,0,1,0,0,0,0,0,0,0,0,0,0,0,0,0,0,0,0,6,5,5,P-1499
11/9/23,13:42:29,Restauración,0,0,0,0,0,0,0,0,0,0,0,0,0,0,0,0,0,0,0,1,0,0,0,0,0,0,11,11,13,P-1500
11/9/23,13:42:55,Restauración,0,0,0,0,0,0,0,0,0,0,1,0,0,0,0,0,0,0,0,1,0,0,0,0,0,1,90,80,67,P-1501
11/9/23,13:43:22,Restauración,0,0,0,0,0,0,0,0,0,1,0,0,0,0,0,0,0,0,0,0,0,0,0,0,0,1,44,30,36,P-1502
11/9/23,13:43:35,Restauración,0,0,0,0,0,0,0,0,0,1,0,0,0,0,0,0,0,0,0,0,0,0,0,0,0,0,17,20,18,P-1503
11/9/23,13:43:44,Restauración,0,0,0,0,0,0,0,0,0,0,0,0,0,0,0,0,0,0,0,0,0,0,0,0,1,0,17,17,7,P-1504
11/9/23,13:43:54,Restauración,0,0,0,0,0,0,0,0,0,0,0,0,0,0,0,0,0,0,0,0,0,0,0,0,1,0,8,8,8,P-1505
11/9/23,13:44:00,Restauración,0,0,0,0,0,0,0,0,0,0,0,0,0,0,0,0,0,0,0,1,0,0,0,0,0,0,20,13,30,P-1506
11/9/23,13:44:59,Restauración,0,0,0,0,0,0,0,0,0,2,1,0,0,0,0,0,0,0,0,2,0,0,0,0,3,0,137,76,80,P-1507
11/9/23,13:45:37,Restauración,0,0,0,0,0,0,0,0,0,0,0,0,0,0,0,0,0,0,0,1,0,0,0,0,1,0,80,67,50,P-1508
11/9/23,13:46:20,Restauración,0,0,0,0,0,0,0,0,0,0,0,0,0,0,0,0,0,0,0,2,0,0,0,0,0,0,90,70,107,P-1509
11/9/23,13:46:50,Restauración,0,0,0,0,0,0,0,0,0,0,1,0,0,0,0,0,0,0,0,2,0,0,0,0,3,0,74,57,68,P-1510
11/9/23,13:47:22,Restauración,0,0,0,0,0,0,0,0,0,0,0,0,0,0,0,0,0,0,0,0,0,0,0,0,1,0,19,15,14,P-1511
11/9/23,13:47:35,Restauración,0,0,0,0,0,0,0,0,0,0,0,0,0,0,0,0,0,0,0,0,0,0,0,0,1,0,19,19,13,P-1512
11/9/23,13:47:43,Restauración,0,0,0,0,0,0,0,0,0,0,0,0,0,0,0,0,0,0,0,0,0,0,0,0,1,0,14,11,7,P-1513
11/9/23,13:48:04,Restauración,0,0,0,0,0,0,0,0,0,0,1,0,0,0,0,0,0,0,0,0,0,0,0,0,1,0,27,29,20,P-1514
11/9/23,13:48:21,Restauración,0,0,0,0,0,0,0,0,0,0,0,0,0,0,0,0,0,0,0,0,0,0,0,0,1,0,12,10,12,P-1515
11/9/23,13:48:32,Restauración,0,0,0,0,0,0,0,0,0,0,0,0,0,0,0,0,0,0,0,0,0,0,0,0,2,0,33,13,16,P-1516
11/9/23,13:49:42,Restauración,0,0,0,0,0,0,0,0,1,1,0,0,0,0,0,0,0,0,0,2,0,0,0,0,2,0,146,75,64,P-1517
11/9/23,13:50:19,Restauración,0,0,0,0,0,0,0,0,0,0,0,0,0,0,0,0,0,0,0,2,0,0,0,0,1,0,17,48,19,P-1518
11/9/23,13:50:35,Restauración,0,0,0,0,0,0,0,0,0,0,0,0,0,0,0,0,0,0,0,0,0,0,0,0,1,0,12,11,10,P-1519
11/9/23,13:50:48,Restauración,0,0,0,0,0,0,0,0,0,0,0,0,0,1,0,0,0,0,0,1,0,0,0,0,0,0,38,37,35,P-1520
11/9/23,13:51:00,Restauración,0,0,0,0,0,0,0,0,0,0,0,0,0,0,0,0,0,0,0,1,0,1,0,0,0,0,24,20,20,P-1521
11/9/23,13:51:10,Restauración,0,0,0,0,0,0,0,0,1,0,0,0,0,0,0,0,0,0,0,1,0,0,0,0,0,0,22,23,25,P-1522
11/9/23,13:51:47,Restauración,0,0,0,0,0,0,0,0,0,1,0,0,0,1,0,0,0,0,0,1,0,0,0,0,0,0,73,40,54,P-1523
11/9/23,13:52:10,Restauración,0,0,0,0,0,0,0,0,1,1,1,0,0,0,0,0,0,0,0,0,0,0,0,0,0,0,38,32,30,P-1524
11/9/23,13:52:23,Restauración,0,0,0,0,0,0,0,0,2,0,0,0,0,0,0,0,0,0,0,0,0,0,0,0,0,0,28,28,18,P-1525
11/9/23,13:52:44,Restauración,0,0,0,0,0,0,0,0,1,0,0,0,0,0,0,0,0,0,0,0,0,0,0,0,0,0,18,18,13,P-1526
11/9/23,13:53:17,Restauración,0,0,0,0,0,0,0,0,0,1,1,0,0,0,0,0,0,0,0,0,0,1,0,0,0,0,46,40,49,P-1527
11/9/23,13:55:29,Restauración,0,0,0,0,0,0,0,0,2,1,0,0,0,0,0,0,0,0,0,0,0,2,0,0,3,1,157,160,153,P-1528
11/9/23,13:56:24,Restauración,0,0,0,0,0,0,0,0,0,0,0,0,0,0,0,0,0,0,0,0,0,0,0,0,1,0,30,20,10,P-1529
11/9/23,13:57:21,Restauración,0,0,0,0,0,0,0,0,0,0,0,0,0,0,0,0,0,0,0,0,0,0,0,0,1,0,30,30,26,P-1530
11/9/23,13:58:12,Restauración,0,0,0,0,0,0,0,0,0,0,0,0,0,0,0,0,0,0,0,1,0,0,0,0,2,0,70,65,82,P-1531
11/9/23,13:58:28,Restauración,0,0,0,0,0,0,0,0,0,0,0,0,0,0,0,0,0,0,0,0,0,0,0,0,1,0,55,40,38,P-1532
11/9/23,13:58:39,Restauración,0,0,0,0,0,0,0,0,0,0,0,0,0,0,0,0,0,0,0,0,0,0,0,0,1,0,53,30,24,P-1533
11/9/23,13:59:09,Restauración,0,0,0,0,0,0,0,0,0,0,0,0,0,0,0,0,0,0,0,1,0,1,0,0,3,1,68,82,90,P-1534
11/9/23,13:59:44,Restauración,0,0,0,0,0,0,0,0,0,1,0,0,0,0,0,0,0,0,0,1,0,1,0,0,1,0,156,102,104,P-1535
11/9/23,13:59:54,Restauración,0,0,0,0,0,0,0,0,0,0,0,0,0,0,0,0,0,0,0,0,0,0,0,0,0,1,12,10,7,P-1536
11/9/23,14:00:05,Restauración,0,0,0,0,0,0,0,0,0,0,1,0,0,0,0,0,0,0,0,0,0,0,0,0,1,1,24,24,12,P-1537
11/9/23,14:00:22,Restauración,0,0,0,0,0,0,0,0,0,0,0,0,0,0,0,0,0,0,0,0,0,0,0,0,1,1,66,40,37,P-1538
11/9/23,14:00:43,Restauración,0,0,0,0,0,0,0,0,0,0,0,0,0,1,0,0,0,0,0,0,0,0,0,0,1,0,40,30,30,P-1539
11/9/23,14:01:13,Restauración,0,0,0,0,0,0,0,0,0,0,1,0,0,0,0,0,0,0,0,0,0,0,0,0,3,1,60,27,30,P-1540
11/9/23,14:01:47,Restauración,0,0,0,0,0,0,0,0,2,1,0,0,0,0,0,0,0,0,0,2,0,0,0,0,1,0,70,64,45,P-1541
11/9/23,14:02:12,Restauración,0,0,0,0,0,0,0,0,0,2,1,0,0,0,0,0,0,0,0,0,0,0,0,0,1,1,48,44,54,P-1542
11/9/23,14:02:23,Restauración,0,0,0,0,0,0,0,0,0,1,0,0,0,0,0,0,0,0,0,0,0,0,0,0,2,0,30,23,18,P-1543
11/9/23,14:02:41,Restauración,0,0,0,0,0,0,0,0,0,4,0,0,0,0,0,0,0,0,0,0,0,0,0,0,1,0,40,40,27,P-1544
11/8/23,09:01:02,Restauración,0,0,0,0,0,0,0,0,0,0,0,0,0,0,0,0,0,0,0,0,0,0,0,0,1,0,40,33,25,P-1545
11/8/23,09:01:43,Restauración,0,0,0,0,0,0,0,0,0,0,1,0,0,0,0,0,0,0,0,0,0,0,0,0,2,0,54,39,33,P-1546
11/8/23,09:02:18,Restauración,0,0,0,0,0,0,0,0,0,0,0,0,0,0,0,0,0,0,0,1,0,0,0,0,0,0,118,109,86,P-1547
11/8/23,09:02:53,Restauración,0,0,0,0,0,0,0,0,0,0,0,0,0,0,0,0,0,0,0,0,0,0,0,0,1,0,52,44,23,P-1548
11/8/23,09:03:12,Restauración,0,0,0,0,0,0,0,0,0,0,0,0,0,0,0,0,0,0,0,0,0,0,0,0,1,0,33,31,13,P-1549
11/8/23,09:04:01,Restauración,0,0,0,0,0,0,0,0,0,0,0,0,0,0,0,0,0,0,0,2,0,1,0,0,2,0,137,108,122,P-1550
11/8/23,09:04:43,Restauración,0,0,0,0,0,0,0,0,0,0,0,0,0,0,0,0,0,0,0,1,0,0,0,0,0,0,112,122,56,P-1551
11/8/23,09:05:07,Restauración,0,0,0,0,0,0,0,0,0,0,0,0,0,0,0,0,0,0,0,0,0,0,0,0,1,0,31,16,25,P-1552
11/8/23,09:05:40,Restauración,0,0,0,0,0,0,0,0,0,0,0,0,0,0,0,0,0,0,0,1,0,0,0,0,0,0,72,66,59,P-1553
11/8/23,09:06:02,Restauración,0,0,0,0,0,0,0,0,0,0,1,0,0,0,0,0,0,0,0,0,0,0,0,0,0,0,30,13,24,P-1554
11/8/23,09:07:01,Restauración,0,0,0,0,0,0,0,0,0,1,1,0,0,0,0,0,0,0,0,1,0,0,0,0,1,0,123,152,79,P-1555
11/8/23,09:07:59,Restauración,0,0,0,0,0,0,0,0,0,0,3,0,0,0,0,0,0,0,0,2,0,0,0,0,2,0,102,79,41,P-1556
11/8/23,09:08:29,Restauración,0,0,0,0,0,0,0,0,0,1,0,0,0,0,0,0,0,0,0,0,0,0,0,0,0,0,6,9,31,P-1557
11/8/23,09:08:45,Restauración,0,0,0,0,0,0,0,0,0,1,0,0,0,0,0,0,0,0,0,0,0,0,0,0,0,0,5,7,22,P-1558
11/8/23,09:09:07,Restauración,0,0,0,0,0,0,0,0,0,1,0,0,0,0,0,0,0,0,0,0,0,0,0,0,1,0,28,14,17,P-1559
11/8/23,09:09:45,Restauración,0,0,0,0,0,0,0,0,0,1,1,0,0,0,0,0,0,0,0,0,0,0,0,0,1,0,45,32,35,P-1560
11/8/23,09:10:01,Restauración,0,0,0,0,0,0,0,0,0,0,0,0,0,0,0,0,0,0,0,0,0,0,0,0,1,0,4,6,7,P-1561
11/8/23,09:10:24,Restauración,0,0,0,0,0,0,0,0,0,0,0,0,0,0,0,0,0,0,0,1,0,0,0,0,0,0,33,24,43,P-1562
11/8/23,09:10:44,Restauración,0,0,0,0,0,0,0,0,0,1,0,0,0,0,0,0,0,0,0,0,0,0,0,0,1,0,27,22,23,P-1563
11/8/23,09:11:45,Restauración,0,0,0,0,0,0,0,0,0,3,1,0,0,0,0,0,0,0,0,1,0,0,0,0,4,0,146,95,52,P-1564
11/8/23,09:12:12,Restauración,0,0,0,0,0,0,0,0,0,0,1,0,0,0,0,0,0,0,0,0,0,0,0,0,0,0,52,35,33,P-1565
11/8/23,09:12:37,Restauración,0,0,0,0,0,0,0,0,0,1,0,0,0,0,0,0,0,0,0,0,0,0,0,0,2,0,48,42,28,P-1566
11/8/23,09:12:55,Restauración,0,0,0,0,0,0,0,0,0,1,0,0,0,0,0,0,0,0,0,0,0,0,0,0,0,0,13,8,13,P-1567
11/8/23,09:13:55,Restauración,0,0,0,0,0,0,0,0,0,0,1,0,0,0,0,0,0,0,0,0,0,0,0,0,3,0,57,57,46,P-1568
11/8/23,09:14:22,Restauración,0,0,0,0,0,0,0,0,0,0,1,0,0,0,0,0,0,0,0,1,0,0,0,0,1,0,39,46,47,P-1569
11/8/23,09:14:54,Restauración,0,0,0,0,0,0,0,0,0,1,0,0,0,0,0,0,0,0,0,0,0,0,0,0,1,0,31,26,19,P-1570
11/8/23,09:15:50,Restauración,0,0,0,0,0,0,0,0,0,0,0,0,0,0,0,0,0,0,0,1,0,0,0,0,6,0,151,172,85,P-1571
11/8/23,09:16:14,Restauración,0,0,0,0,0,0,0,0,0,0,0,0,0,0,0,0,0,0,0,0,0,0,0,0,1,0,36,16,17,P-1572
11/8/23,09:16:38,Restauración,0,0,0,0,0,0,0,0,0,0,1,0,0,0,0,0,0,0,0,0,0,0,0,0,0,0,23,19,25,P-1573
11/8/23,09:17:22,Restauración,0,0,0,0,0,0,0,0,0,0,0,0,0,0,0,0,0,0,0,1,0,1,0,0,3,0,210,120,123,P-1574
11/8/23,09:17:51,Restauración,0,0,0,0,0,0,0,0,0,0,1,0,0,0,0,0,0,0,0,0,0,0,0,0,1,0,80,54,46,P-1575
11/8/23,09:18:12,Restauración,0,0,0,0,0,0,0,0,0,0,0,0,0,0,0,0,0,0,0,0,0,0,0,0,1,0,45,46,32,P-1576
11/8/23,09:18:29,Restauración,0,0,0,0,0,0,0,0,0,0,1,0,0,0,0,0,0,0,0,0,0,0,0,0,0,0,21,40,33,P-1577
11/8/23,09:18:50,Restauración,0,0,0,0,0,0,0,0,0,0,0,0,0,0,0,0,0,0,0,0,0,0,0,0,1,0,26,27,22,P-1578
11/8/23,09:19:18,Restauración,0,0,0,0,0,0,0,0,0,0,0,0,0,0,0,0,0,0,0,0,0,0,0,0,1,0,38,31,26,P-1579
11/8/23,09:20:01,Restauración,0,0,0,0,0,0,0,0,0,0,0,0,0,0,0,0,0,0,0,1,0,0,0,0,4,0,160,143,82,P-1580
11/8/23,09:21:24,Restauración,0,0,0,0,0,0,0,0,0,0,0,0,0,0,0,0,0,0,0,4,0,0,0,0,1,0,233,240,109,P-1581
11/8/23,09:21:56,Restauración,0,0,0,0,0,0,0,0,0,0,0,0,0,0,0,0,0,0,0,1,0,0,0,0,2,0,105,133,76,P-1582
11/8/23,09:22:17,Restauración,0,0,0,0,0,0,0,0,0,0,0,0,0,0,0,0,0,0,0,0,0,0,0,0,1,0,41,40,22,P-1583
11/8/23,09:22:39,Restauración,0,0,0,0,0,0,0,0,0,1,0,0,0,0,0,0,0,0,0,0,0,0,0,0,1,0,18,10,9,P-1584
11/8/23,09:23:01,Restauración,0,0,0,0,0,0,0,0,0,0,0,0,0,0,0,0,0,0,0,0,0,0,0,0,1,0,17,18,14,P-1585
11/8/23,09:23:19,Restauración,0,0,0,0,0,0,0,0,2,0,0,0,0,0,0,0,0,0,0,0,0,0,0,0,0,0,12,3,4,P-1586
11/8/23,09:23:48,Restauración,0,0,0,0,0,0,0,0,0,0,0,0,0,0,0,0,0,0,0,0,0,0,0,0,1,0,15,20,13,P-1587
11/8/23,09:24:10,Restauración,0,0,0,0,0,0,0,0,0,0,0,0,0,0,0,0,0,0,0,0,0,0,0,0,4,0,56,76,30,P-1588
11/8/23,09:24:29,Restauración,0,0,0,0,0,0,0,0,0,0,0,0,0,0,0,0,0,0,0,0,0,0,0,0,1,0,32,21,17,P-1589
11/8/23,09:24:45,Restauración,0,0,0,0,0,0,0,0,0,0,0,0,0,0,0,0,0,0,0,0,0,0,0,0,1,0,9,10,13,P-1590
11/8/23,09:25:10,Restauración,0,0,0,0,0,0,0,0,0,1,0,0,0,0,0,0,0,0,0,0,0,0,0,0,1,0,54,39,27,P-1591
11/8/23,09:25:26,Restauración,0,0,0,0,0,0,0,0,0,0,0,0,0,0,0,0,0,0,0,0,0,0,0,0,1,0,16,13,18,P-1592
11/8/23,09:26:14,Restauración,0,0,0,0,0,0,0,0,0,1,1,0,0,0,0,0,0,0,0,1,0,0,0,0,2,0,106,90,57,P-1593
11/8/23,09:26:41,Restauración,0,0,0,0,0,0,0,0,0,1,1,0,0,0,0,0,0,0,0,0,0,0,0,0,1,0,38,23,21,P-1594
11/8/23,09:27:02,Restauración,0,0,0,0,0,0,0,0,0,0,1,0,0,0,0,0,0,0,0,0,0,0,0,0,0,0,42,29,31,P-1595
11/8/23,09:27:32,Restauración,0,0,0,0,0,0,0,0,0,0,0,0,0,0,0,0,0,0,0,0,0,0,0,0,3,0,32,29,16,P-1596
11/8/23,09:27:45,Restauración,0,0,0,0,0,0,0,0,0,0,0,0,0,0,0,0,0,0,0,0,0,0,0,0,1,0,3,3,3,P-1597
11/8/23,09:27:59,Restauración,0,0,0,0,0,0,0,0,0,0,0,0,0,0,0,0,0,0,0,0,0,0,0,0,1,0,6,4,7,P-1598
11/8/23,09:28:15,Restauración,0,0,0,0,0,0,0,0,0,0,0,0,0,0,0,0,0,0,0,0,0,0,0,0,1,0,5,6,7,P-1599
11/8/23,09:28:34,Restauración,0,0,0,0,0,0,0,0,0,0,0,0,0,0,0,0,0,0,0,0,0,0,0,0,1,0,32,26,22,P-1600
11/8/23,09:29:11,Restauración,0,0,0,0,0,0,0,0,0,0,0,0,0,0,0,0,0,0,0,0,0,0,0,0,4,0,77,38,42,P-1601
11/8/23,09:29:46,Restauración,0,0,0,0,0,0,0,0,0,1,1,0,0,0,0,0,0,0,0,0,0,0,0,0,0,0,86,68,44,P-1602
11/8/23,09:30:13,Restauración,0,0,0,0,0,0,0,0,0,0,0,0,0,0,0,0,0,0,0,0,0,0,0,0,2,0,22,12,7,P-1603
11/8/23,09:30:40,Restauración,0,0,0,0,0,0,0,0,0,0,2,0,0,0,0,0,0,0,0,0,0,0,0,0,0,0,48,31,30,P-1604
11/8/23,09:30:59,Restauración,0,0,0,0,0,0,0,0,0,0,0,0,0,0,0,0,0,0,0,0,0,0,0,0,2,0,11,11,6,P-1605
11/8/23,09:31:15,Restauración,0,0,0,0,0,0,0,0,0,0,0,0,0,0,0,0,0,0,0,0,0,0,0,0,1,0,8,6,7,P-1606
11/8/23,09:31:28,Restauración,0,0,0,0,0,0,0,0,0,1,0,0,0,0,0,0,0,0,0,0,0,0,0,0,0,0,3,3,10,P-1607
11/8/23,09:31:56,Restauración,0,0,0,0,0,0,0,0,0,0,0,0,0,0,0,0,0,0,0,0,0,0,0,0,2,0,51,34,28,P-1608
11/8/23,09:32:44,Restauración,0,0,0,0,0,0,0,0,3,1,0,0,0,0,0,0,0,0,0,1,0,0,0,0,1,0,70,65,30,P-1609
11/8/23,09:33:03,Restauración,0,0,0,0,0,0,0,0,1,0,0,0,0,0,0,0,0,0,0,0,0,0,0,0,0,0,24,27,12,P-1610
11/8/23,09:33:19,Restauración,0,0,0,0,0,0,0,0,0,1,0,0,0,0,0,0,0,0,0,0,0,0,0,0,0,0,5,5,3,P-1611
11/8/23,09:33:35,Restauración,0,0,0,0,0,0,0,0,0,0,0,0,0,0,0,0,0,0,0,0,0,0,0,0,1,0,20,14,9,P-1612
11/8/23,09:33:54,Restauración,0,0,0,0,0,0,0,0,0,0,0,0,0,0,0,0,0,0,0,0,0,0,0,0,1,0,23,22,14,P-1613
11/8/23,09:34:08,Restauración,0,0,0,0,0,0,0,0,0,0,0,0,0,0,0,0,0,0,0,0,0,0,0,0,1,0,6,6,5,P-1614
11/8/23,09:34:23,Restauración,0,0,0,0,0,0,0,0,0,0,0,0,0,0,0,0,0,0,0,1,0,0,0,0,0,0,21,19,23,P-1615
11/8/23,09:34:40,Restauración,0,0,0,0,0,0,0,0,1,0,0,0,0,0,0,0,0,0,0,0,0,0,0,0,0,0,4,3,3,P-1616
11/8/23,09:34:58,Restauración,0,0,0,0,0,0,0,0,0,0,0,0,0,0,0,0,0,0,0,0,0,0,0,0,1,0,6,7,6,P-1617
11/8/23,09:35:12,Restauración,0,0,0,0,0,0,0,0,0,0,0,0,0,0,0,0,0,0,0,0,0,0,0,0,1,0,7,7,6,P-1618
11/8/23,09:35:28,Restauración,0,0,0,0,0,0,0,0,0,0,0,0,0,0,0,0,0,0,0,1,0,0,0,0,0,0,7,7,17,P-1619
11/8/23,09:35:42,Restauración,0,0,0,0,0,0,0,0,0,0,0,0,0,0,0,0,0,0,0,0,0,0,0,0,1,0,3,3,4,P-1620
11/8/23,09:35:57,Restauración,0,0,0,0,0,0,0,0,0,0,0,0,0,0,0,0,0,0,0,1,0,0,0,0,0,0,11,13,17,P-1621
11/8/23,09:36:14,Restauración,0,0,0,0,0,0,0,0,0,0,0,0,0,0,0,0,0,0,0,0,0,0,0,0,1,0,28,27,13,P-1622
11/8/23,09:36:38,Restauración,0,0,0,0,0,0,0,0,0,1,0,0,0,0,0,0,0,0,0,0,0,0,0,0,0,0,5,6,6,P-1623
11/8/23,09:37:42,Restauración,0,0,0,0,0,0,0,0,0,2,0,0,0,0,0,0,0,0,0,1,0,0,0,0,2,0,79,71,50,P-1624
11/8/23,09:38:06,Restauración,0,0,0,0,0,0,0,0,0,0,1,0,0,0,0,0,0,0,0,0,0,0,0,0,0,0,47,40,28,P-1625
11/8/23,09:38:29,Restauración,0,0,0,0,0,0,0,0,0,0,0,0,0,0,0,0,0,0,0,0,0,0,0,0,3,0,60,39,23,P-1626
11/8/23,09:39:11,Restauración,0,0,0,0,0,0,0,0,0,0,0,0,0,0,0,0,0,0,0,1,0,0,0,0,1,0,117,90,74,P-1627
11/8/23,09:39:49,Restauración,0,0,0,0,0,0,0,0,0,0,0,0,0,0,0,0,0,0,0,1,0,0,0,0,1,0,147,114,87,P-1628
11/8/23,09:40:19,Restauración,0,0,0,0,0,0,0,0,0,0,1,0,0,0,0,0,0,0,0,0,0,0,0,0,0,0,49,37,48,P-1629
11/8/23,09:41:05,Restauración,0,0,0,0,0,0,0,0,0,0,0,0,0,0,0,0,0,0,0,1,0,0,0,0,0,0,137,138,105,P-1630
11/8/23,09:41:31,Restauración,0,0,0,0,0,0,0,0,0,0,0,0,0,0,0,0,0,0,0,0,0,0,0,0,2,0,28,26,20,P-1631
11/8/23,09:41:50,Restauración,0,0,0,0,0,0,0,0,0,0,0,0,0,0,0,0,0,0,0,0,0,0,0,0,3,0,39,42,18,P-1632
11/8/23,09:42:22,Restauración,0,0,0,0,0,0,0,0,0,0,0,0,0,0,0,0,0,0,0,1,0,0,0,0,4,0,114,93,90,P-1633
11/8/23,09:42:44,Restauración,0,0,0,0,0,0,0,0,0,0,0,0,0,0,0,0,0,0,0,0,0,0,0,0,1,0,42,25,16,P-1634
11/8/23,09:43:08,Restauración,0,0,0,0,0,0,0,0,0,1,0,0,0,0,0,0,0,0,0,0,0,0,0,0,0,0,42,29,31,P-1635
11/8/23,09:44:07,Restauración,0,0,0,0,0,0,0,0,1,5,0,0,0,0,0,0,0,0,0,1,0,0,0,0,0,0,113,89,74,P-1636
11/8/23,09:44:37,Restauración,0,0,0,0,0,0,0,0,0,0,0,0,0,0,0,0,0,0,0,0,0,0,0,0,4,0,62,48,20,P-1637
11/8/23,09:45:31,Restauración,0,0,0,0,0,0,0,0,0,0,0,0,0,0,0,0,0,0,0,3,0,0,0,0,4,0,182,149,102,P-1638
11/8/23,09:45:49,Restauración,0,0,0,0,0,0,0,0,0,0,0,0,0,0,0,0,0,0,0,0,0,0,0,0,1,0,4,5,6,P-1639
11/8/23,09:46:11,Restauración,0,0,0,0,0,0,0,0,0,0,0,0,0,0,0,0,0,0,0,0,0,0,0,0,1,0,30,32,24,P-1640
11/8/23,09:47:15,Restauración,0,0,0,0,0,0,0,0,0,1,1,0,0,0,0,0,0,0,0,1,0,0,0,0,3,0,212,162,83,P-1641
11/8/23,09:47:58,Restauración,0,0,0,0,0,0,0,0,0,0,0,0,0,0,0,0,0,0,0,1,0,0,0,0,3,0,121,96,75,P-1642
11/8/23,09:48:20,Restauración,0,0,0,0,0,0,0,0,0,0,0,0,0,0,0,0,0,0,0,0,0,0,0,0,1,0,30,31,20,P-1643
11/8/23,09:48:38,Restauración,0,0,0,0,0,0,0,0,0,0,0,0,0,0,0,0,0,0,0,0,0,0,0,0,3,0,99,42,26,P-1644
11/8/23,09:48:55,Restauración,0,0,0,0,0,0,0,0,0,0,0,0,0,0,0,0,0,0,0,0,0,0,0,0,1,0,46,39,20,P-1645
11/8/23,09:49:25,Restauración,0,0,0,0,0,0,0,0,0,0,1,0,0,0,0,1,0,0,0,1,0,0,0,0,1,0,81,42,35,P-1646
11/8/23,09:51:37,Restauración,0,0,0,0,0,0,0,0,0,0,0,0,0,0,0,1,0,0,0,0,0,0,0,0,1,0,31,32,25,P-1647
11/8/23,09:52:06,Restauración,0,0,0,0,0,0,0,0,0,0,0,0,0,0,0,3,0,0,0,0,0,0,0,0,2,0,40,31,19,P-1648
11/8/23,09:52:30,Restauración,0,0,0,0,0,0,0,0,0,0,0,0,0,0,0,1,0,0,0,0,0,0,0,0,1,0,16,14,15,P-1649
11/8/23,09:53:05,Restauración,0,0,0,0,0,0,0,0,0,0,0,0,0,0,0,6,0,0,0,0,0,0,0,0,2,0,61,36,45,P-1650
11/8/23,09:53:27,Restauración,0,0,0,0,0,0,0,0,0,0,1,0,0,0,0,0,0,0,0,0,0,0,0,0,0,0,22,21,28,P-1651
11/8/23,09:54:23,Restauración,0,0,0,0,0,0,0,0,0,0,0,0,0,0,0,4,0,0,0,1,0,0,0,0,2,0,119,109,89,P-1652
11/8/23,09:55:22,Restauración,0,0,0,0,0,0,0,0,0,0,1,0,0,0,0,1,0,0,0,0,0,0,0,0,2,0,134,82,72,P-1653
11/8/23,09:56:24,Restauración,0,0,0,0,0,0,0,0,0,1,0,0,0,0,0,0,0,0,0,2,0,0,0,0,6,0,192,140,100,P-1654
11/8/23,09:56:45,Restauración,0,0,0,0,0,0,0,0,0,0,0,0,0,0,0,0,0,0,0,0,0,0,0,0,1,0,5,4,7,P-1655
11/8/23,09:57:04,Restauración,0,0,0,0,0,0,0,0,0,0,0,0,0,0,0,0,0,0,0,0,0,0,0,0,1,0,37,30,20,P-1656
11/8/23,09:57:18,Restauración,0,0,0,0,0,0,0,0,0,0,0,0,0,0,0,0,0,0,0,0,0,0,0,0,1,0,8,11,10,P-1657
11/8/23,09:57:45,Restauración,0,0,0,0,0,0,0,0,0,0,0,0,0,0,0,0,0,0,0,0,0,0,0,0,2,0,64,36,27,P-1658
11/8/23,09:58:12,Restauración,0,0,0,0,0,0,0,0,0,1,0,0,0,0,0,0,0,0,0,0,0,0,0,0,1,0,90,50,59,P-1659
11/8/23,09:59:06,Restauración,0,0,0,0,0,0,0,0,0,8,0,0,0,0,0,0,0,0,0,0,0,0,0,0,4,0,117,87,49,P-1660
11/8/23,09:59:27,Restauración,0,0,0,0,0,0,0,0,0,0,1,0,0,0,0,0,0,0,0,0,0,0,0,0,0,0,32,26,23,P-1661
11/8/23,09:59:49,Restauración,0,0,0,0,0,0,0,0,0,0,0,0,0,0,0,0,0,0,0,0,0,0,0,0,1,0,34,24,20,P-1662
11/8/23,10:00:21,Restauración,0,0,0,0,0,0,0,0,0,0,0,0,0,0,0,0,0,0,0,0,0,0,0,0,3,0,94,55,24,P-1663
11/8/23,10:00:52,Restauración,0,0,0,0,0,0,0,0,0,0,0,0,0,0,0,2,0,0,0,0,0,0,0,0,3,0,81,43,25,P-1664
11/8/23,10:01:36,Restauración,0,0,0,0,0,0,0,0,0,0,0,0,0,0,0,0,0,0,0,0,0,0,0,0,2,0,105,80,29,P-1665
11/8/23,10:01:57,Restauración,0,0,0,0,0,0,0,0,0,0,0,0,0,0,0,0,0,0,0,1,0,0,0,0,0,0,16,19,16,P-1666
11/8/23,10:02:25,Restauración,0,0,0,0,0,0,0,0,0,0,1,0,0,0,0,2,0,0,0,0,0,0,0,0,3,0,71,63,32,P-1667
11/8/23,10:02:51,Restauración,0,0,0,0,0,0,0,0,0,0,1,0,0,0,0,1,0,0,0,0,0,0,0,0,0,0,31,29,25,P-1668
11/8/23,10:03:24,Restauración,0,0,0,0,0,0,0,0,0,0,0,0,0,0,0,0,0,0,0,0,0,0,0,0,1,0,42,40,27,P-1669
11/8/23,10:03:42,Restauración,0,0,0,0,0,0,0,0,0,1,0,0,0,0,0,0,0,0,0,0,0,0,0,0,0,0,29,13,28,P-1670
11/8/23,10:04:14,Restauración,0,0,0,0,0,0,0,0,0,0,0,0,0,0,0,0,0,0,0,0,0,0,0,0,3,0,113,76,32,P-1671
11/8/23,10:05:16,Restauración,0,0,0,0,0,0,0,0,0,0,1,0,0,0,0,1,0,0,0,1,0,1,1,0,0,0,179,165,80,P-1672
11/8/23,10:06:02,Restauración,0,0,0,0,0,0,0,0,0,0,0,0,0,0,0,0,0,0,0,1,0,0,0,0,4,0,100,83,62,P-1673
11/8/23,10:15:45,Restauración,0,0,0,0,0,0,0,0,0,0,1,0,0,0,0,0,0,0,0,2,0,1,0,0,6,0,209,132,106,P-1674
11/9/23,08:49:45,Restauración,0,0,0,0,0,0,0,0,0,0,0,0,0,0,0,0,0,0,0,0,0,0,0,0,1,0,49,34,22,P-1675
11/9/23,08:50:03,Restauración,0,0,0,0,0,0,0,0,0,0,0,0,0,0,0,0,0,0,0,0,0,0,0,0,1,0,48,36,29,P-1676
11/9/23,08:50:23,Restauración,0,0,1,0,0,0,0,0,0,0,0,0,0,0,0,0,0,0,0,0,0,0,0,0,1,0,61,44,29,P-1677
11/9/23,08:51:14,Restauración,0,0,0,0,0,0,0,0,0,1,0,0,0,0,0,0,0,0,0,1,0,0,0,0,7,0,155,133,120,P-1678
11/9/23,08:51:27,Restauración,0,0,0,0,0,0,0,0,0,0,0,0,0,0,0,0,0,0,0,0,0,0,0,0,1,0,37,18,28,P-1679
11/9/23,08:51:43,Restauración,0,0,0,0,0,0,0,0,0,0,0,0,0,0,0,0,0,0,0,0,0,0,0,0,1,0,26,23,27,P-1680
11/9/23,08:51:59,Restauración,0,0,0,0,0,0,0,0,0,0,0,0,0,0,0,0,0,0,0,0,0,0,0,0,1,0,52,29,35,P-1681
11/9/23,08:52:26,Restauración,0,0,0,0,0,0,0,0,0,0,0,0,0,0,0,0,0,0,0,0,0,0,0,0,1,0,69,60,28,P-1682
11/9/23,08:52:53,Restauración,0,0,0,0,0,0,0,0,0,0,1,0,0,0,0,0,0,0,0,0,0,1,0,0,4,0,140,104,67,P-1683
11/9/23,08:53:25,Restauración,0,0,0,0,0,0,0,0,0,0,0,0,0,0,0,0,0,0,0,0,0,0,0,0,1,0,23,21,28,P-1684
11/9/23,08:53:52,Restauración,0,0,0,0,0,0,0,0,0,2,0,0,0,0,0,0,0,0,0,0,0,0,0,0,0,0,40,36,47,P-1685
11/9/23,08:54:22,Restauración,0,0,0,0,0,0,0,0,0,3,0,0,0,0,0,0,0,0,0,0,0,0,0,0,0,0,35,21,45,P-1686
11/9/23,08:54:40,Restauración,0,0,0,0,0,0,0,0,0,1,0,0,0,0,0,0,0,0,0,0,0,0,0,0,0,0,23,22,38,P-1687
11/9/23,08:54:57,Restauración,0,0,0,0,0,0,0,0,0,0,0,0,0,0,0,0,0,0,0,0,0,0,0,0,1,0,56,31,27,P-1688
11/9/23,08:55:10,Restauración,0,0,0,0,0,0,0,0,0,0,0,0,0,0,0,0,0,0,0,0,0,0,0,0,1,0,30,28,25,P-1689
11/9/23,08:55:27,Restauración,0,0,0,0,0,0,0,0,0,0,0,0,0,0,0,0,0,0,0,0,0,0,0,0,1,0,26,23,27,P-1690
11/9/23,08:55:48,Restauración,0,0,0,0,0,0,0,0,0,0,0,0,0,0,0,0,0,0,0,0,0,0,0,0,1,0,57,54,29,P-1691
11/9/23,08:56:10,Restauración,0,0,0,0,0,0,0,0,0,0,0,0,0,0,0,0,0,0,0,0,0,0,0,0,1,0,45,25,30,P-1692
11/9/23,08:56:31,Restauración,0,0,0,0,0,0,0,0,0,0,0,0,0,0,0,0,0,0,0,0,0,0,0,0,2,0,72,58,38,P-1693
11/9/23,08:57:04,Restauración,0,0,0,0,0,0,0,0,0,0,0,0,0,0,0,0,0,0,0,0,0,0,0,0,5,0,154,115,39,P-1694
11/9/23,08:57:25,Restauración,0,0,0,0,0,0,0,0,0,0,0,0,0,0,0,0,0,0,0,0,0,0,0,0,1,0,34,29,21,P-1695
11/9/23,08:57:41,Restauración,0,0,0,0,0,0,0,0,0,0,0,0,0,0,0,0,0,0,0,0,0,0,0,0,1,0,5,5,10,P-1696
11/9/23,08:57:52,Restauración,0,0,0,0,0,0,0,0,0,0,0,0,0,0,0,0,0,0,0,0,0,0,0,0,1,0,4,4,5,P-1697
11/9/23,08:58:22,Restauración,0,0,0,0,0,0,0,0,0,0,0,0,0,0,0,0,0,0,0,0,0,0,0,0,5,0,110,104,31,P-1698
11/9/23,08:58:37,Restauración,0,0,0,0,0,0,0,0,0,0,0,0,0,0,0,0,0,0,0,0,0,0,0,0,1,0,31,24,30,P-1699
11/9/23,08:58:51,Restauración,0,0,0,0,0,0,0,0,0,0,0,0,0,0,0,0,0,0,0,0,0,0,0,0,1,0,18,12,13,P-1700
11/9/23,08:59:37,Restauración,0,0,0,0,0,0,0,0,0,2,0,0,0,0,0,0,0,0,0,1,0,0,0,0,3,0,179,129,83,P-1701
11/9/23,08:59:56,Restauración,0,0,0,0,0,0,0,0,0,0,0,0,0,0,0,0,0,0,0,0,0,0,0,0,1,0,28,17,16,P-1702
11/9/23,09:00:09,Restauración,0,0,0,0,0,0,0,0,0,0,0,0,0,0,0,0,0,0,0,0,0,0,0,0,1,0,30,21,17,P-1703
11/9/23,09:00:55,Restauración,0,0,0,0,0,0,0,0,0,1,0,0,0,0,0,0,0,0,0,0,0,0,0,0,1,0,19,13,29,P-1704
11/9/23,09:01:54,Restauración,0,0,0,0,0,0,0,0,0,0,0,0,0,0,0,0,0,0,0,0,0,0,0,0,3,0,79,54,31,P-1705
11/9/23,09:02:31,Restauración,0,0,0,0,0,0,0,0,0,2,2,0,0,0,0,0,0,0,0,0,0,0,0,0,2,0,110,70,55,P-1706
11/9/23,09:02:56,Restauración,0,0,0,0,0,0,0,0,0,0,0,0,0,0,0,0,0,0,0,0,0,0,0,0,2,0,82,65,32,P-1707
11/9/23,09:03:12,Restauración,0,0,0,0,0,0,0,0,0,0,0,0,0,0,0,0,0,0,0,0,0,0,0,0,1,0,14,11,15,P-1708
11/9/23,09:03:38,Restauración,0,0,0,0,0,0,0,0,0,0,0,0,0,0,0,0,0,0,0,0,0,0,0,0,2,0,74,60,28,P-1709
11/9/23,09:04:06,Restauración,0,0,0,0,0,0,0,0,0,0,0,0,0,0,0,0,0,0,0,0,0,0,0,0,3,0,105,63,42,P-1710
11/9/23,09:04:41,Restauración,0,0,0,0,0,0,0,0,0,0,0,0,0,0,0,0,0,0,0,0,0,0,0,0,2,0,53,28,35,P-1711
11/9/23,09:05:10,Restauración,0,0,0,0,0,0,0,0,0,1,0,0,0,0,0,0,0,0,0,0,0,0,0,0,0,0,22,10,38,P-1712
11/9/23,09:05:27,Restauración,0,0,0,0,0,0,0,0,0,1,0,0,0,0,0,0,0,0,0,0,0,0,0,0,1,0,50,36,51,P-1713
11/9/23,09:06:55,Restauración,0,0,0,0,0,0,0,0,0,1,1,0,0,1,0,1,0,0,0,2,0,0,0,0,7,0,221,153,75,P-1714
11/9/23,09:07:38,Restauración,0,0,0,0,0,0,0,0,0,0,0,0,0,0,0,0,0,0,0,1,0,1,0,0,2,0,156,129,128,P-1715
11/9/23,09:08:05,Restauración,0,0,0,0,0,0,0,0,0,0,0,0,0,0,0,0,0,0,0,1,0,0,0,0,2,0,89,71,73,P-1716
11/9/23,09:08:42,Restauración,0,0,0,0,0,0,0,0,0,0,0,0,0,0,0,0,0,0,0,1,0,0,0,0,0,0,172,127,85,P-1717
11/9/23,09:09:20,Restauración,0,0,0,0,0,0,0,0,0,0,0,0,0,0,0,0,0,0,0,0,0,1,0,0,1,0,150,170,151,P-1718
11/9/23,09:09:39,Restauración,0,0,0,0,0,0,0,0,0,0,0,0,0,0,0,0,0,0,0,0,0,0,0,0,1,0,61,54,41,P-1719
11/9/23,09:09:58,Restauración,0,0,0,0,0,0,0,0,0,0,0,0,0,0,0,0,0,0,0,1,0,0,0,0,0,0,56,45,50,P-1720
11/9/23,09:10:17,Restauración,0,0,0,0,0,0,0,0,0,0,1,0,0,0,0,0,0,0,0,0,0,0,0,0,0,0,44,39,37,P-1721
11/9/23,09:10:36,Restauración,0,0,0,0,0,0,0,0,0,0,0,0,0,0,0,0,0,0,0,1,0,0,0,0,1,0,50,44,31,P-1722
11/9/23,09:10:55,Restauración,0,0,0,0,0,0,0,0,0,1,0,0,0,0,0,0,0,0,0,0,0,0,0,0,1,0,38,45,24,P-1723
11/9/23,09:11:10,Restauración,0,0,0,0,0,0,0,0,0,0,0,0,0,0,0,0,0,0,0,0,0,0,0,0,2,0,38,28,16,P-1724
11/9/23,09:11:59,Restauración,0,0,0,0,0,0,0,0,0,2,0,0,0,0,0,0,0,0,0,0,0,0,0,0,3,0,100,66,54,P-1725
11/9/23,09:12:23,Restauración,0,0,0,0,0,0,0,0,0,0,0,0,0,0,0,1,0,0,0,0,0,0,0,0,3,0,94,66,28,P-1726
11/9/23,09:13:00,Restauración,0,0,0,0,0,0,0,0,0,2,0,0,0,0,0,0,0,0,0,0,0,0,0,0,1,0,77,70,36,P-1727
11/9/23,09:13:52,Restauración,0,0,0,0,0,0,0,0,0,0,1,0,0,0,0,0,0,0,0,2,0,1,0,0,4,0,157,150,138,P-1728
11/9/23,09:14:13,Restauración,0,0,0,1,0,0,0,0,0,1,0,0,0,0,0,0,0,0,0,0,0,0,0,0,1,0,52,37,20,P-1729
11/9/23,09:15:26,Restauración,0,0,0,0,0,0,0,0,0,1,0,0,0,0,0,0,0,0,0,0,0,0,0,0,1,0,64,53,23,P-1730
11/9/23,09:15:50,Restauración,0,0,0,0,0,0,0,0,0,3,0,0,0,0,0,0,0,0,0,1,0,0,0,0,1,0,63,60,25,P-1731
11/9/23,09:16:14,Restauración,0,0,0,0,0,0,0,0,0,1,0,0,0,0,0,0,0,0,0,0,0,1,0,0,1,0,105,103,74,P-1732
11/9/23,09:16:36,Restauración,0,0,0,0,0,0,0,0,0,1,0,0,0,0,0,0,0,0,0,0,0,0,0,0,2,0,63,45,34,P-1733
11/9/23,09:17:11,Restauración,0,0,0,0,0,0,0,0,0,1,0,0,0,0,0,0,0,0,0,1,0,0,0,0,2,0,100,93,52,P-1734
11/9/23,09:17:38,Restauración,0,0,0,0,0,0,0,0,0,0,1,0,0,0,0,0,0,0,0,0,0,0,0,0,0,0,76,69,46,P-1735
11/9/23,09:17:57,Restauración,0,0,0,0,0,0,0,0,0,0,0,0,0,0,0,0,0,0,0,0,0,0,0,0,1,0,40,41,21,P-1736
11/9/23,09:18:12,Restauración,0,0,0,0,0,0,0,0,0,0,0,0,0,0,0,0,0,0,0,0,0,0,0,0,1,0,39,39,19,P-1737
11/9/23,09:19:17,Restauración,0,0,0,0,0,0,0,0,0,0,1,0,0,0,0,0,0,0,0,3,0,1,0,0,4,0,133,179,119,P-1738
11/9/23,09:21:15,Restauración,0,0,0,0,0,0,0,0,0,0,0,0,0,0,0,0,0,0,0,1,0,0,1,0,0,0,72,65,40,P-1739
11/9/23,09:21:45,Restauración,0,0,0,0,0,0,0,0,0,0,0,0,0,0,0,0,0,0,0,0,0,0,0,0,1,0,68,61,24,P-1740
11/9/23,09:22:09,Restauración,0,0,0,0,0,0,0,0,0,1,0,0,0,0,0,0,0,0,0,1,0,0,0,0,0,0,96,83,64,P-1741
11/9/23,09:22:30,Restauración,0,0,0,0,0,0,0,0,0,0,0,0,0,0,0,0,0,0,0,0,0,0,0,0,2,0,10,5,6,P-1742
11/9/23,09:22:45,Restauración,0,0,0,0,0,0,0,0,0,0,0,0,0,0,0,0,0,0,0,0,0,0,0,0,1,0,25,23,14,P-1743
11/9/23,09:23:01,Restauración,0,0,0,0,0,0,0,0,0,0,0,0,0,0,0,0,0,0,0,0,0,0,0,0,2,0,70,38,23,P-1744
11/9/23,09:23:19,Restauración,0,0,0,0,0,0,0,0,0,0,0,0,0,0,0,0,0,0,0,0,0,0,0,0,1,0,35,40,23,P-1745
11/9/23,09:23:35,Restauración,0,0,0,0,0,0,0,0,0,0,0,0,0,0,0,0,0,0,0,0,0,0,0,0,1,0,64,54,21,P-1746
11/9/23,09:23:57,Restauración,0,0,0,0,0,0,0,0,0,0,0,0,0,0,0,0,0,0,0,1,0,0,0,0,0,0,37,34,60,P-1747
11/9/23,09:24:15,Restauración,0,0,0,0,0,0,0,0,0,2,0,0,0,0,0,0,0,0,0,0,0,0,0,0,1,0,35,34,30,P-1748
11/9/23,09:24:50,Restauración,0,0,0,0,0,0,0,0,0,0,0,0,0,0,0,0,0,0,0,1,0,0,0,0,1,0,76,67,60,P-1749
11/9/23,09:25:07,Restauración,0,0,0,0,0,0,0,0,0,0,0,0,0,0,0,0,0,0,0,1,0,0,0,0,0,0,10,13,24,P-1750
11/9/23,09:25:23,Restauración,0,0,0,0,0,0,0,0,0,0,0,0,0,0,0,0,0,0,0,1,0,0,0,0,0,0,44,38,61,P-1751
11/9/23,09:26:25,Restauración,0,1,0,0,0,0,0,0,0,0,0,0,0,0,0,0,0,0,0,0,0,0,0,0,2,0,79,70,27,P-1752
11/9/23,09:26:44,Restauración,0,0,0,0,0,0,0,0,0,0,0,0,0,0,0,0,0,0,0,0,0,0,0,0,2,0,78,63,31,P-1753
11/9/23,09:27:00,Restauración,0,0,0,0,0,0,0,0,0,0,0,0,0,0,0,0,0,0,0,0,0,0,0,0,1,0,76,51,23,P-1754
11/9/23,09:27:16,Restauración,0,0,0,0,0,0,0,0,0,0,0,0,0,0,0,0,0,0,0,0,0,0,0,0,1,0,52,35,25,P-1755
11/9/23,09:27:45,Restauración,0,0,0,0,0,0,0,0,0,0,0,0,0,0,0,0,0,0,0,1,0,0,0,0,3,0,89,62,35,P-1756
11/9/23,09:28:26,Restauración,0,0,0,0,0,0,0,0,0,0,1,0,0,0,0,0,0,0,0,1,0,0,0,0,5,0,117,84,47,P-1757
11/9/23,09:28:45,Restauración,0,0,0,0,0,0,0,0,0,0,0,0,0,0,0,0,0,0,0,0,0,0,0,0,1,0,33,27,22,P-1758
11/9/23,09:29:00,Restauración,0,0,0,0,0,0,0,0,0,0,0,0,0,0,0,0,0,0,0,0,0,0,0,0,2,0,29,26,18,P-1759
11/9/23,09:29:25,Restauración,0,0,0,0,0,0,0,0,0,0,0,0,0,0,0,0,0,0,0,1,0,0,0,0,3,0,103,80,87,P-1760
11/9/23,09:29:41,Restauración,0,0,0,0,0,0,0,0,0,0,0,0,0,0,0,0,0,0,0,0,0,0,0,0,1,0,42,38,14,P-1761
11/9/23,09:29:57,Restauración,0,0,0,0,0,0,0,0,0,0,0,0,0,0,0,0,0,0,0,0,0,0,0,0,1,0,43,45,27,P-1762
11/9/23,09:30:16,Restauración,0,0,0,0,0,0,0,0,0,0,0,0,0,0,0,0,0,0,0,0,0,0,0,0,1,0,29,20,16,P-1763
11/9/23,09:30:29,Restauración,0,0,0,0,0,0,0,0,0,1,0,0,0,0,0,0,0,0,0,0,0,0,0,0,0,0,16,11,23,P-1764
11/9/23,09:30:51,Restauración,0,0,0,0,0,0,0,0,0,4,0,0,0,0,0,0,0,0,0,0,0,0,0,0,1,0,55,43,32,P-1765
11/9/23,09:31:24,Restauración,0,0,0,0,0,0,0,0,0,1,0,0,0,0,0,0,0,0,0,1,0,0,0,0,2,0,122,104,84,P-1766
11/9/23,09:31:51,Restauración,0,0,0,0,0,0,0,0,0,3,0,0,0,0,0,0,0,0,0,0,0,0,0,0,1,0,61,57,23,P-1767
11/9/23,09:32:23,Restauración,0,0,0,0,0,0,0,0,0,5,0,0,0,0,0,0,0,0,0,0,0,0,0,0,1,0,65,54,35,P-1768
11/9/23,09:32:47,Restauración,0,0,0,0,0,0,0,0,0,1,0,0,0,0,0,0,0,0,0,1,0,0,0,0,0,0,34,29,46,P-1769
11/9/23,09:33:11,Restauración,0,0,0,0,0,0,0,0,0,1,0,0,0,0,0,0,0,0,0,0,0,0,0,0,2,0,47,37,20,P-1770
11/9/23,09:33:29,Restauración,0,0,0,0,0,0,0,0,0,1,0,0,0,0,0,0,0,0,0,0,0,0,0,0,1,0,27,16,9,P-1771
11/9/23,09:34:15,Restauración,0,0,0,0,0,0,0,0,0,6,1,0,0,0,0,0,0,0,0,2,0,0,0,0,1,0,102,79,70,P-1772
11/9/23,09:34:32,Restauración,0,0,0,0,0,0,0,0,0,0,1,0,0,0,0,0,0,0,0,0,0,0,0,0,0,0,24,26,34,P-1773
11/9/23,09:35:42,Restauración,0,0,0,0,0,0,0,0,0,0,0,0,0,1,0,0,0,0,0,0,0,0,0,0,4,0,86,53,48,P-1774
11/9/23,09:36:01,Restauración,0,0,0,0,0,0,0,0,0,0,0,0,0,0,0,0,0,0,0,0,0,0,0,0,1,0,56,37,23,P-1775
11/9/23,09:36:21,Restauración,0,0,0,0,0,0,0,0,0,1,0,0,0,0,0,0,0,0,0,0,0,0,0,0,1,0,25,23,19,P-1776
11/9/23,09:36:41,Restauración,0,0,0,0,0,0,0,0,0,1,0,0,0,0,0,0,0,0,0,0,0,0,0,0,2,0,48,37,27,P-1777
11/9/23,09:37:05,Restauración,0,0,0,0,0,0,0,0,0,4,0,0,0,0,0,0,0,0,0,0,0,0,0,0,2,0,47,36,19,P-1778
11/9/23,09:37:26,Restauración,0,0,0,0,0,0,0,0,0,2,0,0,0,0,0,0,0,0,0,0,0,0,0,0,2,0,45,30,31,P-1779
11/9/23,09:37:43,Restauración,0,0,0,0,0,0,0,0,0,0,0,0,0,0,0,0,0,0,0,0,0,0,0,0,2,0,52,53,20,P-1780
11/9/23,09:38:12,Restauración,0,0,0,0,0,0,0,0,0,3,1,0,0,0,0,0,0,0,0,1,0,0,0,0,0,0,47,57,46,P-1781
11/9/23,09:38:47,Restauración,0,0,0,0,0,0,0,0,0,3,0,0,0,0,0,0,0,0,0,1,0,0,0,0,2,0,118,78,52,P-1782
11/9/23,09:39:11,Restauración,0,0,0,0,0,0,0,0,0,0,0,0,0,0,0,0,0,0,0,1,0,0,0,0,0,0,75,54,63,P-1783
11/9/23,09:39:25,Restauración,0,0,0,0,0,0,0,0,0,0,0,0,0,0,0,0,0,0,0,0,0,0,0,0,1,0,47,29,18,P-1784
11/9/23,09:39:38,Restauración,0,0,0,0,0,0,0,0,0,0,0,0,0,0,0,0,0,0,0,0,0,0,0,0,1,0,31,33,24,P-1785
11/9/23,09:39:57,Restauración,0,0,0,0,0,0,0,0,0,0,0,0,0,0,0,0,0,0,0,1,0,0,0,0,0,0,73,57,48,P-1786
11/9/23,09:40:16,Restauración,0,0,0,0,0,0,0,0,0,1,0,0,0,0,0,0,0,0,0,0,0,0,0,0,1,0,44,27,21,P-1787
11/9/23,09:40:37,Restauración,0,0,0,0,0,0,0,0,0,1,1,0,0,0,0,0,0,0,0,0,0,0,0,0,1,0,51,42,49,P-1788
11/9/23,09:40:56,Restauración,0,0,0,0,0,0,0,0,0,0,0,0,0,0,0,0,0,0,0,0,0,0,0,0,2,0,71,54,33,P-1789
11/9/23,09:41:12,Restauración,0,0,0,0,0,0,0,0,0,0,0,0,0,0,0,0,0,0,0,0,0,0,0,0,1,0,38,33,18,P-1790
11/9/23,09:41:26,Restauración,0,0,0,0,0,0,0,0,0,1,0,0,0,0,0,0,0,0,0,0,0,0,0,0,1,0,38,40,23,P-1791
11/9/23,09:41:55,Restauración,0,0,0,0,0,0,0,0,0,0,0,0,0,0,0,0,0,0,0,0,0,1,0,0,1,0,96,88,85,P-1792
11/9/23,09:42:19,Restauración,0,0,0,0,0,0,0,0,0,0,0,0,0,0,0,0,0,0,0,0,0,0,0,0,1,0,38,40,19,P-1793
11/9/23,09:42:51,Restauración,0,0,0,0,0,0,0,0,0,0,1,0,0,0,0,0,0,0,0,2,0,0,0,0,0,0,93,79,63,P-1794
11/9/23,09:43:10,Restauración,0,0,0,0,0,0,0,0,0,0,0,0,0,0,0,0,0,0,0,0,0,0,0,0,1,0,33,25,21,P-1795
11/9/23,09:43:24,Restauración,0,0,0,0,0,0,0,0,0,0,0,0,0,0,0,0,0,0,0,0,0,0,0,0,1,0,35,21,15,P-1796
11/9/23,09:43:43,Restauración,0,0,0,0,0,0,0,0,0,0,0,0,0,0,0,0,0,0,0,0,0,0,0,0,1,0,38,40,18,P-1797
11/9/23,09:44:04,Restauración,0,0,0,0,0,0,0,0,0,1,0,0,0,0,0,0,0,0,0,0,0,0,0,0,1,0,43,41,34,P-1798
11/9/23,09:44:39,Restauración,0,0,0,0,0,0,0,0,0,0,1,0,0,0,0,0,0,0,0,0,0,1,0,0,1,0,180,129,145,P-1799
11/9/23,09:45:17,Restauración,0,0,0,0,0,0,0,0,2,1,0,0,0,0,0,0,0,0,0,0,0,1,0,0,2,0,169,177,144,P-1800
11/9/23,09:48:49,Restauración,0,0,0,0,0,0,0,0,0,0,1,0,0,0,0,1,0,0,0,0,0,1,0,0,3,0,160,139,142,P-1801
11/9/23,09:49:22,Restauración,0,0,0,0,0,0,0,0,0,0,1,0,0,0,0,0,0,0,0,0,0,1,0,0,1,0,105,88,137,P-1802
11/9/23,09:49:44,Restauración,0,0,0,0,0,0,0,0,0,0,0,0,0,0,0,0,0,0,0,1,0,0,0,0,0,0,5,4,5,P-1803
11/9/23,09:50:02,Restauración,0,0,0,0,0,0,0,0,0,1,0,0,0,0,0,0,0,0,0,0,0,1,0,0,0,0,39,24,36,P-1804
11/9/23,09:50:21,Restauración,0,0,0,0,0,0,0,0,0,0,0,0,0,0,0,0,0,0,0,0,0,0,0,0,1,0,27,25,11,P-1805
11/9/23,09:50:47,Restauración,0,0,0,0,0,0,0,0,0,1,0,0,0,0,0,0,0,0,0,0,0,1,0,0,1,0,60,53,47,P-1806
11/9/23,09:51:12,Restauración,0,0,0,0,0,0,0,0,0,0,0,0,0,0,0,6,0,0,0,0,0,0,0,0,1,0,57,34,17,P-1807
11/9/23,09:51:25,Restauración,0,0,0,0,0,0,0,0,0,0,0,0,0,0,0,0,0,0,0,0,0,0,0,0,1,0,5,3,7,P-1808
11/9/23,09:51:42,Restauración,0,0,0,0,0,0,0,0,0,0,0,0,0,0,0,1,0,0,0,0,0,0,0,0,0,0,6,4,3,P-1809
11/9/23,09:52:06,Restauración,0,0,0,0,0,0,0,0,0,1,0,0,0,0,0,4,0,0,0,0,0,0,0,0,1,0,35,28,19,P-1810
11/9/23,09:52:28,Restauración,0,0,0,0,0,0,0,0,0,2,0,0,0,0,0,0,0,0,0,0,0,0,0,0,1,0,45,40,16,P-1811
11/9/23,09:52:52,Restauración,0,0,0,0,0,0,0,0,1,2,0,0,0,0,0,1,0,0,0,0,0,0,0,0,1,0,62,41,33,P-1812
11/9/23,09:53:45,Restauración,0,0,0,0,0,0,0,0,0,2,1,0,0,0,0,2,0,0,0,0,0,0,0,0,2,0,52,53,42,P-1813
11/9/23,09:54:04,Restauración,0,0,0,0,0,0,0,0,0,1,0,0,0,0,0,0,0,0,0,0,0,0,0,0,1,0,33,58,16,P-1814
11/9/23,09:54:33,Restauración,0,0,0,0,0,0,0,0,0,2,0,0,0,0,0,1,0,0,0,0,0,0,0,0,0,0,25,18,23,P-1815
11/9/23,09:54:49,Restauración,0,0,0,0,0,0,0,0,1,0,0,0,0,0,0,0,0,0,0,0,0,0,0,0,0,0,17,19,26,P-1816
11/9/23,09:55:03,Restauración,0,0,0,0,0,0,0,0,0,0,0,0,0,0,0,0,0,0,0,0,0,0,0,0,1,0,16,17,14,P-1817
11/9/23,09:55:25,Restauración,0,0,0,0,0,0,0,0,0,2,0,0,0,0,0,1,0,0,0,0,0,0,0,0,1,0,34,28,24,P-1818
11/9/23,09:55:46,Restauración,0,0,0,0,0,0,0,0,6,0,0,0,0,0,0,2,0,0,0,0,0,0,0,0,0,0,29,19,18,P-1819
11/9/23,09:56:10,Restauración,0,0,0,0,0,0,0,0,0,2,0,0,0,0,0,0,0,0,0,0,0,0,0,0,1,0,27,23,22,P-1820
11/9/23,09:56:46,Restauración,0,0,0,0,0,0,0,0,0,0,0,0,0,0,0,1,0,0,0,1,0,0,0,0,1,0,86,45,98,P-1821
11/9/23,09:57:21,Restauración,0,0,0,0,0,0,0,0,0,4,1,0,0,0,0,0,0,0,0,0,0,0,0,0,1,0,78,69,40,P-1822
11/9/23,09:57:39,Restauración,0,0,0,0,0,0,0,0,0,1,0,0,0,0,0,0,0,0,0,0,0,0,0,0,0,0,3,2,3,P-1823
11/9/23,09:58:20,Restauración,0,0,0,0,0,0,0,0,0,8,0,0,0,0,0,0,0,0,0,0,0,0,0,0,3,0,61,37,39,P-1824
11/9/23,09:58:38,Restauración,0,0,0,0,0,0,0,0,0,2,0,0,0,0,0,0,0,0,0,1,0,0,0,0,0,0,32,25,33,P-1825
11/9/23,09:59:03,Restauración,0,0,0,0,0,0,0,0,0,2,0,0,0,0,0,0,0,0,0,1,0,0,0,0,2,0,59,47,44,P-1826
11/9/23,09:59:43,Restauración,0,0,0,0,0,0,0,0,0,5,0,0,0,0,0,0,0,0,0,0,0,0,0,0,2,0,78,52,36,P-1827
11/9/23,10:00:12,Restauración,0,0,0,0,0,0,0,0,0,7,0,0,0,0,0,0,0,0,0,0,0,0,0,0,2,0,69,62,26,P-1828
11/9/23,10:00:53,Restauración,0,0,0,0,0,0,0,0,0,12,0,0,0,0,0,0,0,0,0,0,0,0,0,0,1,0,79,78,47,P-1829
11/9/23,10:01:20,Restauración,0,0,0,0,0,0,0,0,0,4,0,0,0,0,0,0,0,0,0,0,0,0,0,0,1,0,32,24,27,P-1830
11/9/23,10:01:44,Restauración,0,0,0,0,0,0,0,0,0,4,0,0,0,0,0,0,0,0,0,1,0,0,0,0,1,0,55,26,25,P-1831
11/9/23,10:02:08,Restauración,0,0,0,0,0,0,0,0,0,3,0,0,0,0,0,0,0,0,0,0,0,0,0,0,1,0,28,19,10,P-1832
11/9/23,10:02:24,Restauración,0,0,0,0,0,0,0,0,0,1,0,0,0,0,0,0,0,0,0,0,0,0,0,0,1,0,17,16,11,P-1833
11/9/23,10:02:38,Restauración,0,0,0,0,0,0,0,0,1,1,0,0,0,0,0,0,0,0,0,0,0,0,0,0,0,0,10,7,6,P-1834
11/9/23,10:03:13,Restauración,0,0,0,0,0,0,0,0,0,3,0,0,0,0,0,0,0,0,0,0,0,0,0,0,1,0,28,37,17,P-1835
11/9/23,10:03:34,Restauración,0,0,0,0,0,0,0,0,0,2,0,0,0,0,0,0,0,0,0,1,0,0,0,0,0,0,65,69,52,P-1836
11/9/23,10:04:01,Restauración,0,0,0,0,0,0,0,0,0,0,0,0,0,0,0,0,0,0,0,2,0,0,0,0,0,0,61,42,67,P-1837
11/9/23,10:04:25,Restauración,0,0,0,0,0,0,0,0,0,0,0,0,0,0,0,0,0,0,0,0,0,0,0,0,2,0,40,29,20,P-1838
11/9/23,10:04:41,Restauración,0,0,0,0,0,0,0,0,0,0,0,0,0,0,0,0,0,0,0,0,0,0,0,0,3,0,29,21,11,P-1839
11/9/23,10:05:08,Restauración,0,0,0,0,0,0,0,0,2,0,0,0,0,0,0,0,0,0,0,0,0,0,0,0,0,0,16,11,8,P-1840
11/9/23,10:05:17,Restauración,0,0,0,0,0,0,0,0,1,0,0,0,0,0,0,0,0,0,0,0,0,0,0,0,0,0,26,24,13,P-1841
11/9/23,10:05:30,Restauración,0,0,0,0,0,0,0,0,0,0,0,0,0,0,0,0,0,0,0,0,0,0,0,0,1,0,21,15,12,P-1842
11/9/23,10:05:43,Restauración,0,0,0,0,0,0,0,0,1,0,0,0,0,0,0,0,0,0,0,0,0,0,0,0,0,0,8,7,5,P-1843
11/9/23,10:05:54,Restauración,0,0,0,0,0,0,0,0,0,0,0,0,0,0,0,0,0,0,0,0,0,0,0,0,1,0,11,4,8,P-1844
11/9/23,10:06:10,Restauración,0,0,0,0,0,0,0,0,3,0,0,0,0,0,0,0,0,0,0,0,0,0,0,0,0,0,30,14,11,P-1845
11/9/23,10:06:31,Restauración,0,0,0,0,0,0,0,0,1,1,0,0,0,0,0,0,0,0,0,0,0,0,0,0,0,0,18,22,20,P-1846
11/9/23,10:06:50,Restauración,0,0,0,0,0,0,0,0,1,2,0,0,0,0,0,0,0,0,0,0,0,0,0,0,0,0,19,30,13,P-1847
11/9/23,10:07:01,Restauración,0,0,0,0,0,0,0,0,1,0,0,0,0,0,0,0,0,0,0,0,0,0,0,0,0,0,7,9,8,P-1848
11/9/23,10:07:42,Restauración,0,0,0,0,0,0,0,0,1,2,0,0,0,0,0,0,0,0,0,1,0,0,0,0,2,0,54,49,27,P-1849
11/9/23,10:07:53,Restauración,0,0,0,0,0,0,0,0,1,0,0,0,0,0,0,0,0,0,0,0,0,0,0,0,0,0,12,6,7,P-1850
11/9/23,10:08:09,Restauración,0,0,0,0,0,0,0,0,0,1,0,0,0,0,0,0,0,0,0,0,0,0,0,0,1,0,19,18,14,P-1851
11/9/23,10:08:27,Restauración,0,0,0,0,0,0,0,0,1,4,0,0,0,0,0,0,0,0,0,0,0,0,0,0,0,0,24,20,19,P-1852
11/9/23,10:08:46,Restauración,0,0,0,0,0,0,0,0,0,2,0,0,0,0,0,0,0,0,0,0,0,0,0,0,0,0,8,7,7,P-1853
11/9/23,10:09:07,Restauración,0,0,0,0,0,0,0,0,0,0,0,0,0,0,0,0,0,0,0,0,0,0,0,0,2,0,37,38,19,P-1854
11/9/23,10:09:26,Restauración,0,0,0,0,0,0,0,0,0,0,0,0,0,0,0,0,0,0,0,0,0,0,0,0,1,0,17,16,14,P-1855
11/9/23,10:09:48,Restauración,0,0,0,0,0,0,0,0,1,4,0,0,0,0,0,0,0,0,0,0,0,0,0,0,0,0,44,38,29,P-1856
11/9/23,10:10:04,Restauración,0,0,0,0,0,0,0,0,0,3,0,0,0,0,0,0,0,0,0,0,0,0,0,0,1,0,22,10,22,P-1857
11/9/23,10:10:20,Restauración,0,0,0,0,0,0,0,0,0,1,0,0,0,0,0,0,0,0,0,0,0,0,0,0,0,0,10,8,12,P-1858
11/9/23,10:10:50,Restauración,0,0,0,0,0,0,0,0,2,5,0,0,0,0,0,0,0,0,0,0,0,0,0,0,2,0,40,35,33,P-1859
11/9/23,10:11:01,Restauración,0,0,0,0,0,0,0,0,1,0,0,0,0,0,0,0,0,0,0,0,0,0,0,0,0,0,6,6,5,P-1860
11/9/23,10:11:35,Restauración,0,0,0,0,0,0,0,0,1,7,0,0,0,0,0,0,0,0,0,0,0,0,0,0,1,0,52,51,26,P-1861
11/9/23,10:12:35,Restauración,0,0,0,0,0,0,0,0,0,20,0,0,0,0,0,0,0,0,0,0,0,0,0,0,0,0,101,90,56,P-1862
11/9/23,10:13:12,Restauración,0,0,0,0,0,0,0,0,3,4,0,0,0,0,0,0,0,0,0,0,0,0,0,0,1,0,40,37,25,P-1863
11/9/23,10:13:31,Restauración,0,0,0,0,0,0,0,0,1,0,0,0,0,0,0,0,0,0,0,0,0,0,0,0,1,0,20,13,12,P-1864
11/9/23,10:14:03,Restauración,0,0,0,0,0,0,0,0,0,5,1,0,0,0,0,0,0,0,0,1,0,0,0,0,3,0,82,58,42,P-1865
11/9/23,10:14:22,Restauración,0,0,0,0,0,0,0,0,0,1,0,0,0,0,0,0,0,0,0,0,0,0,0,0,1,0,32,29,16,P-1866
11/9/23,10:14:38,Restauración,0,0,0,0,0,0,0,0,0,1,0,0,0,0,0,0,0,0,0,0,0,0,0,0,1,0,40,30,29,P-1867
11/9/23,10:14:55,Restauración,0,0,0,0,0,0,0,0,0,1,0,0,0,0,0,0,0,0,0,0,0,0,0,0,1,0,15,16,9,P-1868
11/9/23,10:15:05,Restauración,0,0,0,0,0,0,0,0,1,0,0,0,0,0,0,0,0,0,0,0,0,0,0,0,0,0,7,7,5,P-1869
11/9/23,10:15:22,Restauración,0,0,0,0,0,0,0,0,1,0,0,0,0,0,0,0,0,0,0,0,0,0,0,0,1,0,39,28,17,P-1870
11/9/23,10:15:57,Restauración,0,0,0,0,0,0,0,0,1,3,1,0,0,0,0,0,0,0,0,1,0,0,0,0,1,0,103,66,68,P-1871
11/9/23,10:16:23,Restauración,0,0,0,0,0,0,0,0,0,5,1,0,0,0,0,0,0,0,0,1,0,0,0,0,0,0,79,58,54,P-1872
11/9/23,10:16:39,Restauración,0,0,0,0,0,0,0,0,0,1,0,0,0,0,0,0,0,0,0,0,0,0,0,0,0,0,15,10,17,P-1873
11/9/23,10:16:51,Restauración,0,0,0,0,0,0,0,0,0,2,0,0,0,0,0,0,0,0,0,0,0,0,0,0,0,0,6,5,18,P-1874
11/9/23,10:17:04,Restauración,0,0,0,0,0,0,0,0,0,2,0,0,0,0,0,0,0,0,0,0,0,0,0,0,0,0,12,8,16,P-1875
11/9/23,10:17:44,Restauración,0,0,0,0,0,0,0,0,1,6,0,0,0,0,0,0,0,0,0,0,0,0,0,0,2,0,55,47,26,P-1876
11/9/23,10:18:02,Restauración,0,0,0,0,0,0,0,0,0,1,0,0,0,0,0,0,0,0,0,0,0,0,0,0,2,0,54,30,24,P-1877
11/9/23,10:18:40,Restauración,0,0,0,0,0,0,0,0,2,11,0,0,0,0,0,0,0,0,0,0,0,0,0,0,0,0,78,57,42,P-1878
11/9/23,10:23:25,Restauración,0,0,0,0,0,0,0,0,0,6,0,0,0,0,0,0,0,0,0,0,0,0,0,0,1,0,46,40,27,P-1879
11/9/23,10:23:44,Restauración,0,0,0,0,0,0,0,0,0,2,0,0,0,0,0,0,0,0,0,0,0,0,0,0,1,0,31,35,24,P-1880
11/9/23,10:24:24,Restauración,0,0,0,0,0,0,0,0,0,3,0,0,0,0,0,6,0,0,0,0,0,0,0,0,1,0,62,41,23,P-1881
11/9/23,10:24:43,Restauración,0,0,0,0,0,0,0,0,1,0,0,0,0,0,0,0,0,0,0,0,0,0,0,0,0,0,21,29,24,P-1882
11/9/23,10:25:22,Restauración,0,0,0,0,0,0,0,0,9,4,0,0,0,0,0,0,0,0,0,0,0,0,0,0,0,0,60,42,28,P-1883
11/9/23,10:25:45,Restauración,0,0,0,0,0,0,0,0,0,1,0,0,0,0,0,0,0,0,0,0,0,1,0,0,0,0,42,60,70,P-1884
11/9/23,10:26:18,Restauración,0,0,0,0,0,0,0,0,0,3,0,0,0,0,0,0,0,0,0,1,0,0,0,0,1,0,131,108,85,P-1885
11/9/23,10:26:34,Restauración,0,0,0,0,0,0,0,0,0,0,0,0,0,0,0,0,0,0,0,0,0,0,0,0,1,0,9,8,14,P-1886
11/9/23,10:27:01,Restauración,0,0,0,0,0,0,0,0,0,3,0,0,0,0,0,6,0,0,0,0,0,0,0,0,1,0,51,41,37,P-1887
11/9/23,10:27:25,Restauración,0,0,0,0,0,0,0,0,0,0,0,0,0,0,0,2,0,0,0,1,0,0,0,0,0,0,59,51,65,P-1888
11/9/23,10:27:59,Restauración,0,0,0,0,0,0,0,0,1,7,0,0,0,0,0,0,0,0,0,0,0,0,0,0,1,0,52,53,40,P-1889
11/9/23,10:28:06,Restauración,0,0,0,0,0,0,0,0,0,0,0,0,0,0,0,0,0,0,0,0,0,0,0,0,1,0,10,9,8,P-1890
11/9/23,10:28:21,Restauración,0,0,0,0,0,0,0,0,0,1,0,0,0,0,0,0,0,0,0,0,0,0,0,0,0,0,2,3,2,P-1891
11/9/23,10:28:30,Restauración,0,0,0,0,0,0,0,0,1,0,0,0,0,0,0,0,0,0,0,0,0,0,0,0,0,0,12,8,9,P-1892
11/9/23,10:28:53,Restauración,0,0,0,0,0,0,0,0,1,1,0,0,0,0,0,0,0,0,0,0,0,1,0,0,1,0,44,43,12,P-1893
11/9/23,10:29:21,Restauración,0,0,0,0,0,0,0,0,5,2,0,0,0,0,0,0,0,0,0,0,0,0,0,0,3,0,70,74,21,P-1894
11/9/23,10:29:37,Restauración,0,0,0,0,0,0,0,0,0,0,0,0,0,0,0,0,0,0,0,0,0,0,0,0,1,0,8,8,13,P-1895
11/9/23,10:30:04,Restauración,0,0,0,0,0,0,0,0,0,0,0,0,0,0,0,1,0,0,0,0,0,0,0,0,0,0,2,2,1,P-1896
11/9/23,10:30:12,Restauración,0,0,0,0,0,0,0,0,0,0,0,0,0,0,0,0,0,0,0,0,0,0,0,0,1,0,4,3,7,P-1897
11/9/23,10:30:25,Restauración,0,0,0,0,0,0,0,0,1,0,0,0,0,0,0,0,0,0,0,0,0,0,0,0,0,0,11,7,7,P-1898
11/9/23,10:30:38,Restauración,0,0,0,0,0,0,0,0,0,0,0,0,0,0,0,0,0,0,0,0,0,1,0,0,0,0,6,10,7,P-1899
11/9/23,10:31:13,Restauración,0,0,0,0,0,0,0,0,3,1,0,0,0,0,0,0,0,0,0,1,0,0,0,0,1,0,88,52,25,P-1900
11/9/23,10:32:55,Restauración,0,0,0,0,0,0,0,0,4,1,0,0,0,0,0,0,0,0,0,0,0,0,0,0,0,0,51,50,27,P-1901
11/9/23,10:33:12,Restauración,0,0,0,0,0,0,0,0,1,3,0,0,0,0,0,0,0,0,0,0,0,0,0,0,0,0,29,21,21,P-1902
11/9/23,10:33:26,Restauración,0,0,0,0,0,0,0,0,0,0,0,0,0,0,0,0,0,0,0,0,0,0,0,0,1,0,31,27,17,P-1903
11/9/23,10:34:13,Restauración,0,0,0,0,0,0,0,0,1,12,0,0,0,0,0,0,0,0,0,1,0,1,0,0,3,0,80,46,26,P-1904
11/9/23,10:34:29,Restauración,0,0,0,0,0,0,0,0,1,0,0,0,0,0,0,0,0,0,0,0,0,0,0,0,0,0,6,6,6,P-1905
11/9/23,10:35:02,Restauración,0,0,0,0,0,0,0,0,1,9,0,0,0,0,0,0,0,0,0,0,0,0,0,0,1,0,47,49,36,P-1906
11/9/23,10:35:13,Restauración,0,0,0,0,0,0,0,0,0,1,0,0,0,0,0,0,0,0,0,0,0,0,0,0,0,0,10,8,14,P-1907
11/9/23,10:35:45,Restauración,0,0,0,0,0,0,0,0,1,2,0,0,0,0,0,0,0,0,0,0,0,1,0,0,1,0,50,41,22,P-1908
11/9/23,10:36:23,Restauración,0,0,0,0,0,0,0,0,1,6,0,0,0,0,0,0,0,0,0,0,0,0,0,0,0,0,38,28,27,P-1909
11/9/23,10:36:36,Restauración,0,0,0,0,0,0,0,0,0,1,0,0,0,0,0,0,0,0,0,0,0,0,0,0,0,0,7,6,15,P-1910
11/9/23,10:36:52,Restauración,0,0,0,0,0,0,0,0,1,2,0,0,0,0,0,0,0,0,0,0,0,0,0,0,0,0,31,24,35,P-1911
11/9/23,10:37:11,Restauración,0,0,0,0,0,0,0,0,0,0,0,0,0,0,0,1,0,0,0,0,0,0,0,0,0,0,3,2,1,P-1912
11/9/23,10:37:33,Restauración,0,0,0,0,0,0,0,0,0,1,0,0,0,0,0,0,0,0,0,0,0,0,0,0,5,0,14,11,4,P-1913
11/9/23,10:37:44,Restauración,0,0,0,0,0,0,0,0,0,0,0,0,0,0,0,0,0,0,0,0,0,0,0,0,2,0,15,9,12,P-1914
11/9/23,10:38:10,Restauración,0,0,0,0,0,0,0,0,0,0,0,0,0,0,0,0,0,0,0,0,0,0,0,0,3,0,66,34,25,P-1915
11/9/23,10:39:07,Restauración,0,0,0,0,0,0,0,0,0,2,1,0,0,0,0,0,0,0,0,0,0,0,0,0,2,0,66,57,32,P-1916
11/9/23,10:39:21,Restauración,0,0,0,0,0,0,0,0,0,0,0,0,0,0,0,0,0,0,0,0,0,0,0,0,1,0,8,6,11,P-1917
11/9/23,10:39:36,Restauración,0,0,0,0,0,0,0,0,1,1,0,0,0,0,0,0,0,0,0,0,0,0,0,0,0,0,21,20,18,P-1918
11/9/23,10:39:50,Restauración,0,0,0,0,0,0,0,0,0,0,0,0,0,0,0,0,0,0,0,0,0,0,0,0,1,0,13,8,12,P-1919
11/9/23,10:40:49,Restauración,0,0,0,0,0,0,0,0,1,6,2,0,0,0,0,0,0,0,0,1,0,0,0,0,3,0,99,44,43,P-1920
11/9/23,10:41:15,Restauración,0,0,0,0,0,0,0,0,1,1,0,0,0,0,0,0,0,0,0,0,0,0,0,0,1,0,13,10,11,P-1921
11/9/23,10:41:35,Restauración,0,0,0,0,0,0,0,0,0,1,0,0,0,0,0,0,0,0,0,1,0,0,0,0,0,0,21,12,16,P-1922
11/9/23,10:41:46,Restauración,0,0,0,0,0,0,0,0,0,3,0,0,0,0,0,0,0,0,0,0,0,0,0,0,0,0,18,9,27,P-1923
11/9/23,10:42:25,Restauración,0,0,0,0,0,0,0,0,0,4,0,0,0,0,0,0,0,0,0,1,0,0,0,0,1,0,76,73,84,P-1924
11/9/23,10:42:42,Restauración,0,0,0,0,0,0,0,0,0,0,0,0,0,0,0,0,0,0,0,0,0,0,0,0,1,0,50,41,22,P-1925
11/9/23,10:42:58,Restauración,0,0,0,0,0,0,0,0,0,1,0,0,0,0,0,0,0,0,0,0,0,0,0,0,1,0,13,8,19,P-1926
11/9/23,10:43:09,Restauración,0,0,0,0,0,0,0,0,1,0,0,0,0,0,0,0,0,0,0,0,0,0,0,0,0,0,8,8,8,P-1927
11/9/23,10:43:25,Restauración,0,0,0,0,0,0,0,0,0,1,0,0,0,0,0,0,0,0,0,0,0,0,0,0,0,0,17,15,28,P-1928
11/9/23,10:43:41,Restauración,0,0,0,0,0,0,0,0,0,1,0,0,0,0,0,0,0,0,0,0,0,0,0,0,0,0,7,7,11,P-1929
11/9/23,10:43:52,Restauración,0,0,0,0,0,0,0,0,0,2,0,0,0,0,0,0,0,0,0,0,0,0,0,0,0,0,10,9,4,P-1930
11/9/23,10:44:08,Restauración,0,0,0,0,0,0,0,0,0,1,0,0,0,0,0,0,0,0,0,0,0,0,0,0,1,0,44,34,23,P-1931
11/9/23,10:44:24,Restauración,0,0,0,0,0,0,0,0,0,0,0,0,0,0,0,0,0,0,0,1,0,0,0,0,0,0,8,7,12,P-1932
11/9/23,10:44:54,Restauración,0,0,0,0,0,0,0,0,0,1,1,0,0,0,0,0,0,0,0,1,0,0,0,0,1,0,61,66,41,P-1933
11/9/23,10:45:18,Restauración,0,0,0,0,0,0,0,0,0,0,0,0,0,0,0,0,0,0,0,0,0,0,0,0,1,0,59,38,19,P-1934
11/9/23,10:45:45,Restauración,0,0,0,0,0,0,0,0,0,2,1,0,0,0,0,0,0,0,0,0,0,0,0,0,0,0,72,67,53,P-1935
11/9/23,10:45:59,Restauración,0,0,0,0,0,0,0,0,0,1,0,0,0,0,0,0,0,0,0,0,0,0,0,0,0,0,6,6,8,P-1936
11/9/23,10:46:20,Restauración,0,0,0,0,0,0,0,0,0,0,0,0,0,0,0,0,0,0,0,0,0,0,0,0,2,0,50,42,17,P-1937
11/9/23,10:46:55,Restauración,0,0,0,0,0,0,0,0,0,1,0,0,0,0,0,0,0,0,0,1,0,0,0,0,1,0,49,30,50,P-1938
11/9/23,10:47:14,Restauración,0,0,0,0,0,0,0,0,0,2,0,0,0,0,0,0,0,0,0,1,0,0,0,0,0,0,34,21,25,P-1939
11/9/23,10:47:43,Restauración,0,0,0,0,0,0,0,0,0,5,1,0,0,0,0,0,0,0,0,0,0,0,0,0,0,0,57,36,41,P-1940
11/9/23,10:48:12,Restauración,0,0,0,0,0,0,0,0,0,4,1,0,0,0,0,0,0,0,0,0,0,0,0,0,2,0,48,37,45,P-1941
11/9/23,10:48:37,Restauración,0,0,0,0,0,0,0,0,0,1,1,0,0,0,0,0,0,0,0,0,0,0,0,0,0,0,35,40,41,P-1942
11/9/23,10:49:03,Restauración,0,0,0,0,0,0,0,0,0,1,1,0,0,0,0,1,0,0,0,0,0,0,0,0,2,0,38,34,34,P-1943
11/9/23,10:49:23,Restauración,0,0,0,0,0,0,0,0,0,0,0,0,0,0,0,0,0,0,0,1,0,0,0,0,0,0,66,65,56,P-1944
11/9/23,10:50:05,Restauración,0,0,0,0,0,0,0,0,0,0,0,0,0,0,0,0,0,0,0,0,0,1,0,0,2,0,130,176,153,P-1945
11/9/23,10:50:43,Restauración,0,0,0,0,0,0,0,0,0,0,0,0,0,0,0,0,0,0,0,0,0,1,0,0,0,0,112,179,145,P-1946
11/9/23,10:51:10,Restauración,0,0,0,0,0,0,0,0,0,0,0,0,0,0,0,0,0,0,0,1,0,0,0,0,0,0,25,18,41,P-1947
11/9/23,10:51:24,Restauración,0,0,0,0,0,0,0,0,0,0,0,0,0,0,0,0,0,0,0,0,0,0,0,0,1,0,6,8,9,P-1948
11/9/23,10:51:40,Restauración,0,0,0,0,0,0,0,0,0,0,0,0,0,0,0,0,0,0,0,0,0,0,0,0,1,0,24,18,17,P-1949
11/9/23,10:51:56,Restauración,0,0,0,0,0,0,0,0,0,0,0,0,0,0,0,0,0,0,0,0,0,0,0,0,1,0,13,11,12,P-1950
11/9/23,10:52:18,Restauración,0,0,0,0,0,0,0,0,0,1,1,0,0,0,0,1,0,0,0,0,0,0,0,0,0,0,44,31,33,P-1951
11/9/23,10:52:42,Restauración,0,0,0,0,0,0,0,0,0,0,1,0,0,0,0,0,0,0,0,0,0,0,0,0,0,0,84,76,44,P-1952
11/9/23,10:53:11,Restauración,0,0,0,0,0,0,0,0,0,0,0,0,0,0,0,1,0,0,0,0,0,1,0,0,1,0,80,93,65,P-1953
11/9/23,10:53:38,Restauración,0,0,0,0,0,0,0,0,0,0,1,0,0,0,0,0,0,0,0,1,0,0,0,0,0,0,52,42,41,P-1954
11/9/23,10:54:10,Restauración,0,0,0,0,0,0,0,0,0,0,0,0,0,0,0,1,0,0,0,0,0,0,0,0,1,0,44,35,26,P-1955
11/9/23,10:54:37,Restauración,0,0,0,0,0,0,0,0,0,0,0,0,0,0,0,0,0,0,0,1,0,0,0,0,2,0,92,67,68,P-1956
11/9/23,10:54:48,Restauración,0,0,0,0,0,0,0,0,0,0,0,0,0,0,0,0,0,0,0,0,0,0,0,0,2,0,34,42,25,P-1957
11/9/23,10:55:06,Restauración,0,0,0,0,0,0,0,0,0,0,0,0,0,0,0,0,0,0,0,0,0,0,0,0,2,0,25,23,17,P-1958
11/9/23,10:55:31,Restauración,0,0,0,0,0,0,0,0,0,0,0,0,0,0,0,0,0,0,0,0,0,0,0,0,1,0,16,14,13,P-1959
11/9/23,10:56:17,Restauración,0,0,0,0,0,0,0,0,0,2,0,0,0,0,0,0,0,0,0,0,0,1,0,0,4,0,125,134,137,P-1960
11/9/23,10:56:55,Restauración,0,0,0,0,0,0,0,0,0,4,2,0,0,0,0,0,0,0,0,0,0,0,0,0,1,1,116,95,57,P-1961
11/9/23,10:57:45,Restauración,0,0,0,0,0,0,0,0,0,0,0,0,0,0,0,0,0,0,0,1,0,0,0,0,0,0,52,43,52,P-1962
11/9/23,10:57:56,Restauración,0,0,0,0,0,0,0,0,0,1,0,0,0,0,0,0,0,0,0,0,0,0,0,0,0,0,10,8,17,P-1963
11/9/23,10:58:12,Restauración,0,0,0,0,0,0,0,0,0,0,0,0,0,0,0,0,0,0,0,0,0,0,0,0,1,0,43,27,19,P-1964
11/9/23,10:58:32,Restauración,0,0,0,0,0,0,0,0,0,4,0,0,0,0,0,0,0,0,0,0,0,0,0,0,3,0,31,45,15,P-1965
11/9/23,10:59:09,Restauración,0,0,0,0,0,0,0,0,0,1,0,0,0,0,0,0,0,0,0,0,0,0,0,0,1,0,39,34,21,P-1966
11/9/23,10:59:28,Restauración,0,0,0,0,0,0,0,0,0,2,0,0,0,0,0,0,0,0,0,0,0,0,0,0,1,0,47,50,17,P-1967
11/9/23,10:59:50,Restauración,0,0,0,0,0,0,0,0,0,2,0,0,0,0,0,0,0,0,0,0,0,0,0,0,1,0,44,25,18,P-1968
11/9/23,11:00:03,Restauración,0,0,0,0,0,0,0,0,0,1,0,0,0,0,0,0,0,0,0,0,0,0,0,0,0,0,8,9,17,P-1969
11/9/23,11:00:27,Restauración,0,0,0,0,0,0,0,0,2,0,0,0,0,0,0,0,0,0,0,0,0,0,0,0,3,0,71,46,29,P-1970
11/9/23,11:00:43,Restauración,0,0,0,0,0,0,0,0,0,0,0,0,0,0,0,0,0,0,0,0,0,0,0,0,1,0,35,33,26,P-1971
11/9/23,11:00:59,Restauración,0,0,0,0,0,0,0,0,0,0,0,0,0,0,0,0,0,0,0,0,0,0,0,0,1,0,46,35,16,P-1972
11/9/23,11:01:18,Restauración,0,0,0,0,0,0,0,0,0,1,0,0,0,0,0,0,0,0,0,0,0,0,0,0,3,0,62,54,30,P-1973
11/9/23,11:01:48,Restauración,0,0,0,0,0,0,0,0,0,1,0,0,0,0,0,0,0,0,0,0,0,0,0,0,5,0,108,70,24,P-1974
11/9/23,11:02:12,Restauración,0,0,0,0,0,0,0,0,0,0,1,0,0,0,0,0,0,0,0,0,0,0,0,0,2,0,49,36,24,P-1975
11/9/23,11:02:49,Restauración,0,0,0,0,0,0,0,0,1,1,0,0,0,0,0,0,0,0,0,0,0,0,0,0,1,0,61,55,33,P-1976
11/9/23,11:03:24,Restauración,0,1,0,0,0,0,0,0,0,2,0,0,0,0,0,0,0,0,0,0,0,0,0,0,0,0,39,40,24,P-1977
11/9/23,11:03:41,Restauración,0,0,0,0,0,0,0,0,0,3,0,0,0,0,0,0,0,0,0,0,0,0,0,0,4,0,45,31,25,P-1978
11/9/23,11:03:59,Restauración,0,0,0,0,0,0,0,0,0,1,0,0,0,0,0,0,0,0,0,0,0,0,0,0,1,0,56,46,29,P-1979
11/9/23,11:04:26,Restauración,0,0,0,0,0,0,0,0,0,0,0,0,0,0,0,0,0,0,0,0,0,0,0,0,1,0,45,43,21,P-1980
11/9/23,11:04:48,Restauración,0,0,0,0,0,0,0,0,0,1,0,0,0,0,0,0,0,0,0,0,0,0,0,0,1,0,44,34,38,P-1981
11/9/23,11:05:09,Restauración,0,0,0,0,0,0,0,0,0,0,0,0,0,0,0,0,0,0,0,1,0,0,0,0,0,0,44,50,60,P-1982
11/9/23,11:05:39,Restauración,0,0,0,0,0,0,0,0,0,0,1,0,0,0,0,0,0,0,0,1,0,0,0,0,1,0,82,55,46,P-1983
11/9/23,11:05:55,Restauración,0,0,0,0,0,0,0,0,0,0,0,0,0,0,0,0,0,0,0,0,0,0,0,0,1,0,41,22,23,P-1984
11/9/23,11:06:17,Restauración,0,0,0,0,0,0,0,0,0,3,0,0,0,0,0,0,0,0,0,1,0,0,0,0,0,0,26,23,41,P-1985
11/9/23,11:06:32,Restauración,0,0,0,0,0,0,0,0,0,0,0,0,0,0,0,0,0,0,0,1,0,0,0,0,0,0,25,24,42,P-1986
11/9/23,11:06:56,Restauración,0,0,0,0,0,0,0,0,0,0,0,0,0,0,0,0,0,0,0,1,0,0,0,0,0,0,68,70,59,P-1987
11/9/23,11:07:29,Restauración,0,0,0,0,0,0,0,0,0,0,2,0,0,0,0,0,0,0,0,1,0,1,0,0,1,0,92,68,67,P-1988
11/9/23,11:07:45,Restauración,0,0,0,0,0,0,0,0,0,0,0,0,0,0,0,0,0,0,0,0,0,0,0,0,1,0,37,43,19,P-1989
11/9/23,11:08:09,Restauración,0,1,0,0,0,0,0,0,0,0,0,0,0,0,0,0,0,0,0,0,0,0,0,0,1,0,53,47,23,P-1990
11/9/23,11:08:18,Restauración,0,0,0,0,0,0,0,0,0,0,0,0,0,0,0,0,0,0,0,0,0,0,0,0,3,0,48,51,28,P-1991
11/9/23,11:08:33,Restauración,0,0,0,0,0,0,0,0,0,1,0,0,0,0,0,0,0,0,0,0,0,0,0,0,0,0,13,12,21,P-1992
11/9/23,11:08:52,Restauración,0,0,0,0,0,0,0,0,0,2,0,0,0,0,0,0,0,0,0,0,0,0,0,0,1,0,29,30,31,P-1993
11/9/23,11:09:06,Restauración,0,0,0,0,0,0,0,0,0,0,0,0,0,0,0,0,0,0,0,0,0,0,0,0,1,0,33,24,18,P-1994
11/9/23,11:09:30,Restauración,0,0,0,0,0,0,0,0,0,3,1,0,0,0,0,0,0,0,0,0,0,0,0,0,0,0,58,48,39,P-1995
11/9/23,11:11:02,Restauración,0,0,0,0,0,0,0,0,0,2,0,0,0,0,0,0,0,0,0,0,0,0,0,0,1,0,65,50,29,P-1996
11/9/23,11:11:31,Restauración,0,0,0,0,0,0,0,0,0,0,0,0,0,0,0,0,0,0,0,2,0,0,0,0,2,0,104,90,67,P-1997
11/9/23,11:12:11,Restauración,0,0,0,0,0,0,0,0,0,0,0,0,0,0,0,0,0,0,0,1,0,0,0,0,1,0,51,27,33,P-1998
11/9/23,11:12:47,Restauración,0,0,0,0,0,0,0,0,0,0,0,0,0,0,0,0,0,0,0,1,0,1,0,0,0,0,176,168,115,P-1999
11/9/23,11:13:27,Restauración,0,0,0,0,0,0,0,0,0,2,0,0,0,0,0,0,0,0,0,0,0,1,0,0,1,0,149,205,136,P-2000
11/9/23,11:13:45,Restauración,0,0,0,0,0,0,0,0,0,0,1,0,0,0,0,0,0,0,0,0,0,0,0,0,0,0,24,15,25,P-2001
11/9/23,11:14:04,Restauración,0,0,0,0,0,0,0,0,0,1,0,0,0,0,0,0,0,0,0,0,0,0,0,0,2,0,42,44,45,P-2002
11/9/23,11:14:31,Restauración,0,0,0,0,0,0,0,0,0,0,0,0,0,0,0,0,0,0,0,1,0,0,0,0,3,0,78,65,56,P-2003
11/9/23,11:14:45,Restauración,0,0,0,0,0,0,0,0,0,0,0,0,0,0,0,0,0,0,0,0,0,0,0,0,1,0,31,33,13,P-2004
11/9/23,11:14:58,Restauración,0,0,0,0,0,0,0,0,0,0,0,0,0,0,0,0,0,0,0,0,0,0,0,0,1,0,30,20,18,P-2005
11/9/23,11:15:14,Restauración,0,0,0,0,0,0,0,0,0,0,0,0,0,0,0,0,0,0,0,0,0,0,0,0,1,0,31,17,14,P-2006
11/9/23,11:15:41,Restauración,0,0,0,0,0,0,0,0,0,0,1,0,0,0,0,0,0,0,0,0,0,0,0,0,0,0,91,89,42,P-2007
11/9/23,11:16:16,Restauración,0,0,0,0,0,0,0,0,0,0,3,0,0,0,0,0,0,0,0,1,0,1,0,0,0,0,160,153,142,P-2008
11/9/23,11:16:37,Restauración,0,0,0,0,0,0,0,0,0,0,0,0,0,0,0,0,0,0,0,1,0,0,0,0,1,0,70,52,48,P-2009
11/9/23,11:16:59,Restauración,0,0,0,0,0,0,0,0,0,0,1,0,0,0,0,0,0,0,0,1,0,0,0,0,2,0,48,56,49,P-2010
11/9/23,11:17:40,Restauración,0,0,0,0,0,0,0,0,0,0,0,0,0,0,0,0,0,0,0,1,0,1,0,0,2,0,179,145,167,P-2011
11/9/23,11:18:04,Restauración,0,0,0,0,0,0,0,0,0,0,0,0,0,0,0,0,0,0,0,1,0,0,0,0,1,0,77,93,73,P-2012
11/9/23,11:18:23,Restauración,0,0,0,0,0,0,0,0,0,0,0,0,0,0,0,0,0,0,0,0,0,0,0,0,1,0,53,39,36,P-2013
11/9/23,11:18:49,Restauración,0,0,0,0,0,0,0,0,0,0,0,0,0,0,0,0,0,0,0,1,0,0,0,0,0,0,80,87,68,P-2014
11/9/23,11:19:06,Restauración,0,0,0,0,0,0,0,0,0,0,1,0,0,0,0,0,0,0,0,0,0,0,0,0,0,0,34,33,24,P-2015
11/9/23,11:19:40,Restauración,0,0,0,0,0,0,0,0,0,0,1,0,0,0,0,0,0,0,0,1,0,0,0,0,0,0,131,129,64,P-2016
11/9/23,11:19:57,Restauración,0,0,0,0,0,0,0,0,0,0,1,0,0,0,0,0,0,0,0,0,0,0,0,0,0,0,56,39,48,P-2017
11/9/23,11:20:23,Restauración,0,0,0,0,0,0,0,0,0,0,0,0,0,0,0,0,0,0,0,1,0,0,0,0,0,0,70,73,73,P-2018
11/9/23,11:20:40,Restauración,0,0,0,0,0,0,0,0,0,0,0,0,0,0,0,0,0,0,0,0,0,0,0,0,1,0,40,32,16,P-2019
11/9/23,11:21:09,Restauración,0,0,0,0,0,0,0,0,0,0,0,0,0,0,0,0,0,0,0,1,0,0,0,0,1,0,38,40,34,P-2020
11/9/23,11:21:31,Restauración,0,0,0,0,0,0,0,0,0,0,0,0,0,0,0,0,0,0,0,1,0,0,0,0,1,0,39,28,36,P-2021
11/9/23,11:21:52,Restauración,0,0,0,0,0,0,0,0,0,0,0,0,0,0,0,0,0,0,0,1,0,0,0,0,0,0,74,55,66,P-2022
11/9/23,11:22:22,Restauración,0,0,0,0,0,0,0,0,0,1,1,0,0,0,0,0,0,0,0,1,0,0,0,0,1,0,66,60,56,P-2023
11/9/23,11:22:46,Restauración,0,0,0,0,0,0,0,0,0,0,0,0,0,0,0,0,0,0,0,1,0,0,0,0,0,0,100,63,74,P-2024
11/9/23,11:23:00,Restauración,0,0,0,0,0,0,0,0,0,0,0,0,0,0,0,0,0,0,0,0,0,0,0,0,1,0,40,33,17,P-2025
11/9/23,11:23:21,Restauración,0,0,0,0,0,0,0,0,0,0,0,0,0,0,0,0,0,0,0,1,0,0,0,0,1,0,101,86,73,P-2026
11/9/23,11:47:49,Restauración,0,0,0,0,0,0,0,0,1,3,0,0,0,0,0,0,0,0,0,0,0,0,0,0,1,11,49,53,73,P-2027
11/9/23,11:48:05,Restauración,0,0,0,0,0,0,0,0,1,0,0,0,0,0,0,0,0,0,0,0,0,0,0,0,0,0,24,22,22,P-2028
11/9/23,11:48:27,Restauración,0,0,0,0,0,0,0,0,0,0,0,0,0,0,0,0,0,0,0,1,0,0,0,0,0,0,81,78,82,P-2029
11/9/23,11:49:05,Restauración,0,0,0,0,0,0,0,0,4,0,0,0,0,0,0,0,0,0,0,0,0,0,0,0,0,0,25,28,11,P-2030
11/9/23,11:49:23,Restauración,0,0,0,0,0,0,0,0,1,1,0,0,0,0,0,0,0,0,0,0,0,0,0,0,0,0,14,18,41,P-2031
11/9/23,11:49:45,Restauración,0,0,0,0,0,0,0,0,1,1,0,0,0,0,0,0,0,0,0,1,0,0,0,0,0,1,58,62,43,P-2032
11/9/23,11:50:58,Restauración,0,0,0,0,0,0,0,0,3,2,0,0,0,1,0,0,0,0,0,1,0,1,0,0,1,1,131,153,107,P-2033
11/9/23,11:51:14,Restauración,0,0,0,0,0,0,0,0,0,0,0,0,0,0,0,0,0,0,0,0,0,0,0,0,1,1,24,37,17,P-2034
11/9/23,11:51:43,Restauración,0,0,0,0,0,0,0,0,1,2,0,0,0,0,0,0,0,0,0,1,0,0,0,0,0,0,81,64,61,P-2035
11/9/23,11:53:50,Restauración,0,0,0,0,0,0,0,0,2,6,0,0,0,0,0,0,0,0,0,4,0,0,0,0,2,2,233,199,125,P-2036
11/9/23,11:54:19,Restauración,0,0,0,0,0,0,0,0,0,0,0,0,0,0,0,0,0,0,0,0,0,1,0,0,1,0,80,65,71,P-2037
11/9/23,11:54:38,Restauración,0,0,0,0,0,0,0,0,0,0,0,0,0,0,0,0,0,0,0,0,0,0,0,0,1,0,15,11,24,P-2038
11/9/23,11:55:02,Restauración,0,0,0,0,0,0,0,0,0,0,0,0,0,0,0,0,0,0,0,0,0,0,0,0,1,0,47,32,35,P-2039
11/9/23,11:55:27,Restauración,0,0,0,0,0,0,0,0,0,0,0,0,0,0,0,0,0,0,0,0,0,0,0,0,1,0,54,5226,,P-2040
11/9/23,11:55:48,Restauración,0,0,0,0,0,0,0,0,1,0,0,0,0,0,0,0,0,0,0,0,0,0,0,0,1,0,38,26,19,P-2041
11/9/23,11:56:33,Restauración,0,0,0,0,0,0,0,0,0,0,0,0,0,0,0,0,0,0,0,0,0,1,0,0,2,1,112,111,119,P-2042
11/9/23,11:56:47,Restauración,0,0,0,0,0,0,0,0,0,0,0,0,0,0,0,0,0,0,0,0,0,0,0,0,0,1,11,8,14,P-2043
11/9/23,11:57:19,Restauración,0,0,0,0,0,0,0,0,4,5,0,0,0,0,0,0,0,0,0,0,0,0,0,0,0,0,45,33,37,P-2044
11/9/23,11:57:36,Restauración,0,0,0,0,0,0,0,0,1,0,0,0,0,0,0,0,0,0,0,0,0,0,0,0,0,0,6,7,11,P-2045
11/9/23,11:58:06,Restauración,0,0,0,0,0,0,0,0,0,0,0,0,0,0,0,0,0,0,0,1,0,0,0,0,0,0,84,71,67,P-2046
11/9/23,11:58:40,Restauración,0,0,0,0,0,0,0,0,0,0,0,0,0,0,0,0,0,0,0,1,0,0,0,0,1,0,60,57,42,P-2047
11/9/23,11:59:20,Restauración,0,0,0,0,0,0,0,0,0,0,0,0,0,0,0,0,0,0,0,0,0,1,0,0,0,0,114,116,133,P-2048
11/9/23,11:59:39,Restauración,0,0,0,0,0,0,0,0,1,0,0,0,0,0,0,0,0,0,0,0,0,0,0,0,0,0,51,43,29,P-2049
11/9/23,12:00:20,Restauración,0,0,0,0,0,0,0,0,1,1,0,0,0,0,0,0,0,0,0,0,0,0,0,0,2,0,73,57,50,P-2050
11/9/23,12:00:47,Restauración,0,0,0,0,0,0,0,0,1,0,0,0,0,0,0,0,0,0,0,0,0,0,0,0,0,3,28,16,12,P-2051
11/9/23,12:01:03,Restauración,0,0,0,0,0,0,0,0,1,0,0,0,0,0,0,0,0,0,0,0,0,0,0,0,0,0,24,15,19,P-2052
11/9/23,12:01:22,Restauración,0,0,0,0,0,0,0,0,1,0,0,0,0,0,0,0,0,0,0,0,0,0,0,0,0,0,64,59,31,P-2053
11/9/23,12:02:00,Restauración,0,0,0,0,0,0,0,0,0,0,0,0,0,0,0,0,0,0,0,1,0,0,0,0,0,0,29,23,10,P-2054
11/9/23,12:02:21,Restauración,0,0,0,0,0,0,0,0,1,0,0,0,0,0,0,0,0,0,0,0,0,0,0,0,1,0,23,19,18,P-2055
11/9/23,12:02:31,Restauración,0,0,0,0,0,0,0,0,0,0,0,0,0,0,0,0,0,0,0,1,0,0,0,0,0,0,20,18,36,P-2056
11/9/23,12:02:50,Restauración,0,0,0,0,0,0,0,0,1,0,0,0,0,0,0,0,0,0,0,0,0,0,0,0,1,0,43,32,22,P-2057
11/9/23,12:03:39,Restauración,0,0,0,0,0,0,0,0,1,2,0,0,0,0,0,0,0,0,0,0,0,2,0,0,1,0,119,114,111,P-2058
11/9/23,12:04:05,Restauración,0,0,0,0,0,0,0,0,1,0,0,0,0,0,0,0,0,0,0,0,0,0,0,0,1,0,33,35,21,P-2059
11/9/23,12:04:21,Restauración,0,0,0,0,0,0,0,0,1,0,0,0,0,0,0,0,0,0,0,0,0,0,0,0,1,0,38,43,22,P-2060
11/9/23,12:04:43,Restauración,0,0,0,0,0,0,0,0,2,0,0,0,0,0,0,0,0,0,0,0,0,0,0,0,0,0,35,31,18,P-2061
11/9/23,12:05:19,Restauración,0,0,0,0,0,0,0,0,2,1,0,0,0,0,0,0,0,0,0,0,0,1,0,0,0,0,98,112,90,P-2062
11/9/23,12:05:48,Restauración,0,0,0,0,0,0,0,0,0,0,0,0,0,0,0,0,0,0,0,0,0,0,0,0,1,1,58,59,26,P-2063
11/9/23,12:06:26,Restauración,0,0,0,0,0,0,0,0,1,2,0,0,0,0,0,0,0,0,0,1,0,0,0,0,0,0,52,31,54,P-2064
11/9/23,12:07:25,Restauración,0,0,0,0,0,0,0,0,5,1,0,0,0,0,0,0,0,0,0,1,0,1,0,0,1,0,115,119,120,P-2065
11/9/23,12:07:43,Restauración,0,0,0,0,0,0,0,0,0,0,0,0,0,0,0,0,0,0,0,1,0,0,0,0,0,0,12,1436,,P-2066
11/9/23,12:08:26,Restauración,0,0,0,0,0,0,0,0,0,0,0,0,0,2,0,0,0,0,0,1,0,1,0,0,0,0,113,105,90,P-2067
11/9/23,12:08:45,Restauración,0,0,0,0,0,0,0,0,1,0,0,0,0,0,0,0,0,0,0,0,0,0,0,0,1,0,13,14,9,P-2068
11/9/23,12:09:09,Restauración,0,0,0,0,0,0,0,0,1,1,0,0,0,0,0,0,0,0,0,0,0,0,0,0,1,1,40,43,14,P-2069
11/9/23,12:09:37,Restauración,0,0,0,0,0,0,0,0,0,0,0,0,0,0,0,0,0,0,0,0,0,1,0,0,1,1,48,66,40,P-2070
11/9/23,12:10:00,Restauración,0,0,0,0,0,0,0,0,1,0,0,0,0,0,0,0,0,0,0,0,0,0,0,0,1,0,50,34,21,P-2071
11/9/23,12:10:12,Restauración,0,0,0,0,0,0,0,0,0,0,0,0,0,0,0,0,0,0,0,1,0,0,0,0,0,0,6,7,12,P-2072
11/9/23,12:10:38,Restauración,0,0,0,0,0,0,0,0,0,1,0,0,0,0,0,0,0,0,0,1,0,0,0,0,1,0,76,50,78,P-2073
11/9/23,12:10:54,Restauración,0,0,0,0,0,0,0,0,0,0,0,0,0,0,0,0,0,0,0,1,0,0,0,0,0,0,12,13,12,P-2074
11/9/23,12:11:19,Restauración,0,0,0,0,0,0,0,0,1,0,0,0,0,0,0,0,0,0,0,0,0,0,0,0,0,0,26,19,26,P-2075
11/9/23,12:11:35,Restauración,0,0,0,0,0,0,0,0,1,0,0,0,0,0,0,0,0,0,0,0,0,0,0,0,0,0,28,22,20,P-2076
11/9/23,12:12:07,Restauración,0,0,0,0,0,0,0,0,0,1,0,0,0,0,0,0,0,0,0,1,0,1,0,0,0,2,93,90,90,P-2077
11/9/23,12:12:34,Restauración,0,0,0,0,0,0,0,0,1,0,0,0,0,0,0,0,0,0,0,0,0,0,0,0,0,0,17,18,13,P-2078
11/9/23,12:12:53,Restauración,0,0,0,0,0,0,0,0,0,0,0,0,0,0,0,0,0,0,0,0,0,0,0,0,1,0,34,21,24,P-2079
11/9/23,12:13:51,Restauración,0,0,0,0,0,0,0,0,3,0,0,0,0,0,0,0,0,0,0,2,0,0,0,0,0,1,150,119,110,P-2080
11/9/23,12:14:22,Restauración,0,0,0,0,0,0,0,0,0,1,1,0,0,0,0,0,0,0,0,0,0,0,0,0,0,0,61,37,43,P-2081
11/9/23,12:15:31,Restauración,0,0,0,0,0,0,0,0,1,1,0,0,0,1,0,0,0,0,0,2,0,1,0,0,0,2,213,167,146,P-2082
11/9/23,12:16:14,Restauración,0,0,0,0,0,0,0,0,0,2,0,0,0,0,0,0,0,0,0,0,0,1,0,0,1,0,101,114,86,P-2083
11/9/23,12:16:57,Restauración,0,0,0,0,0,0,0,0,0,0,0,0,0,0,0,0,0,0,0,1,0,0,0,0,0,0,38,53,72,P-2084
11/9/23,12:17:35,Restauración,0,0,0,0,0,0,0,0,1,1,0,0,0,0,0,0,0,0,0,0,0,0,0,0,0,1,87,64,85,P-2085
11/9/23,12:17:59,Restauración,0,0,0,0,0,0,0,0,0,2,0,0,0,0,0,0,0,0,0,1,0,0,0,0,0,0,96,65,64,P-2086
11/9/23,12:19:03,Restauración,0,0,0,0,0,0,0,0,0,0,0,0,0,0,0,0,0,0,0,1,0,0,0,0,0,1,127,166,113,P-2087
11/9/23,12:19:25,Restauración,0,0,0,0,0,0,0,0,0,0,0,0,0,0,0,0,0,0,0,0,0,0,0,0,1,0,61,60,27,P-2088
11/9/23,12:19:49,Restauración,0,0,0,0,0,0,0,0,0,0,1,0,0,0,0,0,0,0,0,1,0,0,0,0,0,0,39,52,40,P-2089
11/9/23,12:20:08,Restauración,0,0,0,0,0,0,0,0,0,0,0,0,0,0,0,0,0,0,0,1,0,0,0,0,0,0,35,29,24,P-2090
11/9/23,12:20:41,Restauración,0,0,0,0,0,0,0,0,0,0,0,0,0,0,0,0,0,0,0,0,0,0,0,0,2,1,51,57,32,P-2091
11/9/23,12:20:59,Restauración,0,0,0,0,0,0,0,0,0,1,0,0,0,0,0,0,0,0,0,0,0,0,0,0,0,0,6,6,8,P-2092
11/9/23,12:21:18,Restauración,0,0,0,0,0,0,0,0,0,1,1,0,0,0,0,0,0,0,0,0,0,0,0,0,0,0,12,13,34,P-2093
11/9/23,12:21:51,Restauración,0,0,0,0,0,0,0,0,1,0,0,0,0,0,0,0,0,0,0,0,0,1,0,0,0,0,50,54,44,P-2094
11/9/23,12:22:50,Restauración,0,0,0,0,0,0,0,0,0,0,1,0,0,0,0,0,0,0,0,1,0,1,0,0,0,0,165,131,105,P-2095
11/9/23,12:23:12,Restauración,0,0,0,0,0,0,0,0,0,0,0,0,0,0,0,0,0,0,0,0,0,0,0,0,1,0,19,13,15,P-2096
11/9/23,12:24:05,Restauración,0,0,0,0,0,0,0,0,0,0,0,0,0,0,0,0,0,0,0,1,0,1,0,0,1,1,141,162,156,P-2097
11/9/23,12:25:18,Restauración,0,0,0,0,0,0,0,0,0,0,0,0,0,0,0,0,0,0,0,2,0,2,0,0,2,0,194,168,133,P-2098
11/9/23,12:25:44,Restauración,0,0,0,0,0,0,0,0,0,0,0,0,0,0,0,0,0,0,0,0,0,0,0,0,1,0,59,53,37,P-2099
11/9/23,12:26:20,Restauración,0,0,0,0,0,0,0,0,0,0,0,0,0,0,0,0,0,0,0,1,0,1,0,0,0,0,162,137,140,P-2100
11/9/23,12:26:55,Restauración,0,0,0,0,0,0,0,0,0,1,0,0,0,0,0,0,0,0,0,0,0,2,0,0,1,0,141,103,65,P-2101
11/9/23,12:27:16,Restauración,0,0,0,0,0,0,0,0,0,0,0,0,0,0,0,0,0,0,0,1,0,0,0,0,0,0,14,20,27,P-2102
11/9/23,12:27:46,Restauración,0,0,0,0,0,0,0,0,0,0,0,0,0,0,0,0,0,0,0,2,0,0,0,0,0,0,94,84,60,P-2103
11/9/23,12:28:18,Restauración,0,0,0,0,0,0,0,0,0,1,0,0,0,1,0,0,0,0,0,0,0,0,0,0,0,0,53,48,60,P-2104
11/9/23,12:28:53,Restauración,0,0,0,0,0,0,0,0,0,1,0,0,0,0,0,0,0,0,0,1,0,0,0,0,0,0,108,88,69,P-2105
11/9/23,12:29:20,Restauración,0,0,0,0,0,0,0,0,0,1,0,0,0,0,0,0,0,0,0,0,0,0,0,0,1,1,85,58,56,P-2106
11/9/23,12:29:50,Restauración,0,0,0,0,0,0,0,0,0,1,0,0,0,1,0,0,0,0,0,0,0,0,0,0,1,0,37,31,32,P-2107
11/9/23,12:30:18,Restauración,0,0,0,0,0,0,0,0,0,0,0,0,0,0,0,0,0,0,0,0,0,0,0,0,0,1,24,31,30,P-2108
11/9/23,12:30:30,Restauración,0,0,0,0,0,0,0,0,0,0,0,0,0,0,0,0,0,0,0,1,0,0,0,0,0,0,5,5,10,P-2109
11/9/23,12:30:51,Restauración,0,0,0,0,0,0,0,0,0,1,1,0,0,0,0,0,0,0,0,1,0,0,0,0,1,0,40,33,30,P-2110
11/9/23,12:31:51,Restauración,0,0,0,0,0,0,0,0,0,2,0,0,0,0,0,0,0,0,0,1,0,1,0,0,1,1,137,103,119,P-2111
11/9/23,12:32:14,Restauración,0,0,0,0,0,0,0,0,0,0,0,0,0,0,0,0,0,0,0,1,0,0,0,0,2,0,39,31,20,P-2112
11/9/23,12:32:28,Restauración,0,0,0,0,0,0,0,0,0,0,0,0,0,0,0,0,0,0,0,0,0,0,0,0,1,0,9,6,5,P-2113
11/9/23,12:33:40,Restauración,0,0,0,0,0,0,0,0,2,2,0,0,0,0,0,0,0,0,0,1,0,0,0,0,5,1,102,98,83,P-2114
11/9/23,12:33:51,Restauración,0,0,0,0,0,0,0,0,0,0,0,0,0,0,0,0,0,0,0,0,0,0,0,0,1,0,18,10,9,P-2115
11/9/23,12:34:53,Restauración,0,0,0,0,0,0,0,0,0,3,0,0,0,0,0,0,0,0,0,3,0,0,0,0,0,2,144,140,89,P-2116
11/9/23,12:35:26,Restauración,0,0,0,0,0,0,0,0,1,0,0,0,0,0,0,0,0,0,0,1,0,0,0,0,0,0,65,51,63,P-2117
11/9/23,12:35:55,Restauración,0,0,0,0,0,0,0,0,0,0,0,0,0,0,0,0,0,0,0,0,0,1,0,0,1,0,26,29,27,P-2118
11/9/23,12:36:51,Restauración,0,0,0,0,0,0,0,0,0,3,0,0,0,0,0,0,0,0,0,2,0,1,0,0,1,1,171,115,127,P-2119
11/9/23,12:37:07,Restauración,0,0,0,0,0,0,0,0,0,0,0,0,0,0,0,0,0,0,0,0,0,0,0,0,1,0,28,19,12,P-2120
11/9/23,12:37:53,Restauración,0,0,0,0,0,0,0,0,0,0,0,0,0,0,0,0,0,0,0,0,0,0,0,0,1,0,19,27,11,P-2121
11/9/23,12:38:22,Restauración,0,0,0,0,0,0,0,0,0,0,0,0,0,0,0,0,0,0,0,1,0,0,0,0,0,0,111,90,81,P-2122
11/9/23,12:38:49,Restauración,0,0,0,0,0,0,0,0,0,0,0,0,0,0,0,0,0,0,0,1,0,0,0,0,0,0,34,33,42,P-2123
11/9/23,12:39:14,Restauración,0,0,0,0,0,0,0,0,1,0,0,0,0,0,0,0,0,0,0,1,0,0,0,0,0,0,79,55,79,P-2124
11/9/23,12:39:41,Restauración,0,0,0,0,0,0,0,0,0,0,0,0,0,0,0,0,0,0,0,0,0,0,0,0,1,0,24,2517,17,P-2125
11/9/23,12:40:13,Restauración,0,0,0,0,0,0,0,0,0,1,0,0,0,0,0,0,0,0,0,1,0,0,0,0,1,0,70,79,58,P-2126
11/9/23,12:40:34,Restauración,0,0,0,0,0,0,0,0,0,0,0,0,0,0,0,0,0,0,0,0,0,0,0,0,1,0,25,26,30,P-2127
11/9/23,12:41:18,Restauración,0,0,0,0,0,0,0,0,0,1,1,0,0,0,0,0,0,0,0,1,0,0,0,0,2,0,101,79,55,P-2128
11/9/23,12:42:11,Restauración,0,0,0,0,0,0,0,0,0,2,0,0,0,0,0,0,0,0,0,3,0,0,0,0,0,1,161,152,89,P-2129
11/9/23,12:58:11,Restauración,0,0,0,0,0,0,0,0,0,0,0,0,0,0,0,0,0,0,0,2,0,0,0,0,1,0,153,121,80,P-2130
11/9/23,12:58:51,Restauración,0,0,0,0,0,0,0,0,0,0,0,0,0,0,0,0,0,0,0,0,0,0,0,0,1,1,79,84,98,P-2131
11/9/23,12:59:24,Restauración,0,0,0,0,0,0,0,0,0,0,0,0,0,0,0,0,0,0,0,0,0,0,0,0,1,0,75,80,29,P-2132
11/9/23,12:59:41,Restauración,0,0,0,0,0,0,0,0,0,0,0,0,0,0,0,0,0,0,0,1,0,0,0,0,2,0,66,39,37,P-2133
11/9/23,13:00:02,Restauración,0,0,0,0,0,0,0,0,0,0,0,0,0,0,0,0,0,0,0,0,0,0,0,0,1,0,36,19,14,P-2134
11/9/23,13:00:15,Restauración,0,0,0,0,0,0,0,0,0,0,0,0,0,0,0,0,0,0,0,0,0,0,0,0,1,0,19,13,10,P-2135
11/9/23,13:00:26,Restauración,0,0,0,0,0,0,0,0,0,0,0,0,0,0,0,0,0,0,0,0,0,0,0,0,1,0,15,8,10,P-2136
11/9/23,13:00:37,Restauración,0,0,0,0,0,0,0,0,0,0,0,0,0,0,0,0,0,0,0,0,0,0,0,0,1,0,6,13,16,P-2137
11/9/23,13:00:55,Restauración,0,0,0,0,0,0,0,0,0,0,0,0,0,0,0,0,0,0,0,0,0,0,0,0,1,0,39,47,21,P-2138
11/9/23,13:01:11,Restauración,0,0,0,0,0,0,0,0,0,0,0,0,0,0,0,0,0,0,0,0,0,0,0,0,2,0,53,36,28,P-2139
11/9/23,13:01:31,Restauración,0,0,0,0,0,0,0,0,0,0,0,0,0,0,0,0,0,0,0,1,0,0,0,0,0,0,31,38,50,P-2140
11/9/23,13:02:02,Restauración,0,0,0,0,0,0,0,0,0,0,0,0,0,0,0,0,0,0,0,1,0,0,0,0,0,0,133,95,81,P-2141
11/9/23,13:02:22,Restauración,0,0,0,0,0,0,0,0,0,0,0,0,0,0,0,0,0,0,0,0,0,0,0,0,1,3,55,45,28,P-2142
11/9/23,13:02:38,Restauración,0,0,0,0,0,0,0,0,0,0,0,0,0,0,0,0,0,0,0,0,0,0,0,0,1,0,6,9,7,P-2143
11/9/23,13:03:12,Restauración,0,0,0,0,0,0,0,0,0,0,0,0,0,0,0,0,0,0,0,1,0,0,0,0,0,1,88,110,68,P-2144
11/9/23,13:03:56,Restauración,0,0,0,0,0,0,0,0,1,0,0,0,0,0,0,0,0,0,0,0,0,0,0,0,0,0,10,11,12,P-2145
11/9/23,13:04:23,Restauración,0,0,0,0,0,0,0,0,0,0,0,0,0,0,0,0,0,0,0,0,0,0,0,0,1,0,57,59,30,P-2146
11/9/23,13:05:54,Restauración,0,0,0,0,0,0,0,0,0,0,0,0,0,0,0,0,0,0,0,0,0,0,0,0,2,1,182,174,78,P-2147
11/9/23,13:06:21,Restauración,0,0,0,0,0,0,0,0,1,0,0,0,0,0,0,0,0,0,0,0,0,0,0,0,0,0,35,43,24,P-2148
11/9/23,13:06:45,Restauración,0,0,0,0,0,0,0,0,0,0,0,0,0,0,0,0,0,0,0,1,0,0,0,0,0,0,59,52,91,P-2149
11/9/23,13:07:36,Restauración,0,0,0,0,0,0,0,0,0,0,0,0,0,0,0,0,0,0,0,1,0,0,0,0,2,0,128,89,85,P-2150
11/9/23,13:08:05,Restauración,0,0,0,0,0,0,0,0,0,0,0,0,0,0,0,0,0,0,0,0,0,0,0,0,1,0,39,42,16,P-2151
11/9/23,13:08:52,Restauración,0,0,0,0,0,0,0,0,0,1,0,0,0,0,0,0,0,0,0,1,0,0,0,0,0,0,82,83,70,P-2152
11/9/23,13:09:29,Restauración,0,0,0,0,0,0,0,0,0,0,0,0,0,0,0,0,0,0,0,1,0,0,0,0,0,0,77,42,70,P-2153
11/9/23,13:10:28,Restauración,0,0,0,0,0,0,0,0,0,0,0,0,0,0,0,0,0,0,0,1,0,0,0,0,1,0,125,115,84,P-2154
11/9/23,13:10:53,Restauración,0,0,0,0,0,0,0,0,0,0,0,0,0,0,0,0,0,0,0,0,0,0,0,0,1,1,53,39,21,P-2155
11/9/23,13:11:03,Restauración,0,0,0,0,0,0,0,0,0,0,0,0,0,0,0,0,0,0,0,0,0,0,0,0,1,0,6,6,5,P-2156
11/9/23,13:11:36,Restauración,0,0,0,0,0,0,0,0,0,1,0,0,0,1,0,0,0,0,0,0,0,0,0,0,0,0,41,26,39,P-2157
11/9/23,13:11:54,Restauración,0,0,0,0,0,0,0,0,0,0,0,0,0,0,0,0,0,0,0,0,0,0,0,0,1,0,5,4,4,P-2158
11/9/23,13:12:03,Restauración,0,0,0,0,0,0,0,0,0,0,0,0,0,0,0,0,0,0,0,0,0,0,0,0,1,1,17,14,12,P-2159
11/9/23,13:14:12,Restauración,0,0,0,0,0,0,0,0,0,1,0,0,0,0,0,0,0,0,0,1,0,0,0,0,2,0,89,77,92,P-2160
11/9/23,13:14:39,Restauración,0,0,0,0,0,0,0,0,0,0,0,0,0,1,0,0,0,0,0,0,0,0,0,0,0,0,48,32,38,P-2161
11/9/23,13:15:08,Restauración,0,0,0,0,0,0,0,0,1,0,0,0,0,0,0,0,0,0,0,1,0,0,0,0,1,0,57,55,23,P-2162
11/9/23,13:16:26,Restauración,0,0,0,0,0,0,0,0,0,0,0,0,0,0,0,0,0,0,0,3,0,0,0,0,0,1,180,172,94,P-2163
11/9/23,13:17:06,Restauración,0,0,0,0,0,0,0,0,0,0,0,0,0,0,0,0,0,0,0,1,0,0,0,0,2,0,99,73,85,P-2164
11/9/23,13:17:31,Restauración,0,0,0,0,0,0,0,0,0,0,0,0,0,0,0,0,0,0,0,0,0,0,0,0,0,1,30,21,22,P-2165
11/9/23,13:17:57,Restauración,0,0,0,0,0,0,0,0,0,0,0,0,0,0,0,0,0,0,0,1,0,0,0,0,0,0,76,57,90,P-2166
11/9/23,13:18:33,Restauración,0,0,0,0,0,0,0,0,0,0,0,0,0,0,0,0,0,0,0,2,0,0,0,0,0,0,77,74,76,P-2167
11/9/23,13:22:11,Restauración,0,0,0,0,1,0,0,0,0,0,0,0,0,0,0,0,0,0,0,1,0,0,0,0,2,0,148,125,81,P-2168
11/9/23,13:25:10,Restauración,0,0,0,0,0,0,0,0,0,2,0,0,0,0,0,0,0,0,0,0,0,0,0,0,2,1,101,99,57,P-2169
11/9/23,13:25:40,Restauración,0,0,0,0,0,0,0,0,0,2,1,0,0,0,0,0,0,0,0,0,0,0,0,0,0,0,35,36,36,P-2170
11/9/23,13:26:02,Restauración,0,0,0,0,1,0,0,0,0,1,0,0,0,0,0,0,0,0,0,0,0,0,0,0,1,0,81,48,65,P-2171
11/9/23,13:26:56,Restauración,0,0,0,0,1,0,0,0,0,1,1,0,0,0,0,0,0,0,0,1,0,0,0,0,5,0,195,171,101,P-2172
11/9/23,13:27:25,Restauración,0,0,0,0,0,0,0,0,0,0,0,0,0,0,0,0,0,0,0,1,0,0,0,0,0,0,84,60,68,P-2173
11/9/23,13:27:41,Restauración,0,0,0,0,0,0,0,0,0,0,0,0,0,0,0,0,0,0,0,0,0,0,0,0,1,0,36,23,20,P-2174
11/9/23,13:28:03,Restauración,0,0,0,0,0,0,0,0,0,0,0,0,0,0,0,0,0,0,0,0,0,0,0,0,1,0,57,56,24,P-2175
11/9/23,13:28:32,Restauración,0,0,0,0,0,0,0,0,0,2,1,0,0,0,0,0,0,0,0,0,0,0,0,0,0,0,57,33,47,P-2176
11/9/23,13:28:48,Restauración,0,0,0,0,0,0,0,0,0,0,0,0,0,0,0,0,0,0,0,0,0,0,0,0,1,0,12,8,16,P-2177
11/9/23,13:29:24,Restauración,0,0,0,0,0,0,0,0,0,2,1,0,0,0,0,0,0,0,0,1,0,0,0,0,1,0,66,42,64,P-2178
11/9/23,13:29:48,Restauración,0,0,0,0,0,0,0,0,1,1,0,0,0,0,0,0,0,0,0,0,0,0,0,0,1,0,36,34,23,P-2179
11/9/23,13:30:04,Restauración,0,0,0,0,0,0,0,0,0,0,0,0,0,1,0,0,0,0,0,0,0,0,0,0,0,0,31,20,27,P-2180
11/9/23,13:30:36,Restauración,0,0,0,0,0,0,0,0,0,0,1,0,0,0,0,0,0,0,0,0,0,0,0,0,1,0,37,47,38,P-2181
11/9/23,13:31:14,Restauración,0,0,0,0,0,0,0,0,0,3,0,0,0,0,0,0,0,0,0,1,0,0,0,0,1,1,118,100,60,P-2182
11/9/23,13:31:32,Restauración,0,0,0,0,0,0,0,0,0,1,0,0,0,0,0,0,0,0,0,0,0,0,0,0,0,0,48,42,49,P-2183
11/9/23,13:31:48,Restauración,0,0,0,0,0,0,0,0,0,0,1,0,0,0,0,0,0,0,0,0,0,0,0,0,0,0,43,31,40,P-2184
11/9/23,13:32:10,Restauración,0,0,0,0,0,0,0,0,0,0,0,0,0,0,0,0,0,0,0,0,0,0,0,0,1,0,40,40,26,P-2185
11/9/23,13:32:23,Restauración,0,0,0,0,0,0,0,0,0,0,0,0,0,0,0,0,0,0,0,0,0,0,0,0,1,0,12,10,10,P-2186
11/9/23,13:32:42,Restauración,0,0,0,0,0,0,0,0,0,0,0,0,0,0,0,0,0,0,0,0,0,0,0,0,1,0,26,23,14,P-2187
11/9/23,13:33:23,Restauración,0,0,0,0,0,0,0,0,0,0,0,0,0,0,0,0,0,0,0,1,0,0,0,0,1,1,109,127,116,P-2188
11/9/23,13:34:00,Restauración,0,0,0,0,0,0,0,0,0,0,0,0,0,1,0,0,0,0,0,1,0,0,0,0,11,0,64,55,42,P-2189
11/9/23,13:34:40,Restauración,0,0,0,0,1,0,0,0,0,0,0,0,0,1,0,0,0,0,0,1,0,0,0,0,3,0,145,125,98,P-2190
11/9/23,13:35:18,Restauración,0,0,0,0,0,0,0,0,1,0,1,0,0,0,0,0,0,0,0,0,0,0,0,0,1,0,29,33,22,P-2191
11/9/23,13:35:45,Restauración,0,0,0,0,0,0,0,0,0,0,1,0,0,0,0,0,0,0,0,11,0,0,0,0,1,0,37,33,49,P-2192
11/9/23,13:36:39,Restauración,0,0,0,0,0,0,0,0,0,0,0,0,0,0,0,0,0,0,0,1,0,0,0,0,3,1,86,83,78,P-2193
11/9/23,13:37:00,Restauración,0,0,0,0,0,0,0,0,0,0,0,0,0,0,0,0,0,0,0,0,0,0,0,0,1,0,62,47,25,P-2194
11/9/23,13:37:17,Restauración,0,0,0,0,0,0,0,0,0,0,0,0,0,0,0,0,0,0,0,0,0,0,0,0,1,0,60,51,28,P-2195
11/9/23,13:37:35,Restauración,0,0,0,0,0,0,0,0,0,0,0,0,0,0,0,0,0,0,0,0,0,0,0,0,1,0,22,17,18,P-2196
11/9/23,13:38:13,Restauración,0,0,0,0,0,0,0,0,0,0,0,0,0,0,0,0,0,0,0,1,0,0,0,0,1,1,138,141,94,P-2197
11/9/23,13:38:34,Restauración,0,0,0,0,0,0,0,0,0,0,0,0,0,0,0,0,0,0,0,0,0,0,0,0,1,0,37,24,26,P-2198
11/9/23,13:39:04,Restauración,0,0,0,0,0,0,0,0,0,1,0,0,0,0,0,0,0,0,0,1,0,0,0,0,1,0,76,57,62,P-2199
11/9/23,13:39:21,Restauración,0,0,0,0,0,0,0,0,0,0,1,0,0,0,0,0,0,0,0,0,0,0,0,0,0,0,22,35,26,P-2200
11/9/23,13:39:36,Restauración,0,0,0,0,0,0,0,0,0,0,0,0,0,0,0,0,0,0,0,0,0,0,0,0,1,0,16,13,13,P-2201
11/9/23,13:39:49,Restauración,0,0,0,0,0,0,0,0,0,0,0,0,0,0,0,0,0,0,0,0,0,0,0,0,1,0,27,30,22,P-2202
11/9/23,13:41:03,Restauración,0,0,0,0,0,0,0,0,0,0,0,0,0,0,0,0,0,0,0,3,0,0,0,0,2,2,181,159,138,P-2203
11/9/23,13:41:32,Restauración,0,0,0,0,0,0,0,0,0,1,1,0,0,0,0,0,0,0,0,0,0,0,0,0,2,0,42,25,31,P-2204
11/9/23,13:41:45,Restauración,0,0,0,0,0,0,0,0,0,0,0,0,0,0,0,0,0,0,0,0,0,0,0,0,1,0,21,17,15,P-2205
11/9/23,13:41:53,Restauración,0,0,0,0,0,0,0,0,0,0,0,0,0,0,0,0,0,0,0,0,0,0,0,0,1,0,3,5,5,P-2206
11/9/23,13:42:09,Restauración,0,0,0,0,0,0,0,0,0,0,0,0,0,0,0,0,0,0,0,0,0,0,0,0,1,0,12,11,13,P-2207
11/9/23,13:42:18,Restauración,0,0,0,0,0,0,0,0,0,0,0,0,0,0,0,0,0,0,0,0,0,0,0,0,1,0,25,19,20,P-2208
11/9/23,13:43:01,Restauración,0,0,0,0,0,0,0,0,0,0,0,0,0,0,0,0,0,0,0,0,0,0,0,0,1,0,45,51,18,P-2209
11/9/23,13:43:28,Restauración,0,0,0,0,0,0,0,0,0,1,0,0,0,0,0,0,0,0,0,0,0,0,0,0,1,0,63,45,34,P-2210
11/9/23,13:43:52,Restauración,0,0,0,0,0,0,0,0,0,0,0,0,0,0,0,0,0,0,0,1,0,0,0,0,1,0,62,39,65,P-2211
11/9/23,13:44:13,Restauración,0,0,0,0,0,0,0,0,0,0,0,0,0,0,0,0,0,0,0,1,0,0,0,0,0,0,42,40,76,P-2212
11/9/23,13:44:37,Restauración,0,0,0,0,0,0,0,0,0,0,0,0,0,0,0,0,0,0,0,0,0,0,0,0,1,0,28,30,15,P-2213
11/9/23,13:44:59,Restauración,0,0,0,0,0,0,0,0,0,1,0,0,0,0,0,0,0,0,0,1,0,0,0,0,1,1,56,49,43,P-2214
11/9/23,13:45:15,Restauración,0,0,0,0,0,0,0,0,0,0,0,0,0,0,0,0,0,0,0,0,0,0,0,0,1,0,27,11,12,P-2215
11/9/23,13:45:29,Restauración,0,0,0,0,0,0,0,0,0,0,0,0,0,0,0,0,0,0,0,0,0,0,0,0,1,0,12,7,10,P-2216
11/9/23,13:46:17,Restauración,0,0,0,0,0,0,0,0,0,0,0,0,0,0,0,0,0,0,0,2,0,0,0,0,0,0,91,79,93,P-2217
11/9/23,13:46:39,Restauración,0,0,0,0,0,0,0,0,0,0,0,0,0,0,0,0,0,0,0,1,0,0,0,0,2,1,57,60,74,P-2218
11/9/23,13:47:11,Restauración,0,0,0,0,0,0,0,0,0,0,0,0,0,0,0,0,0,0,0,1,0,0,0,0,0,0,86,52,70,P-2219
11/9/23,13:47:51,Restauración,0,0,0,0,0,0,0,0,0,0,0,0,0,0,0,0,0,0,0,1,0,0,0,0,0,0,82,70,117,P-2220
11/9/23,13:48:18,Restauración,0,0,0,0,0,0,0,0,0,0,0,0,0,0,0,0,0,0,0,1,0,0,0,0,0,0,87,66,78,P-2221
11/9/23,13:48:39,Restauración,0,0,0,0,0,0,0,0,0,1,0,0,0,0,0,0,0,0,0,0,0,0,0,0,1,0,14,20,13,P-2222
11/9/23,13:48:55,Restauración,0,0,0,0,0,0,0,0,0,0,0,0,0,0,0,0,0,0,0,0,0,0,0,0,1,0,25,28,9,P-2223
11/9/23,13:49:26,Restauración,0,0,0,0,0,0,0,0,0,0,0,0,0,1,0,0,0,0,0,1,0,0,0,0,0,0,59,60,74,P-2224
11/9/23,13:50:51,Restauración,1,0,0,0,0,0,0,0,3,0,0,0,0,0,0,0,0,0,0,2,0,0,0,0,6,0,248,200,92,P-2225
11/9/23,13:51:21,Restauración,0,0,0,0,0,0,0,0,0,0,0,0,0,0,0,0,0,0,0,1,0,0,0,0,0,0,81,55,72,P-2226
11/9/23,13:51:40,Restauración,0,0,0,0,0,0,0,0,0,0,0,0,0,0,0,0,0,0,0,1,0,0,0,0,0,0,67,60,42,P-2227
11/9/23,13:52:12,Restauración,0,0,0,0,0,0,0,0,0,0,0,0,0,0,0,0,0,0,0,2,0,0,0,0,1,0,86,93,80,P-2228
11/9/23,13:52:30,Restauración,0,0,0,0,0,0,0,0,0,0,0,0,0,0,0,0,0,0,0,0,0,0,0,0,1,0,13,9,12,P-2229
11/9/23,13:52:41,Restauración,0,0,0,0,0,0,0,0,0,0,0,0,0,0,0,0,0,0,0,0,0,0,0,0,1,0,20,22,16,P-2230
11/9/23,13:53:00,Restauración,0,0,0,0,0,0,0,0,0,0,0,0,0,0,0,0,0,0,0,1,0,0,0,0,1,0,59,50,63,P-2231
11/9/23,13:53:35,Restauración,0,0,0,0,0,0,0,0,0,0,0,0,0,1,0,0,0,0,0,2,0,0,0,0,0,0,70,48,70,P-2232
11/9/23,13:54:05,Restauración,0,0,0,0,0,0,0,0,0,0,0,0,0,0,0,0,0,0,0,1,0,0,0,0,1,0,81,62,78,P-2233
11/9/23,13:54:37,Restauración,0,0,0,0,0,0,0,0,0,0,0,0,0,1,0,0,0,0,0,1,0,0,0,0,1,0,97,78,76,P-2234
11/9/23,13:55:02,Restauración,0,0,0,0,0,0,0,0,0,0,0,0,0,0,0,0,0,0,0,0,0,0,0,0,1,0,30,23,22,P-2235
11/9/23,13:55:18,Restauración,0,0,0,0,0,0,0,0,0,0,0,0,0,0,0,0,0,0,0,0,0,0,0,0,1,0,18,17,11,P-2236
11/9/23,13:55:58,Restauración,0,0,0,0,1,0,0,0,0,1,0,0,0,0,0,0,0,0,0,0,0,0,0,0,1,0,46,57,37,P-2237
11/9/23,13:56:19,Restauración,0,0,0,0,0,0,0,0,0,0,0,0,0,0,0,0,0,0,0,0,0,0,0,0,1,0,25,30,16,P-2238
11/9/23,13:56:31,Restauración,0,0,0,0,0,0,0,0,0,0,0,0,0,0,0,0,0,0,0,0,0,0,0,0,1,0,20,26,17,P-2239
11/9/23,13:56:52,Restauración,0,0,0,0,0,0,0,0,0,0,0,0,0,0,0,0,0,0,0,0,0,0,0,0,1,0,21,8,19,P-2240
11/9/23,13:57:05,Restauración,0,0,0,0,0,0,0,0,0,0,0,0,0,0,0,0,0,0,0,0,0,0,0,0,1,0,12,13,19,P-2241
11/9/23,13:57:24,Restauración,0,0,0,0,0,0,0,0,0,0,0,0,0,0,0,0,0,0,0,0,0,0,0,0,0,1,17,17,32,P-2242
11/9/23,13:57:40,Restauración,0,0,0,0,0,0,0,0,0,0,0,0,0,0,0,0,0,0,0,0,0,0,0,0,1,0,29,23,18,P-2243
11/9/23,13:58:17,Restauración,0,0,0,0,0,0,0,0,0,0,0,0,0,0,0,0,0,0,0,1,0,0,0,0,4,1,140,133,96,P-2244
11/9/23,13:59:03,Restauración,0,0,0,0,0,0,0,0,1,0,0,0,0,1,0,0,0,0,0,1,0,0,0,0,1,0,41,32,40,P-2245
11/9/23,13:59:23,Restauración,0,0,0,0,0,0,0,0,0,1,0,0,0,0,0,0,0,0,0,0,0,0,0,0,0,0,47,39,41,P-2246
11/9/23,13:59:44,Restauración,0,0,0,0,0,0,0,0,0,1,0,0,0,0,0,0,0,0,0,0,0,0,0,0,1,0,21,22,11,P-2247
11/9/23,14:00:08,Restauración,0,0,0,0,0,0,0,0,0,0,0,0,0,1,0,0,0,0,0,1,0,0,0,0,0,1,37,35,35,P-2248
11/9/23,14:00:26,Restauración,0,0,0,0,0,0,0,0,0,0,0,0,0,1,0,0,0,0,0,1,0,0,0,0,0,0,36,31,26,P-2249
11/9/23,14:01:15,Restauración,0,0,0,0,0,0,0,0,0,1,0,0,0,0,0,0,0,0,0,2,0,0,0,0,1,0,76,78,47,P-2250
11/9/23,14:01:29,Restauración,0,0,0,0,0,0,0,0,0,0,0,0,0,1,0,0,0,0,0,0,0,0,0,0,0,0,42,30,34,P-2251
11/9/23,14:01:58,Restauración,0,0,0,0,0,0,0,0,0,0,0,0,0,1,0,0,0,0,0,0,0,0,0,0,1,0,69,65,47,P-2252
11/9/23,14:02:41,Restauración,0,0,0,0,0,0,0,0,0,0,0,0,0,1,0,0,0,0,0,2,0,0,0,0,0,1,124,114,94,P-2253
11/9/23,14:03:14,Restauración,0,0,0,0,0,0,0,0,0,1,0,0,0,1,0,0,0,0,0,0,0,0,0,0,1,0,39,27,42,P-2254
11/9/23,14:04:18,Restauración,0,0,0,0,0,0,0,0,0,1,0,0,0,0,0,0,0,0,0,5,0,0,0,0,1,1,270,258,101,P-2255
11/8/23,09:38:20,Restauración,0,0,0,0,0,0,0,0,0,1,0,0,0,0,0,0,0,0,0,0,0,0,0,0,0,0,8,10,25,P-2256
11/8/23,09:42:14,Restauración,0,0,0,0,0,0,0,0,0,1,0,0,0,0,0,0,0,0,0,0,0,0,0,0,0,0,2,2,3,P-2257
11/8/23,09:48:09,Restauración,0,0,0,0,0,0,0,0,0,1,0,0,0,0,0,0,0,0,0,0,0,0,0,0,0,0,3,3,5,P-2258
11/9/23,08:54:55,Restauración,0,0,0,0,0,0,0,0,0,0,0,0,0,0,0,0,0,0,0,0,0,0,0,0,1,0,11,10,11,P-2259
11/9/23,09:12:20,Restauración,0,0,0,0,0,0,0,0,0,0,0,0,0,0,0,0,0,0,0,0,0,0,0,0,1,0,14,14,9,P-2260
11/9/23,09:18:29,Restauración,0,0,0,0,0,0,0,0,0,0,0,0,0,0,0,0,0,0,0,0,0,0,0,0,1,0,2,2,3,P-2261
11/9/23,09:22:36,Restauración,0,0,0,0,0,0,0,0,0,1,0,0,0,0,0,0,0,0,0,0,0,0,0,0,0,0,3,3,5,P-2262
11/9/23,09:58:35,Restauración,0,0,0,0,0,0,0,0,0,1,0,0,0,0,0,0,0,0,0,0,0,0,0,0,0,0,7,5,11,P-2263
11/9/23,10:38:10,Restauración,0,0,0,0,0,0,0,0,0,0,0,0,0,0,0,0,0,0,0,0,0,0,0,0,1,0,10,12,11,P-2264
11/9/23,11:01:42,Restauración,0,0,0,0,0,0,0,0,0,1,0,0,0,0,0,0,0,0,0,0,0,0,0,0,0,0,11,11,18,P-2265
11/9/23,11:05:55,Restauración,0,0,0,0,0,0,0,0,0,0,0,0,0,0,0,0,0,0,0,0,0,0,0,0,1,0,19,11,9,P-2266
11/9/23,11:06:06,Restauración,0,0,0,0,0,0,0,0,1,0,0,0,0,0,0,0,0,0,0,0,0,0,0,0,0,0,5,3,5,P-2267
11/9/23,13:17:52,Restauración,0,0,0,0,0,0,0,0,0,0,0,0,0,0,0,0,0,0,0,0,0,0,0,0,1,0,7,6,6,P-2268
11/9/23,13:26:18,Restauración,0,0,0,0,0,0,0,0,0,0,0,0,0,0,0,0,0,0,0,0,0,0,0,0,1,0,20,20,20,P-2269
11/9/23,13:01:25,Restauración,0,0,0,0,0,0,0,0,0,0,0,0,0,0,0,0,0,0,0,0,0,0,0,0,1,0,8,10,8,P-2270
11/8/23,09:38:20,Restauración,0,0,0,0,0,0,0,0,0,1,0,0,0,0,0,0,0,0,0,0,0,0,0,0,0,0,8,10,25,P-2271
11/8/23,09:42:14,Restauración,0,0,0,0,0,0,0,0,0,1,0,0,0,0,0,0,0,0,0,0,0,0,0,0,0,0,2,2,3,P-2272
11/8/23,09:48:09,Restauración,0,0,0,0,0,0,0,0,0,1,0,0,0,0,0,0,0,0,0,0,0,0,0,0,0,0,3,3,5,P-2273
11/9/23,08:54:55,Restauración,0,0,0,0,0,0,0,0,0,0,0,0,0,0,0,0,0,0,0,0,0,0,0,0,1,0,11,10,11,P-2274
11/9/23,09:12:20,Restauración,0,0,0,0,0,0,0,0,0,0,0,0,0,0,0,0,0,0,0,0,0,0,0,0,1,0,14,14,9,P-2275
11/9/23,09:18:29,Restauración,0,0,0,0,0,0,0,0,0,0,0,0,0,0,0,0,0,0,0,0,0,0,0,0,1,0,2,2,3,P-2276
11/9/23,09:22:36,Restauración,0,0,0,0,0,0,0,0,0,1,0,0,0,0,0,0,0,0,0,0,0,0,0,0,0,0,3,3,5,P-2277
11/9/23,09:58:35,Restauración,0,0,0,0,0,0,0,0,0,1,0,0,0,0,0,0,0,0,0,0,0,0,0,0,0,0,7,5,11,P-2278
11/9/23,10:38:10,Restauración,0,0,0,0,0,0,0,0,0,0,0,0,0,0,0,0,0,0,0,0,0,0,0,0,1,0,10,12,11,P-2279
11/9/23,11:01:42,Restauración,0,0,0,0,0,0,0,0,0,1,0,0,0,0,0,0,0,0,0,0,0,0,0,0,0,0,11,11,18,P-2280
11/9/23,11:05:55,Restauración,0,0,0,0,0,0,0,0,0,0,0,0,0,0,0,0,0,0,0,0,0,0,0,0,1,0,19,11,9,P-2281
11/9/23,11:06:06,Restauración,0,0,0,0,0,0,0,0,1,0,0,0,0,0,0,0,0,0,0,0,0,0,0,0,0,0,5,3,5,P-2282
11/9/23,13:17:52,Restauración,0,0,0,0,0,0,0,0,0,0,0,0,0,0,0,0,0,0,0,0,0,0,0,0,1,0,7,6,6,P-2283
11/9/23,13:26:18,Restauración,0,0,0,0,0,0,0,0,0,0,0,0,0,0,0,0,0,0,0,0,0,0,0,0,1,0,20,20,20,P-2284
11/9/23,13:01:25,Restauración,0,0,0,0,0,0,0,0,0,0,0,0,0,0,0,0,0,0,0,0,0,0,0,0,1,0,8,10,8,P-2285
11/8/23,09:07:49,Restauración,0,0,0,0,0,0,0,0,0,1,0,0,0,0,0,0,0,0,0,0,0,0,0,0,0,0,4,4,12,P-2286
11/8/23,09:09:29,Restauración,0,0,0,0,0,0,0,0,0,1,0,0,0,0,0,0,0,0,0,0,0,0,0,0,0,0,3,2,15,P-2287
11/8/23,09:58:31,Restauración,0,0,0,0,0,0,0,0,0,0,0,0,0,0,0,0,0,0,0,1,0,0,0,0,0,0,4,4,15,P-2288
11/8/23,10:23:09,Restauración,0,0,0,0,0,0,0,0,0,1,0,0,0,0,0,0,0,0,0,0,0,0,0,0,0,0,10,10,19,P-2289
11/9/23,08:52:40,Restauración,0,0,0,0,0,0,0,0,0,0,0,0,0,0,0,0,0,0,0,0,0,0,0,0,1,0,5,4,5,P-2290
11/9/23,08:57:57,Restauración,0,0,0,0,0,0,0,0,0,0,0,0,0,0,0,0,0,0,0,0,0,0,0,0,1,0,4,3,3,P-2291
11/9/23,09:04:59,Restauración,0,0,0,0,0,0,0,0,0,0,0,0,0,0,0,0,0,0,0,0,0,0,0,0,1,0,8,8,9,P-2292
11/9/23,09:05:13,Restauración,0,0,0,0,0,0,0,0,0,0,0,0,0,0,0,0,0,0,0,0,0,0,0,0,1,0,7,5,7,P-2293
11/9/23,09:26:46,Restauración,0,0,0,0,0,0,0,0,0,1,0,0,0,0,0,0,0,0,0,0,0,0,0,0,0,0,5,6,7,P-2294
11/9/23,09:28:29,Restauración,0,0,0,0,0,0,0,0,0,0,0,0,0,0,0,0,0,0,0,0,0,0,0,0,1,0,10,7,7,P-2295
11/9/23,10:00:12,Restauración,0,0,0,0,0,0,0,0,0,0,0,0,0,0,0,0,0,0,0,0,0,0,0,0,1,0,14,11,11,P-2296
11/9/23,10:50:14,Restauración,0,0,0,0,0,0,0,0,0,1,0,0,0,0,0,0,0,0,0,0,0,0,0,0,0,0,8,9,7,P-2297
11/9/23,11:51:40,Restauración,0,0,0,0,0,0,0,0,1,0,0,0,0,0,0,0,0,0,0,0,0,0,0,0,0,0,3,2,3,P-2298
11/9/23,12:09:36,Restauración,0,0,0,0,0,0,0,0,1,0,0,0,0,0,0,0,0,0,0,0,0,0,0,0,0,0,8,6,10,P-2299
11/9/23,12:59:57,Restauración,0,0,0,0,0,0,0,0,0,0,0,0,0,0,0,0,0,0,0,0,0,0,0,0,1,0,7,8,6,P-2300
11/9/23,13:08:40,Restauración,0,0,0,0,0,0,0,0,0,0,0,0,0,0,0,0,0,0,0,0,0,0,0,0,1,0,15,12,12,P-2301
11/9/23,13:53:28,Restauración,0,0,0,0,0,0,0,0,0,0,0,0,0,0,0,0,0,0,0,0,0,0,0,0,1,0,14,16,10,P-2302
11/9/23,09:30:03,Restauración,0,0,0,0,0,0,0,0,0,2,0,0,0,0,0,0,0,0,0,0,0,0,0,0,0,0,12,12,10,P-2303
11/9/23,09:32:36,Restauración,0,0,0,0,0,0,0,0,0,1,0,0,0,0,0,0,0,0,0,0,0,0,0,0,0,0,3,3,7,P-2304
11/9/23,13:42:23,Restauración,0,0,0,0,0,0,0,0,0,1,0,0,0,0,0,0,0,0,0,0,0,0,0,0,0,0,6,5,5,P-2305
11/8/23,09:07:49,Restauración,0,0,0,0,0,0,0,0,0,1,0,0,0,0,0,0,0,0,0,0,0,0,0,0,0,0,4,4,12,P-2306
11/8/23,09:09:29,Restauración,0,0,0,0,0,0,0,0,0,1,0,0,0,0,0,0,0,0,0,0,0,0,0,0,0,0,3,2,15,P-2307
11/8/23,09:58:31,Restauración,0,0,0,0,0,0,0,0,0,0,0,0,0,0,0,0,0,0,0,1,0,0,0,0,0,0,4,4,15,P-2308
11/8/23,10:23:09,Restauración,0,0,0,0,0,0,0,0,0,1,0,0,0,0,0,0,0,0,0,0,0,0,0,0,0,0,10,10,19,P-2309
11/9/23,08:52:40,Restauración,0,0,0,0,0,0,0,0,0,0,0,0,0,0,0,0,0,0,0,0,0,0,0,0,1,0,5,4,5,P-2310
11/9/23,08:57:57,Restauración,0,0,0,0,0,0,0,0,0,0,0,0,0,0,0,0,0,0,0,0,0,0,0,0,1,0,4,3,3,P-2311
11/9/23,09:04:59,Restauración,0,0,0,0,0,0,0,0,0,0,0,0,0,0,0,0,0,0,0,0,0,0,0,0,1,0,8,8,9,P-2312
11/9/23,09:05:13,Restauración,0,0,0,0,0,0,0,0,0,0,0,0,0,0,0,0,0,0,0,0,0,0,0,0,1,0,7,5,7,P-2313
11/9/23,09:26:46,Restauración,0,0,0,0,0,0,0,0,0,1,0,0,0,0,0,0,0,0,0,0,0,0,0,0,0,0,5,6,7,P-2314
11/9/23,09:28:29,Restauración,0,0,0,0,0,0,0,0,0,0,0,0,0,0,0,0,0,0,0,0,0,0,0,0,1,0,10,7,7,P-2315
11/9/23,10:00:12,Restauración,0,0,0,0,0,0,0,0,0,0,0,0,0,0,0,0,0,0,0,0,0,0,0,0,1,0,14,11,11,P-2316
11/9/23,10:50:14,Restauración,0,0,0,0,0,0,0,0,0,1,0,0,0,0,0,0,0,0,0,0,0,0,0,0,0,0,8,9,7,P-2317
11/9/23,11:51:40,Restauración,0,0,0,0,0,0,0,0,1,0,0,0,0,0,0,0,0,0,0,0,0,0,0,0,0,0,3,2,3,P-2318
11/9/23,12:09:36,Restauración,0,0,0,0,0,0,0,0,1,0,0,0,0,0,0,0,0,0,0,0,0,0,0,0,0,0,8,6,10,P-2319
11/9/23,12:59:57,Restauración,0,0,0,0,0,0,0,0,0,0,0,0,0,0,0,0,0,0,0,0,0,0,0,0,1,0,7,8,6,P-2320
11/9/23,13:08:40,Restauración,0,0,0,0,0,0,0,0,0,0,0,0,0,0,0,0,0,0,0,0,0,0,0,0,1,0,15,12,12,P-2321
11/9/23,13:53:28,Restauración,0,0,0,0,0,0,0,0,0,0,0,0,0,0,0,0,0,0,0,0,0,0,0,0,1,0,14,16,10,P-2322
11/9/23,09:30:03,Restauración,0,0,0,0,0,0,0,0,0,2,0,0,0,0,0,0,0,0,0,0,0,0,0,0,0,0,12,12,10,P-2323
11/9/23,09:32:36,Restauración,0,0,0,0,0,0,0,0,0,1,0,0,0,0,0,0,0,0,0,0,0,0,0,0,0,0,3,3,7,P-2324
11/9/23,13:42:23,Restauración,0,0,0,0,0,0,0,0,0,1,0,0,0,0,0,0,0,0,0,0,0,0,0,0,0,0,6,5,5,P-2325
11/8/23,09:07:49,Restauración,0,0,0,0,0,0,0,0,0,1,0,0,0,0,0,0,0,0,0,0,0,0,0,0,0,0,4,4,12,P-2326
11/8/23,09:09:29,Restauración,0,0,0,0,0,0,0,0,0,1,0,0,0,0,0,0,0,0,0,0,0,0,0,0,0,0,3,2,15,P-2327
11/8/23,09:58:31,Restauración,0,0,0,0,0,0,0,0,0,0,0,0,0,0,0,0,0,0,0,1,0,0,0,0,0,0,4,4,15,P-2328
11/8/23,10:23:09,Restauración,0,0,0,0,0,0,0,0,0,1,0,0,0,0,0,0,0,0,0,0,0,0,0,0,0,0,10,10,19,P-2329
11/9/23,08:52:40,Restauración,0,0,0,0,0,0,0,0,0,0,0,0,0,0,0,0,0,0,0,0,0,0,0,0,1,0,5,4,5,P-2330
11/9/23,08:57:57,Restauración,0,0,0,0,0,0,0,0,0,0,0,0,0,0,0,0,0,0,0,0,0,0,0,0,1,0,4,3,3,P-2331
11/9/23,09:04:59,Restauración,0,0,0,0,0,0,0,0,0,0,0,0,0,0,0,0,0,0,0,0,0,0,0,0,1,0,8,8,9,P-2332
11/9/23,09:05:13,Restauración,0,0,0,0,0,0,0,0,0,0,0,0,0,0,0,0,0,0,0,0,0,0,0,0,1,0,7,5,7,P-2333
11/9/23,09:26:46,Restauración,0,0,0,0,0,0,0,0,0,1,0,0,0,0,0,0,0,0,0,0,0,0,0,0,0,0,5,6,7,P-2334
11/9/23,09:28:29,Restauración,0,0,0,0,0,0,0,0,0,0,0,0,0,0,0,0,0,0,0,0,0,0,0,0,1,0,10,7,7,P-2335
11/9/23,10:00:12,Restauración,0,0,0,0,0,0,0,0,0,0,0,0,0,0,0,0,0,0,0,0,0,0,0,0,1,0,14,11,11,P-2336
11/9/23,10:50:14,Restauración,0,0,0,0,0,0,0,0,0,1,0,0,0,0,0,0,0,0,0,0,0,0,0,0,0,0,8,9,7,P-2337
11/9/23,11:51:40,Restauración,0,0,0,0,0,0,0,0,1,0,0,0,0,0,0,0,0,0,0,0,0,0,0,0,0,0,3,2,3,P-2338
11/9/23,12:09:36,Restauración,0,0,0,0,0,0,0,0,1,0,0,0,0,0,0,0,0,0,0,0,0,0,0,0,0,0,8,6,10,P-2339
11/9/23,12:59:57,Restauración,0,0,0,0,0,0,0,0,0,0,0,0,0,0,0,0,0,0,0,0,0,0,0,0,1,0,7,8,6,P-2340
11/9/23,13:08:40,Restauración,0,0,0,0,0,0,0,0,0,0,0,0,0,0,0,0,0,0,0,0,0,0,0,0,1,0,15,12,12,P-2341
11/9/23,13:53:28,Restauración,0,0,0,0,0,0,0,0,0,0,0,0,0,0,0,0,0,0,0,0,0,0,0,0,1,0,14,16,10,P-2342
11/9/23,09:30:03,Restauración,0,0,0,0,0,0,0,0,0,2,0,0,0,0,0,0,0,0,0,0,0,0,0,0,0,0,12,12,10,P-2343
11/9/23,09:32:36,Restauración,0,0,0,0,0,0,0,0,0,1,0,0,0,0,0,0,0,0,0,0,0,0,0,0,0,0,3,3,7,P-2344
11/9/23,13:42:23,Restauración,0,0,0,0,0,0,0,0,0,1,0,0,0,0,0,0,0,0,0,0,0,0,0,0,0,0,6,5,5,P-2345
11/9/23,08:57:39,Restauración,0,0,0,0,0,0,0,0,0,0,0,0,0,0,0,0,0,0,0,0,0,0,0,0,1,0,8,6,8,P-2346
11/9/23,09:21:16,Restauración,0,0,0,0,0,0,0,0,0,0,0,0,0,0,0,0,0,0,0,0,0,0,0,0,1,0,4,4,5,P-2347
11/9/23,09:22:15,Restauración,0,0,0,0,0,0,0,0,0,0,0,0,0,0,0,0,0,0,0,0,0,0,0,0,1,0,10,8,11,P-2348
11/9/23,10:39:04,Restauración,0,0,0,0,0,0,0,0,0,1,0,0,0,0,0,0,0,0,0,0,0,0,0,0,0,0,10,8,11,P-2349
11/9/23,10:44:38,Restauración,0,0,0,0,0,0,0,0,0,1,0,0,0,0,0,0,0,0,0,0,0,0,0,0,0,0,6,6,8,P-2350
11/9/23,12:17:19,Restauración,0,0,0,0,0,0,0,0,0,1,0,0,0,0,0,0,0,0,0,0,0,0,0,0,0,0,12,8,11,P-2351
11/9/23,13:28:24,Restauración,0,0,0,0,0,0,0,0,0,0,0,0,0,0,0,0,0,0,0,0,0,0,0,0,1,0,7,5,6,P-2352
11/9/23,08:57:39,Restauración,0,0,0,0,0,0,0,0,0,0,0,0,0,0,0,0,0,0,0,0,0,0,0,0,1,0,8,6,8,P-2353
11/9/23,09:21:16,Restauración,0,0,0,0,0,0,0,0,0,0,0,0,0,0,0,0,0,0,0,0,0,0,0,0,1,0,4,4,5,P-2354
11/9/23,09:22:15,Restauración,0,0,0,0,0,0,0,0,0,0,0,0,0,0,0,0,0,0,0,0,0,0,0,0,1,0,10,8,11,P-2355
11/9/23,10:39:04,Restauración,0,0,0,0,0,0,0,0,0,1,0,0,0,0,0,0,0,0,0,0,0,0,0,0,0,0,10,8,11,P-2356
11/9/23,10:44:38,Restauración,0,0,0,0,0,0,0,0,0,1,0,0,0,0,0,0,0,0,0,0,0,0,0,0,0,0,6,6,8,P-2357
11/9/23,12:17:19,Restauración,0,0,0,0,0,0,0,0,0,1,0,0,0,0,0,0,0,0,0,0,0,0,0,0,0,0,12,8,11,P-2358
11/9/23,13:28:24,Restauración,0,0,0,0,0,0,0,0,0,0,0,0,0,0,0,0,0,0,0,0,0,0,0,0,1,0,7,5,6,P-2359
11/9/23,08:57:39,Restauración,0,0,0,0,0,0,0,0,0,0,0,0,0,0,0,0,0,0,0,0,0,0,0,0,1,0,8,6,8,P-2360
11/9/23,09:21:16,Restauración,0,0,0,0,0,0,0,0,0,0,0,0,0,0,0,0,0,0,0,0,0,0,0,0,1,0,4,4,5,P-2361
11/9/23,09:22:15,Restauración,0,0,0,0,0,0,0,0,0,0,0,0,0,0,0,0,0,0,0,0,0,0,0,0,1,0,10,8,11,P-2362
11/9/23,10:39:04,Restauración,0,0,0,0,0,0,0,0,0,1,0,0,0,0,0,0,0,0,0,0,0,0,0,0,0,0,10,8,11,P-2363
11/9/23,10:44:38,Restauración,0,0,0,0,0,0,0,0,0,1,0,0,0,0,0,0,0,0,0,0,0,0,0,0,0,0,6,6,8,P-2364
11/9/23,12:17:19,Restauración,0,0,0,0,0,0,0,0,0,1,0,0,0,0,0,0,0,0,0,0,0,0,0,0,0,0,12,8,11,P-2365
11/9/23,13:28:24,Restauración,0,0,0,0,0,0,0,0,0,0,0,0,0,0,0,0,0,0,0,0,0,0,0,0,1,0,7,5,6,P-2366
11/9/23,08:57:39,Restauración,0,0,0,0,0,0,0,0,0,0,0,0,0,0,0,0,0,0,0,0,0,0,0,0,1,0,8,6,8,P-2367
11/9/23,09:21:16,Restauración,0,0,0,0,0,0,0,0,0,0,0,0,0,0,0,0,0,0,0,0,0,0,0,0,1,0,4,4,5,P-2368
11/9/23,09:22:15,Restauración,0,0,0,0,0,0,0,0,0,0,0,0,0,0,0,0,0,0,0,0,0,0,0,0,1,0,10,8,11,P-2369
11/9/23,10:39:04,Restauración,0,0,0,0,0,0,0,0,0,1,0,0,0,0,0,0,0,0,0,0,0,0,0,0,0,0,10,8,11,P-2370
11/9/23,10:44:38,Restauración,0,0,0,0,0,0,0,0,0,1,0,0,0,0,0,0,0,0,0,0,0,0,0,0,0,0,6,6,8,P-2371
11/9/23,12:17:19,Restauración,0,0,0,0,0,0,0,0,0,1,0,0,0,0,0,0,0,0,0,0,0,0,0,0,0,0,12,8,11,P-2372
11/9/23,13:28:24,Restauración,0,0,0,0,0,0,0,0,0,0,0,0,0,0,0,0,0,0,0,0,0,0,0,0,1,0,7,5,6,P-2373
11/9/23,08:55:48,Restauración,0,0,0,0,0,0,0,0,0,0,0,0,0,0,0,0,0,0,0,0,0,0,0,0,1,0,3,3,4,P-2374
11/9/23,08:57:01,Restauración,0,0,0,0,0,0,0,0,0,0,0,0,0,0,0,0,0,0,0,0,0,0,0,0,1,0,5,5,7,P-2375
11/9/23,09:14:40,Restauración,0,0,0,0,0,0,0,0,0,0,0,0,0,0,0,0,0,0,0,0,0,0,0,0,1,0,6,7,7,P-2376
11/9/23,09:43:57,Restauración,0,0,0,0,0,0,0,0,0,0,0,0,0,0,0,0,0,0,0,0,0,0,0,0,1,0,10,10,11,P-2377
11/9/23,10:47:13,Restauración,0,0,0,0,0,0,0,0,0,1,0,0,0,0,0,0,0,0,0,0,0,0,0,0,0,0,4,5,6,P-2378
11/9/23,11:10:59,Restauración,0,0,0,0,0,0,0,0,0,1,0,0,0,0,0,0,0,0,0,0,0,0,0,0,0,0,4,4,9,P-2379
11/9/23,10:40:46,Restauración,0,0,0,0,0,0,0,0,0,1,0,0,0,0,0,0,0,0,0,0,0,0,0,0,0,0,3,2,4,P-2380
11/9/23,08:55:48,Restauración,0,0,0,0,0,0,0,0,0,0,0,0,0,0,0,0,0,0,0,0,0,0,0,0,1,0,3,3,4,P-2381
11/9/23,08:57:01,Restauración,0,0,0,0,0,0,0,0,0,0,0,0,0,0,0,0,0,0,0,0,0,0,0,0,1,0,5,5,7,P-2382
11/9/23,09:14:40,Restauración,0,0,0,0,0,0,0,0,0,0,0,0,0,0,0,0,0,0,0,0,0,0,0,0,1,0,6,7,7,P-2383
11/9/23,09:43:57,Restauración,0,0,0,0,0,0,0,0,0,0,0,0,0,0,0,0,0,0,0,0,0,0,0,0,1,0,10,10,11,P-2384
11/9/23,10:47:13,Restauración,0,0,0,0,0,0,0,0,0,1,0,0,0,0,0,0,0,0,0,0,0,0,0,0,0,0,4,5,6,P-2385
11/9/23,11:10:59,Restauración,0,0,0,0,0,0,0,0,0,1,0,0,0,0,0,0,0,0,0,0,0,0,0,0,0,0,4,4,9,P-2386
11/9/23,10:40:46,Restauración,0,0,0,0,0,0,0,0,0,1,0,0,0,0,0,0,0,0,0,0,0,0,0,0,0,0,3,2,4,P-2387
11/9/23,08:55:48,Restauración,0,0,0,0,0,0,0,0,0,0,0,0,0,0,0,0,0,0,0,0,0,0,0,0,1,0,3,3,4,P-2388
11/9/23,08:57:01,Restauración,0,0,0,0,0,0,0,0,0,0,0,0,0,0,0,0,0,0,0,0,0,0,0,0,1,0,5,5,7,P-2389
11/9/23,09:14:40,Restauración,0,0,0,0,0,0,0,0,0,0,0,0,0,0,0,0,0,0,0,0,0,0,0,0,1,0,6,7,7,P-2390
11/9/23,09:43:57,Restauración,0,0,0,0,0,0,0,0,0,0,0,0,0,0,0,0,0,0,0,0,0,0,0,0,1,0,10,10,11,P-2391
11/9/23,10:47:13,Restauración,0,0,0,0,0,0,0,0,0,1,0,0,0,0,0,0,0,0,0,0,0,0,0,0,0,0,4,5,6,P-2392
11/9/23,11:10:59,Restauración,0,0,0,0,0,0,0,0,0,1,0,0,0,0,0,0,0,0,0,0,0,0,0,0,0,0,4,4,9,P-2393
11/9/23,10:40:46,Restauración,0,0,0,0,0,0,0,0,0,1,0,0,0,0,0,0,0,0,0,0,0,0,0,0,0,0,3,2,4,P-2394
11/9/23,08:55:48,Restauración,0,0,0,0,0,0,0,0,0,0,0,0,0,0,0,0,0,0,0,0,0,0,0,0,1,0,3,3,4,P-2395
11/9/23,08:57:01,Restauración,0,0,0,0,0,0,0,0,0,0,0,0,0,0,0,0,0,0,0,0,0,0,0,0,1,0,5,5,7,P-2396
11/9/23,09:14:40,Restauración,0,0,0,0,0,0,0,0,0,0,0,0,0,0,0,0,0,0,0,0,0,0,0,0,1,0,6,7,7,P-2397
11/9/23,09:43:57,Restauración,0,0,0,0,0,0,0,0,0,0,0,0,0,0,0,0,0,0,0,0,0,0,0,0,1,0,10,10,11,P-2398
11/9/23,10:47:13,Restauración,0,0,0,0,0,0,0,0,0,1,0,0,0,0,0,0,0,0,0,0,0,0,0,0,0,0,4,5,6,P-2399
11/9/23,11:10:59,Restauración,0,0,0,0,0,0,0,0,0,1,0,0,0,0,0,0,0,0,0,0,0,0,0,0,0,0,4,4,9,P-2400
11/9/23,10:40:46,Restauración,0,0,0,0,0,0,0,0,0,1,0,0,0,0,0,0,0,0,0,0,0,0,0,0,0,0,3,2,4,P-2401
11/9/23,08:55:48,Restauración,0,0,0,0,0,0,0,0,0,0,0,0,0,0,0,0,0,0,0,0,0,0,0,0,1,0,3,3,4,P-2402
11/9/23,08:57:01,Restauración,0,0,0,0,0,0,0,0,0,0,0,0,0,0,0,0,0,0,0,0,0,0,0,0,1,0,5,5,7,P-2403
11/9/23,09:14:40,Restauración,0,0,0,0,0,0,0,0,0,0,0,0,0,0,0,0,0,0,0,0,0,0,0,0,1,0,6,7,7,P-2404
11/9/23,09:43:57,Restauración,0,0,0,0,0,0,0,0,0,0,0,0,0,0,0,0,0,0,0,0,0,0,0,0,1,0,10,10,11,P-2405
11/9/23,10:47:13,Restauración,0,0,0,0,0,0,0,0,0,1,0,0,0,0,0,0,0,0,0,0,0,0,0,0,0,0,4,5,6,P-2406
11/9/23,11:10:59,Restauración,0,0,0,0,0,0,0,0,0,1,0,0,0,0,0,0,0,0,0,0,0,0,0,0,0,0,4,4,9,P-2407
11/9/23,10:40:46,Restauración,0,0,0,0,0,0,0,0,0,1,0,0,0,0,0,0,0,0,0,0,0,0,0,0,0,0,3,2,4,P-2408
11/8/23,09:33:51,Restauración,0,0,0,0,0,0,0,0,0,0,0,0,0,0,0,0,0,0,0,0,0,0,0,0,1,0,6,7,7,P-2409
11/9/23,13:34:54,Restauración,0,0,0,0,0,0,0,0,0,0,0,0,0,0,0,0,0,0,0,0,0,0,0,0,1,0,4,5,6,P-2410
11/8/23,09:33:51,Restauración,0,0,0,0,0,0,0,0,0,0,0,0,0,0,0,0,0,0,0,0,0,0,0,0,1,0,6,7,7,P-2411
11/9/23,13:34:54,Restauración,0,0,0,0,0,0,0,0,0,0,0,0,0,0,0,0,0,0,0,0,0,0,0,0,1,0,4,5,6,P-2412
11/8/23,09:33:51,Restauración,0,0,0,0,0,0,0,0,0,0,0,0,0,0,0,0,0,0,0,0,0,0,0,0,1,0,6,7,7,P-2413
11/9/23,13:34:54,Restauración,0,0,0,0,0,0,0,0,0,0,0,0,0,0,0,0,0,0,0,0,0,0,0,0,1,0,4,5,6,P-2414
11/8/23,09:33:51,Restauración,0,0,0,0,0,0,0,0,0,0,0,0,0,0,0,0,0,0,0,0,0,0,0,0,1,0,6,7,7,P-2415
11/9/23,13:34:54,Restauración,0,0,0,0,0,0,0,0,0,0,0,0,0,0,0,0,0,0,0,0,0,0,0,0,1,0,4,5,6,P-2416
11/8/23,09:33:51,Restauración,0,0,0,0,0,0,0,0,0,0,0,0,0,0,0,0,0,0,0,0,0,0,0,0,1,0,6,7,7,P-2417
11/9/23,13:34:54,Restauración,0,0,0,0,0,0,0,0,0,0,0,0,0,0,0,0,0,0,0,0,0,0,0,0,1,0,4,5,6,P-2418
11/8/23,09:33:51,Restauración,0,0,0,0,0,0,0,0,0,0,0,0,0,0,0,0,0,0,0,0,0,0,0,0,1,0,6,7,7,P-2419
11/9/23,13:34:54,Restauración,0,0,0,0,0,0,0,0,0,0,0,0,0,0,0,0,0,0,0,0,0,0,0,0,1,0,4,5,6,P-2420
11/9/23,08:53:47,Restauración,0,0,0,0,0,0,0,0,0,0,0,0,0,0,0,0,0,0,0,0,0,0,0,0,1,0,9,7,7,P-2421
11/9/23,09:47:12,Restauración,0,0,0,0,0,0,0,0,0,0,0,0,0,0,0,0,0,0,0,0,0,0,0,0,1,0,7,8,7,P-2422
11/9/23,11:01:28,Restauración,0,0,0,0,0,0,0,0,0,0,0,0,0,0,0,0,0,0,0,0,0,0,0,0,1,0,10,5,10,P-2423
11/9/23,11:20:51,Restauración,0,0,0,0,0,0,0,0,0,1,0,0,0,0,0,0,0,0,0,0,0,0,0,0,0,0,7,8,10,P-2424
11/9/23,11:21:33,Restauración,0,0,0,0,0,0,0,0,0,1,0,0,0,0,0,0,0,0,0,0,0,0,0,0,0,0,4,4,3,P-2425
11/9/23,12:34:00,Restauración,0,0,0,0,0,0,0,0,0,0,0,0,0,0,0,0,0,0,0,0,0,0,0,0,1,0,7,4,7,P-2426
11/9/23,09:05:39,Restauración,0,0,0,0,0,0,0,0,0,1,0,0,0,0,0,0,0,0,0,0,0,0,0,0,0,0,2,1,2,P-2427
11/9/23,08:53:47,Restauración,0,0,0,0,0,0,0,0,0,0,0,0,0,0,0,0,0,0,0,0,0,0,0,0,1,0,9,7,7,P-2428
11/9/23,09:47:12,Restauración,0,0,0,0,0,0,0,0,0,0,0,0,0,0,0,0,0,0,0,0,0,0,0,0,1,0,7,8,7,P-2429
11/9/23,11:01:28,Restauración,0,0,0,0,0,0,0,0,0,0,0,0,0,0,0,0,0,0,0,0,0,0,0,0,1,0,10,5,10,P-2430
11/9/23,11:20:51,Restauración,0,0,0,0,0,0,0,0,0,1,0,0,0,0,0,0,0,0,0,0,0,0,0,0,0,0,7,8,10,P-2431
11/9/23,11:21:33,Restauración,0,0,0,0,0,0,0,0,0,1,0,0,0,0,0,0,0,0,0,0,0,0,0,0,0,0,4,4,3,P-2432
11/9/23,12:34:00,Restauración,0,0,0,0,0,0,0,0,0,0,0,0,0,0,0,0,0,0,0,0,0,0,0,0,1,0,7,4,7,P-2433
11/9/23,09:05:39,Restauración,0,0,0,0,0,0,0,0,0,1,0,0,0,0,0,0,0,0,0,0,0,0,0,0,0,0,2,1,2,P-2434
11/9/23,08:53:47,Restauración,0,0,0,0,0,0,0,0,0,0,0,0,0,0,0,0,0,0,0,0,0,0,0,0,1,0,9,7,7,P-2435
11/9/23,09:47:12,Restauración,0,0,0,0,0,0,0,0,0,0,0,0,0,0,0,0,0,0,0,0,0,0,0,0,1,0,7,8,7,P-2436
11/9/23,11:01:28,Restauración,0,0,0,0,0,0,0,0,0,0,0,0,0,0,0,0,0,0,0,0,0,0,0,0,1,0,10,5,10,P-2437
11/9/23,11:20:51,Restauración,0,0,0,0,0,0,0,0,0,1,0,0,0,0,0,0,0,0,0,0,0,0,0,0,0,0,7,8,10,P-2438
11/9/23,11:21:33,Restauración,0,0,0,0,0,0,0,0,0,1,0,0,0,0,0,0,0,0,0,0,0,0,0,0,0,0,4,4,3,P-2439
11/9/23,12:34:00,Restauración,0,0,0,0,0,0,0,0,0,0,0,0,0,0,0,0,0,0,0,0,0,0,0,0,1,0,7,4,7,P-2440
11/9/23,09:05:39,Restauración,0,0,0,0,0,0,0,0,0,1,0,0,0,0,0,0,0,0,0,0,0,0,0,0,0,0,2,1,2,P-2441
11/9/23,08:53:47,Restauración,0,0,0,0,0,0,0,0,0,0,0,0,0,0,0,0,0,0,0,0,0,0,0,0,1,0,9,7,7,P-2442
11/9/23,09:47:12,Restauración,0,0,0,0,0,0,0,0,0,0,0,0,0,0,0,0,0,0,0,0,0,0,0,0,1,0,7,8,7,P-2443
11/9/23,11:01:28,Restauración,0,0,0,0,0,0,0,0,0,0,0,0,0,0,0,0,0,0,0,0,0,0,0,0,1,0,10,5,10,P-2444
11/9/23,11:20:51,Restauración,0,0,0,0,0,0,0,0,0,1,0,0,0,0,0,0,0,0,0,0,0,0,0,0,0,0,7,8,10,P-2445
11/9/23,11:21:33,Restauración,0,0,0,0,0,0,0,0,0,1,0,0,0,0,0,0,0,0,0,0,0,0,0,0,0,0,4,4,3,P-2446
11/9/23,12:34:00,Restauración,0,0,0,0,0,0,0,0,0,0,0,0,0,0,0,0,0,0,0,0,0,0,0,0,1,0,7,4,7,P-2447
11/9/23,09:05:39,Restauración,0,0,0,0,0,0,0,0,0,1,0,0,0,0,0,0,0,0,0,0,0,0,0,0,0,0,2,1,2,P-2448
11/9/23,08:53:47,Restauración,0,0,0,0,0,0,0,0,0,0,0,0,0,0,0,0,0,0,0,0,0,0,0,0,1,0,9,7,7,P-2449
11/9/23,09:47:12,Restauración,0,0,0,0,0,0,0,0,0,0,0,0,0,0,0,0,0,0,0,0,0,0,0,0,1,0,7,8,7,P-2450
11/9/23,11:01:28,Restauración,0,0,0,0,0,0,0,0,0,0,0,0,0,0,0,0,0,0,0,0,0,0,0,0,1,0,10,5,10,P-2451
11/9/23,11:20:51,Restauración,0,0,0,0,0,0,0,0,0,1,0,0,0,0,0,0,0,0,0,0,0,0,0,0,0,0,7,8,10,P-2452
11/9/23,11:21:33,Restauración,0,0,0,0,0,0,0,0,0,1,0,0,0,0,0,0,0,0,0,0,0,0,0,0,0,0,4,4,3,P-2453
11/9/23,12:34:00,Restauración,0,0,0,0,0,0,0,0,0,0,0,0,0,0,0,0,0,0,0,0,0,0,0,0,1,0,7,4,7,P-2454
11/9/23,09:05:39,Restauración,0,0,0,0,0,0,0,0,0,1,0,0,0,0,0,0,0,0,0,0,0,0,0,0,0,0,2,1,2,P-2455
11/9/23,08:53:47,Restauración,0,0,0,0,0,0,0,0,0,0,0,0,0,0,0,0,0,0,0,0,0,0,0,0,1,0,9,7,7,P-2456
11/9/23,09:47:12,Restauración,0,0,0,0,0,0,0,0,0,0,0,0,0,0,0,0,0,0,0,0,0,0,0,0,1,0,7,8,7,P-2457
11/9/23,11:01:28,Restauración,0,0,0,0,0,0,0,0,0,0,0,0,0,0,0,0,0,0,0,0,0,0,0,0,1,0,10,5,10,P-2458
11/9/23,11:20:51,Restauración,0,0,0,0,0,0,0,0,0,1,0,0,0,0,0,0,0,0,0,0,0,0,0,0,0,0,7,8,10,P-2459
11/9/23,11:21:33,Restauración,0,0,0,0,0,0,0,0,0,1,0,0,0,0,0,0,0,0,0,0,0,0,0,0,0,0,4,4,3,P-2460
11/9/23,12:34:00,Restauración,0,0,0,0,0,0,0,0,0,0,0,0,0,0,0,0,0,0,0,0,0,0,0,0,1,0,7,4,7,P-2461
11/9/23,09:05:39,Restauración,0,0,0,0,0,0,0,0,0,1,0,0,0,0,0,0,0,0,0,0,0,0,0,0,0,0,2,1,2,P-2462
11/9/23,08:53:47,Restauración,0,0,0,0,0,0,0,0,0,0,0,0,0,0,0,0,0,0,0,0,0,0,0,0,1,0,9,7,7,P-2463
11/9/23,09:47:12,Restauración,0,0,0,0,0,0,0,0,0,0,0,0,0,0,0,0,0,0,0,0,0,0,0,0,1,0,7,8,7,P-2464
11/9/23,11:01:28,Restauración,0,0,0,0,0,0,0,0,0,0,0,0,0,0,0,0,0,0,0,0,0,0,0,0,1,0,10,5,10,P-2465
11/9/23,11:20:51,Restauración,0,0,0,0,0,0,0,0,0,1,0,0,0,0,0,0,0,0,0,0,0,0,0,0,0,0,7,8,10,P-2466
11/9/23,11:21:33,Restauración,0,0,0,0,0,0,0,0,0,1,0,0,0,0,0,0,0,0,0,0,0,0,0,0,0,0,4,4,3,P-2467
11/9/23,12:34:00,Restauración,0,0,0,0,0,0,0,0,0,0,0,0,0,0,0,0,0,0,0,0,0,0,0,0,1,0,7,4,7,P-2468
11/9/23,09:05:39,Restauración,0,0,0,0,0,0,0,0,0,1,0,0,0,0,0,0,0,0,0,0,0,0,0,0,0,0,2,1,2,P-2469
11/9/23,09:33:11,Restauración,0,0,0,0,0,0,0,0,0,0,0,0,0,0,0,0,0,0,0,0,0,0,0,0,1,0,6,5,6,P-2470
11/9/23,11:04:58,Restauración,0,0,0,0,0,0,0,0,0,1,0,0,0,0,0,0,0,0,0,0,0,0,0,0,0,0,8,6,10,P-2471
11/9/23,12:53:16,Restauración,0,0,0,0,0,0,0,0,0,0,0,0,0,0,0,0,0,0,0,0,0,0,0,0,1,0,10,10,7,P-2472
11/9/23,09:33:11,Restauración,0,0,0,0,0,0,0,0,0,0,0,0,0,0,0,0,0,0,0,0,0,0,0,0,1,0,6,5,6,P-2473
11/9/23,11:04:58,Restauración,0,0,0,0,0,0,0,0,0,1,0,0,0,0,0,0,0,0,0,0,0,0,0,0,0,0,8,6,10,P-2474
11/9/23,12:53:16,Restauración,0,0,0,0,0,0,0,0,0,0,0,0,0,0,0,0,0,0,0,0,0,0,0,0,1,0,10,10,7,P-2475
11/9/23,09:33:11,Restauración,0,0,0,0,0,0,0,0,0,0,0,0,0,0,0,0,0,0,0,0,0,0,0,0,1,0,6,5,6,P-2476
11/9/23,11:04:58,Restauración,0,0,0,0,0,0,0,0,0,1,0,0,0,0,0,0,0,0,0,0,0,0,0,0,0,0,8,6,10,P-2477
11/9/23,12:53:16,Restauración,0,0,0,0,0,0,0,0,0,0,0,0,0,0,0,0,0,0,0,0,0,0,0,0,1,0,10,10,7,P-2478
11/9/23,09:33:11,Restauración,0,0,0,0,0,0,0,0,0,0,0,0,0,0,0,0,0,0,0,0,0,0,0,0,1,0,6,5,6,P-2479
11/9/23,11:04:58,Restauración,0,0,0,0,0,0,0,0,0,1,0,0,0,0,0,0,0,0,0,0,0,0,0,0,0,0,8,6,10,P-2480
11/9/23,12:53:16,Restauración,0,0,0,0,0,0,0,0,0,0,0,0,0,0,0,0,0,0,0,0,0,0,0,0,1,0,10,10,7,P-2481
11/9/23,09:33:11,Restauración,0,0,0,0,0,0,0,0,0,0,0,0,0,0,0,0,0,0,0,0,0,0,0,0,1,0,6,5,6,P-2482
11/9/23,11:04:58,Restauración,0,0,0,0,0,0,0,0,0,1,0,0,0,0,0,0,0,0,0,0,0,0,0,0,0,0,8,6,10,P-2483
11/9/23,12:53:16,Restauración,0,0,0,0,0,0,0,0,0,0,0,0,0,0,0,0,0,0,0,0,0,0,0,0,1,0,10,10,7,P-2484
11/9/23,09:33:11,Restauración,0,0,0,0,0,0,0,0,0,0,0,0,0,0,0,0,0,0,0,0,0,0,0,0,1,0,6,5,6,P-2485
11/9/23,11:04:58,Restauración,0,0,0,0,0,0,0,0,0,1,0,0,0,0,0,0,0,0,0,0,0,0,0,0,0,0,8,6,10,P-2486
11/9/23,12:53:16,Restauración,0,0,0,0,0,0,0,0,0,0,0,0,0,0,0,0,0,0,0,0,0,0,0,0,1,0,10,10,7,P-2487
11/9/23,09:33:11,Restauración,0,0,0,0,0,0,0,0,0,0,0,0,0,0,0,0,0,0,0,0,0,0,0,0,1,0,6,5,6,P-2488
11/9/23,11:04:58,Restauración,0,0,0,0,0,0,0,0,0,1,0,0,0,0,0,0,0,0,0,0,0,0,0,0,0,0,8,6,10,P-2489
11/9/23,12:53:16,Restauración,0,0,0,0,0,0,0,0,0,0,0,0,0,0,0,0,0,0,0,0,0,0,0,0,1,0,10,10,7,P-2490
11/9/23,09:33:11,Restauración,0,0,0,0,0,0,0,0,0,0,0,0,0,0,0,0,0,0,0,0,0,0,0,0,1,0,6,5,6,P-2491
11/9/23,11:04:58,Restauración,0,0,0,0,0,0,0,0,0,1,0,0,0,0,0,0,0,0,0,0,0,0,0,0,0,0,8,6,10,P-2492
11/9/23,12:53:16,Restauración,0,0,0,0,0,0,0,0,0,0,0,0,0,0,0,0,0,0,0,0,0,0,0,0,1,0,10,10,7,P-2493
11/9/23,12:03:36,Restauración,0,0,0,0,0,0,0,0,0,1,0,0,0,0,0,0,0,0,0,0,0,0,0,0,0,0,7,7,7,P-2494
11/9/23,12:03:36,Restauración,0,0,0,0,0,0,0,0,0,1,0,0,0,0,0,0,0,0,0,0,0,0,0,0,0,0,7,7,7,P-2495
11/9/23,12:03:36,Restauración,0,0,0,0,0,0,0,0,0,1,0,0,0,0,0,0,0,0,0,0,0,0,0,0,0,0,7,7,7,P-2496
11/9/23,12:03:36,Restauración,0,0,0,0,0,0,0,0,0,1,0,0,0,0,0,0,0,0,0,0,0,0,0,0,0,0,7,7,7,P-2497
11/9/23,12:03:36,Restauración,0,0,0,0,0,0,0,0,0,1,0,0,0,0,0,0,0,0,0,0,0,0,0,0,0,0,7,7,7,P-2498
11/9/23,12:03:36,Restauración,0,0,0,0,0,0,0,0,0,1,0,0,0,0,0,0,0,0,0,0,0,0,0,0,0,0,7,7,7,P-2499
11/9/23,12:03:36,Restauración,0,0,0,0,0,0,0,0,0,1,0,0,0,0,0,0,0,0,0,0,0,0,0,0,0,0,7,7,7,P-2500
11/9/23,12:03:36,Restauración,0,0,0,0,0,0,0,0,0,1,0,0,0,0,0,0,0,0,0,0,0,0,0,0,0,0,7,7,7,P-2501
11/9/23,12:03:36,Restauración,0,0,0,0,0,0,0,0,0,1,0,0,0,0,0,0,0,0,0,0,0,0,0,0,0,0,7,7,7,P-2502
11/9/23,09:07:13,Restauración,0,0,0,0,0,0,0,0,0,0,0,0,0,0,0,0,0,0,0,0,0,0,0,0,1,0,6,7,6,P-2503
11/9/23,10:50:01,Restauración,0,0,0,0,0,0,0,0,0,0,0,0,0,0,0,0,0,0,0,0,0,0,0,0,1,0,3,3,3,P-2504
11/9/23,09:07:13,Restauración,0,0,0,0,0,0,0,0,0,0,0,0,0,0,0,0,0,0,0,0,0,0,0,0,1,0,6,7,6,P-2505
11/9/23,10:50:01,Restauración,0,0,0,0,0,0,0,0,0,0,0,0,0,0,0,0,0,0,0,0,0,0,0,0,1,0,3,3,3,P-2506
11/9/23,09:07:13,Restauración,0,0,0,0,0,0,0,0,0,0,0,0,0,0,0,0,0,0,0,0,0,0,0,0,1,0,6,7,6,P-2507
11/9/23,10:50:01,Restauración,0,0,0,0,0,0,0,0,0,0,0,0,0,0,0,0,0,0,0,0,0,0,0,0,1,0,3,3,3,P-2508
11/9/23,09:07:13,Restauración,0,0,0,0,0,0,0,0,0,0,0,0,0,0,0,0,0,0,0,0,0,0,0,0,1,0,6,7,6,P-2509
11/9/23,10:50:01,Restauración,0,0,0,0,0,0,0,0,0,0,0,0,0,0,0,0,0,0,0,0,0,0,0,0,1,0,3,3,3,P-2510
11/9/23,09:07:13,Restauración,0,0,0,0,0,0,0,0,0,0,0,0,0,0,0,0,0,0,0,0,0,0,0,0,1,0,6,7,6,P-2511
11/9/23,10:50:01,Restauración,0,0,0,0,0,0,0,0,0,0,0,0,0,0,0,0,0,0,0,0,0,0,0,0,1,0,3,3,3,P-2512
11/9/23,09:07:13,Restauración,0,0,0,0,0,0,0,0,0,0,0,0,0,0,0,0,0,0,0,0,0,0,0,0,1,0,6,7,6,P-2513
11/9/23,10:50:01,Restauración,0,0,0,0,0,0,0,0,0,0,0,0,0,0,0,0,0,0,0,0,0,0,0,0,1,0,3,3,3,P-2514
11/9/23,09:07:13,Restauración,0,0,0,0,0,0,0,0,0,0,0,0,0,0,0,0,0,0,0,0,0,0,0,0,1,0,6,7,6,P-2515
11/9/23,10:50:01,Restauración,0,0,0,0,0,0,0,0,0,0,0,0,0,0,0,0,0,0,0,0,0,0,0,0,1,0,3,3,3,P-2516
11/9/23,09:07:13,Restauración,0,0,0,0,0,0,0,0,0,0,0,0,0,0,0,0,0,0,0,0,0,0,0,0,1,0,6,7,6,P-2517
11/9/23,10:50:01,Restauración,0,0,0,0,0,0,0,0,0,0,0,0,0,0,0,0,0,0,0,0,0,0,0,0,1,0,3,3,3,P-2518
11/9/23,09:07:13,Restauración,0,0,0,0,0,0,0,0,0,0,0,0,0,0,0,0,0,0,0,0,0,0,0,0,1,0,6,7,6,P-2519
11/9/23,10:50:01,Restauración,0,0,0,0,0,0,0,0,0,0,0,0,0,0,0,0,0,0,0,0,0,0,0,0,1,0,3,3,3,P-2520
11/9/23,09:07:13,Restauración,0,0,0,0,0,0,0,0,0,0,0,0,0,0,0,0,0,0,0,0,0,0,0,0,1,0,6,7,6,P-2521
11/9/23,10:50:01,Restauración,0,0,0,0,0,0,0,0,0,0,0,0,0,0,0,0,0,0,0,0,0,0,0,0,1,0,3,3,3,P-2522
11/9/23,09:07:13,Restauración,0,0,0,0,0,0,0,0,0,0,0,0,0,0,0,0,0,0,0,0,0,0,0,0,1,0,6,7,6,P-2523
11/9/23,10:50:01,Restauración,0,0,0,0,0,0,0,0,0,0,0,0,0,0,0,0,0,0,0,0,0,0,0,0,1,0,3,3,3,P-2524
11/9/23,10:36:25,Restauración,0,0,0,0,0,0,0,0,0,0,0,0,0,0,0,0,0,0,0,0,0,0,0,0,1,0,3,3,5,P-2525
11/9/23,10:36:25,Restauración,0,0,0,0,0,0,0,0,0,0,0,0,0,0,0,0,0,0,0,0,0,0,0,0,1,0,3,3,5,P-2526
11/9/23,10:36:25,Restauración,0,0,0,0,0,0,0,0,0,0,0,0,0,0,0,0,0,0,0,0,0,0,0,0,1,0,3,3,5,P-2527
11/9/23,10:36:25,Restauración,0,0,0,0,0,0,0,0,0,0,0,0,0,0,0,0,0,0,0,0,0,0,0,0,1,0,3,3,5,P-2528
11/9/23,10:36:25,Restauración,0,0,0,0,0,0,0,0,0,0,0,0,0,0,0,0,0,0,0,0,0,0,0,0,1,0,3,3,5,P-2529
11/9/23,10:36:25,Restauración,0,0,0,0,0,0,0,0,0,0,0,0,0,0,0,0,0,0,0,0,0,0,0,0,1,0,3,3,5,P-2530
11/9/23,10:36:25,Restauración,0,0,0,0,0,0,0,0,0,0,0,0,0,0,0,0,0,0,0,0,0,0,0,0,1,0,3,3,5,P-2531
11/9/23,10:36:25,Restauración,0,0,0,0,0,0,0,0,0,0,0,0,0,0,0,0,0,0,0,0,0,0,0,0,1,0,3,3,5,P-2532
11/9/23,10:36:25,Restauración,0,0,0,0,0,0,0,0,0,0,0,0,0,0,0,0,0,0,0,0,0,0,0,0,1,0,3,3,5,P-2533
11/9/23,10:36:25,Restauración,0,0,0,0,0,0,0,0,0,0,0,0,0,0,0,0,0,0,0,0,0,0,0,0,1,0,3,3,5,P-2534
11/9/23,10:36:25,Restauración,0,0,0,0,0,0,0,0,0,0,0,0,0,0,0,0,0,0,0,0,0,0,0,0,1,0,3,3,5,P-2535
11/9/23,10:36:25,Restauración,0,0,0,0,0,0,0,0,0,0,0,0,0,0,0,0,0,0,0,0,0,0,0,0,1,0,3,3,5,P-2536
11/9/23,09:39:43,Restauración,0,0,0,0,0,0,0,0,0,0,0,0,0,0,0,0,0,0,0,0,0,0,0,0,1,0,6,6,7,P-2537
11/9/23,09:39:43,Restauración,0,0,0,0,0,0,0,0,0,0,0,0,0,0,0,0,0,0,0,0,0,0,0,0,1,0,6,6,7,P-2538
11/9/23,09:39:43,Restauración,0,0,0,0,0,0,0,0,0,0,0,0,0,0,0,0,0,0,0,0,0,0,0,0,1,0,6,6,7,P-2539
11/9/23,09:39:43,Restauración,0,0,0,0,0,0,0,0,0,0,0,0,0,0,0,0,0,0,0,0,0,0,0,0,1,0,6,6,7,P-2540
11/9/23,09:39:43,Restauración,0,0,0,0,0,0,0,0,0,0,0,0,0,0,0,0,0,0,0,0,0,0,0,0,1,0,6,6,7,P-2541
11/9/23,09:39:43,Restauración,0,0,0,0,0,0,0,0,0,0,0,0,0,0,0,0,0,0,0,0,0,0,0,0,1,0,6,6,7,P-2542
11/9/23,09:39:43,Restauración,0,0,0,0,0,0,0,0,0,0,0,0,0,0,0,0,0,0,0,0,0,0,0,0,1,0,6,6,7,P-2543
11/9/23,09:39:43,Restauración,0,0,0,0,0,0,0,0,0,0,0,0,0,0,0,0,0,0,0,0,0,0,0,0,1,0,6,6,7,P-2544
11/9/23,09:39:43,Restauración,0,0,0,0,0,0,0,0,0,0,0,0,0,0,0,0,0,0,0,0,0,0,0,0,1,0,6,6,7,P-2545
11/9/23,09:39:43,Restauración,0,0,0,0,0,0,0,0,0,0,0,0,0,0,0,0,0,0,0,0,0,0,0,0,1,0,6,6,7,P-2546
11/9/23,09:39:43,Restauración,0,0,0,0,0,0,0,0,0,0,0,0,0,0,0,0,0,0,0,0,0,0,0,0,1,0,6,6,7,P-2547
11/9/23,09:39:43,Restauración,0,0,0,0,0,0,0,0,0,0,0,0,0,0,0,0,0,0,0,0,0,0,0,0,1,0,6,6,7,P-2548
11/9/23,09:39:43,Restauración,0,0,0,0,0,0,0,0,0,0,0,0,0,0,0,0,0,0,0,0,0,0,0,0,1,0,6,6,7,P-2549
11/9/23,09:39:43,Restauración,0,0,0,0,0,0,0,0,0,0,0,0,0,0,0,0,0,0,0,0,0,0,0,0,1,0,6,6,7,P-2550
11/9/23,10:28:22,Restauración,0,0,0,0,0,0,0,0,0,0,0,0,0,0,0,0,0,0,0,0,0,0,0,0,1,0,4,4,4,P-2551
11/9/23,10:28:22,Restauración,0,0,0,0,0,0,0,0,0,0,0,0,0,0,0,0,0,0,0,0,0,0,0,0,1,0,4,4,4,P-2552
11/9/23,10:28:22,Restauración,0,0,0,0,0,0,0,0,0,0,0,0,0,0,0,0,0,0,0,0,0,0,0,0,1,0,4,4,4,P-2553
11/9/23,10:28:22,Restauración,0,0,0,0,0,0,0,0,0,0,0,0,0,0,0,0,0,0,0,0,0,0,0,0,1,0,4,4,4,P-2554
11/9/23,10:28:22,Restauración,0,0,0,0,0,0,0,0,0,0,0,0,0,0,0,0,0,0,0,0,0,0,0,0,1,0,4,4,4,P-2555
11/9/23,10:28:22,Restauración,0,0,0,0,0,0,0,0,0,0,0,0,0,0,0,0,0,0,0,0,0,0,0,0,1,0,4,4,4,P-2556
11/9/23,10:28:22,Restauración,0,0,0,0,0,0,0,0,0,0,0,0,0,0,0,0,0,0,0,0,0,0,0,0,1,0,4,4,4,P-2557
11/9/23,10:28:22,Restauración,0,0,0,0,0,0,0,0,0,0,0,0,0,0,0,0,0,0,0,0,0,0,0,0,1,0,4,4,4,P-2558
11/9/23,10:28:22,Restauración,0,0,0,0,0,0,0,0,0,0,0,0,0,0,0,0,0,0,0,0,0,0,0,0,1,0,4,4,4,P-2559
11/9/23,10:28:22,Restauración,0,0,0,0,0,0,0,0,0,0,0,0,0,0,0,0,0,0,0,0,0,0,0,0,1,0,4,4,4,P-2560
11/9/23,10:28:22,Restauración,0,0,0,0,0,0,0,0,0,0,0,0,0,0,0,0,0,0,0,0,0,0,0,0,1,0,4,4,4,P-2561
11/9/23,10:28:22,Restauración,0,0,0,0,0,0,0,0,0,0,0,0,0,0,0,0,0,0,0,0,0,0,0,0,1,0,4,4,4,P-2562
11/9/23,10:28:22,Restauración,0,0,0,0,0,0,0,0,0,0,0,0,0,0,0,0,0,0,0,0,0,0,0,0,1,0,4,4,4,P-2563
11/9/23,10:28:22,Restauración,0,0,0,0,0,0,0,0,0,0,0,0,0,0,0,0,0,0,0,0,0,0,0,0,1,0,4,4,4,P-2564
11/9/23,10:28:22,Restauración,0,0,0,0,0,0,0,0,0,0,0,0,0,0,0,0,0,0,0,0,0,0,0,0,1,0,4,4,4,P-2565
11/9/23,10:28:22,Restauración,0,0,0,0,0,0,0,0,0,0,0,0,0,0,0,0,0,0,0,0,0,0,0,0,1,0,4,4,4,P-2566
11/9/23,10:28:22,Restauración,0,0,0,0,0,0,0,0,0,0,0,0,0,0,0,0,0,0,0,0,0,0,0,0,1,0,4,4,4,P-2567
11/9/23,10:28:22,Restauración,0,0,0,0,0,0,0,0,0,0,0,0,0,0,0,0,0,0,0,0,0,0,0,0,1,0,4,4,4,P-2568
11/9/23,08:55:35,Restauración,0,0,0,0,0,0,0,0,0,0,0,0,0,0,0,0,0,0,0,0,0,0,0,0,1,0,8,8,9,P-2569
11/9/23,08:55:35,Restauración,0,0,0,0,0,0,0,0,0,0,0,0,0,0,0,0,0,0,0,0,0,0,0,0,1,0,8,8,9,P-2570
11/9/23,08:55:35,Restauración,0,0,0,0,0,0,0,0,0,0,0,0,0,0,0,0,0,0,0,0,0,0,0,0,1,0,8,8,9,P-2571
11/9/23,08:55:35,Restauración,0,0,0,0,0,0,0,0,0,0,0,0,0,0,0,0,0,0,0,0,0,0,0,0,1,0,8,8,9,P-2572
11/9/23,08:55:35,Restauración,0,0,0,0,0,0,0,0,0,0,0,0,0,0,0,0,0,0,0,0,0,0,0,0,1,0,8,8,9,P-2573
11/9/23,08:55:35,Restauración,0,0,0,0,0,0,0,0,0,0,0,0,0,0,0,0,0,0,0,0,0,0,0,0,1,0,8,8,9,P-2574
11/9/23,08:55:35,Restauración,0,0,0,0,0,0,0,0,0,0,0,0,0,0,0,0,0,0,0,0,0,0,0,0,1,0,8,8,9,P-2575
11/9/23,08:55:35,Restauración,0,0,0,0,0,0,0,0,0,0,0,0,0,0,0,0,0,0,0,0,0,0,0,0,1,0,8,8,9,P-2576
11/9/23,08:55:35,Restauración,0,0,0,0,0,0,0,0,0,0,0,0,0,0,0,0,0,0,0,0,0,0,0,0,1,0,8,8,9,P-2577
11/9/23,08:55:35,Restauración,0,0,0,0,0,0,0,0,0,0,0,0,0,0,0,0,0,0,0,0,0,0,0,0,1,0,8,8,9,P-2578
11/9/23,08:55:35,Restauración,0,0,0,0,0,0,0,0,0,0,0,0,0,0,0,0,0,0,0,0,0,0,0,0,1,0,8,8,9,P-2579
11/9/23,08:55:35,Restauración,0,0,0,0,0,0,0,0,0,0,0,0,0,0,0,0,0,0,0,0,0,0,0,0,1,0,8,8,9,P-2580
11/9/23,08:55:35,Restauración,0,0,0,0,0,0,0,0,0,0,0,0,0,0,0,0,0,0,0,0,0,0,0,0,1,0,8,8,9,P-2581
11/9/23,08:55:35,Restauración,0,0,0,0,0,0,0,0,0,0,0,0,0,0,0,0,0,0,0,0,0,0,0,0,1,0,8,8,9,P-2582
11/9/23,08:55:35,Restauración,0,0,0,0,0,0,0,0,0,0,0,0,0,0,0,0,0,0,0,0,0,0,0,0,1,0,8,8,9,P-2583
11/9/23,08:55:35,Restauración,0,0,0,0,0,0,0,0,0,0,0,0,0,0,0,0,0,0,0,0,0,0,0,0,1,0,8,8,9,P-2584
11/9/23,08:55:35,Restauración,0,0,0,0,0,0,0,0,0,0,0,0,0,0,0,0,0,0,0,0,0,0,0,0,1,0,8,8,9,P-2585
11/9/23,08:55:35,Restauración,0,0,0,0,0,0,0,0,0,0,0,0,0,0,0,0,0,0,0,0,0,0,0,0,1,0,8,8,9,P-2586
11/9/23,08:55:35,Restauración,0,0,0,0,0,0,0,0,0,0,0,0,0,0,0,0,0,0,0,0,0,0,0,0,1,0,8,8,9,P-2587
11/9/23,10:38:53,Restauración,0,0,0,0,0,0,0,0,0,0,0,0,0,0,0,0,0,0,0,0,0,0,0,0,1,0,4,4,4,P-2588
11/9/23,10:38:53,Restauración,0,0,0,0,0,0,0,0,0,0,0,0,0,0,0,0,0,0,0,0,0,0,0,0,1,0,4,4,4,P-2589
11/9/23,10:38:53,Restauración,0,0,0,0,0,0,0,0,0,0,0,0,0,0,0,0,0,0,0,0,0,0,0,0,1,0,4,4,4,P-2590
11/9/23,10:38:53,Restauración,0,0,0,0,0,0,0,0,0,0,0,0,0,0,0,0,0,0,0,0,0,0,0,0,1,0,4,4,4,P-2591
11/9/23,10:38:53,Restauración,0,0,0,0,0,0,0,0,0,0,0,0,0,0,0,0,0,0,0,0,0,0,0,0,1,0,4,4,4,P-2592
11/9/23,10:38:53,Restauración,0,0,0,0,0,0,0,0,0,0,0,0,0,0,0,0,0,0,0,0,0,0,0,0,1,0,4,4,4,P-2593
11/9/23,10:38:53,Restauración,0,0,0,0,0,0,0,0,0,0,0,0,0,0,0,0,0,0,0,0,0,0,0,0,1,0,4,4,4,P-2594
11/9/23,10:38:53,Restauración,0,0,0,0,0,0,0,0,0,0,0,0,0,0,0,0,0,0,0,0,0,0,0,0,1,0,4,4,4,P-2595
11/9/23,10:38:53,Restauración,0,0,0,0,0,0,0,0,0,0,0,0,0,0,0,0,0,0,0,0,0,0,0,0,1,0,4,4,4,P-2596
11/9/23,10:38:53,Restauración,0,0,0,0,0,0,0,0,0,0,0,0,0,0,0,0,0,0,0,0,0,0,0,0,1,0,4,4,4,P-2597
11/9/23,10:38:53,Restauración,0,0,0,0,0,0,0,0,0,0,0,0,0,0,0,0,0,0,0,0,0,0,0,0,1,0,4,4,4,P-2598
11/9/23,10:38:53,Restauración,0,0,0,0,0,0,0,0,0,0,0,0,0,0,0,0,0,0,0,0,0,0,0,0,1,0,4,4,4,P-2599
11/9/23,10:38:53,Restauración,0,0,0,0,0,0,0,0,0,0,0,0,0,0,0,0,0,0,0,0,0,0,0,0,1,0,4,4,4,P-2600
11/9/23,10:38:53,Restauración,0,0,0,0,0,0,0,0,0,0,0,0,0,0,0,0,0,0,0,0,0,0,0,0,1,0,4,4,4,P-2601
11/9/23,10:38:53,Restauración,0,0,0,0,0,0,0,0,0,0,0,0,0,0,0,0,0,0,0,0,0,0,0,0,1,0,4,4,4,P-2602
11/9/23,10:38:53,Restauración,0,0,0,0,0,0,0,0,0,0,0,0,0,0,0,0,0,0,0,0,0,0,0,0,1,0,4,4,4,P-2603
11/9/23,10:38:53,Restauración,0,0,0,0,0,0,0,0,0,0,0,0,0,0,0,0,0,0,0,0,0,0,0,0,1,0,4,4,4,P-2604
11/9/23,10:38:53,Restauración,0,0,0,0,0,0,0,0,0,0,0,0,0,0,0,0,0,0,0,0,0,0,0,0,1,0,4,4,4,P-2605
11/9/23,10:38:53,Restauración,0,0,0,0,0,0,0,0,0,0,0,0,0,0,0,0,0,0,0,0,0,0,0,0,1,0,4,4,4,P-2606
11/9/23,10:38:53,Restauración,0,0,0,0,0,0,0,0,0,0,0,0,0,0,0,0,0,0,0,0,0,0,0,0,1,0,4,4,4,P-2607
11/9/23,10:38:53,Restauración,0,0,0,0,0,0,0,0,0,0,0,0,0,0,0,0,0,0,0,0,0,0,0,0,1,0,4,4,4,P-2608
11/9/23,10:38:53,Restauración,0,0,0,0,0,0,0,0,0,0,0,0,0,0,0,0,0,0,0,0,0,0,0,0,1,0,4,4,4,P-2609
11/9/23,10:38:53,Restauración,0,0,0,0,0,0,0,0,0,0,0,0,0,0,0,0,0,0,0,0,0,0,0,0,1,0,4,4,4,P-2610
11/9/23,10:38:53,Restauración,0,0,0,0,0,0,0,0,0,0,0,0,0,0,0,0,0,0,0,0,0,0,0,0,1,0,4,4,4,P-2611
11/9/23,10:38:53,Restauración,0,0,0,0,0,0,0,0,0,0,0,0,0,0,0,0,0,0,0,0,0,0,0,0,1,0,4,4,4,P-2612
11/9/23,10:38:53,Restauración,0,0,0,0,0,0,0,0,0,0,0,0,0,0,0,0,0,0,0,0,0,0,0,0,1,0,4,4,4,P-2613
11/9/23,10:38:53,Restauración,0,0,0,0,0,0,0,0,0,0,0,0,0,0,0,0,0,0,0,0,0,0,0,0,1,0,4,4,4,P-2614
11/9/23,10:38:53,Restauración,0,0,0,0,0,0,0,0,0,0,0,0,0,0,0,0,0,0,0,0,0,0,0,0,1,0,4,4,4,P-2615
11/9/23,10:38:53,Restauración,0,0,0,0,0,0,0,0,0,0,0,0,0,0,0,0,0,0,0,0,0,0,0,0,1,0,4,4,4,P-2616
11/9/23,10:38:53,Restauración,0,0,0,0,0,0,0,0,0,0,0,0,0,0,0,0,0,0,0,0,0,0,0,0,1,0,4,4,4,P-2617
11/9/23,10:38:53,Restauración,0,0,0,0,0,0,0,0,0,0,0,0,0,0,0,0,0,0,0,0,0,0,0,0,1,0,4,4,4,P-2618
11/9/23,10:38:53,Restauración,0,0,0,0,0,0,0,0,0,0,0,0,0,0,0,0,0,0,0,0,0,0,0,0,1,0,4,4,4,P-2619
11/9/23,10:38:53,Restauración,0,0,0,0,0,0,0,0,0,0,0,0,0,0,0,0,0,0,0,0,0,0,0,0,1,0,4,4,4,P-2620
11/9/23,10:38:53,Restauración,0,0,0,0,0,0,0,0,0,0,0,0,0,0,0,0,0,0,0,0,0,0,0,0,1,0,4,4,4,P-2621
11/9/23,10:38:53,Restauración,0,0,0,0,0,0,0,0,0,0,0,0,0,0,0,0,0,0,0,0,0,0,0,0,1,0,4,4,4,P-2622
11/9/23,10:38:53,Restauración,0,0,0,0,0,0,0,0,0,0,0,0,0,0,0,0,0,0,0,0,0,0,0,0,1,0,4,4,4,P-2623
11/9/23,10:38:53,Restauración,0,0,0,0,0,0,0,0,0,0,0,0,0,0,0,0,0,0,0,0,0,0,0,0,1,0,4,4,4,P-2624
11/9/23,10:38:53,Restauración,0,0,0,0,0,0,0,0,0,0,0,0,0,0,0,0,0,0,0,0,0,0,0,0,1,0,4,4,4,P-2625
11/9/23,10:38:53,Restauración,0,0,0,0,0,0,0,0,0,0,0,0,0,0,0,0,0,0,0,0,0,0,0,0,1,0,4,4,4,P-2626
11/9/23,10:38:53,Restauración,0,0,0,0,0,0,0,0,0,0,0,0,0,0,0,0,0,0,0,0,0,0,0,0,1,0,4,4,4,P-2627
11/9/23,10:38:53,Restauración,0,0,0,0,0,0,0,0,0,0,0,0,0,0,0,0,0,0,0,0,0,0,0,0,1,0,4,4,4,P-2628
11/9/23,10:38:53,Restauración,0,0,0,0,0,0,0,0,0,0,0,0,0,0,0,0,0,0,0,0,0,0,0,0,1,0,4,4,4,P-2629
11/9/23,10:38:53,Restauración,0,0,0,0,0,0,0,0,0,0,0,0,0,0,0,0,0,0,0,0,0,0,0,0,1,0,4,4,4,P-2630
11/9/23,10:38:53,Restauración,0,0,0,0,0,0,0,0,0,0,0,0,0,0,0,0,0,0,0,0,0,0,0,0,1,0,4,4,4,P-2631
11/9/23,10:38:53,Restauración,0,0,0,0,0,0,0,0,0,0,0,0,0,0,0,0,0,0,0,0,0,0,0,0,1,0,4,4,4,P-2632
11/9/23,10:38:53,Restauración,0,0,0,0,0,0,0,0,0,0,0,0,0,0,0,0,0,0,0,0,0,0,0,0,1,0,4,4,4,P-2633
11/9/23,10:38:53,Restauración,0,0,0,0,0,0,0,0,0,0,0,0,0,0,0,0,0,0,0,0,0,0,0,0,1,0,4,4,4,P-2634
11/9/23,10:38:53,Restauración,0,0,0,0,0,0,0,0,0,0,0,0,0,0,0,0,0,0,0,0,0,0,0,0,1,0,4,4,4,P-2635
11/9/23,10:38:53,Restauración,0,0,0,0,0,0,0,0,0,0,0,0,0,0,0,0,0,0,0,0,0,0,0,0,1,0,4,4,4,P-2636
11/9/23,10:38:53,Restauración,0,0,0,0,0,0,0,0,0,0,0,0,0,0,0,0,0,0,0,0,0,0,0,0,1,0,4,4,4,P-2637
11/9/23,10:38:53,Restauración,0,0,0,0,0,0,0,0,0,0,0,0,0,0,0,0,0,0,0,0,0,0,0,0,1,0,4,4,4,P-2638
11/9/23,10:38:53,Restauración,0,0,0,0,0,0,0,0,0,0,0,0,0,0,0,0,0,0,0,0,0,0,0,0,1,0,4,4,4,P-2639
11/9/23,10:38:53,Restauración,0,0,0,0,0,0,0,0,0,0,0,0,0,0,0,0,0,0,0,0,0,0,0,0,1,0,4,4,4,P-2640
11/9/23,10:38:53,Restauración,0,0,0,0,0,0,0,0,0,0,0,0,0,0,0,0,0,0,0,0,0,0,0,0,1,0,4,4,4,P-2641
11/9/23,10:38:53,Restauración,0,0,0,0,0,0,0,0,0,0,0,0,0,0,0,0,0,0,0,0,0,0,0,0,1,0,4,4,4,P-2642
11/9/23,10:38:53,Restauración,0,0,0,0,0,0,0,0,0,0,0,0,0,0,0,0,0,0,0,0,0,0,0,0,1,0,4,4,4,P-2643
11/9/23,10:38:53,Restauración,0,0,0,0,0,0,0,0,0,0,0,0,0,0,0,0,0,0,0,0,0,0,0,0,1,0,4,4,4,P-2644